:020000040000fa
:10000000f87f01205d4503016dd300014d660101bc
:100010001bda04011fda040123da040100000000e6
:100020000000000000000000000000002194040116
:10003000b50c020100000000b5b503011967040109
:100040003d660401e1d4030127da040185af040110
:1000500027da040127da040127da040127da040188
:1000600027da040127da040127da040127da040178
:1000700027da0401e9c3030127da040127da0401be
:1000800027da040127da040127da0401fd680401f4
:1000900027da040127da040127da040127da040148
:1000a00027da040127da040127da040127da040138
:1000b00027da04011512020127da04015919040193
:1000c0004d86040127da040127da040127da040146
:1000d00027da040127da040135bd030185cd0401c7
:020000040000fa
:020000040004f6
:045f8800ffff000017
:020000040000fa
:020000040004f6
:045f8c0000e00e849f
:020000040000fa
:020000040004f6
:045f900038fc745f06
:020000040000fa
:020000040004f6
:045f94003844131466
:020000040000fa
:020000040004f6
:045f98000300007191
:020000040000fa
:020000040004f6
:045f9c000000000001
:020000040000fa
:020000040004f6
:045fbc0000000010d1
:020000040000fa
:020000040100f9
:104000000f202000302201200000000000000000ee
:104010000e202000302201200000000000000000df
:104020000d202000302201200000000000000000d0
:104030000c202000302201200000000000000000c1
:104040000b202000302201200000000000000000b2
:104050000a202000302201200000000000000000a3
:104060000920200030220120000000000000000094
:104070000820200030220120000000000000000085
:104080000720320050220120000000000000000044
:104090000620320050220120000000000000000035
:1040a0000520320050220120000000000000000026
:1040b0000420320050220120000000000000000017
:1040c0000320320050220120000000000000000008
:1040d00002203200502201200000000000000000f9
:1040e00001203200502201200000000000000000ea
:1040f00000203200502201200000000000000000db
:10410000f8b500bff8bc08bc9e467047d51f040137
:10411000f8b500bff8bc08bc9e467047b11f04014b
:020000040000fa
:020000040100f9
:08412000301101000100000054
:020000040000fa
:020000040100f9
:104128004f44494420537461727465640d0a000059
:104138004d6963726f63686970000000424c453acc
:10414800206c656761637920706172616d732066a8
:1041580061696c65640d0a00424c453a20636f64de
:10416800656420706172616d73206661696c656455
:104178000d0a0000424c453a206c6567616379205e
:10418800696e697469616c20646174612066616933
:104198006c65640d0a000000424c453a20636f6468
:1041a800656420696e697469616c2064617461205a
:1041b8006661696c65640d0a000000004f4449445b
:1041c8005f4c6567616379004f4449445f4c520016
:1041d800424c453a2074696d65722063726561745a
:1041e800696f6e206661696c65640d0a00000000e5
:1041f80002010600424c453a206e6f7420726561d8
:1042080064790d0a00000000424c453a206164764a
:104218006572746973696e6720656e61626c65208a
:104228006661696c65640d0a00000000424c453afd
:10423800206c65676163792074696d657220737499
:10424800617274206661696c65640d0a0000000083
:10425800424c453a20636f6465642074696d6572e9
:10426800207374617274206661696c65640d0a005c
:10427800424c453a206c65676163792064617461da
:1042880020757064617465206661696c65640d0ae7
:10429800000000001e16faff0d000000424c453acf
:1042a80020636f6465642064617461207570646163
:1042b8007465206661696c65640d0a004d43485059
:1042c80030305445535431323334414200000000f9
:1042d8005049433332204f44494420546573742075
:1042e800466c6967687400004f502d4d4348502d47
:1042f800544553542d303100565349453a73746f21
:104308007265206661696c0d0a00000056534945c4
:104318003a746f6f206269670d0a00005653494569
:104328003a7478206661696c0d0a00005653494555
:104338003a6f6b0d0a000000576946693a207461ac
:10434800736b20737461727465640d0a0000000059
:10435800576946693a2064726976657220726561a8
:1043680064790d0a00000000576946693a206f70a9
:10437800656e0d0a00000000576946693a206f70a3
:10438800656e206661696c65640d0a0047454e00dc
:10439800576946693a2072656720646f6d61696e76
:1043a800207365740d0a0000576946693a207265e2
:1043b8006720646f6d61696e206661696c65640d64
:1043c8000a000000576946693a2072656720646fe1
:1043d8006d61696e2041434b0d0a00005541535fe2
:1043e80049445f4f50454e00576946693a2041504d
:1043f80020636f6e666967757265640d0a00000058
:10440800576946693a204150206163636570746555
:10441800640d0a0046573a25642e25642e25640d3e
:104428000a000000576946693a20415020666169d0
:104438006c65640d0a000000576946693a20657288
:10444800726f722073746174650d0a00576946694a
:104458003a2041502072756e6e696e670d0a000031
:10446800576946693a20696e69740d0a00000000b0
:104478004f4449445f576946690000006e6f2073d6
:104488007570706f727420666f72206572726f72c9
:1044980020737472696e6773206275696c74206921
:1044a8006e000000574452565f57494e435f5461af
:1044b800736b7300424c45004150505f5461736bfd
:1044c80073000000ffffffffffff0000fa0bbc00b6
:1044d80025303278000000005541547970653a2043
:1044e80025640a4944547970653a2025640a55417f
:1044f8005349443a2025730a0000000047726f753b
:104508006e64000054616b654f6666005374617495
:1045180075733a2025640a446972656374696f6e1d
:104528003a20252e31660a5370656564486f7269b2
:104538003a20252e32660a53706565645665727492
:104548003a20252e32660a4c61742f4c6f6e3a2041
:10455800252e37662c20252e37660a416c743a20a2
:104568004261726f2c2047656f2c20486569676827
:10457800742061626f76652025733a20252e326695
:104588002c20252e32662c20252e32660a486f7282
:10459800697a2c20566572742c204261726f2c2027
:1045a80053706565642c20545320416363757261b0
:1045b80063793a20252e31662c20252e31662c2051
:1045c800252e31662c20252e31662c20252e31668d
:1045d8000a54696d655374616d703a20252e3266f0
:1045e8000a00000030782530325820004175746880
:1045f800547970653a2025640a4461746150616792
:10460800653a2025640a4c61737450616765496e88
:104618006465783a2025640a4c656e6774683a20a8
:1046280025640a54696d657374616d703a20257547
:104638000a41757468446174613a20004175746870
:10464800547970653a2025640a4461746150616741
:10465800653a2025640a41757468446174613a209a
:104668000000000044657363547970653a2025643e
:104678000a446573633a2025730a00004f70657217
:1046880061746f72204c6f636174696f6e20547926
:1046980070653a2025640a436c61737369666963bf
:1046a8006174696f6e20547970653a2025640a4cec
:1046b80061742f4c6f6e3a20252e37662c20252edc
:1046c80037660a4172656120436f756e742c2052fb
:1046d80061646975732c204365696c696e672c2069
:1046e800466c6f6f723a2025642c2025642c202597
:1046f8002e32662c20252e32660a43617465676f58
:1047080072792045553a2025642c20436c617373d7
:104718002045553a2025642c20416c7469747564d1
:10472800653a20252e32662c2054696d65737461b4
:104738006d703a2025750a004f70657261746f724a
:104748004964547970653a2025640a4f706572612e
:10475800746f7249643a2025730a000049444c4535
:1047680000000000546d7220537663001b5b3331e8
:104778003b316d6572726f723a20696e76616c6951
:10478800642073656e642072657175657374207337
:10479800746174652068616e646c650a1b5b306dba
:1047a800000000001b5b33313b316d6572726f7224
:1047b8003a2073656e642072657175657374207331
:1047c80074617465206661696c7572650a1b5b307b
:1047d8006d0000001b5b33313b316d6572726f7287
:1047e8003a20746f6f206d616e7920636f6d6d6113
:1047f8006e64730a1b5b306d000000001b5b333175
:104808003b316d6572726f723a2073656e64207207
:104818006571756573742073746174652066616968
:104828006c7572652c20706f737369626c65206e8d
:104838006f2073706163650a1b5b306d00000000b8
:104848001b5b33313b316d6572726f722c20637361
:104858006120434d44353320777269746520666161
:10486800696c65642c207374617475733d307825a8
:104878003034780a1b5b306d000000001b5b33315d
:104888003b316d6572726f722c206c656e6774684f
:1048980020434d4435332077726974652066616919
:1048a8006c65642c207374617475733d30782530a1
:1048b80034780a1b5b306d001b5b33313b316d650f
:1048c80072726f722c206d65737361676520434d3a
:1048d800443533207772697465206661696c656454
:1048e8002c207374617475733d3078253034780ae0
:1048f8001b5b306d000000001b5b33313b316d6585
:1049080072726f722c20696e746572727570742081
:10491800636865636b206661696c65642c207374d9
:10492800617475733d253032780a1b5b306d000069
:104938001b5b33313b316d6572726f722c206d6574
:10494800737361676520434d443533207265616434
:10495800206661696c65642c207374617475733d9d
:104968003078253034780a1b5b306d001b5b33319f
:104978003b316d6572726f722c206e6f2061636bb4
:1049880020746f206d6573736167650a1b5b306dfa
:10499800000000001b5b33313b316d6572726f7232
:1049a8002c20756e6b6e6f776e206576656e742041
:1049b800747970650a1b5b306d0000001b5b333136
:1049c8003b316d6572726f722c20696e74657272fc
:1049d80075707420636c65617220283078253032d8
:1049e8007829206661696c65642c2073746174751c
:1049f800733d253032780a1b5b306d001b5b333109
:104a08003b316d6572726f722c20756e68616e64d1
:104a18006c6564206576656e742030782530327850
:104a28000a1b5b306d0000001b5b33313b316d6549
:104a380072726f722c206d73672825642920434d8c
:104a4800443533207772697465206661696c6564e2
:104a58002c207374617475733d3078253034780a6e
:104a68001b5b306d000000001b5b33313b316d6513
:104a780072726f722c206c656e67746820434d44a7
:104a880035332072656164206661696c65642c2029
:104a98007374617475733d3078253034780a1b5b04
:104aa800306d00001b5b33313b316d6572726f7284
:104ab8002c2072656365697665206d65737361671f
:104ac80065206578636565647320627566666572de
:104ad8002e2025642025642025640a1b5b306d0088
:104ae8001b5b33313b316d6572726f722c206d73b5
:104af800672825642920434d443533207265616455
:104b0800206661696c65642c207374617475733deb
:104b18003078253034780a1b5b306d001b5b3331ed
:104b28003b316d6572726f722c2073657175656e9d
:104b38006365206e756d626572206d697373696e49
:104b4800672c20657870656374696e67202530343a
:104b5800782c20676f7420253034780a1b5b306d01
:104b6800000000001b5b33313b316d6572726f7260
:104b78002c20696e76616c6964206d65737361675a
:104b8800652074797065207265636569766564204f
:104b980025640a1b5b306d001b5b33313b316d654f
:104ba80072726f722c20756e6b6e6f776e206576e1
:104bb800656e7420747970652025640a1b5b306dfe
:104bc800000000004346473a6261642061726773df
:104bd8000d0a00004346473a746f6f206269670dfb
:104be8000a0000004346473a6d757465782066618f
:104bf800696c0d0a000000004346473a627573204d
:104c08006e6f74206163746976650d0a0000000098
:104c18004346473a717565756520627573790d0a63
:104c2800000000004346473a564d4d2070726f749d
:104c38006f0d0a004346473a6e6f20736861646fd0
:104c48007720616464720d0a000000004346473a09
:104c5800736861646f77207772697465206661692b
:104c68006c0d0a004346473a4750206d616c6c6fe3
:104c780063206661696c0d0a000000004346473aec
:104c8800616c6c6f63206661696c0d0a000000003e
:104c98004346473a464e312077726974652066610b
:104ca800696c0d0a000000004346473a4f4b0d0a55
:104cb800000000001b5b33313b316d6572726f720f
:104cc8002c206661696c656420746f20616c6c6f60
:104cd8006361746520736c6162206f6620256420af
:104ce80062797465730a1b5b306d00001b5b33319e
:104cf8003b316d6572726f723a206661696c6564ea
:104d080020746f20616c6c6f6361746520726563d9
:104d180076206275666665720a1b5b306d0000005e
:104d28001b5b33313b316d6572726f723a2066617d
:104d3800696c656420746f20616c6c6f6361746565
:104d48002073656e64206275666665720a1b5b3047
:104d58006d0000001b5b33313b316d6572726f7201
:104d68003a206661696c656420746f20616c6c6fb1
:104d7800636174652072656376207061636b657426
:104d8800206275666665720a1b5b306d0000000064
:104d98001b5b33313b316d6572726f723a20756ef1
:104da8006b6e6f776e2061646472657373207479bb
:104db800706520282564290a1b5b306d00000000ff
:104dc8001b5b33313b316d6572726f723a20736fc2
:104dd800636b657420777269746520636f6d6d61ac
:104de8006e64207265717565737420696e69746983
:104df800616c69736174696f6e206661696c656462
:104e08000a1b5b306d0000001b5b33313b316d6565
:104e180072726f723a20736f636b65742077726970
:104e2800746520636f6d6d616e6420726571756560
:104e38007374207472616e6d697373696f6e206626
:104e480061696c65640a1b5b306d00001b5b333164
:104e58003b316d4572726f722c206c656e67746899
:104e6800206d69736d6174636820256420767320f2
:104e780025640a1b5b306d001b5b33313b316d656c
:104e880072726f723a206e6f20616c6c6f6361741e
:104e98006564207061636b6574206275666665720f
:104ea800730a1b5b306d00001b5b33313b316d6552
:104eb80072726f723a207061636b657420627566f6
:104ec800666572732066756c6c0a1b5b306d00003a
:104ed8001b5b33313b316d6572726f723a206661cc
:104ee800696c656420746f20777269746520746fcb
:104ef8002072656365697665206275666665720a03
:104f08001b5b306d000000001b5b33313b316d656e
:104f180072726f723a206e6f206672656520736fc9
:104f2800636b6574730a1b5b306d00001b5b333168
:104f38003b316d6572726f723a206661696c6564a7
:104f480020746f20637265617465206e65772072c6
:104f580065636569766520736f636b65740a1b5baf
:104f6800306d00001b5b33313b316d6572726f72bf
:104f78003a20616464726573732074797065206d7a
:104f880069736d617463682028256420213d20259c
:104f980064290a1b5b306d001b5b33313b316d6547
:104fa80072726f723a20756e61626c6520746f2040
:104fb80066696e64206c697374656e696e672073c8
:104fc8006f636b65740a1b5b306d000025642e25ca
:104fd800642e25642e25640025783a25783a2578ac
:104fe8003a25783a25783a25783a25783a25780086
:104ff80025783a25783a25783a25783a25783a2551
:10500800783a25642e25642e25642e256400000038
:105018003a3000002b474d49000000002b424f4f0b
:10502800540000004f4b000047656e6572616c20ac
:105038004572726f72000000496e76616c69642077
:10504800415420436f6d6d616e640000556e6b6e48
:105058006f776e20415420436f6d6d616e64000060
:10506800496e76616c696420506172616d65746522
:1050780072000000496e636f7272656374204e752a
:105088006d626572206f6620506172616d6574652e
:1050980072730000436f6e66696775726174696f39
:1050a8006e2055706461746520426c6f636b656433
:1050b80000000000436f6e66696775726174696ffe
:1050c8006e20416363657373204661696c65640093
:1050d800436f6d6d616e642054696d6564204f7512
:1050e80074000000486f737420496e7465726661bd
:1050f8006365204661696c6564000000416363650f
:1051080073732044656e69656400000057692d4615
:10511800692052657175657374204661696c6564b0
:1051280000000000535441204e6f7420436f6e6e90
:1051380065637465640000004e6574776f726b2058
:105148004572726f7200000046696c65205379736e
:1051580074656d204572726f72000000436f6e6651
:10516800696775726174696f6e206e6f74207072f2
:105178006573656e74000000444e53205479706561
:10518800204e6f7420537570706f727465640000e0
:10519800444e532051756572792054696d656f7559
:1051a80074000000444e53204572726f7200000074
:1051b800556e737570706f727465642046696c659e
:1051c800205472616e736665722050726f746f63db
:1051d8006f6c000046696c652045786973747300cc
:1051e80046696c65204e6f7420466f756e640000ca
:1051f800496e76616c69642046696c6520547970e3
:10520800650000004d515454204572726f720000c1
:105218004e6574776f726b20696e74657266616330
:105228006520646f776e0000457261736520446f76
:105238006e650000577269746520446f6e650000e2
:1052480056657269667920446f6e650041637469ba
:105258007661746520446f6e65000000496e766162
:105268006c696461746520446f6e65004f54412019
:105278004572726f720000004e6f205354412043f4
:105288006f6e6e656374696f6e000000544c532036
:105298004572726f72000000496d6167652045783c
:1052a8006365656473000000496d61676520566534
:1052b80072696679204661696c65640050696e6739
:1052c800204661696c6564004e54502053657276bf
:1052d80065722054696d656f757400004e545020d6
:1052e80050726f746f636f6c204572726f7200003a
:1052f800536f636b6574204944204e6f7420466f6a
:10530800756e64004c656e677468204d69736d61d5
:10531800746368004e6f204672656520536f636b37
:1053280065747300496e76616c696420536f636bb2
:1053380065742050726f746f636f6c00536f636b8a
:10534800657420436c6f7365204661696c65640001
:10535800536f636b65742042696e64204661696ca3
:1053680065640000536f636b657420544c5320468a
:1053780061696c6564000000536f636b657420435a
:105388006f6e6e656374204661696c656400000029
:10539800536f636b65742053656e64204661696c56
:1053a80065640000536f636b657420536574204f08
:1053b8007074696f6e204661696c65640000000056
:1053c800536f636b65742044657374696e617469a7
:1053d8006f6e204e6f742053657400004d756c74a9
:1053e8006963617374204572726f7200536f636be7
:1053f8006574204e6f742052656164790000000066
:10540800536f636b65742053657175656e636520b2
:105418004572726f7200000054696d6520457272a2
:105428006f72000043412043657274204d697373a5
:10543800696e6700434120436572742056616c6948
:10544800646174696f6e0000434120436572742083
:10545800446174652056616c69646174696f6e009b
:105468004b6579205061697220496e636f6d706c6d
:10547800657465005065657220446f6d61696e20c2
:105488004d697373696e6700536f667420415020cd
:1054980053746f70204e6f74205065726d69747408
:1054a80065640000536f66742041502053746f7018
:1054b800204661696c656400536f66742041502012
:1054c8005374617274204e6f74205065726d6974e4
:1054d80074656400536f6674204150205374617280
:1054e80074204661696c656400000000556e737530
:1054f80070706f727465642053656375726974792e
:105508002054797065000000535441204469736346
:105518006f6e6e656374204e6f74205065726d698e
:105528007474656400000000535441204469736337
:105538006f6e6e656374204661696c656400000077
:1055480053544120436f6e6e656374696f6e204ecd
:105558006f74205065726d69747465640000000092
:1055680053544120436f6e6e656374696f6e2046b5
:1055780061696c65640000004173736f63696174ed
:10558800696f6e204e6f7420466f756e6400000060
:105598004e564d204c6f636b656420556e74696c74
:1055a80020526573657400004e6f20426f6f7461fe
:1055b800626c6520496d61676520496e204f74688b
:1055c800657220506172746974696f6e0000000022
:1055d80057692d4669205053204e6f7420456e61df
:1055e800626c6564000000005050532054696d657a
:1055f8006f7574005468652056616c75652050722b
:105608006f766964656420576f756c64204e6f749b
:1056180020496e6372656173652054686520415244
:10562800420000005468652056616c756520507210
:105638006f766964656420576f756c6420496e766f
:10564800616c696461746520546865204375727281
:10565800656e7420496d6167650000002b444e53e8
:105668005245534f4c5600002b444e53455252005e
:105678002b4d515454434f4e4e0000002b4d515466
:1056880054434f4e4e41434b000000002b4d5154a4
:105698005450554241434b002b4d515454505542a0
:1056a800434f4d50000000002b4d5154545055426b
:1056b800455252002b4d515454535542000000009e
:1056c8002b4d515454554e53554200002b4d5154b7
:1056d80054535542525800002b4d51545450524f78
:1056e800505258002b4e455449465258000000006d
:1056f8002b4f5441000000002b4f5441455252009b
:105708002b50494e470000002b50494e47455252f6
:10571800000000002b534e54504552520000000028
:105728002b534f434b494e44000000002b534f432b
:105738004b525854000000002b534f434b525855be
:10574800000000002b534f434b434c002b534f4357
:105758004b544c53000000002b534f434b455252bf
:10576800000000002b54494d450000002b544c53b9
:10577800455252002b574150414950002b57415038
:10578800534300002b574150534400002b574150be
:10579800455252002b5753434e494e4400000000d7
:1057a8002b5753434e444f4e450000002b5753543c
:1057b80041414950000000002b575354414c4400cc
:1057c8002b57535441455252000000002b57535455
:1057d800414c55002b57535441524f414d00000046
:1057e8002b4153534f4300002b53494d53544154bd
:1057f800000000002b53494d455252002b53495786
:10580800504b5453000000002b5349484541500069
:105818002b534948455252002b5349535441434b4b
:10582800000000002b5750524f5641540000000012
:105838002b5750524f564454000000002b455854e3
:1058480043525950544f00002b4e564d45520000bc
:105858002b4e564d43484b002b4e564d4552520049
:105868002b505053000000002b5359534c4f470006
:105878002b474d4d000000002b474d520000000003
:105888002b495052000000002b43464700000000ff
:105898002b434647435000002b4448435053430092
:1058a8002b444e53430000002b4653002b465354c1
:1058b800534652002b4d5154544300002b4d515424
:1058c800545355424c5354002b4d51545453554244
:1058d800524400002b4d51545450554200000000d2
:1058e8002b4d5154544c5754000000002b4d51542b
:1058f80054444953434f4e4e000000002b4d515421
:105908005450524f505458002b4d51545450524fec
:1059180050545853000000002b4e4554494643004c
:105928002b4e455449465458000000002b4f544113
:10593800430000002b4f5441444c00002b4f54416e
:10594800564659002b4f5441414354002b4f544164
:10595800494e56002b525354000000002b534e540e
:10596800504300002b534f434b4f00002b534f43e2
:105978004b424c002b534f434b4252002b534f4347
:105988004b424d002b534f434b5752002b534f4321
:105998004b5752544f0000002b534f434b52440077
:1059a8002b534f434b524442554600002b534f4311
:1059b8004b4c5354000000002b534f434b43000003
:1059c8002b544c53430000002b544c534353430077
:1059d8002b574150430000002b5741500000000056
:1059e8002b5753434e4300002b5753434e000000a0
:1059f8002b575354414300002b5753544100000088
:105a08002b5349002b5750524f5643002b57505297
:105a18004f5600002b4449002b5749464943000084
:105a28002b4e564d430000002b4e564d575200004a
:105a38002b4e564d524400002b44465541445200cb
:105a48002b444655534551002b50505343000000fa
:105a58002b5359534c4f4743000000002b415242ef
:0a5a6800000000002b5653494500d2
:020000040000fa
:020000040100f9
:025a720070477b
:020000040000fa
:020000040100f9
:105a740008b5044b186818b1804780f00100c0b223
:105a840008bd00bfc011012009b91046704780b19c
:105a9400037883ea122383ea131343ea022282ea95
:105aa400033282ea431292b200b10130013989b261
:105ab400eae7ff23ede72de9f04f85b081460e9e1e
:105ac4008a46904606b11e4443449cb24746554616
:105ad400a74203d1012005b0bde8f08f95b36a4613
:105ae4001023294648460df01bffbdf804209442bc
:105af40008d9bdf8063013449bb29f4202d29c429f
:105b040003d91f46bdf80a50e8e79742a4eb020107
:105b140028bfe31b89b234bf0b469bb2a4eb03043a
:105b240032bfbdf80ab04746d346a4b246b11035d9
:105b34002944f61ac91a324689b248460df0f0fed5
:105b44005d46c5e72846c6e72de9f74fd488968811
:105b5400dff8588082468b4644f307254ff6ff77db
:105b6400002d03da384603b0bde8f08f1ad0a4f54f
:105b740080741ffa84f94ff48074cdf800802346b2
:105b8400324659465046fff796ff38b13a46214609
:105b94004046fff779ff2644b6b20746013d6db291
:105ba4004c46dde7002cddd0a146e6e7c411012018
:105bb40010b5094c94f804010df050ff4ff4005255
:105bc400002194f804010df073ff18b14ff48073b1
:105bd400a4f8063110bd00bfc01101202de9f04129
:105be400094c05460e46174613460a46014694f8e4
:105bf40004010df0cbfe3b463246294694f80401dd
:105c0400bde8f0410df0a2bfc011012003292cd83a
:105c1400dfe801f002091b23184bb3f806211044f6
:105c2400a3f806017047154ab2f80631184480b249
:105c3400c11c4ff6fc730b40984203d90430a2f800
:105c440006017047a2f8063170470c4ab2f80631d3
:105c54000f33184420f00f00f1e7084ab2f8063178
:105c64003f33184420f03f00e9e74ff0200383f36b
:105c74001188bff36f8fbff34f8ffee7c011012070
:105c84004ff0200383f31188bff36f8fbff34f8f5f
:105c9400fee770b50c4a92f808410023d9b28c4251
:105ca40001d800200be05d1c9b00d118b1f80961fc
:105cb400864207d1b1f80b2112b10448184470bdd3
:105cc400fff7deff2b46e9e7c0110120c9120120ce
:105cd40008b5fff7deff00b1408808bd10b50446e3
:105ce400fff7d7ff40b14ff0200383f31188bff3d0
:105cf4006f8fbff34f8ffee7094b93f8080102063d
:105d040001d5fff7bdff421c83f8082103eb800295
:105d140003f20913a2f8094103eb800010bd00bf90
:105d2400c011012008b5fff7b4ff08b9fff7a8ffb9
:105d3400064a92f80831013bdbb282f8083102ebe3
:105d44008303d3f80931036008bd00bfc0110120eb
:105d54002de9f041244cb4f80a33b4f80c6303443d
:105d64009bb204f20e37ff2b0546a4f80a3307eb67
:105d7400060004f104080ad82a464146354445f091
:105d840083fc0126a4f80c533046bde8f081c6f527
:105d94008072414645f078fc4ff480723946b4f87d
:105da4000601fff71bff06460028edd000214ff443
:105db4008070fff72bffb4f80a53b4f80c13a5f561
:105dc40080750023adb2a4f80c33a4f80a53002d57
:105dd400dad0c1f580712a4618fa81f1384645f0c7
:105de40053fca4f80c53cfe7c01101207fb545f252
:105df4004143adf806300d4bcde902300c4bc043a6
:105e0400b3f80e3404904ff6ff7210210df1060022
:105e1400adf81430fff738fe1222adf8040001a9e2
:105e24000020fff7dbfe07b05df804fb534e76322b
:105e3400c01101202de9f04f724c94f80471002533
:105e44008fb0122309aa29463846a4f81054a4f89e
:105e54001254a4f80c53a4f80a530df061fd0b9be3
:105e6400039394f804310133dbb2012b94bf84f81b
:105e7400043184f8045194f80431bb4208d14ff042
:105e8400200383f31188bff36f8fbff34f8ffee7b7
:105e9400fff78efe0028e4d04ff0000adff870818f
:105ea40080e004eb8a091023b9f80bb105aa59461e
:105eb40038460df035fd0026bdf81c50adf81a50db
:105ec40005aa59463846adf81860adf81e60adf81d
:105ed4002060fff739fe4ff6ff72adf814000e2173
:105ee40005a8fff7d1fdf022adf82200ff214648b6
:105ef40046f062f905ab03cb1035c8f80000c8f8ca
:105f04000410b4f80c2303cbb4f80631c8f8080025
:105f1400adb21344b5f5807fc8f80c10a9f80b3165
:105f240019d8394b00933246bdf81c3059463846cf
:105f3400fff7c1fd50b1b4f80631b4f80c23134493
:105f4400a9f80b312846fff703ff38bb002420468d
:105f54000fb0bde8f08f1023b5f5807f2a4628bf27
:105f64004ff48072a2eb03091ffa89f943440292a9
:105f7400009332464b4659463846fff79cfd0028ad
:105f8400e4d00298fff7e4fe0028dfd0029bed1a6c
:105f94004e44adb2b6b20023002dddd10af10103a7
:105fa4005ffa83fa94f8083153453ff67aafb4f8b0
:105fb4000a23fab9b4f80a030021fff727feb4f85c
:105fc4000631a4f80e34039b581efff70fff044656
:105fd4000028bbd002210020fff718fe1222ff2167
:105fe40009a846f0e9f8122309aa002138460df061
:105ff400cdfcace70549b4f80601fff7effd002836
:10600400d8d1a3e7c0110120d4110120ce1401205e
:10601400c411012008b50a4bb3f80631c3f5005387
:106024009bb283420bd2fff705ff40b94ff0200328
:1060340083f31188bff36f8fbff34f8ffee708bd63
:10604400c01101202de9f84f344e0446351d894610
:106054004ff48072ff21284646f0aef8e1884ff6ef
:10606400ff724846fff710fd4ff6ff7220800e21a5
:106074002046fff709fd2346e08103cb7060696089
:1060840003cba860e960e28802f11007bfb2b9f15e
:10609400000f07d0b7f5807f17d8494606f11400e2
:1060a40045f0f2fae2881e49b6f80601f02a28bf44
:1060b400f022103292b2fff791fd8046e088103052
:1060c400022180b2fff7a2fd25e04ff0000b102063
:1060d400b7f5807f3c4628bf4ff48074a4eb000ad8
:1060e400524609eb0b01284445f0cefa22460c49ee
:1060f400b6f80601fff772fd804660b12046022122
:106104003f1bfff783fdbfb20beb0a031ffa83fbb0
:106114000020002fdcd14046bde8f88fc0110120db
:10612400c41101202de9f041674c00258eb084f89c
:1061340008514ff0ff38ff27122304aa00212846f4
:106144000df0eefbdde906637340013326d19df8c3
:106154001230412b22d19df81330542b1ed19df8bf
:106164001430532b1ad19df815304e2b16d19df8af
:106174001630762b12d19df81730322b0ed14ff6f4
:10618400ff7210210df11200fff77efcbdf81030f4
:10619400834203d146453cbfb0462f46e5b1ff2fad
:1061a4002cd1002384f804314ff6ff766ff00105fb
:1061b400fff7fefc90b994f804310133dbb2012bf4
:1061c40084f80431f4d94ff0200383f31188bff32a
:1061d4006f8fbff34f8ffee70125ade72846a4f884
:1061e4000e64fff703fe0028e5d0002384f808318d
:1061f400012384f814340eb0bde8f0814ff48073a9
:10620400a4f806313846122309aa002184f804713f
:106214000df086fb4ff6ff77b4f80631b3f5005f57
:10622400e6d2bdf83420ba4201d09a4217d80221ee
:106234000020fff7ebfc022510236a46b4f8061190
:1062440094f804010df06cfb6a46102312f8011b4c
:10625400ff291ed1013b9bb2002bf7d1c8e70025d3
:10626400eae729461020fff7d1fcd5e7bdf8026024
:106274003046fff70efd10b93046fff72ffdb4f896
:1062840006314380bdf80830bbb93046fff74afdfc
:1062940013e03a460e216846fff7f6fbbdf80e60a0
:1062a4008642ded16a46b4f8061194f80401fff779
:1062b4004bfcbdf800308342d8d0bdf80600103046
:1062c400294680b2cfe700bfc0110120034b93f8e9
:1062d40014340bb9fff726bf704700bfc01101206b
:1062e4002de9ff478a4616469846054630b12bb13c
:1062f400fff7befb044650b1052045e04ff02003f4
:1063040083f31188bff36f8fbff34f8ffee706f15e
:10631400100080b2fff77efe2846fff7bafc07465e
:10632400a8b3b0f802901d4d10236a46494695f86b
:1063340004010df0f5fabdf808300aeb06029a42a2
:1063440027d8b34218bfbdf80c40adf804a01cbf59
:106354000134a4b241466846adf80c40adf806607d
:10636400adf80a90b5f80641fff76cfe98b1bdf898
:106374000c307c80642b4ff0000005d9bdf802304e
:10638400a5f81034a5f8120404b0bde8f087032082
:10639400fae70420f8e70120f6e700bfc011012066
:1063a40073b50c4615461e46c0b1bbb1fff790fc51
:1063b40080b16319b3f5803f09d201460c480096b9
:1063c4002b46224690f80401fff775fb20b9042000
:1063d40002b070bd0320fbe70020f9e74ff0200373
:1063e40083f31188bff36f8fbff34f8ffee700bfb6
:1063f400c01101201fb540b94ff0200383f3118869
:10640400bff36f8fbff34f8ffee7fff761fc48b117
:1064140001460648102390f804016a460df080fafc
:10642400bdf8080005b05df804fb00bfc0110120f1
:106434002de9f04f431e14469bb24ff6fd72934272
:106444008bb080460e461dd8b1f5006f1ad8fff701
:106454003ffc00bbfff70cfb054648bb06f11000f0
:1064640080b2fff7d7fd8d4b93f90821002a80f203
:10647400f7804ff0200383f31188bff36f8fbff3ce
:106484004f8ffee74ff0200383f31188bff36f8f24
:10649400bff34f8ffee74046fff7acff86420fd0b5
:1064a4007e4da5f81084a5f81264fff7e1fa08b14f
:1064b40005200ee0b5f8120470b9b5f810347bb9b4
:1064c400002c00f0e6802346324600214046fff7c8
:1064d40067ff0bb0bde8f08f103080b2fff79afd74
:1064e400b5f81004fff7d5fb81460028e8d0b0f8d2
:1064f40002b095f80401102306aa59460df010facb
:10650400b5f81234ebb9bdf82000103080b2fff7b3
:1065140081fdb5f81004fff7bcfb814640b94ff08c
:10652400200383f31188bff36f8fbff34f8ffee710
:10653400b0f802b095f80401102306aa59460df0ec
:10654400eff9b5f81224b5f806310493bdf82030fc
:1065540022b19342adf8202028bf13460022bdf893
:106564002010adf81c20adf81e10adf82220adf8b7
:1065740024200df1180cbce80300dff824a16860a6
:1065840003f11007caf80410bce80300bfb2b7f562
:10659400807fcaf80800caf80c1030d80af110013c
:1065a400009195f804015946fff785fa002872d046
:1065b40006ab03cbbdf81e206860caf8041003cbf9
:1065c4001032caf80800caf80c1092b25146b5f855
:1065d4000601fff703fb00283ff472afbdf81e006d
:1065e4001030022180b2fff711fb2c4b0022a3f8dc
:1065f4001024a3f81224049ba9f8023060e715467e
:106604001023cdf814a0b7f5807fba4628bf4ff405
:10661400807aaaeb030292b20392059a1f481344ac
:1066240000932a46039b90f804015946fff743fa66
:1066340088b31b495246b1f80201fff7cffa00288c
:106644003ff43eaf02215046fff7e0fa039ba7eb6d
:106654000a072b44bfb29db20023002fd3d1c4e755
:10666400214606a8b3f80671adf81a80adf81c509f
:10667400adf81e60adf82060adf82250adf824509e
:10668400fff7e0fc38b14046fff728fb47800220c3
:106694001fe720461de701201be700bfc0110120b2
:1066a400c4110120f0b5074685b040b94ff020036e
:1066b40083f31188bff36f8fbff34f8ffee7fff7ac
:1066c40007fb00283fd0fff7d3f9044600283cd14c
:1066d4001020fff79ffc4ff6ff720e216846adf8bd
:1066e4000020adf80270cde90144adf80c40fff78d
:1066f400cbf96b46adf80e0003cb154d6860a9606d
:1067040003cb2e1de860296110223146b5f806013d
:10671400fff764fa68b91022b5f8061195f8040178
:106724000df0c6f918b902211020fff76ffa012005
:1067340007e002211020fff769fa3846fff7f2fa62
:10674400204605b0f0bd0320fbe70520f9e700bfb4
:10675400c0110120f8b50446fff78af9054668bb65
:1067640064b10df07bf901200df078f94ff400725b
:106774002946134845f020fd002020e0114d95f8ee
:106784000871e3b29f420cd8fff754fb0028f3d101
:106794004ff0200383f31188bff36f8fbff34f8f44
:1067a400fee705eb8403b3f80961304602f022ffeb
:1067b40010b93046fff7b6fa0134e2e70520f8bd18
:1067c400c9120120c0110120014b1860704700bf9d
:1067d400c011012008b5fff77bfa003018bf012073
:1067e40008bd08b5fff726fb40b94ff0200383f33b
:1067f4001188bff36f8fbff34f8ffee708bd00bf53
:020000040000fa
:020000040100f9
:10680400982f8a4291443771cffbc0b5a5dbb5e917
:106814005bc25639f111f159a4823f92d55e1cab8b
:1068240098aa07d8015b8312be853124c37d0c5519
:10683400745dbe72feb1de80a706dc9b74f19bc161
:10684400c1699be48647beefc69dc10fcca10c2451
:106854006f2ce92daa84744adca9b05cda88f97635
:1068640052513e986dc631a8c82703b0c77f59bf9f
:10687400f30be0c64791a7d55163ca0667292914cb
:10688400850ab72738211b2efc6d2c4d130d385368
:1068940054730a65bb0a6a762ec9c281852c72922a
:1068a400a1e8bfa24b661aa8708b4bc2a3516cc758
:1068b40019e892d1240699d685350ef470a06a1091
:1068c40016c1a419086c371e4c774827b5bcb034e0
:1068d400b30c1c394aaad84e4fca9c5bf36f2e687e
:1068e400ee828f746f63a5781478c8840802c78c0d
:1068f400faffbe90eb6c50a4f7a3f9bef27871c610
:10690400000000003209090000000000010000003e
:106914007c1f2b000000000002000000890c0c000a
:106924000000000004000000ed0e0e030c0d00003a
:1069340005000000d91c1c01000000000600000036
:106944006803030000000000070000007720200017
:10695400000000000800000075242400000000006e
:106964000b0000005906060104000000140000009a
:10697400d614140302030000150000009f02020352
:106984000001000016000000dc19190000000000de
:1069940017000000a81717030405000018000000e2
:1069a400181e34000000000019000000176565007f
:1069b400000000001a000000aa16180000000000e1
:1069c4001b000000901a1d00000000001c000000c5
:1069d40043101000000000001d000000730e1000a2
:1069e400000000001e000000271c1c000000000026
:1069f4001f000000f620300000000000200000000e
:106a0400b91c1c000000000021000000681c1c00d0
:106a14000000000022000000ed1616000000000037
:106a240023000000f41616000000000024000000fb
:106a3400de1525000000000025000000d406070331
:106a440004050000260000000906070304050000f1
:106a540027000000fe252603202100002800000056
:106a6400e604050302030000290000001c040403db
:106a7400020300002a0000001c02020000000000c3
:106a84002b00000084020303000100002c0000001e
:106a9400dd040503020300002d000000e8020303e7
:106aa400000100002e0000000b02020000000000a4
:106ab4002f000000990304030001000030000000cf
:106ac400290d15010c00000031000000270c1400f2
:106ad40000000000320000004e25250312130000c0
:106ae40033000000c4040503020300003600000064
:106af4000f1b1b03181900003700000003191900ad
:106b0400000000003d000000a7484800000000000d
:106b14003e000000b71a1a00000000003f00000009
:106b240077b5b5000000000040000000bfe1e100bf
:106b34000000000041000000762a2a000000000046
:106b44004200000094060603020300004300000014
:106b5400150404000000000045000000f30b1201be
:106b64000a000000460000007c12260310110000f9
:106b74004900000026252603202100004a000000c9
:106b840014141400000000004b0000009e23230393
:106b94001e1f00004c000000982121031e1f00004e
:106ba4004d0000008f030a03080900005000000094
:106bb4000e04040302030000510000006a161600cc
:106bc4000000000052000000312733032425000098
:106bd40053000000162525000000000054000000aa
:106be4008f35350332330000550000008c333300f9
:106bf4000000000056000000053535033233000064
:106c040057000000963333000000000059000000d4
:106c1400e71c1c00000000005a000000b7383800d0
:106c2400000000005b0000003f2a2a000000000072
:106c34005c00000036212100000000005d0000001f
:106c44002f5151000000000064000000af1a220020
:106c540000000000650000006620750000000000d0
:106c6400660000009e207500000000006700000020
:106c7400d0143900000000006800000038207400bf
:106c840000000000690000005d3e3f0000000000bd
:106c94006a0000008a2c2c00000000006b00000039
:106ca4006c404100000000006c00000020545400bf
:106cb400000000006d000000b90909000000000098
:106cc4006e00000054fefe03010200006f0000008d
:106cd400221010000000000070000000ae0c0c0038
:106ce40000000000710000007c2427000000000068
:106cf40072000000ed2c2c00000000007300000066
:106d04000440400000000000740000004c1618000d
:106d14000000000075000000800606030405000062
:106d240076000000380e0e0000000000770000001e
:106d3400740c0c030a0b00007800000086616100eb
:106d44000000000079000000ed02020300010000d1
:106d54007a000000cb020203000100007b00000067
:106d6400fa717103000100007c0000005723390010
:106d7400000000007d000000cb06060000000000bb
:106d84007e000000dc4f51034f5000007f000000e4
:106d9400192323000000000080000000e2232300e8
:106da40000000000810000002e1618000000000002
:106db400820000001d0d0d00000000008300000093
:106dc400dfffff000000000084000000550e2700d4
:106dd4000000000085000000061212000000000000
:106de40086000000e52b2b00000000008700000057
:106df400cb080800000000008800000001161600ff
:106e04000000000089000000c30e10000000000014
:106e14008a0000006d247800000000008b00000050
:106e2400a82b2b03292a00008c000000b529290077
:106e3400000000008d0000002f2020000000000052
:106e44008e00000048f3f300000000008f000000f3
:106e5400830e100000000000900000007f5d5d00c4
:106e6400000000009200000067646400000000005d
:106e7400930000009a2436000000000094000000f3
:106e8400b23c4e000000000095000000c81e3c000b
:106e940000000000a2000000bd080900000000007e
:106ea400c0000000242c360000000000e1000000b7
:106eb400d041410000000000e6000000a32a2a009f
:106ec40000000000e700000069282800000000001e
:106ed400e8000000973f410000000000e9000000c6
:106ee40023b6b60000000000ea000000962828003f
:106ef40000000000eb000000b32a2a00000000009c
:106f0400f10000005a20200000000000f200000000
:106f140068343c0000000000f300000055353d01da
:106f240034000000f40000005f06060000000000ca
:106f3400f50000008202020000000000f6000000dc
:106f4400b826260000000000f700000051131300cb
:106f540000000000f800000008fefe030304000027
:106f6400f9000000cc24240000000000fa00000016
:106f7400311e1e0000000000fb000000aa121200d7
:106f840000000000fc0000002c12120000000000b1
:106f9400fd0000005333360000000000fe00000036
:106fa4002e0909000000000000010000472a2a03fe
:106fb4000809000001010000830909000000000025
:106fc40002010000bb20e8030001000003010000ef
:106fd4005cebeb00000000000401000092050d00d2
:106fe4000000000005010000b31b3d00000000008c
:106ff400060100000c12160000000000070100004a
:1070040085ffff000000000008010000311c1c0087
:1070140000000000090100001a1014000000000024
:107024000a010000c1ffff03020300000b0100007e
:1070340023ffff03020300000c0100000e040403fd
:10704400020300000d0100006dd5d5000000000012
:107054000e0100003b131300000000000f010000ac
:107064001634340000000000130100007e1f1f00ce
:107074000000000014010000123131000000000083
:107084001801000046212100000000001901000041
:10709400300d0d00000000001a0100007b232303c3
:1070a400202100001b0100004a9090000000000015
:1070b4001c010000632020031e1f00001d010000ae
:1070c40089282803262700001e010000d235350335
:1070d400323300001f0100000117170314150000cc
:1070e40020010000141717031415000022010000ea
:1070f400fb2e2e0000000000230100000a39390095
:10710400000000002b01000013606200000000007a
:107114002c010000d9161600000000002d0100000b
:10712400f33a3a0000000000360100001c1111007f
:1071340000000000370100005f74740000000000cc
:1071440040010000f3141403020300004101000095
:10715400580202030001000042010000f39595006b
:1071640000000000430100004e939303000100005f
:107174004401000084929200000000004a010000d3
:10718400179ea700000000004b0100005be6e8002a
:10719400000000004c010000ecefef0000000000d4
:1071a4004d010000e76d6d00000000004e0100007d
:1071b400480a0a00000000004f010000e11818000e
:1071c4000000000050010000f554540000000000cd
:1071d40053010000c7050500000000005401000031
:1071e40063464600000000005e010000e814fc0055
:1071f40000000000680100000b19190000000000e5
:10720400720100004b576d00000000007501000082
:10721400752a2a000000000077010000fb8c8c0016
:10722400000000007c010000e814140000000000cd
:1072340081010000938585030203000082010000a0
:10724400841010030405000083010000044848036f
:107254000405000084010000082525032021000006
:10726400860100009ceeee00000000008b0100008f
:1072740000d4d40000000000900100006efefe0364
:107284000405000091010000b70606030405000090
:107294009a010000a0353500000000009b010000a9
:1072a4006a030300000000009c010000210606039d
:1072b400040500009d0100004d07070304050000bc
:1072c4002823000071898900000000002d2300009c
:1072d400752222000000000064320000722c2c038e
:1072e4000001000065320000fe3b3b031e1f00004e
:1072f400663200008c353503040500006732000057
:10730400f92e2e0300010000683200004d363603ca
:107314001c1d000069320000312b2b03000100000a
:10732400733200005ef9f9030001000078320000b6
:08733400140505000000000033
:020000040000fa
:020000040100f9
:04733c000120704775
:020000040000fa
:020000040100f9
:107340003b4b3c4903f5aa5242f8081f03f5b852db
:107350004ff4804142f8041f03f5b8524ff0145126
:1073600042f81c1f03f5b95233491160334942f802
:10737000041f03f5b952324942f8081f03f5b95208
:10738000304942f80c1f03f5b9522f4942f8101f3b
:1073900003f5b952e02142f8141f03f5b9522b4905
:1073a00042f8181f03f5b952294942f81c1f03f58a
:1073b000ba524ff440311160264942f8041f03f5d8
:1073c000ba52254942f8081f03f5ba52234942f838
:1073d0000c1f03f5ba52062142f8101f03f5ba52ea
:1073e0001f4942f8141f03f5ba521e4942f8181fec
:1073f00003f5ba524ff4004142f81c1f03f5bb528b
:1074000019491160194942f8041f03f5bb5245f2ae
:10741000336142f8081f03f5bb524ff4f05103f5f6
:10742000bb5342f80c1f402243f8102f704700bf97
:10743000002001411e00ffffc0464654a040000c42
:1074400010928fbe18d410007aa64f4053a948213d
:107450004b055046f1813d8cd3080c0c9002061868
:1074600020875c006400ffff110d40060529240001
:10747000024a536823f4006353607047004001419f
:10748000c82300bf00bf00bf00bf00bf00bf00bfd8
:1074900000bf00bf00bf00bf00bf00bf00bf00bff4
:1074a00000bf00bf00bf00bf00bf00bf00bf013b67
:1074b00013f0ff03e5d1704708b540f65a210120cb
:1074c0003af08cfc4ff49e7103203af087fc4ff4a5
:1074d000987104203af082fc43f2152105203af01d
:1074e0007dfc43f2060107203af078fc4ff400617e
:1074f00013203af073fc40f2ad2114203af06efcf8
:1075000044f2e00117203af069fc4ff48941182059
:107510003af064fc4cf6862119203af05ffc4ff4f7
:107520007e711f203af05afc4ff4686133203af024
:1075300055fc46f27a213a203af050fc41f604011b
:107540003e203af04bfc4cf6052144203af046fc34
:10755000012147203af042fc4cf6072148203af03e
:107560003dfcff214f203af039fc4af6ac31512066
:107570003af034fc4ff478615d203af02ffc4df680
:1075800060016b203af02afc47f678016c203af053
:1075900025fc4ef619116d203af020fc4ff6e171f2
:1075a00071203af01bfc4ff648617220bde808409c
:1075b0003af014bc08b54ef24e3108203af00efcf9
:1075c0004ef254313d203af009fc42f202014920ca
:1075d0003af004fc42f2ff6162203af0fffb42f213
:1075e000ff0164203af0fafb42f202016a203af00d
:1075f000f5fb42f2040175203af0f0fb42f204017f
:107600007d203af0ebfb42f2ff7180203af0e6fb7e
:107610004ef24e3181203af0e1fb42f2fa718220c3
:107620003af0dcfb4ef24e3183203af0d7fb42f2c7
:10763000f57184203af0d2fb4ef24e3185203af0bb
:10764000cdfb42f2f27186203af0c8fb4ef24e3189
:1076500087203af0c3fb42f2ea7188203af0befb81
:107660004ef24e3189203af0b9fb42f2e0718a20a5
:107670003af0b4fb4ef24e318b203af0affb42f2bf
:10768000d6718c203af0aafb4ef24e318d203af0a2
:10769000a5fb42f2fb118e203af0a0fb4ef25431d2
:1076a0008f203af09bfb42f2ed1190203af096fbce
:1076b0004ef2543191203af091fb42f2e0119220c7
:1076c0003af08cfb4ef2543193203af087fb42f2b1
:1076d000d61194203af082fb4ef2543195203af0c4
:1076e0007dfb42f2ca1196203af078fb4ef25431fb
:1076f00097203af073fb4ff4075198203af06efb55
:107700004ef2543199203af069fb42f296119a20d8
:107710003af064fb4ef254319b203af05ffb42f2a8
:1077200090119c203af05afb4ef254319d203af0d1
:1077300055fb42f28a119e203af050fb4ef2543132
:107740009f20bde808403af049bb08b508216020f9
:107750003af044fbfff794fefff792fefff790fe2e
:10776000fff78efefff78cfe00216020bde8084089
:107770003af034bb2de9f74f00203af03ffb1f20d1
:107780003af03cfb83461d203af038fb82466020ed
:107790003af034fb814654203af030fb80465920c1
:1077a0003af02cfb07461a203af028fb06465520f3
:1077b0003af024fb05464f203af020fb04467420a3
:1077c0003af01cfb44f48071009089b24f203af0eb
:1077d00005fb009bc3f30b0141f4405174203af0c8
:1077e000fdfa522100203af0f9fa40f6f8311f2054
:1077f0003af0f4fa4ff620011d203af0effa042196
:1078000060203af0ebfa42f6b05154203af0e6fa32
:1078100048f21c0159203af0e1fa48f21c011a2002
:107820003af0dcfa4ef2100155203af0d7fafff7a1
:1078300027fefff725fe2549d1f83c3443f0080325
:10784000c1f83c34fff71cfe214b1a6842f4007269
:107850001a601a46136813f40073fbd11d4a019392
:107860001268d1f83c04009220f00800c1f83c04f2
:107870004ff6ff6121404f203af0b0fa59461f20e1
:107880003af0acfa51461d203af0a8fa4946602079
:107890003af0a4fa414654203af0a0fa3946592069
:1078a0003af09cfa31461a203af098fa29465520c7
:1078b0003af094fa019b122019463af08ffa009a96
:1078c000c2f3094003b0bde8f08f00bf00200141c2
:1078d00040350141503501412de9f74306460df190
:1078e00006000c4623f026fabdf80600002855d005
:1078f0003b4b1d78801b002d53d041f01efc2ea366
:10790000d3e900231bf0c4fe38f00cfb3df04efd24
:107910002ba3d3e9002306460f461bf0b9fe3246df
:107920003b461bf0b5fe28a3d3e9002380468946d9
:10793000304639461bf0acfe02460b4640464946ef
:107940000ff0beff22a3d3e900230ff0b9ff0022fe
:10795000244b1bf09dfe244b00220ff0b1ff41f0a1
:10796000ebf8002dc3b214bf19201e203c2b1ed8eb
:10797000984238bf18461d4b1a6822f4fc421a6020
:107980001a6842ea40221a60a30707d5184a92f8fb
:10799000a03003f0c003184382f8a00003b0bde894
:1079a000f08341f0cafb0ca3d3e90023aae73c20f3
:1079b000e1e700bfaff30080ce1951da1b7ca13f95
:1079c0005396218e75717b3f7daeb6627fd9bd3fe8
:1079d0001ea7e8482effef3fe59b6d6e4c4f883f9a
:1079e00004000020008045400000e03f683701416e
:1079f0000000014173b506460df106000d4623f067
:107a000099f9bdf80640dcb10df1050004f018fd50
:107a1000a41ba5235c4343f6cf439c42c9bf9df8fa
:107a200005309df90530023b5bb2aa0708d5054930
:107a300091f8a42002f0e0021343dbb281f8a430f5
:107a400002b070bd0000014137b505460df10600da
:107a500023f070f9bdf80640ecb16d203af0cef994
:107a6000c0f38210052816d1a523641b5c43a3f53f
:107a7000e7539c42124c10da01203af0bff94ff65e
:107a80001f71014041f0600101203af0a7f9fff7b2
:107a90005cfe0123237003b030bd2378002bfad0a5
:107aa00001203af0abf94ff61f71014041f040015f
:107ab00001203af093f9fff748fe0023eae700bf00
:107ac00008000020084b094a1b6812689b1a084ae4
:107ad00023f07043934205d8064b1878003018bf46
:107ae0000120704700207047283e01410c00002013
:107af000feffff0705000020f7b50023adf80630b4
:107b00000646fff737fe05460df1060023f012f991
:107b1000bdf80630dbb1134f5b1ba5245c434ff46b
:107b20008b7394fbf3f4b7f900301934a342b4bf5c
:107b3000e31a1b1b132b02ddfff707fe3c803146c7
:107b40002846fff7c9fe31462846fff753ff064b8c
:107b5000064a1b6803f5403323f07043136003b0fb
:107b6000f0bd00bf06000020283e01410c000020af
:107b700013b5244a05211170234a00238df80530de
:107b80001370044628b1fff797fcfff7d9fbfff706
:107b90006ffc22460df10501072004f0a7fb5cb342
:107ba0009df805300bb9fff705fdfff7cefd0df190
:107bb000060023f0bff8bdf806201449144beab1c3
:107bc00019220a8001221a70124b4ff440321a60b7
:107bd000114b00221a704ff08843104a1a65104b5f
:107be00040f27142012c9a600cbfff227f229a6101
:107bf00013221a604022da6002b010bdff20088014
:107c0000e1e700bf00000020040000200600002083
:107c1000050000200c000020080000204c0040e07f
:107c200000100141002112203af0d8b808b5064be7
:107c30004ff088721a6046f2e2515e203af0cef8b8
:107c4000bde80840fff7eebf004001410a4b0122aa
:107c50001a700a4b02225a615a63094a536843f464
:107c600040335360a2f5f962136843f40053136084
:107c7000044b054a1a6070470400002000230044aa
:0c7c800000400141084001411220220098
:020000040000fa
:020000040100f9
:107c8c00f82a0120040000000100000000000000a0
:107c9c00802601201c00000000000000cc270120e1
:107cac000800000000000000cc250120240000008a
:107cbc0000000000901a01203201000000000000ba
:107ccc00300001202509000000000000c82301201d
:107cdc004400000000000000c41b0120040100004f
:107cec0000000000fc2a012004000000010000003c
:107cfc00ffffffff00fc01208803000000000000d4
:107d0c00142601200c000000000000002c000120b3
:107d1c0004000000000000002c220120560000008e
:107d2c0000000000cc1d0120040000000000000039
:107d3c00bf11012001000000000000007828012084
:107d4c000400000000000000482501202c00000069
:107d5c0000000000842201205400000000000000fc
:107d6c00cc2a01202000000001000000064a136804
:107d7c0023f49f7323f0010343f0110313600923d1
:107d8c0000bf013bfcd1704700240144d4270120e3
:107d9c000800000000000000902701200c000000eb
:107dac0000000000501901204001000000000000fc
:107dbc00901f0120dc000000000000009c27012027
:107dcc000c000000000000000c2b01200200000041
:107ddc000100000001000000d01d0120e0000000a7
:107dec0000000000802801200400000000000000ba
:107dfc00c81c01200401000000000000002b012021
:107e0c000400000001000000aaaaaaaaa8270120c9
:107e1c000c00000000000000100000201c000100fd
:107e2c00000000000c2401203c00000000000000b9
:107e3c0088ff0120600000000000000048240120a1
:107e4c00380000000000000084280120040000001d
:107e5c00000000002026012020000000000000008f
:107e6c001821012094000000000000008828012047
:107e7c000400000000000000ec2a01200c000000af
:107e8c000100000000000000000000000000ffffe7
:107e9c006c200120ac00000000000000d81501206f
:107eac00780300000000000058090120670800005a
:107ebc0000000000e8240120300000000000000059
:107ecc00a02501202900000000000000dc27012073
:107edc0010000000000000005128012005000000e7
:107eec00000000008c2801200c00000000000000a5
:107efc00ec27012008000000000000009828012059
:107f0c000800000000000000c21b0120020000005d
:107f1c0000000000550901200100000000000000d5
:107f2c00d51501200100000000000000562801209a
:107f3c00140000000000000082220120020000005a
:107f4c00000000004026012020000000000000007e
:107f5c00162701200200000000000000e8ff0120ad
:107f6c001800000000000000a02801200400000000
:107f7c0000000000b01e0120e00000000000000026
:107f8c00ca2701200200000000000000f427012095
:107f9c000800000000000000182701201400000059
:107fac0000000000a42801201000000000000000c8
:107fbc00c9250120010000000000000075280120e7
:107fcc000100000000000000442801200700000010
:107fdc0000000000402701201000000000000000fd
:107fec00d02901200100000000000000b42801206d
:107ffc001c00000000000000fc270120080000000d
:10800c0000000000d0280120040000000000000047
:10801c00502701201000000000000000d42801208f
:10802c000c00000000000000d1290120010000001c
:10803c0000000000042801200800000000000000df
:10804c00602601202000000000000000d229012041
:10805c000100000000000000e02801200c000000de
:10806c0000000000d32901200100000000000000e6
:10807c00ec2801200800000000000000d429012099
:10808c000100000000000000f428012004000000a2
:10809c0000000000d52901200300000000000000b2
:1080ac00560901200200000000000000f828012001
:1080bc000400000000000000d615012002000000a2
:1080cc0000000000ca250120020000000000000092
:1080dc00fc280120040000000000000060270120a3
:1080ec002000000000000000d82901200100000041
:1080fc00000000000c280120080000000000000017
:10810c00002901202400000000000000d9290120d2
:10811c000100000000000000802401203400000059
:10812c0000000000da29012001000000000000001e
:10813c00242901200800000000000000f025012087
:10814c002400000000000000d82201205000000094
:10815c0000000000db2901200100000000000000ed
:10816c002c2901200400000000000000c027012081
:10817c000a00000000000000dc29012001000000c2
:10818c000000000076280120020000000000000022
:10819c0030290120080000000000000014280120f4
:1081ac001800000000000000b8260120300000007c
:1081bc0000000000c02901200400000000000000a5
:1081cc00dd290120010000000000000038290120f9
:1081dc0004000000000000002c2801200800000012
:1081ec00000000003c2901200c00000000000000f1
:1081fc00342801200800000000000000482901205c
:10820c000400000000000000de2901200100000035
:10821c00000000008027012010000000000000007a
:10822c00c42901200200000000000000ac21012044
:10823c0080000000000000002c270120140000002a
:10824c00000000004c290120080000000000000084
:10825c0028230120500000000000000054290120b8
:10826c000c00000000000000df29012002000000cb
:10827c000000000000270120160000000000000094
:10828c00c62901200400000000000000e1290120a3
:10829c000100000000000000ca29012002000000bb
:1082ac0000000000e2290120010000000000000095
:1082bc006029012014000000000000006a28012041
:1082cc000500000000000000e3290120030000006d
:1082dc0000000000cc29012002000000000000007a
:1082ec00742901200c00000000000000e629012088
:1082fc0001000000000000001825012030000000e3
:10830c00000000004b2801200600000000000000c7
:10831c00742501202c00000000000000e72901203a
:10832c00010000000000000080290120080000006e
:10833c0000000000e82901200100000000000000fe
:10834c00882901200c00000000000000e826012014
:10835c001800000000000000942901200800000013
:10836c0000000000e92901200100000000000000cd
:10837c00b424012034000000000000009c290120de
:10838c000800000000000000ea29012001000000a4
:10839c0000000000ce2901200200000000000000b7
:1083ac00eb290120010000000000000070280120d2
:1083bc00050000000000000000000020010000008b
:1083cc0000000000040000200c0000000000000071
:1083dc009c2601201c00000000000000a4290120a4
:1083ec000800000000000000c0110120150400006e
:1083fc0000000000ac290120080000000000000073
:10840c00042b01200400000001000000010000000a
:10841c00b429012004000000000000007823012092
:10842c005000000000000000b829012004000000ea
:10843c0000000000ac2a0120200000000100000018
:10844c00010000000300000000000000000000001c
:10845c000000000000000000000000003c2801208b
:10846c003c2801200800000000000000ec2901203d
:10847c00600000000100000001000000030000008b
:10848c0000000000000000000000000000000000e0
:10849c0000000000e5cc030100000000000000001b
:1084ac0000000000f1d90401e5db0401000000002c
:1084bc0000000000000000000000000000000000b0
:1084cc0000000000000000000000000000000000a0
:1084dc000000000000000000bc2901200400000086
:1084ec00000000004c2a0120600000000100000088
:1084fc00010000000300000000000000000000006c
:10850c00000000000000000000000000e5cc0301aa
:10851c00000000000000000000000000f1d9040180
:10852c00e5db04010000000000000000000000007a
:10853c00000000000000000000000000000000002f
:10854c00000000000000000000000000000000001f
:10855c00b42701200c00000000000000082b0120b3
:10856c0004000000010000000000000000000000fa
:10857c000000000066666666666666666666666627
:020000040000fa
:020000040100f9
:10858c0030b583b04ff088440023c4f8b030b44bfe
:10859c00c4f8b03003f12b43a3f54b13a3f6ab4354
:1085ac00c4f8b03021f0a8fcae4b1968ae4a11608b
:1085bc000f211960a3f58d33d3f83011516048f6b3
:1085cc000402c3f83021236813f4805f07d02368ba
:1085dc0013f4404f03d1236823f4805323604ff0ee
:1085ec008843d3f8d03013f0805f07d04ff0884227
:1085fc00d2f8d03023f08053c2f8d0304ff08842fc
:10860c00d2f8c010984b9960d2f8d010d960d2f83b
:10861c00e0201a6100225a619a61da611a625a6288
:10862c009a62924b1b6f13f4004f1ad08f4b1b6f37
:10863c0013f4006f15d18d4b1a6f8b4b5a618b4a0b
:10864c00136f13f4807ffbd0884b4ff400425a67b2
:10865c001a46136f13f4807ffbd1844b6ff4807236
:10866c005a67824bd3f8903013f4004f22d07f4bd3
:10867c00d3f8903013f4006f1cd17c4bd3f89020be
:10868c00794b9a61794a00bfd2f8903013f4807f0d
:10869c00fad0764b4ff40042c3f894201a4600bf30
:1086ac00d2f8903013f4807ffad1704b6ff4807253
:1086bc00c3f894206d4bd3f8b03013f4004f21d095
:1086cc006a4bd3f8b03013f4006f1bd1674bd3f85f
:1086dc00b020654bda61654ad2f8b03013f4807f74
:1086ec00fad0624b4ff40042c3f8b4201a4600bfd4
:1086fc00d2f8b03013f4807ffad15c4b6ff48072f7
:10870c00c3f8b420594bd3f8d03013f4004f21d018
:10871c00564bd3f8d03013f4006f1bd1534bd3f816
:10872c00d020514b1a62514ad2f8d03013f4807fca
:10873c00fad04e4b4ff40042c3f8d4201a4600bf77
:10874c00d2f8d03013f4807ffad1484b6ff480729a
:10875c00c3f8d420454bd3f8f03013f4004f21d09c
:10876c00424bd3f8f03013f4006f1bd13f4bd3f8ce
:10877c00f0203d4b5a623d4ad2f8f03013f4807f22
:10878c00fad03a4b4ff40042c3f8f4201a4600bf1b
:10879c00d2f8f03013f4807ffad1344b6ff480723e
:1087ac00c3f8f420314bd3f8103113f4004f21d01f
:1087bc002e4bd3f8103113f4006f1bd12b4bd3f885
:1087cc001021294b9a62294ad2f8103113f4807f78
:1087dc00fad0264b4ff40042c3f814211a4600bfbe
:1087ec00d2f8103113f4807ffad1204b6ff48072e1
:1087fc00c3f81421002301934ff088436ff48032a7
:10880c00c3f8c02003f520631b6f13f4004f00f076
:10881c00de80164b1b6f13f4006f14bf6ff0805388
:10882c004ff0ff33114ad2f8902012f4004f07d0ca
:10883c000e4ad2f8902012f4006f18bf23f00053a8
:10884c000a4ad2f8b02012f4004f11d0074ad2f8dd
:10885c00b02012f4006f18bf23f0804308e000bf73
:10886c00556699aa0024014448250120000a0044b9
:10887c00c34ad2f8d02012f4004f07d0c04ad2f825
:10888c00d02012f4006f18bf23f00043bc4ad2f87a
:10889c00f02012f4004f07d0b94ad2f8f02012f4ad
:1088ac00006f18bf23f08073b54ad2f8102112f470
:1088bc00004f07d0b24ad2f8102112f4006f18bf43
:1088cc0023f000734ff08842c2f8d030d2f8e03079
:1088dc0013f0010f05d19df8043043f001038df81e
:1088ec0004304ff08843d3f8e03013f0020f05d179
:1088fc009df8043043f002038df804304ff08843a8
:10890c00d3f8e03013f4807f05d19df8043043f0a8
:10891c0010038df804304ff08843d3f8e03013f493
:10892c00007f05d19df8043043f020038df804300e
:10893c004ff08843d3f8e03013f4806f05d19df8e5
:10894c00043043f040038df804304ff08843d3f8e3
:10895c00e03013f4006f05d19df8043043f0800330
:10896c008df804304ff08843d3f8e03013f4805f77
:10897c0005d19df8053043f001038df805304ff01b
:10898c008843d3f8e03013f4005f05d19df805302f
:10899c0043f002038df805304ff08843d3f8e030f4
:1089ac0013f4804f05d19df8053043f004038df886
:1089bc0005309df8044014f0030f20d04ff088438d
:1089cc001b6e13f4004f05d14ff6ff7519e04ff0f5
:1089dc00ff3327e74ff08843186ec0f3023031f0b5
:1089ec0050fe002800f0ac8004f00105c5f57f4571
:1089fc00ff3514f0020f04d025f0020501e04ff60c
:108a0c00ff7514f0100f07d04ff08843d3f8803067
:108a1c0013f0006f40f0978014f0200f06d04ff049
:108a2c008843d3f88030002bc0f29b803f2c06d9b2
:108a3c004ff088431b6e13f0006f40f0a7809df839
:108a4c00054014f0010f07d04ff08843d3f8803065
:108a5c0013f4000f40f0af8014f0060f06d04ff067
:108a6c0088431b6e13f4000f40f0b3804ff0884323
:108a7c00c3f8e05003f520631a6822f4706222f008
:108a8c0001021a601a6842f400721a6001229a609c
:108a9c001a46136813f0010ffbd13a4a536823f0be
:108aac0030035360002030f013ff4ff088431b6cf1
:108abc0003f44053b3f5005f00f0a080314c236801
:108acc0043f400632360236843f4004323602c4d7c
:108adc002b6a43f008032b62012021f02bfa0020b3
:108aec0021f014fa002021f025fa236823f48013d6
:108afc0023602b6823f4706323f001032b600123a4
:108b0c00ab602a46136813f0010ffbd14ff088437a
:108b1c001b6c03f44053b3f5005f73d01a4a13680f
:108b2c0023f400431360164a136843f010031360d8
:108b3c004ff088434ff03332c3f8b02003b030bd50
:108b4c004ff6ff755de74ff08843d3f88000c0f314
:108b5c00026031f096fd00283ff45eaf25f480757d
:108b6c005ae74ff08843d3f88000c0f3027031f01d
:108b7c0088fd00283ff45aaf25f4007556e700bf76
:108b8c00000a004400400141001001424ff08843ac
:108b9c00186ec0f3026031f074fd00283ff44faf43
:108bac0014f0400f18bf25f4806514f0800f18bf27
:108bbc0025f4006543e74ff08843d3f88000c0f3f9
:108bcc00025031f05efd00283ff446af25f480558d
:108bdc0042e74ff08843186ec0f3025031f051fd5c
:108bec0000283ff443af14f0020f18bf25f40055d2
:108bfc0014f0040f18bf25f4804537e7002030f03f
:108c0c0077fe5be7074a536843f010035360042078
:108c1c003af060ff002021f099f9002030f074fe4a
:088c2c007ce700bf004001419c
:020000040000fa
:020000040100f9
:108c3400000204001c5000010102040078580001e5
:108c44000202040080580001030204008858000155
:108c54000003040090580001010306009858000125
:108c640000040700a058000100050500a8580001f1
:108c740001050a006456000100070300b058000112
:108c840001070700b458000100080600bc580001a1
:108c9400010809007856000102080800bc560001ca
:108ca40003080b00c458000104080a00d05800014e
:108cb40005080a00c856000106080800dc5800012f
:108cc40007080800e858000108080c00f4580001df
:108cd40009080b00045900010a080b00e0560001c2
:108ce4000b080c001059000100090700205900016d
:108cf4000109080028590001000a0500345900013f
:108d0400010a06003c590001020a07004459000107
:108d1400030a07004c590001040a070054590001d2
:108d2400000b050008570001000c04005c59000109
:108d3400000d060064590001000e06006c59000184
:108d4400010e070074590001020e07007c5900014e
:108d5400030e070084590001040e08005457000153
:108d6400050e07008c590001060e090094590001f4
:108d7400070e0700a0590001080e0a00a8590001b7
:108d8400090e07004c5700010a0e0800b4590001ef
:108d94000b0e0600c0590001001005006c570001bd
:108da40000110500c859000101110700d059000144
:108db40000120500d859000101120400e059000115
:108dc40000130600e859000101130500f0590001e1
:108dd40000140600f859000101140500005a0001ae
:108de40000160600e857000100170300085a0001a6
:108df400001907000c5a000101190600145a000159
:108e0400001a03001c5a0001001b0a004458000108
:108e1400001c0600205a0001001d0500285a00010c
:108e2400011d060050580001021d0600305a0001c1
:108e3400031d070058580001041d0600385a00019c
:108e4400001e0700405a0001011e0700485a000195
:108e5400001f0500505a0001011f0400685800015a
:108e640000200800585a000100210400645a00013f
:108e7400002305006c5a00010000000000000000ff
:108e8400000105002450000100050a006456000199
:108e9400010507007056000100080900785600011a
:108ea40001080c008456000102080b0094560001ce
:108eb40003080c00a056000104080b00b056000182
:108ec40005080800bc56000106080a00c85600013f
:108ed40007080a00d456000108080b00e0560001f8
:108ee40000090800ec560001000a0400f8560001cd
:108ef400010a070000570001000b05000857000194
:108f0400010b080010570001000d08001c57000158
:108f1400000e080028570001010e08003457000114
:108f2400020e080040570001030e07004c570001d1
:108f3400040e080054570001050e08006057000194
:108f4400001005006c570001001107007457000160
:108f5400001207007c57000101120600845700012b
:108f6400021206008c5700010312070094570001f7
:108f7400001308009c57000101130900a8570001c1
:108f840000140800b457000101140700c057000181
:108f940002140800c857000103140700d457000145
:108fa40004140900dc57000100160600e85700010c
:108fb40000170800f057000101170700fc570001d3
:108fc4000217080004580001031707001058000195
:108fd400041707001858000105170800205800015d
:108fe400001908002c580001011908003858000124
:108ff400001b0a0044580001001d060050580001df
:10900400011d070058580001021d070060580001a7
:10901400001f040068580001002007007058000178
:109024000000000000000000000002002c500001bd
:1090340001000d00305000010200120040500001f8
:109044000300120054500001040011006850000194
:1090540005001e007c50000106001c009c5000010d
:1090640007001b00bc50000108001100d85000018b
:1090740009001500ec5000010a000d000451000124
:109084000001140014510001010111002c510001d0
:1090940002010d0040510001030111005051000173
:1090a40000031900645100010005160080510001fd
:1090b400010511009851000102050900ac5100019d
:1090c40000072200b851000101070b00dc51000128
:1090d40002070e00e851000103071100f8510001d6
:1090e40000080a000c520001000916001852000181
:1090f400000a0a0030520001010a0a003c52000131
:10910400020a0b0048520001030a0d0054520001e8
:10911400040a0f0064520001050a09007452000198
:10912400060a110080520001070a0e00e8520001ed
:10913400080a090094520001090a0d00a052000116
:109144000a0a0700f45500010b0a1300b05200018b
:10915400000b0b00c4520001000d1200d05200019c
:10916400010d1200e4520001000e1300f852000138
:10917400010e0f000c530001020e0f001c530001de
:10918400030e17002c530001040e13004453000176
:10919400050e120058530001060e11006c53000115
:1091a400070e150080530001080e120098530001a9
:1091b400090e1800ac5300010a0e1a00c85300012e
:1091c4000b0e0f00e45300010c0e1000f4530001c9
:1091d4000d0e15000854000100100a00205400016f
:1091e40000110f002c540001011112003c54000125
:1091f40002111700505400010311130068540001b8
:10920400041113007c54000100121a009054000150
:1092140001121300ac54000102121b00c0540001df
:1092240003121400dc54000104121900f454000168
:1092340000141c00105500010114150030550001e4
:1092440002141c0048550001031415006855000160
:109254000016150080550001001d160098550001e8
:10926400001e2400b0550001001f1400d855000151
:10927400011f0b00f055000100212d00fc550001d9
:10928400012135002c560001000000000000000000
:109294000001020304050708090a0b0c0d0e101146
:0e92a4001213141617191a1b1c1d1e1f202151
:020000040000fa
:020000040100f9
:0292b200704703
:020000040000fa
:020000040100f9
:1092b40080b588b000afb96011461a460346fb81f9
:1092c4000b46bb811346fb80fb893b82bb687b61f9
:1092d400bb893b83fb887b830e4b1b68fb6110e0df
:1092e400fb691b6807f1100210469847034683f098
:1092f4000103dbb2002b01d0002306e0fb695b68ad
:10930400fb61fb69002bebd1012318462037bd46d6
:1093140080bd00bf9c2601201fb504466946008815
:1093240000f0acf968b3bdf80230abb1019b9bb15e
:10933400029bd3b9a2882088cab1a368bbb1618853
:10934400fcf7ceffd0b14ff0200383f31188bff3b5
:109354006f8fbff34f8ffee74ff0200383f3118825
:10936400bff36f8fbff34f8ffee79847e2e7019b90
:10937400bdf802200021fcf7b3ffe3e7208800f0ea
:10938400c4f904b010bd7fb56946054600f076f90e
:1093940010b9002004b070bdbdf80230a3b1019b28
:1093a40093b1029bcbb92846fdf724f8019abdf886
:1093b400021006462846fdf73bf8022804460ed163
:1093c400b4fa84f04009e5e74ff0200383f31188f1
:1093d400bff36f8fbff34f8ffee79847e3e740b1ca
:1093e4004ff0200383f31188bff36f8fbff34f8fc8
:1093f400fee73346bdf8022001992846fff758ffdf
:109404000028ddd1c5e71fb504466946008800f091
:1094140035f910b9002004b010bdbdf8023093b185
:10942400019b83b1029b83b96188a288bdf8023095
:1094340088189842eedca3682088fcf7b1ffb0fae4
:1094440080f04009e7e700f029f89847ece773b5a6
:10945400104adff844c005460e4600236c46bcf8ab
:109464000210994201d800200de092e8030084e83c
:109474000300d1888d4208d1adf8065094e803006a
:1094840086e80300012002b070bd013308329bb2ac
:10949400e5e700bf00410001a02601204ff02003b2
:1094a40083f31188bff36f8fbff34f8ffee72de96e
:1094b4007f431b4d8046286842f079ff0024814693
:1094c4002646a14509d836bb32464146144842f0e7
:1094d40071fb01281fd0fff7e1ff002201a92846f4
:1094e40042f038ff01280dd1019ad8f8003001a9c3
:1094f4009a4208bf012628460022013442f05afb52
:10950400e4b2dee74ff0200383f31188bff36f8fdb
:10951400bff34f8ffee7012004b0bde8708300bfa6
:10952400a429012010b5044688b108201bf0defef2
:1095340040b94ff0200383f31188bff36f8fbff35b
:109544004f8ffee7024b04601a694260186110bd38
:10955400a026012010b5044688b108201bf0c6fee1
:1095640040b94ff0200383f31188bff36f8fbff32b
:109574004f8ffee7024b04601a684260186010bd0a
:109584009c26012010b5044608201bf0affe28b12c
:10959400034b04805a6942605861012010bd00bf2a
:1095a400a026012000f44063b3f5406f13b514d135
:1095b4006946fff74cff70b9002002b010bd009b54
:1095c40033f81400fdf76ef80134e4b2bdf804304a
:1095d400a342f4d8f0e70024f8e7fdf763f8ebe7db
:1095e400034b00229880181dda801a81da605ee746
:1095f400a0260120054b5b690bb9184670471a88f1
:10960400824201d05b68f7e701207047a026012061
:109614007fb5184b184d5e6904464eb90120fdf71d
:1096240099f8314628682af035f8002004b070bd56
:10963400fdf790f824b1002128682af02bf8f4e70c
:10964400286842f0b4fe0646a642eed9002201a9db
:10965400284642f07ffe012809d1bdf80400fff737
:10966400c9ff20b1002201a9284642f0a3fa01341f
:10967400e4b2e9e7a0260120a42901202de97041e4
:10968400dff848c0dff8488085b086460e460025de
:109694006c46bcf80030ab4201d8002010e008eb67
:1096a40005130fcb84e80f00bdf8003073450ad1d1
:1096b400234603cb3060716003cbb060f1600120be
:1096c40005b0bde870810135e3e700bfa0260120a5
:1096d400004000011fb50446008800f44063b3f560
:1096e400406f02d1002004b010bd6946fff7c6ffe9
:1096f4000028f7d0a28863881344bdf8022093425f
:10970400f0dc2046fff7d3feede738b5044b1c69c7
:10971400054604b938bd2368284698476468f8e7c5
:10972400a026012030b585b0044669460088fff7bd
:10973400a5ff002845d0bdf80230d3b1019bc3b1c9
:10974400029bfbb92088fdf745f82588e0b9019a0a
:10975400bdf802102846fcf76bfe10f0fd0f2dd06b
:109764004ff0200383f31188bff36f8fbff34f8f44
:10977400fee74ff0200383f31188bff36f8fbff32d
:109784004f8ffee79847dde7a2887ab1a3686bb1f3
:1097940061882846fcf7a4fd80b14ff0200383f3d1
:1097a4001188bff36f8fbff34f8ffee7019bbdf8a6
:1097b400022000212846fcf793fdede72088fff7ff
:1097c400a4ff05b030bd08b5024b186842f0effda8
:1097d400c0b208bda429012030b5184d89b00022bb
:1097e40002a9284642f0b6fd012801d009b030bdd7
:1097f400bdf8080000f44063b3f5406f19d1694621
:10980400fff725fe0028ead00024adf81640adf895
:1098140018400794bdf80430a342e0d9009b05a882
:1098240033f81430adf814300134fff77bffe4b2a1
:10983400f0e702a8fff776ffd1e700bfa4290120d3
:1098440030b50446008800f44063b3f5406f85b03a
:1098540003d10025284605b030bd6946fff70eff49
:1098640005460028f5d0a28863881344bdf8022079
:109874009342eedc2046fff755ffebe700f440632c
:10988400b3f5406f37b518d16946fff7e0fd0546db
:1098940088b900250ce0009b33f81400fcf79aff0c
:1098a4000028f6d00134e4b2bdf80430a342f2d863
:1098b400284603b030bd0024f6e7fcf78bff0546cd
:1098c400f6e700f44063b3f5406f13b516d169466b
:1098d400fff7bdfd80b9012002b010bd009b33f835
:1098e4001400fff750fd0028f6d00134e4b2bdf8af
:1098f4000430a342f2d8eee70024f8e7fff743fd73
:10990400eae7038803f44063b3f5406f00d07ae5d7
:049914000020704778
:020000040000fa
:020000040100f9
:1099180038b5bf4bd3f834240132c3f834240022bd
:1099280083f8382493f83b340f2b00f26682dfe883
:1099380013f0100010003f006a008e00d000e8000d
:109948000001180148017101a001c5012c022c0277
:109958007a02fd2817d0fe2840f09080ac4b0222f6
:1099680083f83b24002283f89b24fe2283f89a2460
:1099780093f8442442f0010283f844244ff6ff721e
:10998800a3f898247ae0a24b022283f83b24002211
:1099980083f89b24fd2283f89a2493f8442422f028
:1099a800010283f844244ff6ff72a3f8982465e077
:1099b800974a82f89b04002382f83c34b2f8981442
:1099c8004840c0b20301dbb280ea0304e30083ea43
:1099d800042383ea112383ea1413a2f8983492f833
:1099e800443413f0010f09d01346002283f89c2455
:1099f80083f89d24052283f83b243fe0844b03220f
:109a080083f83b243ae0824b83f89c04012808d968
:109a180093f83a24013283f83a24012283f83b244c
:109a28002ce07b4ab2f898144840c0b20301dbb27c
:109a380080ea0304e30083ea042383ea112383ea28
:109a48001413a2f89834042382f83b3416e0704ac1
:109a580082f89d04b2f898144840c0b20301dbb202
:109a680080ea0304e30083ea042383ea112383eaf8
:109a78001413a2f89834052382f83b34644b93f806
:109a88003814634b93f89b2483f8f72293f83b240c
:109a980083f81b2493f83c2483f81c2493f83d2472
:109aa800013283f81d24b3f84024a3f8202493f846
:109ab8003a24a3f8222493f8442483f82424002287
:109ac80083f83a24022900f0e881002940f0f08167
:109ad80038bd4f4a82f89e04b2f898144840c0b284
:109ae8000301dbb280ea0304e30083ea042383ea88
:109af800112383ea1413a2f89834062382f83b341e
:109b0800bce7434a82f89f04b2f898144840c0b2b0
:109b18000301dbb280ea0304e30083ea042383ea57
:109b2800112383ea1413a2f89834072382f83b34ec
:109b3800a4e7374a82f8a004b2f898144840c0b2a3
:109b48000301dbb280ea0304e30083ea042383ea27
:109b5800112383ea1413a2f89834082382f83b34bb
:109b68008ce72b4a82f8a104002382f8a23482f8f9
:109b7800a334b2f898144840c0b20301dbb280eabb
:109b88000304e30083ea042383ea112383ea14131a
:109b9800a2f8983492f8443413f0010f0cd092f8dc
:109ba8009b3423b113460b2283f83b2466e7184bfa
:109bb8000c2283f83b2461e7154b092283f83b24e8
:109bc8005ce7134bd3f8a014020242ea1122c1f356
:109bd800072183f8a114c2f3072183f8a214120cf9
:109be80083f8a324b3f898144840c0b20201d2b253
:109bf80080ea0204e20082ea042282ea112282ea6e
:109c08001412a3f898240a2283f83b2436e700bfed
:109c180030000120bb4bd3f8a014020442ea112201
:109c2800c1f3072183f8a114c2f3072183f8a21412
:109c3800120c83f8a324b3f898144840c0b2020168
:109c4800d2b280ea0204e20082ea042282ea112205
:109c580082ea1412a3f8982493f89b3423b1a94bf1
:109c68000b2283f83b2409e7a64b0c2283f83b24fc
:109c780004e7a44a92f83c34591cc9b282f83c144f
:109c8800134483f8a404b2f898446040c0b20301b6
:109c9800dbb280ea0305eb0083ea052383ea142399
:109ca80083ea1513a2f8983492f89b348b427ff418
:109cb800e5ae13460c2283f83b24dfe6914bd3f83c
:109cc800a044c4f317244ff0d90e4ff0000c8e4d6a
:109cd80003e001f1ff3ef44549d20eeb0c020132dc
:109ce800510822f0010303eb520305eb8303d3f879
:109cf80000319c42edd39c4237d8834b03f58074e6
:109d080001eb410204eb820403eb820393f8043174
:109d18007c49b1f898c483ea0c03dbb21a01d2b2c9
:109d280083ea0205eb0083ea052383ea1c2383ea1e
:109d380015131bb2a1f89834dbb298420cbf0d235f
:109d48000e2381f83b3481f8ac05002c3ff496ae25
:109d580091f83c34a2799342bff490aed21a002114
:109d68006a48184442f026fa88e68c46b3e70cebba
:109d78004c02654b03eb8203d3f800319c4202d0be
:109d880000242346c4e76146b7e70e2b06d05d4b97
:109d9800b3f89834b0eb132f00f0bc80594b022273
:109da80083f8382483f8ad0593f89c3413f0010f39
:109db80040f09f80534bd3f8483493b11b6b3bb1b1
:109dc8005048d0f8a014090a00f58760984740b9b0
:109dd8004c4b93f83834022b03d04a4b032283f8b8
:109de80038244848012380f83b3440f2231200f518
:109df800936100f53d7041f045fc424b93f83814ef
:109e080001297ff43eae93f89e2483f83d24b3f8ed
:109e180040341bb93b4a0020a2f842040133394ab6
:109e2800a2f840342de6374a92f84534d11a81f821
:109e3800bb05013bdbb282f84534002b7ff41eae34
:109e4800134602f59362d3f84c14d3f8480405f08e
:109e580055fe80b92b4bd3f848341b6bdbb129482e
:109e6800d0f8a014090a00f58760984700280cbfad
:109e78000323012300e00123224880f8383401231a
:109e880080f83b3440f2231200f5936100f53d70f1
:109e980041f0f8fbb1e70323eee793f8ad0593f83b
:109ea800ac2542ea0022a3f8f42283f824190fe62d
:109eb800144b83f8241901297ff40aaed3f830042f
:109ec80098b14ff0ff3118f027f801287ff400ae61
:109ed8000c4c04f53d7009f0efff00231a461946b3
:109ee800d4f8300415f0a8fbf2e5094809f0e4ffbe
:109ef800eee5044b0f2283f83b240d2283f845241a
:109f0800bce500bf3000012004680001d404012032
:109f1800240301200b4b012283f8382483f8ad0574
:109f280093f89c3413f0010f3ff444af054b0f2214
:109f380083f83b240d2283f84524002283f8382433
:089f48009ce500bf3000012080
:020000040000fa
:020000040100f9
:109f5000002a00f0c3822de9f0418cb01446137939
:109f600013b90cb0bde8f08102f1100602230df127
:109f70002e02194630461cf0bdfcbdf82e20a74b22
:109f80001b7d13f0010f00f09282a44b1b8b9342b8
:109f900011d0bdf82e80227917466388a3f560633f
:109fa000052b00f28082dfe813f01f007e0297018c
:109fb00035024b0267029a483cf084ff0028d0d05b
:109fc000bdf82e80227917466388a3f56063052bc0
:109fd00000f26b82dfe813f00f003201a0013002c3
:109fe0004c026302002500e00025052f05d028461d
:109ff00041f0acf8b5e78a4df7e7c5b12e4600272a
:10a00000217e94f82820914204d0864b1b680bb126
:10a0100085489847217e08293cd0092900f0928084
:10a02000804b1b68002be2d080489847dfe73df06b
:10a0300077fb064600b3843040f05cff337843f092
:10a040000103337002233372a6f804804ff4806258
:10a050007267b267032286f87c2086f87d306f4bea
:10a06000d3f89c30c6f880306bb96e4b1b68002b60
:10a07000bdd06f489847bae76a4b1b68002bb6d033
:10a080006c489847b3e730463cf01cff0746002871
:10a09000b6d1ace74ff00408a6f80c80434606f1b1
:10a0a000100204f118001cf025fc022306f10e0238
:10a0b000194604f120001cf01dfcf3895bbaf38102
:10a0c000a6f82880434606f12c02082104f1280056
:10a0d0001cf010fc022306f12a02194604f130009c
:10a0e0001cf008fc738d5bba738573781bb93378e9
:10a0f00043f004033370002f00f08580337813f0b1
:10a10000010f16d0337a022b02d0f288fd2a10d12b
:10a11000434a96420dd0143a127d12f0010f08d036
:10a120003e4a127d12f0020f03d03c4a127f9a423f
:10a1300034d03c4b1b680bb13f489847304635f054
:10a1400047f954e74ff00608a6f80c80102306f1f3
:10a15000140204f118001cf0cdfb022306f10e02dc
:10a16000194604f120001cf0c5fbf3895bbaf381aa
:10a17000a6f82880102306f13002092104f12800f6
:10a180001cf0b8fb022306f12a02194604f1300044
:10a190001cf0b0fb738d5bba7385a6e7f2891f4b89
:10a1a0005b8c9a42c5d11e483cf08cfe18b93046f3
:10a1b00035f00ef91be7194c04f1140700220221b7
:10a1c000384639f053ff237dc3f34113327863f3ec
:10a1d00046123270637f7372638bf380d4f88830d9
:10a1e0007367d4f88c30b36794f8903086f87c307d
:10a1f00094f8913086f87d30384640f0a7ff30461d
:10a2000040f0a4fff3e6337813f0040f3ff4efae11
:10a2100000220321304639f029ffe8e66c200120b6
:10a2200080200120182101206c4f0001984d000171
:10a23000344f0001104f0001a04f0001a84b1b7dbf
:10a2400013f0600f11d1022f01d0a64dcfe6a44a22
:10a2500002f1140502235a32194604f118001cf0c9
:10a2600049fb28461ff0e2fcc1e61546033a012ae5
:10a2700001d99c4dbbe602230df10e02032104f12e
:10a2800018001cf037fb042f13d006ebc505012383
:10a2900000930023bdf80e2055f8041c924814f0da
:10a2a000e1f870b9914b1b680bb1914898478d4dff
:10a2b0009de6022304aa032104f120001cf01afbee
:10a2c000e3e78748037d43f0100300f8143f0022c2
:10a2d000052139f0cbfeeae70025002d3ff487aedb
:10a2e0002b7813f0600f19d09046053a012a3ff6fb
:10a2f0007eaeab6df3b1da781b789a4222d0217e24
:10a30000082927d0092959d0784b1b68002b3ff426
:10a310006eae784898476ae6724ddee7022305f193
:10a320004602194604f128001cf0e4fa28461ff002
:10a330007dfc5ce66d4b1b68002b3ff458ae6e480d
:10a34000984754e6694b1b68002b3ff450ae6b48ae
:10a3500098474ce60423adf8103005aa04f1180024
:10a360001cf0c8fa02230df11202194604f1200074
:10a370001cf0c0fabdf812305bbaadf812300223ff
:10a3800003aa032104f128001cf0b4fa062f2cd0f4
:10a3900006ebc8080123009304abbdf80c2058f865
:10a3a000041c05f14c0014f05df838bb4f4b1b68e2
:10a3b000002b3ff41cae4e48984718e60623adf834
:10a3c0001030102306aa04f118001cf093fa02239f
:10a3d0000df11202194604f120001cf08bfabdf8b1
:10a3e00012305bbaadf81230c9e702230df10e024c
:10a3f000032104f130001cf07dfac9e72b7843f00b
:10a4000010032b7000220521284639f02ffeeee5bf
:10a41000002500e00025012f7ff4e9ad002d3ff479
:10a42000e6ad2b7823f004032b70b5f87e3043f0b3
:10a430001003a5f87e30dae52a4dece7002500e0b0
:10a440000025012f7ff4d3ad002d3ff4d0ad2b7844
:10a4500043f004032b7000246c702246032128462d
:10a4600039f004fe22460721284639f0fffdbee5fb
:10a470001c4de6e7002500e00025022f7ff4b7ad74
:10a48000002d3ff4b4adb5f87e3043f00803a5f8d5
:10a490007e3001220821284639f0e8fda7e5114d5c
:10a4a000ebe70025a3e50025a1e50e4d9fe5bdf8ee
:10a4b0002e8027796388a3f56063052bf1d801a26c
:10a4c00052f823f0e59f0001a3a40001a3a400011a
:10a4d00011a400013da4000175a40001704700bf54
:10a4e0006c20012080200120cc2001201821012097
:10a4f000d84e0001984d0001804e0001b04e000181
:020000040000fa
:020000040100f9
:10a500002de9f043074689b018220e4602a8002123
:10a5100041f054fe3c68002537f040fa25753df0c7
:10a5200017faa36fda050ad515f084fd34f00af99d
:10a5300042f09aff274b9a8f65f3c7129a87b4f8b7
:10a540005c3001339bb2a4f85c30ebb9b4f8503006
:10a5500053b1b4f85420524292b2b2fbf3f103fb70
:10a5600011229b1aa4f85430e36fdb070cd5d4f802
:10a57000b4114b8943b18a89524292b2b2fbf3f0d3
:10a5800003fb10229b1a8b81b4f85a3023bbe06f77
:10a5900010f0010040f0808101460546b4f850c03b
:10a5a000bcf1010f00f08e81edb9b4f85420b4f87d
:10a5b0005c309a4240f27f81d21a92b2b2fbfcf533
:10a5c0000cfb152292b2002a40f07e81a4f858209c
:10a5d00078e100bf00240141013b9bb2a4f85a304e
:10a5e000002bd4d00025e37d012b66d1a36fda01c7
:10a5f0000cd5d4f8cc0043f093fa8046d4f8cc00c4
:10a6000043f0edf9014640463ef07af8d4f8c83000
:10a61000db0110d5204633f0cbf960b1d4f8cc0083
:10a6200043f07efa8046d4f8cc0043f0d8f90146d6
:10a6300040463ef065f8a26fd4f8803012f0007901
:10a6400000f06881d4e921929b00403302f1ff3889
:10a650004ff6fc721a40d4f8cc1002a835f0b5fec3
:10a66000d4e9202140f272234b4303eb4203203311
:10a67000a8eb0908c4f88c304fea482305939df8ed
:10a68000083043f010038df80830e37d012b14d11e
:10a69000e3681bb9a36f23f48053a367a36f13f47c
:10a6a000505f00f09f81180240f1f78123f400030e
:10a6b000a367d4f8cc0042f0a7fe002d3dd1a36fd4
:10a6c0001a023ad4b4f85a30002b36d1b4f85450a8
:10a6d000b4f85c20b4f8500095428cbfab1a531b01
:10a6e0009bb2b3fbf0f100fb1131954289b2e36fed
:10a6f0009cbf411a89b2db0717d5d4f8b4c1bcf8a6
:10a700000c50bcf80ac095428cbfab1a531b98b2d0
:10a71000b0fbfcf30cfb13039bb295429cbfaceb6c
:10a7200003039bb2994228bf194631b1a4f85a10cd
:10a730000022d4f8cc0042f061fe37f02ff9a36f6d
:10a7400023f03c5323f44c63a367d4f8c83023f0c0
:10a750008073c4f8c8303df0fbf8a36f9d0729d57e
:10a7600037f01cf9a36f23f0020343f00403a3673f
:10a770003df0eef801a9d4f8cc0040f003ff019bb6
:10a780005b0a0193226f13442367384640f074f943
:10a7900094f86d30d4f8cc0043f0100384f86d3099
:10a7a00043f0bef9c4f8c000d4f8cc0043f017f968
:10a7b000a4f8bc00a36f980211d537f0eff8a36f8f
:10a7c00023f40013a3673df0c3f820463ff038f9a7
:10a7d0009df80830069043f020038df80830a36ff1
:10a7e000990540f14181a38f002b00f04e81b4f810
:10a7f0006830002b00f04981013ba4f86830002349
:10a8000084f8283037f0caf8a36fd80554bf23f472
:10a81000844323f48643a3673df09af894f86d309f
:10a8200059070cd501ab04229e49019701202ff056
:10a8300095fe94f86d306ff3820384f86d30d4f890
:10a84000443143b11a7c520641bfd3f82220137a17
:10a8500043f02003137294f8f2305b060cd5019498
:10a8600094f8f23090496ff3861384f8f2300422a2
:10a8700001ab01202ff072fe002e00f00a8102ab26
:10a8800003cb3060716003cbb060f16003cb30610b
:10a89000716109b0bde8f083d4e96d3194f8e4202a
:10a8a000082a18bf19464d8905f1ff3cdcf1000567
:10a8b00045eb0c0572e69a1a92b2002a7ff47eae3e
:10a8c000a4f8585001258ee6b4f8582022b1013a78
:10a8d000a4f85820022586e600283ff483ae8a8932
:10a8e0009a4212d9d31a9bb24889b3fbf0f200fb0b
:10a8f00012339bb2002be5d0b4f85230012be9d8cb
:10a900000b8a012b7ff66eaee4e79b1a9bb2002bfd
:10a91000d8d0e9e712f001023fd0d4f88c10d4f877
:10a92000840001f1200808eb430840f2722101fb8a
:10a930000088607d58b10321b0fbf1f101eb4101ca
:10a94000411a11f0ff0f04bf08f272289146b8f5c2
:10a95000004fbff49aae618f40f271224a43963a9b
:10a960009045bff492ae9b0040334ff6fc721a4004
:10a97000d4f8cc1002a835f028fdc4f88c8001a9c9
:10a98000d4f8cc0040f0fefdd4f88430019ac3eb3b
:10a990005223a3eb09035b0270e69b0003f5987357
:10a9a0004ff6fc721a40d4f8cc1002a835f00dfd19
:10a9b000d4f88c30d4f88020d4f8cc007a3303eb70
:10a9c0004203d4f8842040f2722101fb0233c4f820
:10a9d0008c3001a940f0d6fdd4f88430019ac3eb45
:10a9e0005223d8e799067ff568ae94f86c20920759
:10a9f0007ff563aea18f00293ff45fae18023ff5eb
:10aa00009cae25b1b4f85020012a7ff496aeb4f87c
:10aa10005820002a41d1b4f85000a4f8681043f43b
:10aa200000030128a36704d1d4f8cc0042f0e6fc6f
:10aa300043e6b4f854e0b4f85cc0e6458cbfaeeb36
:10aa40000c03aceb0e039ab2b2fbf0f300fb132342
:10aa50009bb2e6459cbfc31a9bb211fb003189b281
:10aa6000a4f85a100022dfe75a040ed51d047ff522
:10aa7000c6ae20463bf042fb9df808308df8090039
:10aa800043f001038df80830b9e6204641f082fb1f
:10aa9000f2e702a815f062f9fbe6002d3ff412aed2
:0caaa0004be600bfa20401010507010104
:020000040000fa
:020000040100f9
:10aaac00f8b58b1e04460e46232b38d8dfe813f07e
:10aabc00240037003700370030007a003700f200ee
:10aacc003700060149016701370078013700e201c0
:10aadc00260239023c0263027f023700370037003e
:10aaec003700370037009a029e02370037003700d4
:10aafc003700a202a502a802d0f8c430de0702d5a6
:10ab0c0001252846f8bd90f8e0103df067faf7e70c
:10ab1c0090f8f4309d0712d43d213df05ffac84bfc
:10ab2c001b68002b40f06f82c64b1d68002de8d0cf
:10ab3c0031462046a847051c18bf0125e1e7c37d17
:10ab4c00abb990f8e25094f86d3023f0600384f8c0
:10ab5c006d30204639f089f8212d16d101220021c3
:10ab6c0020463df0fdfde37dabb9002116e006214a
:10ab7c003ff035f90028d2d094f8f43094f8e45032
:10ab8c0043f0010384f8f430dde7222debd12046ad
:10ab9c003ef079f9e7e7012bb2d1012120461cf0f8
:10abac00f5feade790f8e130162b44d014d80e2bff
:10abbc0028d008d8032bd8d190f8ed306ff30003d0
:10abcc0080f8ed30d1e70f2b26d0142bcdd190f897
:10abdc00ed306ff34513f3e7232bc6d3252b3dd96b
:10abec00283b012bc1d8d0f8500120b13af01af90a
:10abfc000023c4f8503194f8f2306ff3041384f846
:10ac0c00f230b2e790f8ed306ff3c30380f8ed301b
:10ac1c001a2139f0e5fba8e790f8ed306ff341030a
:10ac2c0080f8ed30c37d13b939f0ebfd68e71a21dc
:10ac3c002ff022fa99e701213ef058f941f09dfce2
:10ac4c000021054620463ef051f941f096fc1a23ae
:10ac5c000246294620463af033f986e7d0f84431cb
:10ac6c00002b82d0d3f8220060b13af0dbf8d4f894
:10ac7c004431002283f8222083f8232083f82420f7
:10ac8c0083f82520d4f844013af0ccf80023c4f81a
:10ac9c0044316ae790f8e25005f0fd05012d7ff490
:10acac002fafd0f8b431002b3ff42aaf002139f08c
:10acbc0097fb002120461cf069fe22e7c57d4dbba9
:10accc0090f8e230222b7ff41baf90f8e330042b8a
:10acdc007ff416af0b213ff082f800283ff41faf32
:10acec0020462ef06dfc054678b1012384f8e33044
:10acfc0094f8f43023f0030384f8f43094f86d30b6
:10ad0c0043f0400384f86d30fbe6014620463cf0ee
:10ad1c0062fa04e7012d7ff4f3ae90f8e430222bb5
:10ad2c007ff4eeae90f8e530042b7ff4e9ae02230d
:10ad3c0080f8e53090f8f4306ff3000380f8f430cd
:10ad4c00dfe60c212bf0aef8054600283ff4d8ae18
:10ad5c0094f8e230022b06d1002684f8e2602046fb
:10ad6c003af0feffa5e794f8f23019073ff5c8aeac
:10ad7c00204638f0cffc00287ff4c2aecfe641f07d
:10ad8c0031f900283ff4f1ae94f86d3023f06003f4
:10ad9c0084f86d3000221a2120463df0e1fce4e6f7
:10adac0090f8e450002d7ff4abae37f0dbfd0028bb
:10adbc0052d0112384f8e4300f2120462bf072f886
:10adcc00002800f00981d4f8b87142f0e7fa0128a4
:10addc0026d97b8b628fd4f8cc009a421abf40f2f2
:10adec00e2415943294640f056fea4f8a800b4f8b5
:10adfc00a82032b1798bb2fbf1f301fb1323a4f839
:10ae0c00a83020463af08ffc054660b120463bf056
:10ae1c002cfb94f8f23043f0010384f8f23070e626
:10ae2c00a4f8a850ede7e37d73b9042120461df08a
:10ae3c0071f900287ff464ae002384f8e4306ee6e8
:10ae4c001429012018290120012b7ff459ae10215f
:10ae5c0020461ef0b3fcece70f211e22204635f0f5
:10ae6c00c5fe0121054620461cf090fd002d3ff447
:10ae7c0056ae45e690f8e230132b2bd00ed8082bab
:10ae8c0037d0112b7ff471aec37ddbb990f8e01095
:10ae9c001a2911d101211df03df96ce7213b012b41
:10aeac003ff663ae90f86d3090f8e01023f060033d
:10aebc0080f86d30002270e790f8f230da077ff5f9
:10aecc0054aeb5e690f8f230db077ff54eae90f855
:10aedc00e010ade601213ef009f841f04efb0021f7
:10aeec00054620463ef002f841f047fb94f8e0306e
:10aefc00aee690f8e01034f06dfe36e612212af042
:10af0c00d1ff18b9204638f0b0fef9e594f8e430da
:10af1c00002bf7d1132120463ef061ff0028f1d120
:10af2c00fde538f0a2fe20e690f8e430002b7ff42b
:10af3c00e7ad14212af0b6ff00284dd094f8e43088
:10af4c00002b7ff4ddad142120461af01bff0546c3
:10af5c00204637f0deff20b9012120461cf016fdfb
:10af6c00dde5002d3ff419ae20463af078fb204683
:10af7c003df086fc11e690f8e230052b01d0032b56
:10af8c0010d1d4f8b4316bb1152120461af0fafe69
:10af9c0000283ff4eaad20463af061fb20463df034
:10afac006ffce2e5152120463df08fffa8e590f8f7
:10afbc00e430002b7ff4a4ad132380f8e430162189
:10afcc002af070ff40b1e37d204613b913f00efe5a
:10afdc002fe733f08bfa2ce794f8e630002b7ff454
:10afec008faddae53bf08cfd05463fe700213cf0e8
:10affc004af8bae528f0acfff6e70ef04ffff3e79e
:10b00c0023f0e8f9f0e731462046984700283ff452
:04b01c008bad75e59e
:020000040000fa
:020000040100f9
:10b0200070b50378c4b00446202b3bd8dfe813f09a
:10b0300021004c0013023a003a003a003a006f0037
:10b040003a0042013a003a00710198023a003a008f
:10b050003a009e01ec0192001a023a003a003a00ce
:10b060003a003a003a003a0022024d0271023a00d8
:10b07000cc01c58828463af029fd0246a8b9b84b4c
:10b080000093cde9015004231021ee201ef0f0f8ca
:10b090000022043401920094062305214ff48270ab
:10b0a0003bf0c6fc012044b070bd39f03ffee388a0
:10b0b000adf81230237a8df8143004a801238df8ee
:10b0c000103033f06bfee3e7c58828463af0fefc0b
:10b0d000024680b90123cde90153a14b0093102111
:10b0e0000423ee201ef0c4f80022043401920094e0
:10b0f00006230821d2e703238df8103004a8237912
:10b10000adf812508df8143033f048feece7c588e6
:10b1100028463af0dbfc024680b90723cde901530b
:10b120008f4b009310210423ee201ef0a1f8002283
:10b1300004340192009404233021afe703238df8f7
:10b14000103004a82379adf812508df8143033f084
:10b1500025feece7037a834d012b60d1286800f5ca
:10b16000da701df08ffb2a681378002123f00103a9
:10b17000137008463bf0eefb36f078fa2379002b8b
:10b1800040f08580e388002862d12278cde9013241
:10b19000754b0093024604231121ee201ef068f83f
:10b1a00023798df8123004f10a06e388adf81430e3
:10b1b0003146237a607a8df816303cf03dfbe38906
:10b1c000adf81c30637d8df8170003f0c003d4f890
:10b1d0000a000690402b5fd1234653f8102fcdf87c
:10b1e0001e209b88adf822302346002553f8160f09
:10b1f00009909b88adf82830a38badf82a3004a8bd
:10b20000d4f81e300b9304348df8105033f0c6fd83
:10b210000195009420232a464ff49f713ee72a6847
:10b22000137823f004031370022100203bf092fbfb
:10b230002b6803f5087203f5107300bf52f8040b76
:10b2400010b1c178012999d09342f7d1002095e738
:10b2500003800223c370237a8370a38b8381e38be3
:10b26000c381238c03822b6893f821200271627db5
:10b2700002f0c002402a0abf234653f8221f53f8a7
:10b28000101fc0f80510421d9b88938088e7002896
:10b2900086d039f04bfd83e72b6893f82120022af2
:10b2a00002d153f8222f9ae70023cdf81e30adf8d3
:10b2b000223099e7c58828463af008fc024688b94a
:10b2c0000923cde90153264b009310210423ee20de
:10b2d0001df0ceff00220434019200940a2340f2b4
:10b2e0003e31dbe60023837402238df81030e388bf
:10b2f000adf8123023798df814302389adf816306b
:10b30000a268a389069204a8adf81c3033f046fd6c
:10b31000e0e7858828463af0d9fb024688b90c2335
:10b32000cde901530e4b009310210423ee201df0b4
:10b330009fff00220434019200940a2340f23e61f0
:10b34000ace606238df81030d4f80630059304a837
:10b35000d4f80a30adf81250069333f01ffde8e739
:10b360005ca303018c28012090a30301c588284613
:10b370003af0acfb90b91123cde901537c4b00931b
:10b38000024604231021ee201df072ff0022043437
:10b39000019200940c2340f23e417fe62379002b7a
:10b3a000f4d1237a9b0605d544f29022fb21008834
:10b3b00032f01af917238df8103004a8e388adf89d
:10b3c000123033f0ebfce1e7858828463af07efb4b
:10b3d000024680b92023cde90153654b009310212b
:10b3e0000423ee201df044ff002204340192009457
:10b3f0000223572152e60b2304a88df81030adf834
:10b40000125033f0cbfcefe7c58828463af05efbdc
:10b41000024688b91223cde90153554b0093102100
:10b420000423ee201df024ff002204340192009436
:10b43000062340f63e4131e60c238df81030237987
:10b440008df8143004a82389adf81250adf81530ea
:10b4500033f0a4fce8e700220434019200940a23ac
:10b460000c211be60022043401920094042341f2d3
:10b470003e4113e6c58828463af028fb024688b9c3
:10b480001c23cde901533a4b009311210423ee20f4
:10b490001df0eefe00220434019200940a2342f2d1
:10b4a0003e11fbe514238df8103023798df812300e
:10b4b000a26894f90c30adf8145004a8cdf8162009
:10b4c0008df81a3033f06afce4e7858828463af0b4
:10b4d000fdfa024688b91d23cde90153244b0093a0
:10b4e00011210423ee201df0c3fe0022043401923a
:10b4f0000094042342f23e01d0e516238df810306b
:10b5000004a8e388adf81250adf8143033f046fccf
:10b51000ebe7c58828463af0d9fa024688b91e23d7
:10b52000cde90153124b009311210423ee201df0ad
:10b530009ffe00220434019200940c2343f63e61e6
:10b54000ace518238df81030a368cdf8163004a8a8
:10b55000e368adf81450cdf81a3033f01ffce8e77b
:10b5600000220434019200940a2340f23e7195e5d2
:04b570005ca30301d4
:020000040000fa
:020000040100f9
:10b574002de9f04fadf5f15d85b04b68012b00f07e
:10b584007e828146884692460b68002b00f07a82c0
:10b594000268002a00f07982002b03dd8b6813f027
:10b5a400010f50d00df5e050083040f0cbfb0df505
:10b5b400cf5040f0c7fb0df5bd50183040f0c2fb32
:10b5c4000df5ac50103040f0bdfb0df59b5008302c
:10b5d40040f0b8fb0df58a5040f0b4fb41464846b4
:10b5e40039f047ffb0f1ff3f40f08f810df5e05196
:10b5f400083140463cf054fe0df5cf5421464846f0
:10b604003cf04efe002363600df5bd5118310df57d
:10b61400e05008303cf044fe0df5ac5110312046aa
:10b624003cf03efe01210df58a5040f0f9f80df58d
:10b63400bd5618360df59b5708370df5ac5510352a
:10b644000df58a549ae1684640f07cfb8aa840f0e4
:10b6540079fb0df58a6040f075fb0df5cf6040f085
:10b6640071fb0df50a6040f06dfb0df6c82040f04b
:10b6740069fb0df54f6040f065fb0df6187040f066
:10b6840061fb6a464146484634f048f88346002840
:10b6940040f0ab818aa940463cf002fe009b002b9f
:10b6a4000edd8a9b002b0bdd0df563636a46a3f662
:10b6b400084392689b68134313f0010f00f01f8145
:10b6c4000df58a6168463cf0ebfd0df5cf618aa863
:10b6d4003cf0e6fd01210df50a6040f0a1f80121de
:10b6e4000df6187040f09cf80df5cf641ee00df5d2
:10b6f4000a628aa9104634f085fc8346002840f08b
:10b7040074810df6c8226946104635f00ff8834659
:10b71400002840f06a8100bf0df50a6108462af04e
:10b7240085f90df6c82108462af080f9ddf8503471
:10b73400002b1fddddf8583413f0010f1ad10df57d
:10b744008a6108462af072f90df50a631b68002b1a
:10b7540005dd0df50a639b6813f0010fc7d10df6e3
:10b76400c8231b68002bd7ddddf8d03a13f0010f96
:10b77400d2d0bce72368002b6bdc0df5cf610df54f
:10b784008a6039f076feb0f1ff3f7ed00df58a6213
:10b794000df5cf61104634f0c9ff8346002840f010
:10b7a40024810df50a620df54f61104634f0beff99
:10b7b4008346002840f019810df6c8220df6187151
:10b7c400104634f0b3ff8346002840f00e81ddf8c4
:10b7d4005034002baad101210df5cf6038f0f0fbd5
:10b7e4000446002840f08e80002529460df54f6060
:10b7f40038f0e6fbb0f1ff3f68d10df54f624146ea
:10b80400104634f0fffb83460028eed0ede00df542
:10b814004f628aa9104634f0f5fb8346002840f0b5
:10b82400e4800df618726946104634f07fff8346b3
:10b83400002840f0da8000bf0df54f6108462af079
:10b84400f5f80df6187108462af0f0f82368002b75
:10b8540093dda36813f0010f8fd10df5cf61084676
:10b864002af0e4f8ddf8f03c002b04ddddf8f83cc8
:10b8740013f0010fcbd1ddf8183f002bdcddddf830
:10b88400203f13f0010fd7d0c1e70df5cf620df5be
:10b894008a61104634f04aff8346002840f0a580b0
:10b8a4000df54f620df50a61104634f03fff8346f3
:10b8b400002840f09a800df618720df6c821104643
:10b8c40034f034ff8346002881d08ee041460df5e4
:10b8d4004f6033f099f9b0f1ff3f09d00df54f6295
:10b8e4004146104634f022ff83460028eed07ce027
:10b8f40051460df54f603cf0d3fca34675e04ff084
:10b90400ff3b72e04ff0ff3b6fe00df5cf52414635
:10b91400484633f003ff8346002866d10df5cf5324
:10b924001b68002b00f0b4800df5cf595ee63a4653
:10b934000df5e0510831384634f0f8fe834678b30b
:10b9440053e02b68002b37dc2946304639f091fd53
:10b95400b0f1ff3f4fd032462946304634f0e6fe80
:10b964008346002841d13a462146384634f0defe6b
:10b974008346002839d13368002b4dd03368002b1f
:10b98400dfddb36813f0010fdbd1314630462af016
:10b994004df83b68002b03ddbb6813f0010fc6d1e3
:10b9a400394638462af042f8e8e7214620462af08c
:10b9b4003df82b68002bc7ddab6813f0010fc3d132
:10b9c400294628462af032f82368002beddda368c7
:10b9d40013f0010fe9d022460df5e051083120465d
:10b9e40034f0a4fe83460028dfd058460df5f15dff
:10b9f40005b0bde8f08f2a463146284634f096fe5d
:10ba040083460028f1d122463946204634f08efe82
:10ba140083460028afd0e8e701210df5ac50103083
:10ba240038f0cefa8346b0bbd9f804400df58a53fa
:10ba340004331b68012b08d10df58a524146104688
:10ba440034f0e0fa0028f1d0cfe741460df58a50f2
:10ba540033f0daf8b0f1ff3f09d00df58a524146d0
:10ba6400104634f063fe0028efd08346bde751460c
:10ba74000df58a503cf014fccaf80440b5e74ff0c9
:10ba8400ff3bb2e74ff0ff3bafe74ff0ff3bace7c4
:0cba94004ff0ff3ba9e74ff0ff3ba6e797
:020000040000fa
:020000040100f9
:10baa0002de9f04f044699b005284cd8dfe810f096
:10bab00006004b0037024a025d026302bf4e336844
:10bac0001a78d70602d5d86b25f08afcbc4bd6f87d
:10bad00000e01d68d5e91823cde9042300220023e6
:10bae000c5e918230ef106030ef12e0213f8010b1f
:10baf00004449a42a4b2f9d1e408222c9cbfc4f1b8
:10bb00002504e0b24ff0000488bf0220a44600bf25
:10bb10009ef8033063451ad2d5e91823cde90a23ec
:10bb2000a84b9a69002a58d1db68002b55d1a54b48
:10bb30009b68002b40f0e581a04b1868282200216b
:10bb4000063040f03bfb002019b0bde8f08f242107
:10bb50004ff000088b1cdbb20c2b28d00b2b4ff0c6
:10bb600001032fd8cf18a1f11f02c7f1200603fa55
:10bb700002f223fa06f63243bb40d5e9167603ea11
:10bb8000070a02ea060b5aea0b0610d00ef1080665
:10bb9000765c66450bd1d5e918763b4332430134d8
:10bba000c5e91832e4b2a04298bf4ff0010801394c
:10bbb0008e1ccfd1b8f1000faed10cf1010c5ffaa1
:10bbc0008cfca5e7a1f12002c1f1200603fa02f2e4
:10bbd00023fa06f632438b40cfe77b4bd3f800a025
:10bbe000baf1000fa3d0774dab69002b00f05f8155
:10bbf000daf808301a7a042a40f059811d686f4b30
:10bc0000012128461e683df077f9dde90a23dde9c8
:10bc10000478434508bfba4204d195f8f23099063a
:10bc200040f12281c0f347000644284696f840b010
:10bc30003cf08ef90990002800f0168195f8f2305a
:10bc40009a0644bf6ff3451385f8f230d5f85031aa
:10bc50005b4a002b00f09980d3e90031079301f093
:10bc60001f0308931368d3e91810079b1940089b1a
:10bc70001840cde9161000262622012334465c45e3
:10bc800003d2013a12f0ff026fd1079b0293089b87
:10bc900001934e4b009302220123d421ec201df08e
:10bca000e7fa5c4580f0bb80444b1b680d93db7862
:10bcb0001593dde9167300200693a4462421149001
:10bcc00086460c908b1cdbb20c2b39d00b2b4ff023
:10bcd000010267d88b189846c8f12009a1f11f030b
:10bce00002fa03f322fa09f9464643ea0903b2408d
:10bcf0000d9e06f1080919f80190814520d102ea4c
:10bd000007061096069e1e401196dde9108958ea36
:10bd1000090615d1079e16401296089e1e401396de
:10bd2000dde9128958ea090652d017430134069a10
:10bd3000e4b21a43a345069200f02281099b1493b2
:10bd400001398e1cbed10130159bc0b2834227d26f
:10bd5000149b13b1069b16971793dc45dde9162358
:10bd600042d200210846012794e001ea03070e971a
:10bd700000ea06070f97dde90e7857ea08071cbfaf
:10bd80000134e4b2db18764179e71368d3e918236c
:10bd90004ff0ff37cde916231f23cde9077374e772
:10bda00024218fe7a1f12003c1f1200902fa03f356
:10bdb00022fa09f943ea09038a4099e7a0290120f8
:10bdc00024290120b42401202c280120ae5803018d
:10bdd000e345b5d942ea0e0e0c9a0cf1010c1a4358
:10bde0000c925ffa8cfcabe70c994eea0202194305
:10bdf000cbb2cde916210193664b02920093022249
:10be00000123d421ec201df033fad5f8503133b999
:10be1000614b1968dde91623c1e918235c46dde9a9
:10be20001623dde904018b4208bf82421cd00121a8
:10be3000284636f0bdfdb8b108201ff0a7fd034627
:10be4000c5f8b4019df85c20169818601a71534b20
:10be500028469b699847524b019000930222012388
:10be6000d421ec201df004fadaf800a0b8e600bff7
:10be7000c1f12406a6f1200cc6f1200007fa0cfc43
:10be800027fa00f04cea000007fa06f60343099887
:10be900032430131ceb2b345ead808b1cde9162319
:10bea000169b02939df85c3001933e4ba6e7eb682e
:10beb000002bd9d0daf808301a7a052ad4d11e68b6
:10bec000354b1b68d3e91823dbb20193364b029242
:10bed000009302220123d421ec201df0c9f996f829
:10bee000f230da06c0d5dde90a23dde904018b4230
:10bef00008bf8242b8d0eb68304698472b4b019080
:10bf0000abe7254a1068dde90412d0e918459542ef
:10bf100008bf8c423ff410ae603098470ce6244cca
:10bf200023680020196b2ff0c7f828b9226813780e
:10bf300043f01003137006e6184841681c3018f0ef
:10bf4000ddfc00e61a4c23681b78db0604d5134899
:10bf500041681c3018f0d2fc23681a786ff3041281
:10bf60001a7023680022da63ede5114b1b68d86b69
:10bf700025f036fae7e5094b08465b699847e2e5a4
:10bf8000069b9df818601793169702970196094b28
:10bf900034e700bfc158030124290120b424012043
:10bfa000e9580301d5580301f95803010b5903015e
:08bfb000a02901201b59030127
:020000040000fa
:020000040100f9
:10bfb800704770b5f9b101444ff6ff7348f2084570
:10bfc80089b200bf10f8014b082200bf84ea0306bb
:10bfd80016f0010f4fea530302f1ff3214bf6b4012
:10bfe8009bb212f0ff024fea5404efd182b28a42a8
:10bff800e8d1db4399b2084670bd10b51378ed2b34
:10c00800144611d15378032b0ed1937853b1012bd9
:10c018000ad1fff7ceff2279e37803eb02231b1a3c
:10c0280018bf0123184610bd0123fbe7f0b50346ee
:10c0380040780622b0fbf2f102fb110212f0ff0079
:10c0480026d1144e144fdff854c0cdb20233014646
:10c05800a94200d1f0bd5c781a7893f802e002ebaf
:10c06800042202f1824404f59034013184f800e09e
:10c07800941993f803e084f800e0d41993f804e0e5
:10c0880084f800e062445c7914700633c9b2dfe7d3
:10c098000120dfe701200141022001410320014185
:10c0a800f0b543780622b3fbf2f602fb163212f023
:10c0b800ff0230d10239f6b2831c1546c9b2b54227
:10c0c80001d11046f0bd5c781878012900eb0420f6
:10c0d80080b211d800f1824404f5803793f802c089
:10c0e80087f800c004f10114df7827700b4c1f7922
:10c0f800275401345f792754a42808d1987800f090
:10c108001f00c406064c48bf60f01f0020700135b0
:10c118000633edb2d3e70122d3e700bf02000141a5
:10c12800000000204078023818bf0120704743788b
:10c13800042b05d1034bd0f802201a6001221a7192
:10c148000020704770280120f8b50f4604460026e5
:10c15800a1f10805a54202d84ff0ff3406e0237884
:10c16800ff2b13d1230703d144f07f442046f8bda9
:10c1780024f003031c1da742eed95a68013205d1e9
:10c188005b69013302d114f00c0fedd02378012b39
:10c198000ad16378012b07d1a178621d0a44e01cfb
:10c1a800fff72bff0028e1d00eb1d3e70434a542f6
:10c1b800d0d923680133cdd0234613f8012bef2ab9
:10c1c8000bd16378002bf1d1a378ed2beed1e37876
:10c1d800032bebd107340126bce71c46e7e72de922
:10c1e800f84385789df8206004460f4690469946a6
:10c1f80003352378434504bf012389f800302378a9
:10c20800082b2bd00fd8022b1bd0072b20d00020b7
:10c21800a7421bd96378023ded1a2db20233002dd7
:10c228001c44e6dc12e00a2b22d01bd3552beed19e
:10c23800a4f5c043b3f5776fe9d22046fff777ff3f
:10c2480002e02046fff76eff0128e1d1bde8f88340
:10c25800002edcd020461ef049fdf5e720461ef0f2
:10c2680003fdf1e7002ed2d02046fff7dffeebe713
:10c2780031462046fff714ffe6e72de9f7430f465e
:10c288009046994628b3164b1a793ab3186800f5c0
:10c29800776600250be04346cdf800903a463146d4
:10c2a800fff79dff0546a07804f10a031844b04241
:10c2b8000bd23146fff748ff10f07f4f0446ead013
:10c2c80084b2b4f5c04f08bf0125284603b0bde8c5
:10c2d800f08346f670764ff4c040dae78525f4e738
:10c2e8007028012013b5134614460a46014600205b
:10c2f800fff7c3ff054b1b7933b123460df1070246
:10c3080000210120fff7b9ff02b010bd70280120fd
:10c318002de9f0478678089d9df824a089460446b3
:10c32800174698460336002123786278ff2fdbb240
:10c3380008d1013bdbb2fd2b2ed8288802322146da
:10c3480040440ae0bb4227d1baf1000ff5d0062fce
:10c358000cd1072a1cd1a11c40463ff093f92b8829
:10c368009a1c637813442b80012115e00b2f01d10f
:10c37800042aefe70c2f01d1012aebe7102f01d196
:10c38800022ae7e7152f01d1082ae3e7182fefd093
:10c398002b8802331a442a806378023ef61a36b292
:10c3a8000233002e1c4401dd4c45bdd3012914bfc6
:10c3b80080200020bde8f087f0b585b0002406464f
:10c3c8000f46adf80e404ff4c04000bf46f67071fe
:10c3d800fff7bafe10f07f4f054615d101230193f0
:10c3e8000df10e03009332463b4646f67071fff797
:10c3f8008fff0028a87805f10a03184446f66f73e2
:10c4080008bf01249842e1d9012c14bf80200020e4
:10c4180005b0f0bd014608b50620fff7cdffb0fa1c
:10c4280080f0400908bd014608b51520fff7c4ff94
:10c43800b0fa80f0400908bd024b93f90030037050
:10c44800012070470000002013b5044601a90b2005
:10c45800fff7b2ff28b9bdf804302380012002b0ed
:10c4680010bd0020fbe713b5044601a90b20fff718
:10c47800a3ff28b9bdf806302380012002b010bd03
:10c488000020fbe713b504460df107010c20fff768
:10c4980093ff28b99df807302370012002b010bd22
:10c4a8000020fbe7014b1879704700bf7028012076
:10c4b800014b1871704700bf70280120014b1868a4
:08c4c800704700bf702801203d
:020000040000fa
:020000040100f9
:10c4d0002de9f04f04468db00ff0eafe94f850308d
:10c4e000d4f8e4b0039394f84b7094f84f3004936d
:10c4f0000bf142030293002f00f090810bf18403b3
:10c500000193d4f8bc300593d4f87c6194f81931c8
:10c51000f5682bb1c2681168abb263f3de3111600c
:10c520002b686ff302032b602b6894f8242062f3ce
:10c53000c4032b602b684ff0040969f3ca132b6006
:10c540002a682b4669f3ce2243f8102b2a689bb247
:10c5500063f3de322a602b686ff3df732b60ab6806
:10c56000012262f30103ab60ab6843ea0903ab60ed
:10c57000ab686ff3c803ab606a681ffa8bf363f3b1
:10c580000f026a606b686ff31f436b604ff0000827
:10c59000b44b94f8470008935a4607a90794adf89e
:10c5a00024801ff0e3fd9bf8012094f8361094f8e6
:10c5b000240039f041f8c6e904b8d6f800a086f89e
:10c5c0000880f560c6f81880a6f81c80daf80c60c0
:10c5d0003268052363f302023260326894f8241053
:10c5e00061f3c4023260326869f3ca1232603268a1
:10c5f00069f3ce223260326868f3de3232607268ec
:10c60000b4f8dc1061f30f0272607268b4f8d810ed
:10c6100061f31f427260b268022161f30102b260ed
:10c62000b26842ea0902b260b16806f1100292b241
:10c6300062f35821b160b26868f35a62b26000f1e7
:10c6400070050c2294f8361094f8240038f0f4ffaa
:10c650000523caf80c608af80830d4f8dc30caf830
:10c660001850cae90435aaf81c8094f83610b1fabb
:10c6700081f181460c22490994f8240038f0dcff4e
:10c6800094f82430022b00f0cb80032b00f0cd80f7
:10c69000012b40f0cf8009f1a90900f1a9062e4431
:10c6a0004d44daf800a0daf80c80d8f80020042312
:10c6b00063f30202c8f80020d8f8002094f8241090
:10c6c00061f3c402c8f80020d8f8002063f3ca124e
:10c6d000c8f80020d8f8002063f3ce22c8f8002064
:10c6e000002f00f0a980d8f8002008f110039bb2b9
:10c6f00063f3de32c8f80020d8f800306ff3df7340
:10c70000c8f80030d8f80420bdf8083063f30f02f1
:10c71000c8f80420d8f80420bdf8143063f31f4291
:10c72000c8f80420d8f80830022262f30103c8f8e0
:10c730000830d8f8083043f00403c8f80830012363
:10c7400007948df82230002f7dd08df82130049b86
:10c750008df8243000238df823308df82530029a8f
:10c7600094f847000b2307a98df820301ff0fefc3a
:10c770009bf8432094f8361094f8240038f05cffbe
:10c780008346002f64d0b4f8c090049ba9eb030942
:10c790001ffa89f904238af80830029bcaf80c8032
:10c7a000cae904350023fa1a18bf01228af81d20ad
:10c7b0009df82120caf818608af81c306ab18df8fb
:10c7c000283094f82430013b8df8293051460bf580
:10c7d000a5730aa80b9326f01ffd9df82430059a37
:10c7e0001a44134694f82420022a33d0032a0cbf9b
:10c7f0004ff079084ff07c08d84477b3e1354544d1
:10c80000e136b044daf800a077bb454534bfc4e94f
:10c810004e85c4e94e580db0bde8f08f019770e623
:10c8200009f1a20900f1a20639e709f1ac0900f10a
:10c83000ac0634e72e4634e7d8f8003067f3de3331
:10c84000c8f8003058e78df82170b4f8c0307fe7a1
:10c85000b9469fe74ff08308cee7073545440736d2
:10c86000cfe700bf0a000100daf80c6032686ff30e
:10c8700002023260326894f8241061f3c40232601c
:10c880003268042161f3ca1232603268013f61f3f9
:10c89000ce22326017f0ff0717bf3168326806f109
:10c8a000100292b215bf62f3de3167f3de323160ff
:10c8b000326032686ff3df723260b2686ff3010288
:10c8c000b260b26842f00402b260b2686ff3c802ac
:10c8d000b2607168bdf8042062f30f017160716885
:10c8e0009ab262f31f410122716007948df82220f1
:10c8f000002f58d08df82120039a8df824200d2286
:10c900004ff0000b8df8202007a9019a94f84700fa
:10c9100002938df823b08df825b01ff027fc019b02
:10c9200094f836105a7894f8240038f085fe029b6b
:10c930000246002f3cd00399a9eb01091ffa89f99f
:10c940000199caf80c60cae90415391c18bf012105
:10c950008af81d109df821108af808b0caf81880ce
:10c960008af81cb089b194f82410049301398df829
:10c97000291002f5a5710b910aa8514602928df873
:10c9800028b026f049fc049b029a9df824100b4421
:10c990000199423101916fb105f5a575154408f56e
:10c9a000a57890442ee78df821708df82490a6e7a5
:10c9b000b946c5e77035154408f17008f1e700bfc6
:020000040000fa
:020000040100f9
:10c9c0002de9f04fa9b0002800f05d8205460478fb
:10c9d000002c00f059824378012b00f0598200f1bd
:10c9e0008c0307934ff0ff3118463ff0acfc012851
:10c9f00040f05082297d01290ed002297ed039b124
:10ca0000924b1b68002b00f03c8291489847002411
:10ca100007983ef087fa37e2eb69002b00f0278297
:10ca20001a68002a00f025826a7d002a00f023821d
:10ca3000ea8a0ab90024ebe705f114089a88033260
:10ca400022f003029a80e96900238a8809684ff07e
:10ca500080500af0a7fa0246d0b9ea699188eb8ab9
:10ca6000a3eb9103eb826b7d013bdbb26b7502f1b3
:10ca70000801e961926802b3002bc9d1ab6903b127
:10ca8000d96100236b61c8f80430c8f80830bfe7eb
:10ca90006e4b1c682cb1ab696968591a89106d48d6
:10caa000a04700246c61c8f80440c8f8084001237e
:10cab0006b7028462ff07efdaae7ae69002ea7d046
:10cac000736883b1ddf81c9048463ef02bfa0023d2
:10cad0000093aa692946b0687768b8474ff0ff31dc
:10cae00048463ff030fc00236b61c8f80430c8f8ba
:10caf0000830316828461df029f889e76b7d002b46
:10cb000000f0bb81ea8a002a00f0b98105f114091e
:10cb1000a969a9b1ab6919688e00aa68e869131af6
:10cb2000b3eb810f2bd2494b1c6814b16b7d4a4883
:10cb3000a04700246c61c9f80440c9f8084067e7c1
:10cb40006968a961012b04d80a606b7d9b00eb61c9
:10cb5000e0e76a75002392004ff080500cf096fbde
:10cb600001460028f1d0394b1b680bb13b48984770
:10cb700000246c61c9f80440c9f8084048e76968b6
:10cb80000023324601444ff080500cf07ffb0246f8
:10cb900078b12e4b1b682bb1a9696868091a8910f6
:10cba0002f48984700246c61c9f80440c9f8084030
:10cbb0002ee76a68eb69d3181f4608932ad0042e23
:10cbc00028d95a780b929a780c9293f803b093f87c
:10cbd0000480ab6c83b1ddf81ca050463ef0a2f996
:10cbe0003b463a7800962946e86caf6cb8474ff060
:10cbf000ff3150463ff0a7fb089b19784b1edbb274
:10cc0000012b12d9032900f00681104b1b680bb1d0
:10cc100014489847ab690433ab616b7d013b13f05b
:10cc2000ff0300f01d816b75f2e601290bd0092e80
:10cc3000f0d948ea0b230d93079fcdf824909a462c
:10cc40000a94a9465fe0062ef3d8e3e718210120f5
:10cc5000a04b0001304a0001ac4a0001704a0001bb
:10cc6000e84a00016c4b00019df83f3001338df81c
:10cc70003f30083608f101082a7b5ffa88f39a42b0
:10cc800040f2b080b37913f0400f04d10836b37985
:10cc900013f0400ffad03468002cebd02378012b2e
:10cca000e2d0002be5d15ffa88fbe378277947eae9
:10ccb0000327ba4530d0784b1b681bb15246394622
:10ccc00076489847336801221a700723b380b379f6
:10ccd00043f02003b3716278a3780df13f01049112
:10cce00004f108010391617902910197cdf800b038
:10ccf00043ea022302222946484616f08bfe0546e7
:10cd00000028b6d1079f00238df83f30d9f80c508a
:10cd1000002d7ad007976be00422089b591c601cf9
:10cd20003cf0faf90028a4d1aa46a0460a9c4d4638
:10cd3000ddf824900c9b0b9a43ea0223089a1278a0
:10cd4000012a27d0adf840308df848b098f805306a
:10cd50008df8493008f10803139310a9089831f0b1
:10cd60007ff9daf80430002b3ff454af079f3846c0
:10cd70003ef0d8f810ab0093daf804600323524673
:10cd80002946daf80800b0474ff0ff3138463ff047
:10cd9000dafa3fe798f8050008990a68c8f8002011
:10cda000b1f804c08a79a8f804c088f806200722e0
:10cdb000b280b27942f02002b2714e798a790df1d7
:10cdc0003f01049108f10808cdf80c8002900d99fc
:10cdd0000191cdf800b042ea06225146284616f0ed
:10cde00019fe17e700238df83f30d9f80c503db1fc
:10cdf000ae692b7b4ff00008002b7ff443aff1e7c7
:10ce00000a9c4d46ddf8249004e707970a9c4d469e
:10ce1000ddf82490fee66022002110a83ff0cef954
:10ce200010a9089831f01cf905f1200605f1480811
:10ce3000079f02e00836464510d03368002bf9d032
:10ce400038463ef06ff8336810aa29467068984754
:10ce50004ff0ff3138463ff076faebe70797d9e617
:10ce600000236b61c9f80430c9f80830d0e500240c
:10ce7000cee50024cce50024cae50024c8e5002462
:10ce8000c6e50024c4e50024204629b0bde8f08fa3
:10ce90000024f9e70024f7e718210120244b0001c2
:020000040000fa
:020000040100f9
:10cea0002de9f04f2ded028b99b0cde90e130b68f3
:10ceb0000893d1e901a392ed007b0a930b69cd6839
:10cec0001490159351ec170b002200238ded027b7b
:10ced00037f030fc48b9089b580737d4089b13f04b
:10cee0000803099334d0202306e0dde9022101f193
:10cef0000043cde902232d232b700a9b013b0793ae
:10cf000001230993dde9021323f00042a84b002618
:10cf10009a4208bfb1421ed10f9b0998413b192b81
:10cf200094bfa449a449284440f0e6fa28463ef0bc
:10cf3000b9fb089b009302460a9b149829462af0e5
:10cf400035fa19b0bdec028bbde8f08f2b23d3e787
:10cf50000a9b0793d6e78e42934108d20f9b09980c
:10cf6000413b192b94bf954995492844dce7dde9fd
:10cf700002010022002338f00efc9fed8b7b04465b
:10cf80008ded047b002800f00a8134460f983ff0b5
:10cf90005bffbaf1000fc3b20b93c0f2dd81672bc8
:10cfa00040f04081baf1000f08bf4ff0010a211d87
:10cfb000c0f23b81544580f23881002c4ff0660b63
:10cfc0000fdabbf1660f0af1010a0ad1002c04da6c
:10cfd0009fed757b8ded047b00240b9b672b00d0b0
:10cfe000a2449ded047bdde902678ded0c7b4ff0e3
:10cff0000008dde90c23304639460bf01ffd41ecfb
:10d00000100b1ff081fe07f10043109611939ded68
:10d010000c1b9ded102b8ded160b3cf021fd53ec00
:10d02000102bdde90c01164603f100470022654b89
:10d030000bf004fd08f1010802460b46c245cde99c
:10d040000c23d6d1604b002216f022fb32463b4621
:10d050008046894637f052fb002840f0e98032468e
:10d060003b464046494638f096fb30b1dde91601b3
:10d0700033f0f5f9c20740f1db80dde902014246f9
:10d080004b460af01dfc4f4bcde902010022dde9c1
:10d09000040116f0fdfa02460b46cde90c23dde94a
:10d0a000022336f0e1fc002800f0c780bbf1660fd8
:10d0b00004f1010440f0c5800af1010aa0460027ee
:10d0c000099ea8eb0a0ab946d04540f0e380b9f1c1
:10d0d000000f00f02a81a8190022bbf1650f027031
:10d0e00028d1159b013b9442ea54bcbf6442012203
:10d0f00002274ff00a0e591e002c40f01d81002f10
:10d1000000f31a81002a0cbf2b222d226a540f9a99
:10d11000023b413a192a05eb030198bf4ff0450b3a
:10d120009e4281f800b001da40f0e6f9079b1f4407
:10d130003b1f0793089b03f00303022b7ff4f6ae1b
:10d14000079b002b7ff7f2ae28463ef0abfa079b19
:10d15000eb18099a824240f3fb800998079a302124
:10d1600028443ff02bf800230a93dfe6cde904675b
:10d17000013442464b46dde9040116f089fa0646c1
:10d180000f4602460b46dde9020137f0d3fa0028cc
:10d19000ecd0dff8389000264ff0000836e0dff8da
:10d1a00024904ff00008e4e7000000000000f03f8a
:10d1b0000000f07fc79a0401cb9a0401cf9a0401c2
:10d1c000d39a0401000024400000144000005043a2
:10d1d00014f5967f11da86b9dde9020142464b4625
:10d1e00016f056fa4246cde902014b46dde904014c
:10d1f00016f04efacde904010126dde904015a4b8f
:10d2000000220bf01bfccde90401013cdde9042305
:10d21000dde9020137f08efa0028d9d1b6e64ff0e9
:10d22000060ac4e6ddf82cb0cbe64ff0650bd8e675
:10d230004ff000084ff000091fe79ded047b8dedd6
:10d240000c7bbbf1650f14bfa0464ff0000836e71a
:10d25000b9f1000f0bd1b8f1000f08da04992e22b2
:10d260006a54079a013a013607924ff00109ea1908
:10d27000a9193244302001e001f8010b9142fbd1a1
:10d280000799ba193033cf1bab547b1e561c07933a
:10d29000002728e00e9b04961b69053bb3427ff6ee
:10d2a00016afdde90c23dde902010bf0c7fb41ec11
:10d2b000100b1ff029fd51ec100bb0ee408af0ee80
:10d2c000608a33f0ccf8089a092802f0100203466d
:10d2d000a8bf09230243bbd10b9a672ab8d1b8f182
:10d2e000000fb5da0137029b1293039bb0ee481a88
:10d2f000f0ee681a03f1004313939ded122b9deda0
:10d300000c0b3cf0adfb53ec102b03f10043dde9bb
:10d310000c0103930022144b8ded020a0bf08efbdf
:10d3200008f1ff38cde90c01cee6089bdb0642bfd1
:10d330002e23ab550136cee60b4694fbfefc0cebe0
:10d340008c01a4eb41013031e9546446013fd2e63f
:10d350002a5c1a540138fce60b9b672b3ff45faf45
:0cd360009b464ff0060a2ce6000024401b
:020000040000fa
:020000040100f9
:04d36c0000befee71a
:020000040000fa
:020000040100f9
:10d37000002800f01782f0b583b00c46054600295e
:10d3800000f012820b780f2b00f2108291f82830f7
:10d39000012b00f20e8291f830300f2b00f20b823d
:10d3a00091f831300f2b00f2088291f832300f2bb8
:10d3b00000f2058291f833300f2b00f2028291f8cf
:10d3c00034300f2b00f2ff81d1ed017af5eec07af7
:10d3d000f1ee10fa00f1f9819fedaf7af4eec77a21
:10d3e000f1ee10fa00f3f3819fedac7af4eec77a18
:10d3f000f1ee10fa07dd9feda87af4eec77af1eeb0
:10d4000010fa00f1e681d4ed027af5eec07af1ee81
:10d4100010fa00f1e0819feda27af4eec77af1ee06
:10d4200010fa00f3da819fed9f7af4eec77af1eefd
:10d4300010fa07dd9fed9a7af4eec77af1ee10fa52
:10d4400000f1cd81d4ed037a9fed977af4eec77a9f
:10d45000f1ee10fa00f1c5819fed947af4eec77aef
:10d46000f1ee10fa00f3bf819fed917af4eec77ae6
:10d47000f1ee10fa07dd9fed8d7af4eec77af1ee4a
:10d4800010fa00f1b281d4e904670022894b3046da
:10d49000394637f04ff9002840f0a9810022864b29
:10d4a0003046394637f02af9002840f0a281d4e905
:10d4b00006670022814b3046394637f03bf9002899
:10d4c00040f0998100227e4b3046394637f016f9fc
:10d4d000002840f09281d4ed087a9fed7a7af4ee3c
:10d4e000c77af1ee10fa00f18a819fed777af4eeb7
:10d4f000c77af1ee10fa00f38481d4ed097a9fed3a
:10d50000717af4eec77af1ee10fa00f17c819fedaa
:10d510006e7af4eec77af1ee10fa00f37681d4ed6c
:10d520000b7a9fed687af4eec77af1ee10fa00f10b
:10d530006e819fed657af4eec77af1ee10fa00f392
:10d540006881d4ed0e7af5eec07af1ee10fa00f1b2
:10d5500062819fed5e7af4eec77af1ee10fa07dd94
:10d560009fed5b7af4ee477af1ee10fa40f05581c8
:10d570002b78012262f30713022262f303032b705c
:10d580006b78227862f3071323f008036b7094ed35
:10d59000010a35f06dfbfceec07a17ee903ab32b22
:10d5a00086bfb43b01220022ff2b28bfff23ab70b4
:10d5b0006b7862f341036b70d4ed027a9fed457a8c
:10d5c000f4eec77af1ee10fa34d8b1ee007a67eed5
:10d5d000877afceee77acded017a9df804300022df
:10d5e000eb706b7862f300036b70d4ed037a77ee27
:10d5f000a77afdeee77a17ee903a03f307032b7153
:10d6000023a3d3e90023d4e9040116f041f828f05c
:10d610000cff03460a4630498b424ff0ff3172eb54
:10d62000010118db2d4999424ff00001914113dab5
:10d630002a4b11e09fed277a37eec77af6ee086a9b
:10d64000c7ee267afdeee77a17ee903a83f30803e9
:10d65000dbb20122c4e7204bc5f805300ca3d3e9a7
:10d660000023d4e9060116f013f828f0defe034685
:10d670000a4619498b424ff0ff3172eb01012fdb53
:10d68000164999424ff0000191412ada134b28e0e4
:10d6900000000000d01263410080b4430000b44396
:10d6a00000007f4300407e43000078c200007c42bf
:10d6b00000007842008056c000805640008066c05e
:10d6c0000080664000007ac4002ff84600006145e3
:10d6d00000ff7f4700007f42002eb69400d2496bc6
:10d6e0004f4bc5f8093094ed080a3bf039fea5f818
:10d6f0000d0094ed090a3bf033fea5f80f006b789e
:10d7000094f8282062f382036b7094ed0b0a3bf0cf
:10d7100027fea5f81100eb7c94f8302062f3030398
:10d72000eb7494f8312062f30713eb742b7d94f8bb
:10d73000322062f307132b7594f8332062f303034e
:10d740002b75eb7d94f8342062f3030323f0f00390
:10d75000eb75d4ed0e7a9fed337af4ee477af1ee65
:10d7600010fa1cd0b2ee040a27ee800a35f080fad7
:10d7700010ee100a2bf07af80346002908db48f671
:10d78000a142934271f1000103db48f6a04300e09f
:10d7900000239bb2a5f815300020287607e04ff64d
:10d7a000ff73f7e701207047012000e0012003b07c
:10d7b000f0bd0120fbe70120f9e70120f7e7012098
:10d7c000f5e70120f3e70120f1e70120efe7012071
:10d7d000ede70120ebe70120e9e70120e7e7012081
:10d7e000e5e70120e3e70120e1e70120dfe7012091
:10d7f000dde70120dbe70120d9e70120d7e70120a1
:10d80000d5e70120d3e70120d1e70120cfe70120b0
:10d81000cde70120cbe70120c9e70120c7e700bf22
:08d82000002eb69400ff7f47c3
:020000040000fa
:020000040100f9
:10d828002de9f04f87b0b64b01900546894617465b
:10d838000093022201230721ec201bf015fd3ff085
:10d84800cbf8002840f0bb80012d04d1b9f1000fbe
:10d8580001d112242ce0a5f102085ffa88f8b8f18a
:10d86800010f02d8b9f1010ff3d84ff0000ad145e2
:10d878000fd10023049304ab0593002d00f0fc8026
:10d88800b8f1010f03d90121084628f04dfb002605
:10d898009fe19c4e062303fb0af33068f95c0430d1
:10d8a8003ff030fd0446002860d1032d0ad0422401
:10d8b800954b0093019401230022ff21ec201bf0db
:10d8c800d3fce5e03068f02104303ff01bfd04464e
:10d8d8000028ecd036688d494ff4fc7206f10c0034
:10d8e8003cf08af8337b2374737b84f82530b37b50
:10d8f80084f82230f37b84f82430337c84f8263093
:10d90800737c84f82330f37c84f83830337d84f8d2
:10d918003730737d84f83530b37d84f8363096f926
:10d92800173084f82730d6f8f431636106f5fc73b4
:10d9380093e80300a4f84410090c84f84610206406
:10d94800b37c84f8193120462cf030fb064620467b
:10d958002cf060fb2ff052f825f0c2fd21f054ffa7
:10d96800304310f0ff0f15d01e24a1e715b90af1b6
:10d97800010a7ce7032dadd0012d0fd9022d09d165
:10d98800b0f8b030e62b00f29381b0f8c030e62b47
:10d9980000f28e8194f84730012b10d094f8b430ff
:10d9a800012b0cd094f8c430012b08d094f84730e0
:10d9b800a3f10a02012a04d8b4f8c03043b90c24f0
:10d9c80076e7062b15d1b4f8b030f52b3ff641af0a
:10d9d800617e39b904a83bf0dffe9df81030002bba
:10d9e8007ff437af637e012b09d194f8403073bbc5
:10d9f8002fe7072becd1b4f8b030ef2be6e7023b6a
:10da0800012b24d8a27e9df8103062f300038df814
:10da180010302346002653f81b2fcdf811209b8881
:10da28008df80e600df10e0104a8adf8153030f038
:10da380031fe60b1637e022b18d131460df10f0023
:10da48003bf0aafe9df80f30002b7ff402af94f84c
:10da5800f830002b8bd194f84730042b204608d897
:10da680010f046ff0446002881d021e7032beed1b1
:10da7800bbe706f08dfbf5e7224eb9f1000f21d187
:10da88003368234d5c683cb901203ef09dff0024bb
:10da9800204607b0bde8f08f237cf02b10d094f817
:10daa800f8306bb194f825300821cde90053ec200b
:10dab800012302221bf0d8fb0121204639f058ff30
:10dac8002468e0e706236b433068f95c04303ff0d4
:10dad80019fc90f8f830044673b190f8253001939a
:10dae8000b4b00930821ec20012302221bf0bcfb06
:10daf8000121204639f03cff0135a945e2d1c3e7b1
:10db0800486d040104290120906d0401104001446e
:10db1800666d0401dff8a4a106237343daf8000058
:10db2800f95c04303ff0eefb022d044664d1d0f8d6
:10db380014b03ff00bfc4ff4c8635843b0fbfbf044
:10db48003ef072ff3cf044fedaf80030227c1a7393
:10db580094f825205a7394f822209a7394f8242074
:10db6800da7394f826201a7494f823205a7494f8d7
:10db78003820da7494f837201a7594f835205a75d5
:10db880094f836209a7594f92720da756269c3f8f3
:10db9800f42104f1400292e80300a3f8fc11090cf7
:10dba800c3f8f80183f8fe1194f819219a742046f5
:10dbb80026f0f0fe2ef03afa29f03afb24f086fc23
:10dbc80094f8f83023b994f84710204614f048fa2e
:10dbd80001364e459ed136b206eb4606dff8dca08c
:10dbe80007eb4606b74210d1012d7ff64daf002056
:10dbf8003ef0e2fe002048e7032de1d13af08afe2c
:10dc08000028ddd03cf0e4fddae7daf800003978e6
:10dc180004303ff077fb90f8f83004463bbb012214
:10dc28009045027380f8f8202fd8022280f8f82057
:10dc3800994694f8253001931e4b00930222012344
:10dc48000821ec201bf010fb94f8fc3033b10023c2
:10dc580084f8fc30184b20461b689847204619f07a
:10dc6800c7f9b9f1000f02d0002030f095fc3a79dd
:10dc78007b8884f84920002284f848206bb904f591
:10dc8800d2701af0fbfd0637ace7d0f87c3113f1ff
:10dc9800000918bf4ff00109cbe7b8f1010ff2d91d
:10dca80042f21071594304f5d27016f023feeae7e8
:10dcb8000724fde5666d04010029012004290120df
:020000040000fa
:020000040100f9
:10dcc8002de9f04f95b0d2e900ab12930b6805939c
:10dcd8004b680a938b6807930b69cc680e900f9377
:10dce800002200235046594636f020fd40b9059bd6
:10dcf80058072dd4059b13f008052bd0202303e0eb
:10dd08000bf100439b462d232370079b0125013b04
:10dd1800b74a50462bf000410027914208bfb8424d
:10dd28001ad1129b413b192b94bfb249b2496019d1
:10dd38003ff0defbb0483df0b1fc059b0093024686
:10dd4800079b0e98214629f02dfb15b0bde8f08ff2
:10dd58002b23d9e7079bdbe757458a41129aa2f1a3
:10dd680041020b9208d2192a94bfa449a449601908
:10dd78003ff0befba248dee7302161550b996a1cd3
:10dd880019298cbf78215821023ba15406930022ff
:10dd98000023594637f0fbfc02350646002800f000
:10dda8007a819fed917b8ded027b3e460a9b002b8d
:10ddb800b8bf1823dde90289cde908ab0c9301331c
:10ddc8001393002742464b46dde908010af032fe6c
:10ddd80041ec100b1ef094ff424651ec100b4b46e1
:10dde8008ded100b15f050fc02460b46dde90801dd
:10ddf8003ff0a4fd834bcde9080100224046494687
:10de080015f042fc0a9b002b8046894607f1010762
:10de180006dadde908010022002337f0b8fc20b952
:10de2800139b9f42ced10c9f0137774b002240466f
:10de3800494615f029fc8046894602460b46dde92d
:10de4800080136f073fc002840f02a81dde908015a
:10de580042464b4637f09bfc30b1dde9100132f009
:10de6800fafac10740f11c8142464b4650465946d2
:10de780009f022fdcde90801dde9081323f000428d
:10de88005b4b4ff000089a4208bf41453ff449af49
:10de98000f9b053bab42109340f24e817b4212939d
:10dea8002f46ab46c246c146dde90223dde908013b
:10deb8000af0c0fd41ec100b1ef022ff51ec100bd4
:10dec8008ded0c0b32f0c7fa002840f0ee80b9f166
:10ded800000f00f0ea8008f10108dde90223dde91e
:10dee8000c0115f0d1fb02460b46dde908013ff0b5
:10def80025fd444bcde908010022dde9020115f0ba
:10df0800c3fb129b09f1ff399945cde9020103d002
:10df1800109b9f42bb46c7d3baf1000f1dd1b8f181
:10df2800000f40f30a810a9b002b40f30681059bf2
:10df3800da0700f10281e3192e221a7008eb0702b2
:10df48002244302103f8011f9342fbd1069b47442a
:10df58006fea08084344013706930f9b0022e01933
:10df6800013b96420270b8bf7642e2544ff0010876
:10df7800b8bf01224ff00a0e591e002e40f0cb8088
:10df8800b8f1010f00f0c780002a0cbf2b222d2208
:10df980062540b9a023b192a04eb03018cbf7022ce
:10dfa80050229f420a7001da3ff0a2fa059b03f063
:10dfb8000303022b15d1069b4344a3f10308b8f1d0
:10dfc800000f0edd20463df069fb04eb0803a84274
:10dfd80080f2ae804246302160193ef0ebf8002313
:10dfe80007932046a7e600bf000000000000f03fae
:10dff8000000f07fc79a0401cb9a0401cf9a04016c
:10e00800d39a04010000b03f00002040cde9028906
:10e018000136dde902231046194609f04dfc804619
:10e02800894602460b465046594636f07ffb002883
:10e03800ecd0dff828914ff00008dde902235046c4
:10e04800594636f073fb00283ff4b0ae424b00222d
:10e05800dde9020115f018fb0022002337f097fbd9
:10e0680078b1dde9020142464b4615f00dfb424608
:10e07800cde902014b465046594615f005fb82464c
:10e088008b46dde90201344b002215f0fdfa013e12
:10e09800cde90201d1e79fed2e7b8ded027bb8e73c
:10e0a8004ff000084ff00009dee6baf1000f0bd17f
:10e0b800b9f1000f08d02e2304f80b30069b013b62
:10e0c800013706934ff0010a04eb0803e2193b44b9
:10e0d800302101e002f8011b9a42fbd1069b07ebb5
:10e0e800080ba3eb08080b9b0928d4bf3030573026
:10e0f800192b06d840f02003613b192b01d83ef0bc
:10e10800a6fe08f1ff3304f80b000bf10107069394
:10e118004ff00008e1e60b4696fbfefc0ceb8c0189
:10e12800a6eb41013031e154664608f1ff3823e798
:10e13800225c1a5401384ae72f46059bdb067ff517
:10e148000caf2e23e355013707e700bfaff300807c
:10e15800000000000000f03f0000e03f00005043d6
:020000040000fa
:020000040100f9
:10e168002de9f041a2b004461d46012b07d01cb191
:10e17800237813f0010f09d122b0bde8f0811146d0
:10e18800a74bd3f89c0032f0a7fbf0e7204638f005
:10e1980095fe0028f0d0022d0ad0032d00f01c8136
:10e1a800237813f0010fe7d020463cf0cbffe3e7dc
:10e1b800289b002bf4d05d882e1e18bf01261b88d3
:10e1c800a3f56063092bebd801a252f823f000bf36
:10e1d80001e2000171e2000193e2000193e2000113
:10e1e800a9e10001c5e20001c5e20001b5e30001b3
:10e1f800a9e10001b3e20001237813f0600f26d0f3
:10e208004ff48071864bd3f89c001cf039fa054610
:10e218000028c5d00094834b02224ff480712df062
:10e22800f5f9074630b929467d4bd3f89c0032f002
:10e2380053fbb5e7214629f030f93946784bd3f836
:10e24800a00014f039fa40b10023a4f84630324651
:10e258000021204635f006ffa2e72946704bd3f887
:10e268009c0032f039fb9be7237a012b05d032461c
:10e278000121204635f0f6fe92e7e388fd2bf6d023
:10e28800237843f004032370f1e7237a012b87d125
:10e29800e388fd2b84d0237843f0040323703246af
:10e2a8000321204635f0defe7ae732460621204675
:10e2b80035f0d8fe204631f087f871e7289b587a68
:10e2c80002287ff66daf0eaad96831f071fa60b9ed
:10e2d800002d5ed0a5f60c639bb2012b62d90122fa
:10e2e8000421204635f0befe5ae7289b587a0338a9
:10e2f800022307aa19460eae06ebc00018f0f6fa7c
:10e30800289b587a023802230df11a02194606eba7
:10e31800c00018f0ebfabdf81a70bdf81c6075bba8
:10e32800237a012b17d04ff00008002102910191a8
:10e3380000910b46324604f160000ff059fab4f828
:10e3480068309b1ba4f86830237a012b0bd03e441d
:10e35800a4f84460bce7e36e13b193f80380e4e7e4
:10e368004ff00008e1e7e26e002af0d094f8483058
:10e37800d2781344a3eb080384f84830e7e7b4f8ed
:10e388004430bb42a4d10023a4f8683084f8483054
:10e398009ee700220421204635f064fe20460cf05a
:10e3a800d9fefde620460cf0d5fef9e6237813f0f9
:10e3b800100f0bd1002d7ff4f3ae237813f0140f58
:10e3c8003ff4eeae20461bf02dfce9e6324605216f
:10e3d800204635f047feede7289b002b3ff4e0aee2
:10e3e8005b88289a157902f1100640f60762934275
:10e3f8001ad040f60b62934200f0d180b3f5606ffb
:10e408007ff4ceae012d7ff4cbaea388002b7ff432
:10e41800c7ae0223221d1946304618f067fabfe638
:10e428006c20012069e1000102230df11602194652
:10e43800304618f05bfa0eaa289bd968587a31f052
:10e44800b7f900283ff4acae02230df11a021946c1
:10e4580012a818f04bfaa288bdf816309a427ff439
:10e468009fae022306aa19462898183018f03efadb
:10e47800bdf81810bdf81a20914204d0504b1b6803
:10e488000bb150489847032d21d8b4f84630bdf851
:10e4980018209b1aa4f84630002306ebc506012273
:10e4a8000092bdf8182056f8041c04f14c000ff037
:10e4b800d5ff00286bd0b4f85430bdf818209b1a4b
:10e4c800a4f85430237843f01003237068e602233d
:10e4d80004f1460219462898203018f007fa072d4b
:10e4e80001d00023d9e7a36d93b1da781b789a425b
:10e4f80016d0289b93f83010082919d009292ed056
:10e508002f4b1b68002b3ff44bae2f48984747e62c
:10e518002b4b1b68002b3ff443ae2c4898473fe633
:10e52800274b1b68002b3ff43bae2948984737e63a
:10e538000423adf81c3008aa2898303018f0d6f912
:10e5480002230df11e0219462898383018f0cef92a
:10e55800bdf81e305bbaadf81e3007ab9de7062349
:10e56800adf81c30102309aa2898303018f0bef9ed
:10e5780002230df11e0219462898383018f0b6f912
:10e58800bdf81e305bbaadf81e3007ab85e70c4b03
:10e598001b68002b3ff404ae0e48984700e6022d96
:10e5a8007ff4fead012307aa0221304618f09ef938
:10e5b80004230eaa02212898183018f097f9efe5dd
:10e5c80018210120544e0001984d0001804e000191
:08e5d800b04e0001d84e000115
:020000040000fa
:020000040100f9
:10e5e0002de9f04f04468bb000230d4607a80df12e
:10e5f0001a01adf81a3037f089fb94f85230012b2c
:10e6000018d1079aa36dbdf81a101a44b4f8543003
:10e610000b449bb240f2e1418b42c2f316020792d7
:10e6200085bfa3f2e2430132adf81a30adf81a30db
:10e6300088bf0792994e0799326892f8403203f5e5
:10e640008c73204632f81330bdf81a2036f090fd56
:10e650003746f8b1202194f8500039f069fa94f85f
:10e66000503043b9204624f019f82a4601212046ab
:10e6700026f092ff0be063786ff3820363703368d8
:10e68000d3f8081219b92a46012025f039fd0bb03c
:10e69000bde8f08f33f082f93368d3f804620eb925
:10e6a000d3f8086239f054f963699c4209d0637861
:10e6b000990606d44ff4802194f8500039f038fac6
:10e6c000d0e7002e52d096f80080b8f1030f3dd06d
:10e6d000b8f1020f4ad1b3785a0737d494f85230c0
:10e6e000e069f169d4f824c0dff8b4e1012b04bf7c
:10e6f000a36dc01a96f8523008bfc0f31600012b64
:10e7000008bfb26d3b6804bf8a1ac2f3160193f8c2
:10e71000402203eb4203b3f83822b3f83c321a44e8
:10e7200040f23913b2fbf3f2b36a013213440b44e3
:10e730008a1a0ceb000103ea0e0302ea0e0201ea58
:10e740000e013df044ff002800f08f8094f8501037
:10e75000002940f08e8096f85030012b66d1b8f138
:10e76000030f2a4674d1304630f080fc94f85030c4
:10e770000193002b40f08780e36e002b40f08c80eb
:10e78000a36e003318bf01230022cde9082213f045
:10e79000010202921ebf3a68d2f80c22089213f0ce
:10e7a000100305930cd0029a029b0aa901eb820286
:10e7b00039680133d1f8141242f8081cdbb2029315
:10e7c00008ab0493d7f80090354a002303934ff029
:10e7d000ff3b984640f2391edde902138b4240f0c0
:10e7e000c680236a5b4540f2f580a362b8f1000f52
:10e7f00000f0f680019b002b40f00d8198f850301e
:10e80000012b00f0ed8094f8512098f851309a4295
:10e8100080f0e680204623f041ff2a460121204671
:10e8200026f0bafe44457ff432afd9e0b37813f056
:10e83000100301d02a4696e794f8511096f851201b
:10e8400091420ad9b8f1030f2a4601d119468ae745
:10e850000121304626f0a0fe88e7204623f01eff67
:10e860002a460121204626f097feb4427ff40fafde
:10e870007ce74ff40001012039f05af963786ff317
:10e8800082036370f1e7019b012b05d1e36e002b3e
:10e8900014bf0023112377e7002375e738290120ef
:10e8a000ffff7f0004980b680360886884425ed095
:10e8b00043785b075bd5059b2bb190f8511094f81a
:10e8c0005130994253d994f8523099f84072012b43
:10e8d00008bfa16de36908bf5b1a90f8521008bf2a
:10e8e0001340012908bf866dc16904bf891b11400f
:10e8f000ce1a16f4800f46d009eb4707b7f83862f6
:10e90000b7f83c72b6fbfef6b7fbfef73744066a73
:10e910000e440237164037441740df1b7f024bd4aa
:10e9200099f8406209eb4606b6f838c2b6f83c6280
:10e93000bcfbfefcb6fbfef6b4440cf1020c00bfbf
:10e94000a1eb0c071740a7eb030a1af4800f02d0c3
:10e95000866e002e34d1d91b490202d47b4013426b
:10e9600005d10aea020ada453cbfd3468046049b39
:10e970001968002996d1039b0133dbb20393049bf2
:10e980000433049328e709eb4707d4f820c0b7f80d
:10e990003862b7f83c72b6fbfef6b7fbfef73e44b2
:10e9a00003eb0c07023617403e4416408e1b7602de
:10e9b000b6d5c4f828c001e0236aa362804619e7ef
:10e9c00006f59c76760040f27127b6fbf7f63144e7
:10e9d0001140b5e7636a9b4594bfc4f828b0a362b1
:10e9e0002378012b7ff453ae402194f8500039f086
:10e9f0009ff8204623f052fe022323700b4b94f81d
:10ea000050201b6803eb82032946c3f8fc412046d3
:10ea10003bf027fa3be64ff40001012039f088f87b
:10ea200063786ff382036370fce600bf382901202e
:020000040000fa
:020000040100f9
:10ea30002de9f04fc0b28db001280d4601924ff084
:10ea4000000700f0ff8130b1022800f009820020a9
:10ea50000db0bde8f08f01a904a83af0e7f901a9cb
:10ea600005a83af0e3f901a906a83af0dff9049bfa
:10ea7000190505d5a34b1b6813b101992846984782
:10ea8000049bda0415d52b6893f8fa208ab193f821
:10ea90004720042a08d8012a04d1d3f8dc305b7857
:10eaa000252b01d923f0eaf8974a138843f0800315
:10eab0001380049b9b0416d52b6893f8fa2092b11f
:10eac00093f84730042b09d8012b07d08f4b1b78c4
:10ead000002b00f088808e4b01221a708a4a13881e
:10eae00043f480731380059bde0620d52c6894f8d0
:10eaf000fa30e3b1864e32780ab123f0bff8002332
:10eb0000337094f8193193b1824b1b787bb9824ae8
:10eb100013780133dbb2137094f894209a4206d133
:10eb20007e4b94f836101a8861f304121a80069b03
:10eb30009c0412d57a4b2c681b78002b56d0794b4d
:10eb4000d3f8601fc1f3402100294fd194f847301a
:10eb5000012b02d0204639f063f8069b5a0410d5e9
:10eb60006f4b2c681b78002b00f0ff806d4bd3f8a7
:10eb7000601fc1f34021002940f0f780204639f0a2
:10eb80004ff8069bd80425d5674c2b682268910660
:10eb90000ed4226852060bd42268170608d42268c5
:10eba000d60505d42268900502d42268510511d5f6
:10ebb00093f8fa3073b123f061f8534a138843f0a5
:10ebc0001003138023685a0641bf584a138843f044
:10ebd00008031380069b1b047ff539af544b28684c
:10ebe0001b68984733e723f049f877e7d4e936689c
:10ebf0003df094fa08bb3ef025fcf0b9494bd3f840
:10ec00006c3fc3f3c029b9f1000f16d13368cdf8ba
:10ec10002530b388adf8293098f800309df82420cd
:10ec2000c3f3801363f3000207a909a88df8242019
:10ec300025f0acfa08b149468ce7f38a063b9bb253
:10ec400040f67a42934288d8738b0a3b9bb2043acf
:10ec5000934282d896f821301b3303f01f030b2b0d
:10ec60003ff67baf334b1a689946002a3ff475afe5
:10ec700094f8fa3023b1244a138843f02003138018
:10ec8000284bd3f86c2f12f4006f04f5857b04f544
:10ec9000827a53d1d3f86c2fd0054fd5d3f8682f93
:10eca00091004bd5d3f8683fc3f3026840463bf070
:10ecb00057fe40f0020084f803013368c4f80a31bb
:10ecc000b388abf804305146404631f06df894f803
:10ecd0004730063b012b43d894f82430013bdbb28c
:10ece000022b40d8144a32f81310d9f80060002ed5
:10ecf0003ff433af05230022d4f8d800b047c4f85e
:10ed000010012ae778290120cc290120e2290120dd
:10ed1000e7290120e4290120e8290120c03401412c
:10ed2000e529012000240141583e0141803e014176
:10ed30007c29012070290120ead9040198f80030cb
:10ed4000c3f3801384f803310023c4f80a31abf80d
:10ed500004303368c4f80431b388aaf80430b6e745
:10ed600040f2e241c1e70021bfe7d4e936683df057
:10ed7000d5f910bb3ef066fbf8b93c4bd3f86c3fbd
:10ed8000c3f3c029b9f1000f17d13368cdf825308e
:10ed9000b388adf8293098f800309df82420c3f3eb
:10eda000801363f300020df10f0109a88df82420f0
:10edb00025f0ecf908b14946e0e694f82630012b3d
:10edc0007ff4dfae294ad2f86c3f1b052bd4d2f872
:10edd0006c3fc3f3002343b1d2f8683fc3f34073e1
:10ede0001bb1d2f8687fc7f30267227c8df81c2024
:10edf000dbb138463bf0b4fd40f002008df81d0059
:10ee00000df11e01384630f0cfff07ab93e8030049
:10ee10000cab09950c2203e9030009ab144901204e
:10ee20002bf09cfbade60023dfe798f80030c3f33e
:10ee300080138df81d303368cdf81e30b388adf8df
:10ee40002230e2e70b6893f8fa30012b7ff4ffad34
:10ee500022f014ff074a138843f040031380f6e5bd
:10ee6000054b1168196012791a71f0e5002401410f
:0cee700004000101cc2901206a280120c7
:020000040000fa
:020000040100f9
:10ee7c000829f8b504460e4600f0fd8009d8012992
:10ee8c0000f0988049b299b3032e00f0c78000209f
:10ee9c002de0182900f0048122d80a29f7d190f826
:10eeac00e450002d40f0f88190f8f4309a0740f1ce
:10eebc00f3810b213af093ffc8b140f22243a4f83e
:10eecc00e43094f8f43065f3410384f8f43094f8aa
:10eedc006d3023f0600343f0600384f86d3006e07e
:10eeec00272900f05581a1f1280460426041f8bd4a
:10eefc00c37d012b54d190f8e42090f8e2305ab144
:10ef0c00112b01d0032b02d1d4f8b41121b9112a41
:10ef1c0002d001252846eae7d4e96d52112b18bf1f
:10ef2c001546b4f85c20eb8a9b1a9bb247f6fe722e
:10ef3c0093422cd83df088f8014608b90025e9e742
:10ef4c0094f8f230d80711d4628f2b8a9a4207d1e9
:10ef5c00a28f6b8a9a4203d1e28fab8a9a4205d078
:10ef6c0094f8f23043f0010384f8f2300023cb71b3
:10ef7c00eb8a8b600c35cd6020463ef0b9fc94f8e2
:10ef8c00e230112bc5d0112384f8e430c1e72046c0
:10ef9c00112138f0ccf82821204639f01ff8b8e7b9
:10efac0039f093ff05460028c8d01121204638f0cf
:10efbc00bef8afe7c57d012d28d190f8e430002bc9
:10efcc00a8d1d0f8b831b0f85c20db889b1a9bb282
:10efdc0047f6fe72934213d83df036f801460028ee
:10efec00acd0c571d4f8b831db888360d4f8b831b3
:10effc00c36020463ef07cfc122384f8e43089e7a1
:10f00c0039f0cefc294618f0c1fc83e739f05dffde
:10f01c000546002892d031462046f4e790f8e430bb
:10f02c0013b1222b7ff475afe27d012a1dd113b9e8
:10f03c00212384f8e43020462ff082fa054600287c
:10f04c003ff468af032384f8e53094f86d3023f077
:10f05c00600343f06003204684f86d3035f0b6fb56
:10f06c0004f58d702bf00cf954e703212046bde814
:10f07c00f84039f02abf26f015ff00283ff407afff
:10f08c0094f8e430002b7ff402afe37d012b05d123
:10f09c0020460921bde8f84034f01ebb3146e5e7b7
:10f0ac0090f8e23003f0ef02032a02d1d0f8b461f9
:10f0bc000eb9d4f8b861132b03d094f8e430132ba9
:10f0cc0064d1e57d012d57d13389a4f860303146e8
:10f0dc00204638f095f87788dfb9132138f027f8f7
:10f0ec0094f8f2309b077ff515af2946204639f08e
:10f0fc00fdfe3df042fa39460646204639f0f6fe52
:10f10c003df03bfa3b4602463146204635f0d8fef0
:10f11c0000e7b4f85c20b3889b1a9bb247f6fe72ea
:10f12c00934221d8b17811b939f0e0feb070f37880
:10f13c0023b90121204639f0d9fef0703cf084ff50
:10f14c00014600283ff4faae1823c371b3888360dc
:10f15c00b31cc36020463ef0cbfbb178204626f0b2
:10f16c000df9a4f86000d4e6132137f0e0ff282154
:10f17c00204638f033ffcde61821204639f0a5fea5
:10f18c00054600283ff4daae13210fe718216de78e
:10f19c0090f8e4304bb190f8e230082b01d0032bff
:10f1ac007ad1d4f8b431002b76d0e67d012e77d10c
:10f1bc0094f8e230082b01d0032b02d1d4f8b451cf
:10f1cc0015b9d4f8b85100262946204631f056fd21
:10f1dc000746002846d0a8893ef08efc03283fd174
:10f1ec00b4f85c003ef088fc002839d16b894bb137
:10f1fc00aa89524292b2b2fbf3f103fb11229b1a81
:10f20c00a4f854306b89b4f850209a420cd1b4f85d
:10f21c0052102a8a914207d1e18f6a8a914203d116
:10f22c00a18fea89914239d0a4f850302a8aa4f8e7
:10f23c0052206b8ae387e989a187db00618fb3fbde
:10f24c00f1f3c4e92433a36fa4f85820002143f44c
:10f25c008063a4f85a10a367204630f0bbfc12e080
:10f26c00ab89cde727211e22204631f0bffc94f854
:10f27c00e230082b0cbf39460121204618f086fbe2
:10f28c001e21002ee8d194f8e230082b0cbf00218f
:10f29c000121204618f07afb012028e60021f0e736
:0ef2ac002721204639f011fe0028ecd11fe684
:020000040000fa
:020000040100f9
:02f2ba0070479b
:020000040000fa
:020000040100f9
:10f2bc00002800f01382f0b58bb014460546b2b1ad
:10f2cc008668a6b15288277904f11000a2f5006374
:10f2dc00082b0cd8dfe813f0090047005d005d0037
:10f2ec005d0077009300b000f900012f01d00bb046
:10f2fc00f0bd012306aa022117f0f6fa96f868323f
:10f30c00022b0bd0032b26d0042bf0d19df81830f8
:10f31c00002becd1012386f8683205e09df81830fb
:10f32c007bb9012386f86832d6f86442002cded013
:10f33c0006f51b7396f86822d6f8b4122846a04737
:10f34c00d5e7032386f868323422002106f53270a3
:10f35c003cf02effe8e79df81830002bc7d10123b5
:10f36c0086f86832e0e7022fc1d1012306aa0221f8
:10f37c0017f0bafa012306f26d22022104f11800eb
:10f38c0017f0b2fa9df8183003f0010386f86c32ce
:10f39c00ade7012fabd140f604039a420cbf022417
:10f3ac000124022306aa194617f09efad6f8b87261
:10f3bc00002f9cd0d6f8bc120094bdf81830002257
:10f3cc002846b84793e7012f91d1022306aa194684
:10f3dc0017f08afad6f8c042002c88d0d6f8c4129e
:10f3ec00bdf81830022b94bf002301235b0002935d
:10f3fc0000220192009213462846a04777e7012f7e
:10f40c007ff475af022306aa194617f06dfabdf802
:10f41c001830002b14bf02230323d6f8c042002c53
:10f42c003ff465afd6f8c412029300220192009209
:10f43c0013462846a0475ae77b1f012b3ff657afd0
:10f44c00012306aa022117f04ffa01230df119022c
:10f45c00022104f1180017f047fa01230df11a02ea
:10f46c00022104f1200017f03ffa00230793052f27
:10f47c0015d1d6f8c0720fb396f8c83213b106f591
:10f48c0032730793d6f8c41201230293638e01934f
:10f49c00636b0093e36a06aa2846b8470ee0022382
:10f4ac0005aa194604f1300017f01efa02230df1db
:10f4bc001602194604f1380017f016fa342200210e
:10f4cc0006f532703cf074fe11e7012f7ff60faf9a
:10f4dc0001230df11602022117f006fa9df81630e1
:10f4ec00013b292b3ff603af01a252f823f000bfda
:10f4fc00a5f50001c3f50001d9f50001fbf20001ef
:10f50c00fbf20001fbf20001fbf20001fbf2000137
:10f51c00fbf20001fbf20001f7f50001fbf2000128
:10f52c00fbf20001fbf20001fbf20001fbf2000117
:10f53c000df600011ff60001fbf20001fbf20001c9
:10f54c00fbf20001fbf20001fbf20001fbf20001f7
:10f55c00fbf20001fbf20001fbf20001fbf20001e7
:10f56c00fbf20001fbf20001fbf20001fbf20001d7
:10f57c0031f6000143f60001fbf2000155f60001e3
:10f58c0067f6000179f60001a1f60001b3f600015f
:10f59c00c5f60001d7f60001012306f2c9220321aa
:10f5ac0004f1180017f0a0f900283ff4a0ae0123d5
:10f5bc0086f8c8329be6042306f53372032104f166
:10f5cc00180017f091f90028f1d190e6202306f5e8
:10f5dc003672052104f1180017f086f900283ff463
:10f5ec0086ae002386f8f832e1e7042306f5347280
:10f5fc00032104f1180017f077f90028d7d176e62b
:10f60c00042306f51c72032104f1180017f06cf9a1
:10f61c006de6302306f28122052104f1180017f063
:10f62c0063f964e6022306f51e72032104f1180047
:10f63c0017f05af95be6022306f27a22032104f151
:10f64c00180017f051f952e6012306f52072032138
:10f65c0004f1180017f048f949e6012306f51f726a
:10f66c000a2104f1180017f03ff940e6032f7ff44c
:10f67c003eaed6f80033002b3ff439aee269069269
:10f68c00628b0792626a0892628c099206a92846dc
:10f69c0098472ce6042306f51d72032104f118008b
:10f6ac0017f022f923e6012306f27d220a2104f148
:10f6bc00180017f019f91ae6012306f27e220a2126
:10f6cc0004f1180017f010f911e6012306f27f225d
:10f6dc000a2104f1180017f007f908e6704700bf7b
:020000040000fa
:020000040100f9
:10f6ec0070b596b00378032b04d0012b00f07a810f
:10f6fc0016b070bd44682378062bf9d801a252f8d5
:10f70c0023f000bfebf700012df70001fdf600011f
:10f71c00fdf60001fdf600016bf8000183f7000116
:10f72c00bd4b1b78002be3d0a08836f079f804464b
:10f73c000028ddd08378002bdad103a9807f18f064
:10f74c0051fe70b911ab0df142020df13a01208856
:10f75c0039f0a0ff0028cbd1012120883af0b9f96b
:10f76c00c6e720883bf0c0fa0028c1d100212088d0
:10f77c003af0aff9bce7a84b1b78002bb8d0a088a7
:10f78c0036f04ef805460028b2d08378012bafd165
:10f79c004c22002103a83cf00bfd03a9a87f18f014
:10f7ac0021fe70b99df8542012f0020f09d0a379f4
:10f7bc0013f0040f0fd012f0010f02d013f0080f4a
:10f7cc0009d0a0883bf09dfa002891d10021a08897
:10f7dc003af07ff98ce7a0883bf0a0fa88e7a37990
:10f7ec005bbba08836f01cf80546002880d0a288a8
:10f7fc00237a03218df80c10adf80e2000228df821
:10f80c0011208df8123003a831f0b4fd0123eb72f6
:10f81c00d4f80900d4f80d10d4f81120d4f8153010
:10f82c00e86029616a61ab61ab78002b7ff460af53
:10f83c00012128883af04df95ae7a188e279042091
:10f84c008df80c00adf80e1000218df811108df80c
:10f85c0012308df8132003a831f08cfd48e7a088f6
:10f86c0035f0deff064600283ff442af4c203df059
:10f87c002fff054600283ff43baf4c2200213cf003
:10f88c0097fc04f1780393e803002860a980090c25
:10f89c00a971284620f00cf90346082853d0b377f9
:10f8ac00b278002a7dd194f8222012f0010f64d096
:10f8bc00a668e06821696269ae63e86329646a64da
:10f8cc00a66ee06e216f626fc5f80760c5f80b007d
:10f8dc00c5f80f10c5f8132094f82220920895f85b
:10f8ec00481062f3870185f8481094f82220c2f37f
:10f8fc004002c9b262f3410185f8481094f8221015
:10f90c0095f8482061f3000285f84820666aa06ae1
:10f91c00e16a226bc5f81e60c5f82200c5f82610f6
:10f92c00c5f82a20606bc5f81700218f94f83a208f
:10f93c00a5f81b106a77294618461df061fe28466b
:10f94c003df0cafed4e638f0e0fb03460828a6d109
:10f95c0005238df80c303388adf80e3008238df864
:10f96c00113003a831f006fd38f0cffb0346082810
:10f97c0095d128463df0b0febae6e66c206d616d7f
:10f98c00a26dae63e86329646a64d4f85e10d4f89f
:10f99c006220c5f82e10c5f83220b4f85c20ea8637
:10f9ac008ee7d4f808c0e06821696269c5f838c0f0
:10f9bc00e86329646a64d4f808c0e0682169626964
:10f9cc00c6f80cc030617161b261a66ee06e216f39
:10f9dc00626fc5f80760c5f80b00c5f80f10c5f8c5
:10f9ec00132079e744682378052b17d0032b7ff479
:10f9fc007fae2379002b6dd1638803228df80c2008
:10fa0c00adf80e3001238df8113000238df8123033
:10fa1c0003a831f0affc6be6bf110120608835f014
:10fa2c00fffe054600283ff463ae012100883af042
:10fa3c0050f8eb7aa3bb03a9a87f18f0d3fcc8b984
:10fa4c0011a928883af0aefc00283ff451ae638827
:10fa5c0004228df80420adf8063001238df809300e
:10fa6c0000238df80a308df80b300deb020031f0cd
:10fa7c0081fc3de628883bf0dcf8638804228df895
:10fa8c000420adf8063001238df8093000238df8e1
:10fa9c000a308df80b300deb020031f06bfc27e6d1
:10faac00294631f80c0b3af07dfc00283ff420aecf
:10fabc00638804228df80c20adf80e3001238df8ec
:10facc00113000238df812308df8133003a831f06b
:10fadc0051fc0de6638804228df80c20adf80e3035
:10faec0001238df8113000238df812308df813306e
:08fafc0003a831f03ffcfbe51b
:020000040000fa
:020000040100f9
:10fb0400002800f0ed812de9f04fc1b00e461546f6
:10fb1400044600232793bf4b2893bf4b2993bf4b25
:10fb24002a93bf4b2b93bf4b2c93bf4b2d93bf4baf
:10fb34002e9303f17453a3f52303a3f692432f9357
:10fb44000df1c00c00696169a269e369ace80f00ba
:10fb5400206a616aa26ae36aace80f006346d5f8da
:10fb64000200d5f8061003c36a891a80ef78fb00f7
:10fb740003f5a8732693b3f5a87f02d200230133bb
:10fb840027934ff02a0b6fb305f10c080df1800990
:10fb940006e010a926a812f01df94ff0000b0fb3d0
:10fba400cbf1400aba4528bfba465246414630ab6b
:10fbb40003eb0b003bf068fdd344d044a7eb0a07ea
:10fbc400bbf1400febd130aa10abd178197091780a
:10fbd40059705178997012f8041bd97004339945ff
:10fbe400f3d1d6e705f58a77269b03f11002269216
:10fbf400934202d9279a01322792c3f3c50b4ff0df
:10fc040002080df1800908e010a926a812f0e2f814
:10fc14004ff0000bb8f1000f21d0cbf1400ac245e0
:10fc240028bfc2465246394630ab03eb0b003bf0cb
:10fc34002bfdd3445744a8eb0a08bbf1400fe9d18c
:10fc440030aa10abd17819709178597051789970a5
:10fc540012f8041bd97004334b45f3d1d4e7269b27
:10fc640003f138022692934202d9279a013227924d
:10fc740005f58b79c3f3c50b072705e010a926a862
:10fc840012f0a8f8c34617b3cbf1400aba4528bf0f
:10fc9400ba465246494630ab03eb0b003bf0f4fc4a
:10fca400d344d144a7eb0a07bbf1400febd130aaf0
:10fcb40010ab20a8d1781970917859705178997047
:10fcc40012f8041bd97004338342f3d1d6e7ddf86c
:10fcd40098904fead90bcbf1770808f03f088023be
:10fce4008df84030472200210df141003cf064fac8
:10fcf40008f580736b4403f8b89c4fea192203f8a3
:10fd0400b92c4fea194203f8ba2c4fea196203f8e6
:10fd1400bb2c279a03f8bc2c110a03f8bd1c110c48
:10fd240003f8be1c110e03f8bf1c08f1090809eb07
:10fd3400c8032693994584bf013227920bf03f0be9
:10fd44000df1400907e0694626a812f043f8bb46c6
:10fd5400b8f1000f22d0cbf1400ac24528bfc246f9
:10fd64005246494630ab03eb0b003bf08dfcd344c9
:10fd7400d144a8eb0a08bbf1400fe9d130aa6b4685
:10fd840010a8d1781970917859705178997012f837
:10fd9400041bd97004338342f3d1d4e79df8a33014
:10fda4008df890309df8a2308df891309df8a130f7
:10fdb4008df892309df8a0308df893309df8a730df
:10fdc4008df894309df8a6308df89530062205f212
:10fdd4001d1124a839f09ef918b1002041b0bde8e6
:10fde400f08f95f8168100220023cde9222305f235
:10fdf400171ed5f817012290b5f81b31adf88c30d9
:10fe0400002e6fd0308800284fd095f807c0b11c61
:10fe1400002312e067e6096a85ae67bb72f36e3ca5
:10fe24003af54fa57f520e518c68059babd9831fc1
:10fe340001339bb20931834235d04a786245f7d108
:10fe440095f808908a789145f2d10a784245efd125
:10fe5400984227d000200021cde9100103ebc30212
:10fe64000532b118b05810908a88adf84420229a0f
:10fe740090422399119a8a4130d203ebc30305338c
:10fe8400f218d5f81711f150bef804309380229976
:10fe9400239aa068e3688842934129d2a160e26072
:10fea40001209be718460f281ed8229b114a9b1855
:10feb400239a42f10007a168e2688b4277eb0202c1
:10fec40014d3ea7900ebc0033344da702a7a1a7146
:10fed40083f80280431c33800346cee700207de78d
:10fee40001207047002079e7002077e7002075e7bc
:08fef400012073e7808d5b0023
:020000040000fa
:020000040100f9
:10fefc0084b02de9f74305460ba880e80e000b46ad
:10ff0c00042d00f26181dfe815f005005f01bb01f3
:10ff1c00c101c9010c689df83c3084f8fb300e9b84
:10ff2c00c4f828310df1020101a835f0e9febdf845
:10ff3c00021001983df0e0fcbe4b196830f076ffe2
:10ff4c00bd4bc4f82c0100261e70bc4b01221a803c
:10ff5c00bb4b1e70bb4b1e703df06efaba4b94f847
:10ff6c0021101e7040b194f84720012a02d0042ab7
:10ff7c0040f02f8101221a7094f81931dbb994f8f2
:10ff8c00fb30002b00f08f8194f8542094f894707f
:10ff9c00ff265119b94207da04eb8503d4f828017e
:10ffac009b6d984280f019813246002120461cf04e
:10ffbc002ffba64b1e70a64aa64800231370a64a18
:10ffcc001370012384f8fa303df05afa94f8473054
:10ffdc00012b04d1a14904f5c67014f089fc21460b
:10ffec00012020f031fe2146012013f0f1ff94f89e
:10fffc00fb80d4f8743104f5ba77d4e94a69b8f1c6
:020000040101f8
:10000c00000f01d0d4f89830c4f89c302046dd683d
:10001c0034f0fefa20463bf003fb204630f096ff0e
:10002c0094f819218e4b002a00f0e28094f82420d9
:10003c00022a00f0d680032a00f0d6801a884921c3
:10004c0061f30e021a80874b94f835101a8861f30d
:10005c0004121a806c3b03201a686ff34d321a603d
:10006c0094f824103cf0aefd2a46494638462ef052
:10007c0084fc94f81931b3b1d4f87c319bb1d4f829
:10008c002001c4303bf012fd0146d4f82c0130f0b5
:10009c00cdfed4f87c31c4f844010146da6804f58d
:1000ac00be702ef06afcb8f1000f3fd1d4f8743159
:1000bc0094f81890d3f80c8001210deb010025f079
:1000cc0055f89df801100622b1fbf2f302fb131355
:1000dc0094f84710dbb20b298df801304ff0010278
:1000ec000dd802fa01f111f0050f40f0848040f6b2
:1000fc00c870084018b911f0120f18bf02225a49e3
:10010c0003eb43030b4412010021585c29fa00fc59
:10011c001cf0010f07d0d8f808c0253060f3c80ccc
:10012c00c8f808c0904401310329eed194f8473047
:10013c00052b09d9d4f87c3133b194f819311bb99a
:10014c004a4b20461b689847d4f87431002b54d185
:10015c0094f8193173b104f5be7894f852104046f6
:10016c003af05afc3946204633f000fc4146204612
:10017c0033f0fcfb3e4b1b6823b194f819210ab1f8
:10018c002046984794f847303a4a012b11683a4b6d
:10019c0049d1062060f30f0111601a6842f0020287
:1001ac001a601a68adb265f31f421a60334a1168bf
:1001bc00b6b266f31f4111601a6842f001021a6070
:1001cc00d4f82c0139f026fc03b0bde8f04304b0a0
:1001dc00704700297ff4ceaecee60135ceb2edb23b
:1001ec00d7e61a882d212be71a884ff4d37127e70d
:1001fc001a88492124e7032281e7d4f89c209a42eb
:10020c000ad8197ada68042908d0052906d019b950
:10021c00106861f3461010601b6897e711686ff364
:10022c0046111160f8e76ff30f0111601a686ff354
:10023c004102b5e774290120e4290120cc290120d1
:10024c00e3290120e2290120e5290120e6290120ea
:10025c00e72901203d4b0201e82901200088130009
:10026c006c380141c0340141e0c5040180290120f2
:10027c00842901205c3e0141583e0141703e014100
:10028c009df83410186837f0c5fc9de701910b49b7
:10029c0001ab042201202af05bf995e7019101ab37
:1002ac0004220749f6e7ff22012120461cf0b0f991
:1002bc00ff2384f854302a4668e600bf050001018c
:0402cc000600010126
:020000040000fa
:020000040101f8
:1002d0002de9f04f242985b0dde90e8a05460e464a
:1002e000144601d8012903d1a14b16221a6048e017
:1002f000eb6bea6c93424bd25a1cea6318782028c5
:10030000f6d0a0f10903042bf2d92b2801d02d2817
:1003100046d1eb6bea6c2d284ff0ff3b18bf4ff036
:10032000000b934238d25a1cea631878ea6cdff863
:100330004892002e00f09f81102e40f0a0813028be
:1003400040f09d81eb6b93422dd25a1cea631878e2
:1003500040f02003782b35d1eb6bea6c934226d228
:100360005a1cea63187809eb00035b780f2b40f204
:10037000e580eb6c002b00f07581eb6bdcb1023b90
:10038000eb63002427462046394605b0bde8f08fd0
:1003900028462df039fbb2e728462df035fbc5e79e
:1003a0004ff0000bc2e728462df02efbd0e7284681
:1003b0002df02afbd7e7013beb63002128463bf0f9
:1003c00089f9dee7002e14bf10260826741e34407b
:1003d00040f0168117237343c3f342134b4493f841
:1003e000013100bf09eb00025278964203d9b4f103
:1003f000006fc0f0a5804ff0ff32c3f1200e22fa4b
:1004000003f102fa0efea3f1200c22fa0cfc41eae1
:100410000e01da40002741ea0c01019209eb000cc1
:100420009cf801c0664555d9019aa14272eb070eae
:1004300050d3a3f1200e04fa0efec3f120009f401a
:1004400024fa00f047ea0e07ea6b0743e86c9c4089
:1004500082424cea040480f08380501ce8631078e8
:10046000dce70a2eb2d1434f00240ce0ea6beb6cc0
:1004700004eb840400eb44049a42a4f1300449d212
:10048000531ceb631078a0f13003092b01d8bc4258
:10049000ecd30027a0f13003092b21d84ff099327b
:1004a000a24202f10042ba4114d34ff00a0ca4fb5d
:1004b0000c210cfb07110191991801994feae37c7b
:1004c0005ceb01014ff0000e28bf4ff0010ebef1b2
:1004d000000f23d009eb00035b78b342c0f09d808e
:1004e000eb6c13b1eb6b013beb63444577eb0a0319
:1004f000c0f0b08018f0010f40f0a280bbf1000ff7
:1005000040f0b4801a4b222218f1ff341a604af1ed
:10051000ff3738e728462df077fab4e7d418019b67
:10052000ea6b4ceb0307eb6c9a4203d2531ceb6370
:100530001078afe728462df067faabe7102645e7bd
:100540009c40e96b1443ea6c914203d24a1cea6373
:10055000087847e7284601932df056fa019b41e7ba
:100560002846cde902312df04ffadde9023155e799
:10057000b429012099999919b2600201ea6c04fb2f
:100580000634eb6b934237d25a1cea63187809ebb6
:1005900000035b789e4202d9404a9442eed900277c
:1005a00009eb00035a78964294d9002357b1a6fb71
:1005b000043ca6fb071311eb0c0143f10003003bc5
:1005c00018bf0123002b85d1a6fb041c06fb07cc1a
:1005d00012eb010e5cf1000e28bf0123002b7ff40b
:1005e00079af8c18eb6cea6b4cf100079a4209d298
:1005f000531ceb631078d3e728462df005fac6e7c5
:100600000024c4e728462df0fff9c9e7eb6bea6c3c
:10061000934211d25a1cea63187848444378b34293
:10062000f4d31f4b222218f0010f1a60444657469c
:1006300018bf4ff0000b53e728462df0e5f9ece723
:10064000a0457aeb070305d2154b22221a604446d7
:10065000574698e6bbf1000f3ff495ae644267eb56
:10066000470790e6002c7ff48caea6e6a0457aeb17
:100670000703f3d2e8e730283ff464ae0a2609eb1b
:1006800000035b78b342fff4ecae12b1eb6b013bbd
:10069000eb63002128463bf01df825e6c6711c07d8
:0406a000b429012058
:020000040000fa
:020000040101f8
:1006a4002de9f04f8db00646029114460393084697
:1006b40038f0ccfa15280bdd242815dd8c2816dd3e
:1006c400b0f5e17fccbf4ff0060b4ff0050b01e016
:1006d4004ff0010b0ba9204631f048fe019048b1c0
:1006e40001980db0bde8f08f4ff0030bf2e74ff027
:1006f400040befe7012303fa0bf305934ff40a7994
:1007040003fb099948462cf08ffa8046002800f034
:10071400a7814ff40a7707fa0bf707440546a9f5b2
:100724000a79814428463bf00dfb05f50a754d45d1
:10073400f8d138463bf006fb2146384627f05ffbec
:10074400019000287ad1314620462ef05dfa012826
:100754007cd008f50a72214630462ef0dfff019066
:1007640000286fd108f50a730493224639461846c7
:1007740034f098fe019000286ed10bf1ff360696f6
:100784004ff40a75b54045442946049837f088fd6e
:10079400002e14ddb246019e2946284633f048fc5b
:1007a400814600285cd100230b9a214628460ef08e
:1007b400fbff8146002859d101365645ecd14ff054
:1007c4000109069b09fa03f909f10109059e4e4541
:1007d4001cdd4ff40a759d404544ddf810a0284601
:1007e40005f50a752a4651462ef072ff002843d1ba
:1007f40000230b9a214628460ef0d6ff002841d14b
:1008040009f101094e45ead1ddf81490d9f100034c
:1008140009f01f0903f01f0358bfc3f1000909f1d0
:100824000109029b1b685e1e019b1d4607930693ec
:100834004ff0000acdf82080a04638e0404632f060
:10084400f5f94de7404632f0f1f949e708f50a7148
:10085400304637f025fd85e7404632f0e7f93fe7bb
:10086400404632f0e3f9cdf8049039e7404632f0df
:10087400ddf9cdf8049033e70646404632f0d6f968
:1008840001962de70646404632f0d0f9019627e757
:10089400012d00d113b3079a0132abeb02018b4057
:1008a400069919430691934535d007920225b9f16b
:1008b400010909d1b6f1ff3f7dd0b31c029a52f869
:1008c40023a0013e4ff020094feada734fea4a0aa7
:1008d400002dddd1002bded11d46e8e73946384630
:1008e40033f0a6fb044678b900230b9a41463846f8
:1008f4000ef05aff04460028d9d0ddf82080404687
:1009040032f094f90194ebe6ddf82080404632f0b1
:100914008df90194e4e6019dcdf824a0ddf81ca036
:1009240000e01d463946384633f082fb20bb0b9c61
:1009340000232246414638460ef036ff20bb6b1c8e
:10094400aa45eedcddf824a03a464ff40a71089b70
:10095400069801fb003138462ef0bafe0546d8b998
:1009640000232246414638460ef01eff0690d0b9b9
:10097400069b079301259ae7ddf82080044640464c
:1009840032f054f90194abe6ddf820800446404689
:1009940032f04cf90194a3e6ddf82080404632f0b1
:1009a40045f901959ce6ddf82080404632f03ef999
:1009b400069b019394e64446ddf82080022d40d145
:1009c400079b002b3ddd069d11e0404632f02ef9d9
:1009d40086e6404632f02af982e6404632f026f9ad
:1009e4007ee600bf09f10109079b4b4529d0394632
:1009f400384633f01dfb01900028e6d10b9e0023fe
:100a04003246214638460ef0cffe01900028e0d150
:100a14006d00059b2b42e5d03a46049938462ef0ea
:100a240057fe01900028d8d100233246214638468b
:100a34000ef0bafe01900028d4d0404632f0f6f809
:100a44004ee600230b9a214638460ef0adfe019087
:100a54000399384637f024fc404632f0e7f83fe685
:080a64006ff0010301933be672
:020000040000fa
:020000040101f8
:100a6c002de9f04fadf6fc2d049205930b68002b8d
:100a7c0000f0bf8105460c462ef0c2f8b0f1ff3fe6
:100a8c003ed00df50d603bf059f92b68cdf8d03800
:100a9c0096a83bf053f90ca83bf050f929460df5fc
:100aac00d5603af09ff821460df590603af09af82f
:100abc00d5f8049066680023cdf88434cdf8ac36b4
:100acc000df5906038f0bef8434200f01f0003f0c3
:100adc001f0358bf58421e2826dcc0f11f0a0df513
:100aec00d562514610461ef035fd0090b8b90df593
:100afc009062514610461ef02dfd0090b0b10ee0f4
:100b0c00059b1bb11946284637f0c6fb049b002bee
:100b1c0000f0738118463bf011f900230093009804
:100b2c000df6fc2dbde8f08f4ff0000addf8a8762d
:100b3c00ddf880b4a7eb0b0841460df5906025f06d
:100b4c00a5fd00900028ead10df50d650df590611d
:100b5c000df5d56034f089fcb0f1ff3f11d008f1f0
:100b6c00020255f82230013345f822300df5d562da
:100b7c000df5906110462ff0d5fd0028e6d00090c1
:100b8c00cde741460df5906029f012fe5f4540f32c
:100b9c00bb807d1e0bf1ff387b1ca3eb0b030df50b
:100bac000d6202eb830302930df5d56303eb870310
:100bbc000393cdf818900796cdf804b0cdf820a08b
:100bcc00099463e04ff0ff33029a136077e000233f
:100bdc000e93012d18bf002301d1daf800300f93ca
:100bec00cdf8409003230c930ca996a82ef008f88e
:100bfc00012821d127687e1e266096a83bf09ef81e
:100c0c00b8f1000fc3bf0df59063019a53f8223071
:100c1c0000239893cdf864b20223969396aa31469a
:100c2c0010461af0e1fd002840f0ea80012dcedddf
:100c3c005af8043c0e93d0e7b3463e4696aa594662
:100c4c000df590601af0d0fd002840f0db80019b80
:100c5c00ef1a394696a825f019fd002840f0d480eb
:100c6c000df5d56296a910462ff05cfd002840f0da
:100c7c00cd80ddf8ac36012b28d0013d029b043b26
:100c8c000293039b043b0393454537d0ddf8a8360c
:100c9c00ab42f2db039b9a46d3f8049008f10203b3
:100cac000df5906252f82370b9458bd03a4600236b
:100cbc0003990868494635f093fa029b1860029a2a
:100ccc001446136801331360bb4693e796a90df5e0
:100cdc00906037f0e1fa394696a825f0d7fc002849
:100cec0040f096800df5d56296a910462ff086f946
:100cfc00002840f08f80023e2660bee7ddf8189099
:100d0c00079eddf820a0099cddf8a836002b18bf43
:100d1c004b46cdf8ac36049b4bb3ddf8d038cbb199
:100d2c000df6f82202eb8302a2f5087200200125d1
:100d3c00013b52f8041d39b928460bb10a93f7e769
:100d4c000022cdf8d02805e010b10a9bcdf8d038a0
:100d5c00ddf8d438cdf8d438049d29460df50d6056
:100d6c0037f09afab9eb060318bf01236b60059ba9
:100d7c00002b3ff4d4ae00230df5d562514610463e
:100d8c001ef0e6ff2268ddf8a8369a420eda0df660
:100d9c00f82101eb8202a2f24c420df2ac6101eba4
:100dac008301002042f8040f8a42fbd1cbb10df62f
:100dbc00f82202eb8302a2f5896200200124013b98
:100dcc0052f8041d39b920460bb10b93f7e70022fa
:100ddc00cdf8a82605e010b10b9bcdf8a836ddf8b0
:100dec00ac36cdf8ac3605990df5d56037f054fa24
:100dfc0095e64ff0ff33009391e6002300938ee6c7
:100e0c0000908ce600908ae6009088e6009086e6da
:080e1c00009084e6009082e6dc
:020000040000fa
:020000040101f8
:100e2400002800f0d581f0b599b014460546022b90
:100e340009d0032b00f08d80012b02d110463cf029
:100e44004ffc19b0f0bd1e9b002bfad08368002b19
:100e5400f7d01e9b1b881e9a5688b3f5e06f26d0e8
:100e640040f201729342ecd104aa1e9bd968587acd
:100e74002ef0a0fc0028e4d002230df10e02194646
:100e840004a815f035fda868bdf80e1000f5d4705f
:100e94003af0dcfc01460028d3d0c468002cd0d042
:100ea400b6fa86f35b0902692846a047c9e704aa93
:100eb4001e9bd968587a2ef07dfc0028c1d00223ed
:100ec4000df10e02194604a815f012fdb6fa86f3c8
:100ed4005b09bdf80e20022a1dd0032a2bd0012a5b
:100ee400afd1a868214600f5d4703af0bafc0446a4
:100ef4000028a6d066b1c66826b10023026901465f
:100f04002846b047ac22002120463bf055f998e72b
:100f14000023836095e7a968d1f85442002c90d04f
:100f24000022c1f85422a96800931346d1f858123c
:100f34002846a04785e7a968d1f85442002c80d000
:100f44000022c1f85422a968d1f858122846a047b3
:100f540077e71e9b002b3ff474af8368002b3ff4ac
:100f640070af1e9b5b881e9a167902f11000b3f5d0
:100f7400e06f69d040f2017293427ff462af022eb7
:100f84007ff65faf022304aa194615f0b1fca868e6
:100f9400bdf8101000f5d4703af058fc044600284f
:100fa4003ff44fafc368002b3ff44baf022303aab7
:100fb40019461e98183015f09bfc02230df10e0201
:100fc40019461e98203015f093fca378012b00f0ed
:100fd4009580022b7ff435af636913b9bdf80e30e9
:100fe4006361bdf80e30a362042e00f0ba80e36999
:100ff400cbb1bdf80e3023b194f82420002a40f080
:10100400c8800023e36184f82430e668042322695d
:1010140021462846b0472378002b3ff412afe369fa
:10102400002b7ff40eafbdf80e30002b40f0b180e2
:10103400e6680523226921462846b047ac220021f0
:1010440020463bf0b9f8fce6012e7ff6faae022307
:1010540003aa194615f04cfcbdf80c30022b28d01d
:1010640023f004039bb2012b7ff4ebae022304aa0a
:1010740019461e98183015f03bfca868214600f567
:10108400d4703af0eefb014600283ff4daae8388d0
:10109400002b7ff4d6ae01230370bdf8103083809b
:1010a400c468002c3ff4cdae022302692846a04751
:1010b400c7e6022e7ff6c5aeab68d3f85432002bd8
:1010c4003ff4bfae02230df10e0219461e981830ec
:1010d40015f00efc212304aa05211e98203015f0da
:1010e40007fca96801230093d1f8544204ab9df88e
:1010f4000e20d1f858122846a047a2e6bdf80e30bb
:101104006362227ebdf80c309a427ff49aae0022cc
:1011140084f82820214628461af096fee36983b114
:10112400bdf80e30002b7ff48caee66805232269ef
:1011340021462846b047ac22002120463bf03cf82b
:101144007fe6227ebdf80c309a42e9d1e66803239b
:10115400226921462846b0472378002b3ff471ae1c
:10116400dee794f82430e26906211e98283015f051
:10117400bffbe2690244e26194f82420121a84f865
:101184002420226a002a3ff432af1168014411601e
:101194002de794f824609e4228bf1e46002e3ff49b
:1011a40050ae2b460b4a0021012031f0fcfd0746ce
:1011b40000283ff446ae227e0132d2b22276334674
:1011c400a18828f0e6fb3946a86830f08bfe38e6a3
:0811d400704700bf250e010168
:020000040000fa
:020000040101f8
:1011dc002de9f04fd3b00d4604460023014678228a
:1011ec0014a80c933af04cfa05b12e95ddf8b8a082
:1011fc00baf1000f00f0c0811b9b0a93aa4b1b682d
:10120c000193d3f80c220023029312bb9df8a23059
:10121c0011932a9b12931c9b0f930a9b0093029b86
:10122c0003930c230e93049206929346039b2bb1cb
:10123c000e9b013b13f0ff030e9320d1049b0bb1cb
:10124c00009b1b931b980a9bc01ac0b253b0bde8fd
:10125c00f08f93689c4210d0d96e71b959698b424a
:10126c000bd1996e49b1029952a800eb810141f85a
:10127c00803c029b0133dbb202931268c5e752ab90
:10128c0003eb8b0353f8805c002d00f06f81af6e85
:10129c00ba458bbfbafbf7f3b7fbfaf307fb13a303
:1012ac000afb137323b3aafb07013e465246c6b989
:1012bc00334634f095ff012908bf002880f099804f
:1012cc00002800f05581b0fbfaf3dbb2092b0c932c
:1012dc0005d9b0fbf7f0c0b2092800f28a800223ce
:1012ec0007e0b2fbf6f306fb132332461e46dee79d
:1012fc000123ea690592119a012a05bf009a1299f5
:10130c00ddf80080a2eb010895f8522008bfc8f365
:10131c001608012a05bfac6d059a059c141b08bf65
:10132c00c4f31604012b2b6a099340f08380a8ebbd
:10133c00040358021ed5019b5c4893f8401203eb42
:10134c00410107f59c72b1f83832b1f83c120b44ec
:10135c0040f23911b3fbf1f3a4eb0801db4352006b
:10136c0040f271270140b2fbf7f213448b429cbf51
:10137c00a41a0440019b4d4d93f8402203eb42020a
:10138c0040f23919b2f83802b2f83c32099ab0fb83
:10139c00f9f0224417460f9ab3fbf9f308eb020954
:1013ac0001332f4009ea050901301f449944221ae0
:1013bc002f4009ea0509a8eb00003b462a404946a4
:1013cc0028403bf0fef8064698b1a9eb07035902fa
:1013dc00009b049054bfa9eb0808a7eb080803f185
:1013ec00030908ea05054d44c5f316030093cdf82f
:1013fc0018b00bf101035ffa83fb029b5b4508bf3e
:10140c004ff0000b039b013b13f0ff0303937ff49e
:10141c000daf002e3ff412af069a029b01325ffa19
:10142c0082fb029a013bdbb25a4508bfddf80cb0d7
:10143c000393fbe6019b1d4893f8402203eb420209
:10144c0040f23911b2f83862b6fbf1f3013307936d
:10145c00e31a03400d93099be518b2f83c32b3fb39
:10146c00f1f205400132334407f59c77b3fbf1f3fd
:10147c00013305eb020810937f0040f271234ff00b
:10148c000009b7fbf3f313931223089208ea000840
:10149c000b934e460c9b99450ad3069b002e18bf06
:1014ac005b460693a5e700bf38290120ffff7f00ac
:1014bc000b9b013b13f0ff030b935bd00afb09f76b
:1014cc0007f59c7740f271237f00b7fbf3f7009b85
:1014dc00079a1f44294b1f40b81a0f9ab918089a3b
:1014ec001940114418401940ea1b520205d57a1bc9
:1014fc0002ea030c109a624522d343460d9a3bf044
:10150c0060f868b3109b0799059c04901d441b4b15
:10151c001d40ef1b009d1f4003357a190092059a60
:10152c00521a1a400d920999059a5518089a1d409d
:10153c0002eb050808ea03084ff000090646a9e784
:10154c00139a1444079a1c40a21a1a400d92099a35
:10155c001519089a1d4002eb050808ea0308c3e7b1
:10156c0009f101095ffa89f93046e7e72e4640e7b1
:10157c0006463ee70b9e3ce7504667e6ffff7f00c2
:020000040000fa
:020000040101f8
:10158c00002800f0b68130b583b08446846844b13d
:10159c00022b08d0032b52d0012b02d110463cf069
:1015ac009bf803b030bd069b002bfad01b88069a23
:1015bc005288b3f5f05f2cd014d8b3f5407f21d00e
:1015cc00b3f5d05fedd112f0ff0f04bf012384f807
:1015dc003c308368002283f86820e36e002be0d057
:1015ec009847dee7b3f5045fdbd194f97030b3f1c3
:1015fc00ff3f12d0fd2384f87030636f002bd0d0e6
:10160c0000216de112f0ff0fcbd1012384f82430bf
:10161c00c7e7002384f83930c3e794f87830002bff
:10162c0000f05481b2f5045f00f05f8142f20113c7
:10163c009a4200f05c81b2fa82f2520947e1069bb1
:10164c00002baed05b88069a157902f11000b3f529
:10165c00e85f00f00f8119d9b3f5f05f7ad0b3f5dc
:10166c00045f9ed1012d9cd9012304f1710202214a
:10167c0015f03af9012304f1720202210698183090
:10168c0015f032f9ff2384f870308ae7b3f5407f08
:10169c001cd0b3f5d05f84d1012d82d904230deb7e
:1016ac000302194615f020f9bdf804300e2b6fd04b
:1016bc000f2b76d0012b7ff474af042304f140027e
:1016cc0002210698183015f00ff96ae7022d7ff405
:1016dc0068af01230df10302022115f005f99df805
:1016ec0003300a3b042b3ff65caf01a252f823f007
:1016fc00111701012b170101af1501013d17010154
:10170c004f17010104230deb030202210698183038
:10171c0015f0eaf8019b1a0ce284238541e70223b9
:10172c0004f12a0206210698183015f0ddf838e786
:10173c00052304f12c0206210698183015f0d4f874
:10174c002fe7042304f1340206210698183015f013
:10175c00cbf826e7022d7ff624af04230deb030212
:10176c0002210698203015f0bff8019bb3f1c04f51
:10177c0006d0604a934207d0012384f8383010e732
:10178c00022384f838300ce7032384f8383008e758
:10179c00012304f1440202210698183015f0a4f834
:1017ac00ffe6032d7ff6fdaebdf90630012b3ff7aa
:1017bc00f8ae04eb031204234832022106981830c9
:1017cc0015f092f8bdf9062004eb021204234c32fa
:1017dc0002210698203015f087f8bdf90620053255
:1017ec00042304eb021202210698283015f07cf831
:1017fc00042d07d8bdf9063004eb0313ff2283f840
:10180c005420cee601230df103020221069830305c
:10181c0015f06af89df80330032b23d8dfe803f0aa
:10182c00020a121abdf9063004eb031354330022da
:10183c001a70b6e6bdf9063004eb0313012283f8e7
:10184c005420aee6bdf9063004eb0313022283f8f4
:10185c005420a6e6bdf9063004eb0313032283f8eb
:10186c0054209ee6bdf9063004eb0313ff2283f8e7
:10187c00542096e6022d7ff494ae012301aa022196
:10188c0015f032f89df80430022b0dd0032b14d038
:10189c00012b7ff486ae042304f54b7202210698cb
:1018ac00183015f021f87ce6022304f54a7219462b
:1018bc000698183015f018f873e6022304f22a3251
:1018cc0019460698183015f00ff86ae6002284f8cd
:1018dc007020636f002b3ff464aedcf8081070319d
:1018ec0060469847002363675be60222efe703221a
:0818fc00ede7704700000f60ea
:020000040000fa
:020000040101f8
:101904002de9f04f8bb0037e01938a4b00930123a2
:101914000591022219460546ec2017f0a7fc002386
:10192400cde906333bf05af8074608b10c24dbe056
:10193400814e29783068b5f802a004303bf0e4fc0d
:10194400b346044628b932681278012a0dd907240f
:10195400cae090f8f820002ae8d190f8f92022b1e2
:10196400e97d90f824201142e0d00af00702072a0a
:1019740000f0d7800af00a020a2a00f0d2800af0a6
:101984001602162a00f0cd801af0100600f0b68078
:101994001af4787f40f0c5801af0800f40f0b580cb
:1019a4001af4407f40f0bd80ecb150462ff0b6f8f9
:1019b4000b2809d840f61242c240d30704d5d4f804
:1019c400ac20002a40f0ad8094f8f92012b994f8c4
:1019d400fc2042b10838c0b2012800f2a2801af0fb
:1019e400200f40f09e802a46a84632f8041fadf826
:1019f400181038f8071f92788df81a2098f80220ea
:101a04008df81e20069aadf81c104c49203a8a42e3
:101a140000f28580ddf81c90a9f120028a427ed86c
:101a2400aa7a002a7bd0282038f0c6fe10b96a8b27
:101a3400002a74d1002c00f08780b4f8b020002a6a
:101a440000f09080002e40f08d8050462ff066f814
:101a54006a7d8df82220ea7d8df82320caf3801355
:101a6400caf34012a97a8df826208df827308df814
:101a740020008df821603246334600bf21fa02f07f
:101a8400c00748bf013302f1010244bfdbb20126a3
:101a9400032af3d10eb18df82130282038f08cfec2
:101aa400b0b3ab7e03f001038df82430eb7e13f06a
:101ab400010300d00123b4f8b0208df8253021466d
:101ac40008a80ff047f840f2712303fb09f398428a
:101ad40048d3cde901031a4b009302220123842148
:101ae400ec2017f0c3fb4524164b0093019401230b
:101af4000022ff21ec2017f0b9fbb6e00af0030244
:101b0400032a0ed01af0080f44e71af0040f49e72d
:101b14003af074ff94f835308df82400cbe71124a3
:101b2400e2e71224e0e73af069ff84f8350084f82c
:101b340036005ee028a6030104290120e03f1f00cf
:101b440044a60301906d0401dbf80000f021043089
:101b54003bf0dafb044628b91af032fc04460028ac
:101b64003ff4f5ae6e8830462ef0d8ff84f8470077
:101b74002b782374b8f80030a38298f80230a37548
:101b8400ab7a2376eb7a63762b7ba3762b462820dd
:101b940053f80d2fc4f81b209b88a4f81f302b7e0c
:101ba40084f825306b7d84f82230eb7d84f8243072
:101bb400eb7c84f82130ab7d84f823306b7e84f891
:101bc4002630c6f3401384f83830c6f3801384f803
:101bd400373038f0f1fd0028a5d0ab7e03f00103c7
:101be40084f83530eb7e13f0010318bf012384f829
:101bf40036300023217e84f8943000bf21fa03f2aa
:101c0400d20748bf94f8942003f1010344bf013282
:101c140084f89420032bf1d194f823302bb994f851
:101c24004770052f94bf0027012784f819712046b7
:101c340095f9143000f8273f3bf0c3fe059a94f958
:101c440027301370039694f82430029394f82230ca
:101c540001930222074b009311460123ec2017f055
:101c640005fb01203af0b2fe002420460bb0bde88b
:081c7400f08f00bf5ea6030122
:020000040000fa
:020000040101f8
:101c7c00431e13f1030f00f2a68170b582b0044627
:101c8c0090f901300133032b00f29a81dfe813f055
:101c9c00060004001a00030103780bb902b070bdf2
:101cac00806894303af02efba36800251d7135f046
:101cbc001dfda36898693bf06dfcab4b02225a6387
:101ccc002570ebe78368a3b193f82020a2b91b7ba6
:101cdc00002b30d0a068a5490c300bf0b1f80530c2
:101cec00062800f2ce80dfe800f09ba5cccccc47d8
:101cfc00ad00ff234370d1e7d86939f09df9002876
:101d0c00ccd0a368002283f82020a3681b7b002b77
:101d1c00e0d1954b1b6a13f0020f1cd1924b02229f
:101d2c009a63a1681c3164202cf0cafea3680122be
:101d3c0083f82020b2e78c4b02225a63a1681c3135
:101d4c0064202cf0bdfea368012183f820102046ee
:101d5c003af0efffa2e732f07bff10b9ff2363707c
:101d6c009ce7a36864221a75a36801225a730221a6
:101d7c0020463af0deffade7a368032198682bf00c
:101d8c00ebfe032120463af0d4ff2346784a00218b
:101d9c00052031f004f8064610b9ff2363707de787
:101dac00002500952b462a46294638f0abf901212f
:101dbc00304630f057fb294630463af0fbfc2946ba
:101dcc0030462ef01bfd00952b462a462946304600
:101ddc0038f024fa3146a06830f080f810b9ff23af
:101dec0063705be7a268012382f83930a26882f83d
:101dfc006830022363700025a068294694303af0bd
:101e0c008afa0128f8d039f0adff20b90421204618
:101e1c003af08fff42e7a068943039f059f8f5e7b3
:101e2c00a368f5221a71ff236370052120463af04e
:101e3c0080ff33e7a36800221a73072120463af08b
:101e4c0078ff2be7a268137d63b1013b1375a36880
:101e5c001a7db2b95a7b5ab91a73072120463af047
:101e6c0068ff1be71373072120463af062ff15e762
:101e7c00f5221a71ff236370062120463af059ffb0
:101e8c000ce7a1681c3164202cf01afea368012217
:101e9c0083f8202002e7806890f83133012b21d0a1
:101eac00032b2ad0002194303af035fa01283dd08a
:101ebc00a3689868faf77efd00287ff4efae08213e
:101ecc0020463af036ff204624f02bfaa168d1f8d0
:101edc000833002b57d091f87920002a4cd0b0262b
:101eec0000252de0204624f01cfaa0681df07af99c
:101efc00a368022283f83123d0e602250573a66875
:101f0c0000202ef09ffcb060a26800231375a2681d
:101f1c005373a26882f83033a26882f831330123fc
:101f2c006370294620463af004ffb7e6a3681149ce
:101f3c0098680cf0cdf9bbe701351036082d22d08e
:101f4c00a16801eb0513d3f8b020b2f1ff3ff3d039
:101f5c0093f8ba30002befd0d1f80833002231447b
:101f6c0020469847e8e700bf00230044a9810301fd
:101f7c008d15010171bd040191f87a201ab100226e
:101f8c00a03120469847a368022198682bf0e4fd05
:101f9c00a0681df027f9a36802251d73a668002010
:101fac002ef050fcb060a3680a221a75a3680022b8
:101fbc005a7301236370294620463af0bafe6de647
:081fcc00ff2343706ae6704731
:020000040000fa
:020000040101f8
:101fd4002de9f047bb4d1e462b6803eb8002bab0d7
:101fe400d2f8fc210f464ab11178022906d13146b4
:101ff400104637f034ff3ab0bde8f087002867d1c7
:1020040093f8f821002af6d0d3f8f0319c6863786d
:1020140099073cd4022135f089fd63785a070cd521
:102024000421002034f0f4fd1021002035f07efd61
:1020340031462046fcf7d2fadde76269944214d1b6
:1020440020461ef0bdfc63785d07e9d4042100201e
:1020540035f06cfd63699c42cdd0617811f00805c0
:1020640009d0204620f018fbc5e71f07eed520460f
:102074003bf050fde7e75b785807bcd5204620f0dd
:102084000bfb32462946204623f084fab3e74ff48b
:10209400804135f04bfda3883bb1204620f0fcfa8b
:1020a40032460121204623f075fa6278d106a2d483
:1020b400a388013b9bb2a380002b9cd163f3410214
:1020c4002046627029f054ff204623f0afff92e7c8
:1020d40093f8f931002b8ed04ff00c082b6808f1df
:1020e400310253f8323043b92b6893f8f931002b9d
:1020f40081d018f1ff38f1d27de79c68d3f80090c5
:1021040063789a0700f1e080a3785b0702d50eb9e3
:102114004b46e8e70221012035f008fd63699c4243
:1021240040f09b80637813f004031dd00421012048
:1021340034f06efd1021012035f0f8fca569002d66
:1021440040f09a80002f3ff473afbc423ff470af6d
:102154003d78012d7ff46caf7b781a0740f1a8809d
:102164006ff382037b7063e70df1160106a8adf8e7
:10217400163033f0c9fd94f85230012b18d1069a69
:10218400a36dbdf816101a44b4f854300b449bb236
:1021940040f2e1418b42c2f31602069285bfa3f2dc
:1021a400e2430132adf81630adf8163088bf06921e
:1021b4002968bdf8160091f8403203f58e730df1cd
:1021c400200a31f81320e16e069b02eb900202f51f
:1021d4009c7240f271205200b2fbf0f21a4401f5f5
:1021e4009c735b00b3fbf0f3a08c9bb2191889b20b
:1021f400b1f5487fc2f3160288bf4ff44871e2611b
:10220400079208920a44c2f3160288bfc0f54873c5
:1022140009924ff000000df115028df8140001929f
:102224004ff0010005aa88bf9bb28df815000092fb
:10223400214607aa0920cdf808a000f02dfd079b30
:1022440000939df815209df814105346204611f074
:102254002ffe637860f382036370637858073ff559
:1022640065af0421012035f061fc2b6893f8f93146
:10227400002b7ff44dafbee6637813f008020fd055
:102284002b78012b02d0284636f0d6fb28463bf0ab
:1022940041fc3246002195f8500021f02fff51e710
:1022a4006b7859067ff54eaf62f386136b70e7e7e0
:1022b400384620f0f1f932462946384623f06af9c7
:1022c400b6e600bf382901204ff48041012035f0e3
:1022d4002dfca3883bb1204620f0def932460121d3
:1022e400204623f057f96278d306bed4a388002b86
:1022f400bbd0013b9bb2a380002bb6d163f3410258
:102304002046627029f034fe204623f08ffeace7ad
:020000040000fa
:020000040101f8
:102314002de9f04383b0a44c04f00044044331d0cd
:102324000e4615461f46204634f0cafd80b34ff4ce
:1023340080719e4bd3f89c0018f0a4f9814668b3d1
:1023440000949b4b02224ff4807129f061f980467e
:1023540068b3002e4ed1142d00f02e81232d00f0f1
:102364006081012d40f0d6800a9b042b40f0e1806f
:10237400a188002301933b6800930223202228f0c4
:1023840085f851e08b4b09221a604ff0ff3058e07a
:10239400884b0e221a604ff0ff3052e0204638f08e
:1023a400d3fe844b0c221a604ff0ff3049e04946bb
:1023b4007e4bd3f89c002ef091fa204638f0c4fef0
:1023c4007c4b4d221a604ff0ff303ae0a389042b76
:1023d40001d063259fe03d68284638f0cdfe00f02b
:1023e4007043b3f1604f40f0a6803e46e562042797
:1023f400082501e14ff6ff739e4225d0062e77d0c3
:10240400fd2e40f0b680e388fd2b40f0b480012d12
:1024140040f0b3800a9b042b40f0b1800123637029
:102424003a78a1882af011fd4146604bd3f8a00008
:1024340010f044f9002800f0a880204638f084fe0b
:10244400002003b0bde8f0830d2d0adc062d7addf3
:10245400073d062d79d8dfe805f017243178787820
:102464003e00642d0ed10a9b042b78d13b68dab26e
:10247400022a76d8227863f346122270214625f088
:102484000ef8d1e7632546e00a9b042b5fd1a188af
:10249400002301933b6800930223052227f0f6fff3
:1024a400c2e70a9b042b54d1a188002301933b6803
:1024b40000930223042227f0e9ffb5e70a9b042bcb
:1024c40049d1a188002301933b680093022303228e
:1024d40027f0dcffa8e70a9b042b3ed1a188002348
:1024e40001933b6800930223012227f0cfff9be76f
:1024f400237a022b37d1012d37d10a9b042b36d1f5
:10250400a188002301933b68009302231a4627f015
:10251400bdff89e763254946244bd3f89c002ef080
:10252400ddf9204638f010fe224b1d604ff0ff30dd
:1025340087e71625efe71625ede76325ebe7162574
:10254400e9e70c25e7e76325e5e76325e3e71625d7
:10255400e1e71625dfe71625dde71625dbe7162577
:10256400d9e71625d7e76325d5e76325d3e71625ed
:10257400d1e76325cfe76325cde76325cbe71625b0
:10258400c9e76325c7e76325c5e74946074bd3f881
:102594009c002ef0a3f9204638f0d6fd054b4d22c1
:1025a4001a604ff0ff304ce7802001206c2001209e
:1025b40069e10001b4290120002fe2d00023a362c5
:1025c400e36223636363a363e36323640a9b142bbf
:1025d40018bf63259fd1a389062baed13b78ff2b6f
:1025e400add13e4638687968ba68fb682063616398
:1025f400a263e36310270925a3892385e3896385ff
:1026040020460ff077fe00289bd0a188e3895bbaaf
:102614009bb20193009733462a46404628f030f98e
:1026240002e7002fafd00023a362e3622363636356
:10263400a363e36323640a9b0c2b3ff4c7ae6325b7
:0426440069e700bf83
:020000040000fa
:020000040101f8
:102648002de9f047aeb00746164605914ff0000851
:10265800059d2b78002b00f0e08000244ff0ff331d
:10266800cde909430eab0c9380230b940d932b5d9e
:102678000bb1252b30d134b12946224638462544a2
:1026880031f0d0f90595059b1a78252a40f0bc80d1
:1026980003f10109cdf814904a46002113782b2b39
:1026a800104602f1010223d02ed8202b24d0232b50
:1026b80026d001b105902a2b2ed02ef021fd059aa7
:1026c8000b900020114601320b78303b092b79d949
:1026d800002830d005912ee00134c8e7099b43f06b
:1026e800010309930121d9e7099b43f00203f8e7a5
:1026f800099b43f00403f4e7099b43f00803f0e760
:10270800099b43f01003ece72d2be7d0302bebd0df
:102718000029d2d00590d0e733681a1d1b683260b3
:102728000130002b05900b9305da099a5b4282f081
:10273800010209920b93099bda0744bf23f00203b5
:102748000993059b1a782e2a0fd14ff0000acdf86d
:1027580028a05a785d1c2a2a059535d1023305939d
:1027680033681a1d1b6832600a9305a831f0a6ff6a
:10277800059d039028783af063fb2528039900f01b
:10278800da806138172800f2e080172800f2dd802f
:10279800dfe810f02b00db00b6004700a700a70019
:1027a800a700db004700db00db00db00db009e004e
:1027b80065008300db00db00c700db005600db00a0
:1027c800db00740001207de728462ef099fc534673
:1027d8000a90294601350a78303a092a03d9002b8c
:1027e800c3d00591c1e70123f3e7324606a834f0c8
:1027f800b1fd002872d06b1c059306aa2b7809a995
:102808003846fbf75dfa04444444a04540f3a780ea
:10281800544b4f221a604ff0ff3840462eb0bde8a7
:10282800f0873346012206a81af008fa002855d086
:10283800013506aa09a9384605951ef059fae2e7b6
:102848003346002206a81af0f9f9002846d00135c7
:1028580006aa09a9384605952bf0adfad3e7334601
:10286800002206a81af0eaf9002837d0013506aa8e
:1028780009a93846059525f0bcffc4e73346002270
:1028880006a81af0dbf948b36b1c05932b7806aa47
:1028980009a9384611f00cffb5e733460022f021ac
:1028a80006a81af0cbf9c8b1dde9063201351343a1
:1028b80005950bd12c4838f0f1fe099b00932a4965
:1028c8000b9b0246384624f06dfd9ce77823dee733
:1028d800334608eb040206a826f046fb01350595a9
:1028e80092e7324606a834f035fd0028f6d06b1c76
:1028f800059306aa2b7809a93846faf7cdfa82e794
:102908008029ebd1336801351a1d1b6832608df8b8
:1029180018300595012306aa09a938462bf09cf81a
:1029280071e78029dad13268131d336001351268e6
:1029380005950023f0e78029d0d1099b0093013544
:102948000b9b059509490122bce700234ff0ff3294
:10295800cdf8149009930b930a920093f2e7a046de
:1029680076e600bfb4290120bf9a0401c59a040184
:020000040000fa
:020000040101f8
:102978002de9f04fd0f8e080d0f8ec9089b008f15c
:1029880002030193d0f8dc300393d0f8d8300493d5
:1029980008238df81c3090f8b030069004460633b2
:1029a8002546414606a88df81d3022f023fc4a46ec
:1029b80055f8283f42f8253bab88a9f80430029225
:1029c800b4f8b0202ab1d4f8ac1009f1060038f0f8
:1029d80059fe05238df81c3094f8c03001990694ef
:1029e800063306a88df81d3022f004fc2b68c9f8c0
:1029f8002530029aab889380b4f8c0202ab1d4f865
:102a0800bc1009f12b0038f03dfe0027d4f87451b2
:102a18003e4600bf94f89430b34202d809b0bde8ee
:102a2800f08feb681a686ff302021a601a684ff0a9
:102a3800010b6bf3c4021a601a684ff0040a6af3b8
:102a4800ca121a6019681a466af3ce2142f8101b96
:102a5800196892b262f3de3119601a686ff3df7297
:102a68001a6059681ffa88f262f30f0159605968b1
:102a78001ffa89f262f31f4159609a686bf30102e9
:102a88009a609a6842ea0a029a6098f8012094f8d3
:102a9800351094f82200009332f0cafd009beb60d9
:102aa80004eb860300222a722a77c5e904875d664b
:102ab80000932b68dd6829680744052060f302014c
:102ac800296029686bf3c401296029686af3ca116f
:102ad800296029686af3ce21296094f89410013995
:102ae8008e4218bf05f12002296818bf92b262f31e
:102af800de31296005936968bdf80c2062f30f0187
:102b080069606968bdf8102062f31f416960aa68ae
:102b1800022161f30102aa60aa6842f00402aa60d5
:102b2800a96805f1100292b262f35821a960aa6857
:102b38006ff35a62aa6094f8351094f8220025229f
:102b480032f076fd059b05221a72039a1a6100225b
:102b5800dd605a611a77009b1d672a6804eb4605f9
:102b6800c2f3cf32a5f8882094f8351094f82200e3
:102b78000c2232f05dfd98f8032094f83510824657
:102b880094f8220032f054fd07f5ce729244504476
:102b9800059b0eb9c4f8240194f89420013a964292
:102ba800009a08bfc4f820019065d3f800b0dbf89c
:102bb8000ca0daf80020042363f30202caf800200c
:102bc800daf80020012161f3c402caf80020daf81b
:102bd800002063f3ca12caf80020daf8002063f371
:102be800ce22caf8002094f89430013b9e420fbfd1
:102bf800daf80030daf800200af110039bb213bfac
:102c080063f3de326ff3de33caf80030caf800200f
:102c1800daf80420bdf8043063f30f02caf8042080
:102c2800daf80420bdf8083063f31f42caf804201c
:102c3800daf80830022262f30103caf80830daf839
:102c4800083043f00403caf8083098f8032094f8d1
:102c5800351094f8220032f0ebfc04238bf808308e
:102c6800019bcbf810300023cbf814308bf81c30c4
:102c7800009bcbf80ca0c3f87ca0daf80030c3f3b3
:102c8800cf33a5f88e30013607f5a777dbf800506b
:042c9800f6b2bfe6eb
:020000040000fa
:020000040101f8
:102c9c002de9f04fc3b0064604920d4630220021b8
:102cac0006a8994639f084fa16f00304dff8f4828a
:102cbc0010d0d8f8003093f81c425cb12ef068feae
:102ccc00d8f80030d3f80c7234f03cfe0024002ffe
:102cdc0040f08b8016f03c0f0fd0d8f8003093f8f2
:102cec001d3253b12ef054fed8f80030d3f81472c4
:102cfc0034f028fe002f40f0988095f85030012bce
:102d0c0009d1d8f80030d3f8083223b142aa02eb2b
:102d1c00840444f8f03c049bdff88ca21b680193fc
:102d2c006b6a9944019b4ff0000b13fa89f9d8f8a0
:102d3c00003002935d4606ab53f82b70002f00f069
:102d4c00b780029bfe69d3f808329f420cbfbb6a66
:102d5c003b6a039397f85230012b04bfbb6df61af4
:102d6c00029b93f8402203eb420240f23911b2f875
:102d7c003832b2f83c22b3fbf1f3b2fbf1f213445c
:102d8c0003f1020308bf06ea0a060093a6eb030848
:102d9c00039bf418009b04ea0a041c44fb6e08ea2b
:102dac000a0804ea0a04002b40f0ab807b699f42be
:102dbc0040f0a780bb6e03f59c735b0040f2712260
:102dcc00b3fbf2f3059300bfa8eb09035b025ed4df
:102ddc0089ea080313ea0a0f59d0182d67d00bf1b2
:102dec00010bbbf10c0fa6d162e02ef0d1fdd7f890
:102dfc0000a034f0a7fdbb689d4214d05a7852074e
:102e0c0011d5f70707d542a9621c01eb840444f8dd
:102e1c00f03cd4b207e0b00705d593f8511095f803
:102e2c0051209142efd8574651e72ef0b1fdd7f81b
:102e3c0000a034f087fdba68954217d05378590733
:102e4c0014d5ab689a4211d0730707d542a9631cfd
:102e5c0001eb840444f8f02cdcb207e0f70607d54c
:102e6c0092f8511095f851309942efd8574641e7f6
:102e7c00300706d592f8511095f851309942f5d398
:102e8c00e4e7b106f2d56b699a42efd1dee74b4627
:102e9c00019a2146404639f094fbe0b142ab03eb7a
:102eac00c5030135edb2182d43e9308413d1182533
:102ebc004c9b6a1e1d7012a8002128f029f90023d2
:102ecc0012981a464c99097891422bd84d9a137046
:102edc0043b0bde8f08fbb6e002b3ff47eaf059b7b
:102eec001e44009b06ea0a06a6eb0308039b9c19ea
:102efc00009b04ea0a041c4408ea0a0804ea0a04cf
:102f0c0062e74b46019a2146404639f05afb0028ad
:102f1c003ff463af42ab03ebc503013543e93084a7
:102f2c00edb25ae75ab904990c68211a4d0206d52c
:102f3c004e9901ebc301c1e900400133dbb24c995e
:102f4c00097801398a4202f1010413da42a901eb32
:102f5c00c20151f8bc6c42a901ebc40151f8c05c30
:102f6c00711b490206d54e9901ebc301c1e90065fd
:102f7c000133dbb24c99097801398a420fd142a94d
:102f8c0001ebc20252f8bc1ca1eb0902520206d59d
:102f9c004e9a02ebc302c2e900190133dbb2e2b272
:0c2fac0090e700bf38290120ffff7f00e4
:020000040000fa
:020000040101f8
:102fb8002de9f04fd0f8e080d0f8ec9089b008f116
:102fc80002030193d0f8dc300393d0f8d83004938f
:102fd80000238df81c3090f8b03006900446063374
:102fe8002546414606a88df81d3022f003f94a46c9
:102ff80055f8283f42f8253bab88a9f804300292df
:10300800b4f8b0202ab1d4f8ac1009f1060038f0b1
:1030180039fb05238df81c3094f8c03001990694cb
:10302800063306a88df81d3022f0e4f82b68c9f89d
:103038002530029aab889380b4f8c0202ab1d4f81e
:10304800bc1009f12b0038f01dfb0027d4f874518f
:103058003e4600bf94f89430b34202d809b0bde8a8
:10306800f08feb681a686ff302021a601a684ff063
:10307800010b6bf3c4021a601a684ff0040a6af372
:10308800ca121a6019681a466af3ce2142f8101b50
:10309800196892b262f3de3119601a686ff3df7251
:1030a8001a6059681ffa88f262f30f01596059686b
:1030b8001ffa89f262f31f4159609a686bf30102a3
:1030c8009a609a6842ea0a029a6098f8012094f88d
:1030d800351094f82200009332f0aafa009beb60b6
:1030e80004eb860300222a722a77c5e904875d6605
:1030f80000932b68dd6829680744052060f3020106
:10310800296029686bf3c401296029686af3ca1128
:10311800296029686af3ce21296094f8941001394e
:103128008e4218bf05f12002296818bf92b262f3d7
:10313800de31296005936968bdf80c2062f30f0140
:1031480069606968bdf8102062f31f416960aa6868
:10315800022161f30102aa60aa6842f00402aa608f
:10316800a86805f1100292b262f35820a860aa6814
:1031780061f35a62aa6094f8351094f82200252267
:1031880032f056fa059b05221a72039a1a61002238
:10319800dd605a611a77009b1d672a6804eb4605b3
:1031a800c2f3cf32a5f8882094f8351094f822009d
:1031b800222232f03dfa07f59c721044059b0eb9a5
:1031c800c4f8240194f89420013a9642009a08bf62
:1031d800c4f820019065d3f800b0dbf80ca0daf849
:1031e8000020042363f30202caf80020daf8002062
:1031f800012161f3c402caf80020daf8002063f361
:10320800ca12caf80020daf8002063f3ce22caf8fe
:10321800002094f89430013b9e420fbfdaf800304a
:10322800daf800200af110039bb213bf63f3de3211
:103238006ff3de33caf80030caf80020daf8042049
:10324800bdf8043063f30f02caf80420daf804204a
:10325800bdf8083063f31f42caf80420daf80830d2
:10326800022262f30103caf80830daf8083043f0a2
:103278000403caf8083098f8032094f8351094f835
:10328800220032f0d5f904238bf80830019bcbf8e3
:1032980010300023cbf814308bf81c30009bcbf88f
:1032a8000ca0c3f87ca0daf80030c3f3cf33a5f83c
:1032b8008e30013607f5a777dbf80050f6b2c9e67d
:020000040000fa
:020000040101f8
:1032c8002de9f04f044689b008f0eeff94f84a2043
:1032d80094f8503094f84b600093002a00f0b980bd
:1032e800d4f8e430002e00f0b68003f14208d4f898
:1032f800ac90002a00f06681d4f87cb194f81921ca
:1033080094f84d70dbf80c502ab1c1680868aab26d
:1033180062f3de3008602a686ff302022a602a68c6
:1033280094f8241061f3c4022a602a68042161f326
:10333800ca122a602a6861f3ce222a60002e00f0a1
:103348008c80296805f1100292b262f3de3129609f
:103358002a686ff3df722a60aa686ff30102aa6015
:10336800aa6842f00402aa60aa686ff3c802aa60b9
:1033780069689ab262f30f01696069681ffa89f295
:1033880062f31f410122696003948df81220002e18
:1033980068d08df811208df8147094f8f920002a5f
:1033a80067d194f8fc208df8132000228df81520a1
:1033b8000a228df8102003a91a4694f847000193b1
:1033c80018f0d0fe019b002e55d0b4f8b020d71bc2
:1033d800bfb25a7894f8361094f82400019332f06a
:1033e80027f9019bcbf80c500021cbe904318bf86d
:1033f800081094f8f9308246002b3ed194f8fc303e
:103408008bf81c30331c18bf01238bf81d309df836
:10341800113073b100238df8183094f82430013b33
:103428008df8193059460af5a57306a807931ff0b9
:10343800effe9df8143099449df81130fbb10af560
:10344800a57adbf800b0eeb9c4e94eaa09b0bde828
:10345800f08f134646e7b04649e72a6866f3de323e
:103468002a6075e7b4f8b0208df811608df8142043
:1034780093e7012297e73746abe70123c0e70af154
:10348800700adee7dbf80c502a686ff302022a6044
:103498002a6894f8241061f3c4022a602a68042177
:1034a80061f3ca122a602a68013e61f3ce222a60bb
:1034b80016f0ff0617bf29682a6805f1100292b2b4
:1034c80015bf62f3de3166f3de3229602a602a68ae
:1034d8006ff3df722a60aa686ff30102aa60aa6814
:1034e80042f00402aa60aa686ff3c802aa60696879
:1034f8001ffa88f262f30f01696069681ffa89f29e
:1035080062f31f410122696003948df81220002e96
:103518004ed0009b8df811208df8143000228df8c4
:1035280013208df815200d228df8102003a942468e
:1035380094f8470018f016fe9df81120002a3cd098
:10354800009bff1abfb298f8012094f8361094f83f
:10355800240032f06df800210246701a18bf0120cd
:103568008bf81d009df81100cbf80c508bf8081053
:10357800cbe9048a8bf81c1078b18df8181094f8f0
:103588002410019201398df8191002f5a5710791df
:1035980006a859461ff03cfe019a9df8141008f140
:1035a800420889445eb10af5a57303eb020a48e7ad
:1035b8008df811608df81470b0e71746c3e70af16b
:0c35c8007003f2e79346924617463ce77a
:020000040000fa
:020000040101f8
:1035d4002de9f8431e464b0405468846174640f13c
:1035e4009880046819f090fee27d237d002a40f063
:1035f4008d8013f0400f09d0d4f8cc003af033f8a2
:10360400042323752421284638f002f818f4805f37
:1036140030d02c68237d99072cd510232375a37de6
:103624000133dbb2012ba3750bd1a94b617e5b691e
:103634005878e0772ff09afad4f898301844c4f800
:103644009800e37d012b40f08780a37d012b82bf8e
:10365400a36f43f40063a367204632f065fd204660
:103664002ef082fc0121204603f022f92321284672
:1036740037f0ceff18f4005f1cd02c68237d9b0725
:1036840018d5142026f060fc8146082026f05cfc46
:1036940008238046014623754a46284616f020f83a
:1036a400002800f08580404631f0dafb22212846cc
:1036b40037f0aefff30605d52cf00cfc1721284695
:1036c40037f0a6ffb40605d52cf004fc16212846d5
:1036d40037f09efff80617d52c68e07d002840f0ef
:1036e400d580a36f190609d536f078f8c4f8880098
:1036f40020462af05bf9b0fa80f04009237d9a064f
:1037040002d5002800f0cd80bde8f88313f0010f46
:1037140071e70c057ff57aaf0468e37d012b17d1bf
:10372400a26f6c4b1340802b09d1d4f8c83043f0fe
:103734008073c4f8c83036f051f8c4f88800237d8b
:1037440013f0010f3ff462af0223237520215ae7df
:10375400237d13f0400ff5e7d4f8cc0039f083ff54
:10376400204632f0e1fca36fda037ff57fafa37d3f
:10377400012b7ff47bafd4f8cc003af0cdf9d4f828
:10378400a420a36f904288bf801ad4e9261223f4a0
:10379400803398bf00209142a367bff467af814292
:1037a400bff464af43f04003a3672023237556e7b7
:1037b400c4e96f9894f81780b8f1010f1fd120461f
:1037c4002ef0d2fb4146204603f072f894f86c3098
:1037d400da070dd5e37f5bb1a37f4bb139f07ef9f6
:1037e40003688268e07f1344c4f8c43135f0caf832
:1037f40094f86d3043f0800384f86d3056e794f804
:103804006e3060f3000384f86e30d4f8cc0039f0e5
:103814002affa36fd80330d594f86d0023f48033c6
:1038240010f00108a36713d0a36f43f04003a3670c
:103834002023237520462ef097fb0121204603f018
:1038440037f894f86e3043f0010384f86e30bde726
:1038540094f86c30d90610d5d4f8cc003af05cf961
:10386400d4f8a430984288bfc01ad4e9263298bf4d
:103874004046934201d28342d6d3a36f23f0400340
:1038840043f00053a367002323759fe7012808d161
:10389400237d13f01e0f3ff437afd4f8cc0039f07a
:1038a400e2fea36f5b0602d5204638f0bbfee37d43
:1038b400012b0bd1a26f12f0400f08bf40232375d8
:1038c40028462521bde8f84337f0a2be4023f6e799
:0838d400e8260120800000023b
:020000040000fa
:020000040101f8
:1038dc000c4b13f0ff0f08d04ff0200383f311882b
:1038ec00bff36f8fbff34f8ffee7074a934208d0a9
:1038fc004ff0200383f31188bff36f8fbff34f8f0b
:10390c00fee770470000000100000001014b186049
:10391c00704700bfa829012030b4184c1546184a2e
:10392c000c4404eb4030541e844208d24ff0200368
:10393c0083f31188bff36f8fbff34f8ffee71c1813
:10394c00a24208d24ff0200383f31188bff36f8f8c
:10395c00bff34f8ffee71944b1f5005f08dd4ff060
:10396c00200383f31188bff36f8fbff34f8ffee7f4
:10397c0001461a46284630bc37f082be00000001d2
:10398c0000400001f8b5304d0d4405eb40351746ad
:10399c002a071c4608d04ff0200383f31188bff38d
:1039ac006f8fbff34f8ffee743b94ff0200383f3c4
:1039bc001188bff36f8fbff34f8ffee7234b5a1e57
:1039cc00aa4208d24ff0200383f31188bff36f8f04
:1039dc00bff34f8ffee76219934208d24ff02003da
:1039ec0083f31188bff36f8fbff34f8ffee7214432
:1039fc00b1f5005f08dd4ff0200383f31188bff3ae
:103a0c006f8fbff34f8ffee7114b1b6803b19847c5
:103a1c0023071ebf24f00f0310339cb24ff6f07334
:103a2c002340fe18ed1bbe4204d138f033fe0028b3
:103a3c00fbd1f8bd38f02efe0028fbd179193846a1
:103a4c0033f050fd1037eee700000001004000019c
:103a5c00a829012010b5124c124b04eb4034a342a0
:103a6c0014d338f017fe0028fbd1204639f044fa65
:103a7c0004f5805438f00efe0028fbd1204639f0b6
:103a8c003bfa38f007fe0028fbd110bd4ff02003a5
:103a9c0083f31188bff36f8fbff34f8ffee700bf27
:103aac0000000001ff3f000137b542b94ff0200381
:103abc0083f31188bff36f8fbff34f8ffee71f4c5b
:103acc000c4404eb40341e48431ea34208d24ff072
:103adc00200383f31188bff36f8fbff34f8ffee783
:103aec001319984208d24ff0200383f31188bff3c7
:103afc006f8fbff34f8ffee71144b1f5005f08dd08
:103b0c004ff0200383f31188bff36f8fbff34f8ff8
:103b1c00fee74ff0ff3201929db204220deb020141
:103b2c00204635f0f3fa30b90434a3b29d42f4d1f7
:103b3c00012003b030bd0020fbe700bf00000001f6
:103b4c000040000138b5154643b94ff0200383f30c
:103b5c001188bff36f8fbff34f8ffee7184c194ad4
:103b6c000c4404eb4030541e844208d24ff0200326
:103b7c0083f31188bff36f8fbff34f8ffee71c18d1
:103b8c00a24208d24ff0200383f31188bff36f8f4a
:103b9c00bff34f8ffee7ca18b2f5005f08dd4ff098
:103bac00200383f31188bff36f8fbff34f8ffee7b2
:103bbc001a46294635f0aafab0fa80f0400938bd09
:083bcc000000000100400001af
:020000040000fa
:020000040101f8
:103bd400002800f071812de9f04198b00446022bd1
:103be40009d0032b4ed0012b02d1104639f078fdb9
:103bf40018b0bde8f0811e9b002bf9d01a885d88af
:103c04008368002bf4d0b2f5e05ff1d11e9b587aa3
:103c14000128edd904aad9682bf0ccfd0028e7d0ff
:103c2400042303aa194604a812f062febdf80c107e
:103c34000a2909d0a1f11e039bb2042bd8d806aae5
:103c440020461af0a3f9d3e7a368d3f84863002efb
:103c5400ced015f0ff0f08d00021c3f8481300910f
:103c64000b460a462046b047c2e71e9a527a022af9
:103c7400bed10022c3f848233246012120461cf05d
:103c8400bbf9b5e71e9b002bb2d08368002bafd0e5
:103c94001e9b5b88b3f5e05faad11e9b1b79022ba8
:103ca400a6d1042303aa19461e98103012f020fe50
:103cb400bdf80c10a1f10a03182b99d801a252f8ef
:103cc40023f000bf2d3d0101b33d0101413e01013f
:103cd400f53b0101f53b0101f53b0101f53b010118
:103ce400f53b0101f53b0101f53b0101873e010173
:103cf400f53b0101f53b0101f53b0101f53b0101f8
:103d0400f53b0101f53b0101f53b0101f53b0101e7
:103d1400f53b0101af3e0101af3e0101af3e0101a0
:103d2400af3e0101af3e0101a66896f888300bb999
:103d34007e3600e004ae06f1010806234246052162
:103d44001e98183012f0d4fdc7b23770002f3ff41c
:103d54004fafa56895f88830002b3ff449af3a4639
:103d640005f17f01404635f0d5f918b995f87e3054
:103d7400bb4212d0002745f87e7f6f602f81a06878
:103d8400327841467f3037f07ffca368327883f87d
:103d94007e20a36883f888702ae7d5f84823002397
:103da400c5f84833012120461cf026f920e7a26813
:103db400d2f84833002b3ff41bafbdf90e30b3f1fa
:103dc400ff3f31d0002304930593adf81830062348
:103dd4000df1110205211e98183012f089fdc0b2b0
:103de4008df8100000283ff403afbdf90e50a6680b
:103df40096f87d70bd42bff6fbae062206f17f0148
:103e04000df1110035f086f9b0b9b6f89c30adf873
:103e140018300123691c04aa0092d6f848533a4684
:103e2400c9b22046a847e3e601237d3202211e9849
:103e3400183012f05dfddbe60023ebe7a2680223f5
:103e44009c3219461e98183012f052fda368b3f83c
:103e54009c20a3f88620a36893f88820002a7ff486
:103e6400c7aed3f84853002d3ff4c2aec3f848237d
:103e7400a3687e33009301231a4619462046a847b7
:103e8400b6e6a368d3f84c33002b3ff4b1ae01235c
:103e940004aa02211e98183012f02afda368d3f850
:103ea4004c3304a920469847a2e61e9b03f118024e
:0c3eb40020461af06bf89be6704700bf38
:020000040000fa
:020000040101f8
:103ec00030b591b00446437a827a43ea0223c27a3b
:103ed00043ea0243a3f54953243b052b32d8dfe8dc
:103ee00013f0060033003100a100d7002501c5788a
:103ef0002c2d28bf2c252c22002101a838f05ef99a
:103f00002a4604f10c0101a837f0c0fba04c9df833
:103f10001b3023709df81a3063700df11c0cbce847
:103f20000f00c4f80200c4f80610c4f80a20c4f850
:103f30000e30dcf80000c4f81200012384f8d632f9
:103f400084f8f03211b030bdc5783b2d28bf3b2539
:103f50003b22002101a838f031f92a4604f10c0176
:103f600001a837f093fb8a4c9df8383084f8303044
:103f7000bdf81c3007ee103ab8eec77adfed857a4f
:103f8000c7ee276ac4ed0d6abdf81e3007ee103a81
:103f9000b8eec77ac7ee276ac4ed0e6abdf92030c5
:103fa00007ee103ab8eec77ac7ee276ac4ed0f6a7b
:103fb000019835f0c2f874a3d3e9002304f03efd64
:103fc000c4e91001029835f0b8f86fa3d3e90023d3
:103fd00004f034fdc4e91201039b2365049b63656f
:103fe0009df8393084f85830059be3659df83a30e8
:103ff00084f860309df83b3084f861309df83c30a7
:1040000084f862309df83d3084f863309df83e308e
:1040100084f86430069ba366012384f8d83284f8c0
:10402000f0328fe7c5782e2d28bf2e252e220021b5
:1040300001a838f0c3f82a4604f10c0101a837f0b2
:1040400025fb534b9df81a2083f87022ddf81b20c6
:10405000ddf81f40ddf82300ddf82710c3f87122da
:10406000c3f87542c3f87902c3f87d12ddf82b203e
:10407000c3f88122bdf82f109df83120a3f88512d6
:1040800083f88722012283f8e92283f8f02259e796
:10409000c578362d28bf36253622002101a838f0f4
:1040a0008df82a4604f10c0101a837f0effa384cdc
:1040b0009df8363084f890329df8373084f891328c
:1040c000019835f03af830a3d3e9002304f0b6fca8
:1040d000c4e9a601029835f030f82ba3d3e90023f8
:1040e00004f0acfcc4e9a801bdf81c30a4f8a83267
:1040f000bdf81e30a4f8aa32039bc4f8ac32049b6e
:10410000c4f8b0329df8383084f8b4329df83930b4
:1041100084f8b532059bc4f8b832069bc4f8bc32ab
:10412000012384f8ea3284f8f0320be7c5782b2dae
:1041300028bf2b252b22002101a838f03ff82a4662
:1041400004f10c0101a837f0a1fa114b9df81a20d7
:1041500083f8c022ddf81b20ddf81f40ddf82300c6
:10416000ddf82710c3f8c122c3f8c542c3f8c9025d
:10417000c3f8cd12ddf82b20c3f8d122012283f839
:10418000eb2283f8f022dde600000000d01263414c
:08419000300001200000c842cc
:020000040000fa
:020000040101f8
:104198002de9f04f002390f84750027e89b004467d
:1041a8001e4600bf22fa03f1c90748bf013603f1d2
:1041b800010348bff6b2032bf4d1a5f1080b5ffa4f
:1041c8008bfbbbf1010f00f2a480b4f8b02094f887
:1041d80022308df81a3094f824308df81b3094f87a
:1041e80038308df81e30214694f837308df81f305e
:1041f80006a88df8185006f0c5feab1f012b40f23b
:104208009780bbf1010f00f28c8094f84a5094f823
:104218004b301d44edb236b23301181d039317f02d
:10422800b1fb82b20746002a40f086808d4b00938e
:10423800fe210123ec2015f017f807f104094fead5
:10424800461a504639f042fc80460aeb0600400008
:1042580017f098fbc4f8e000002d71d0042000eba3
:10426800051017f08ffb82b20646002a66d17d4bf7
:104278000093fe210123ec2014f0f6ff331d029376
:1042880029b24a0110460591049239f01ffcdde974
:10429800042182465018400017f074fbbbf1010f4f
:1042a800c4f8e40040f2da80422017f06bfbc4f84f
:1042b800dc00ff2017f066fbc4f8d800b9f1000f46
:1042c80049d1384630f0b0fd3046002530f0acfd1d
:1042d800d4f8e00030f0a8fdd4f8e400c4f8e050c9
:1042e80030f0a2fdd4f8dc00c4f8e45030f09cfdb6
:1042f800d4f8d800c4f8dc5030f096fd4046c4f835
:10430800d85039f0e5fb504639f0e2fb4ff0070b87
:104318008fe0a5f10a03012b94bfb4f8c020002256
:1043280055e70a3d012d05d894f84b50033571e740
:10433800032570e700256ee7814680e702909fe736
:10434800bbf1010f79d92e46aa46bae73e46ba46ce
:104358004ff0070b54e0029b002bb2d0d4f8e020ba
:10436800002aaed0d4f8e420002aaad0d4f8dc2061
:10437800002aa6d00028a4d0b8f1000fa1d0baf125
:10438800000f9ed0039bc4f8a0704b441f46b9454c
:1043980003d175b94ff0000b4be0c8f80c904146bb
:1043a80004f5ba7038f00dfd09f1100908f120087c
:1043b800ede7013dedb20135c4f8a4600aeb4515ff
:1043c800029bcaf80c30514604f5be7038f0f9fc6f
:1043d800029b0af1200a103355450293f0d1d9e720
:1043e800002dcfd04ff0000b002eb1d0d4f8e42030
:1043f800002aadd0baf1000faad0bbf1000fc1d08e
:10440800384630f011fd304630f00efd0025d4f866
:10441800e00030f009fdd4f8e400c4f8e05030f0d2
:1044280003fd4046c4f8e45039f052fb504639f0d9
:104438004ffb584609b0bde8f08f002f86d02e46b6
:104448000295aa46d4f8e02012b1b8f1000fc7d1fe
:10445800002d3ff47daf4ff0070bc5e7002ff1d1da
:08446800f9e700bf1cd50401b7
:020000040000fa
:020000040101f8
:104470002de9f04f8fb09c4837f01dff9b4b5b78c8
:10448000062b00f0f480dff8b882984c04f1740732
:1044900004f13006964d51e0964b186834f00bfc51
:1044a000022844d1944837f006ff904b01225a70fd
:1044b0003de00021084623f0e5f82860b0f1ff3f19
:1044c00006d08e4837f0f7fe884b02225a702ee055
:1044d0008b4837f0f0fe854b07225a7027e0002307
:1044e0002370884b0322884928681af051fa40b19a
:1044f0000a281cd0854837f0defe7c4b07225a7014
:1045000015e0834837f0d7fe784b03225a700ee04f
:10451000237863b17f4837f0cefe744b04225a7083
:1045200005e0201d35f06cf8f0b1072363706420be
:1045300030f056ff6378062b00f09980072bf6d8f1
:1045400001a252f823f000bf99440101b3440101d4
:10455000df44010111450101234501010d4601011f
:104560002f450101674601010b226b496b482df075
:1045700039f808b10723d9e70621684833f0c8fea7
:1045800008b10723d2e7664838f0e0fb08b10723fb
:10459000cce7644835f08efe4ff0c00b8df80cb0c0
:1045a0006ff057038df80d304ff004028df80e2098
:1045b0004ff0010a8df80fa0dff834911823009313
:1045c00003ab52460021d9f8000016f0c9f88df867
:1045d00008b06ff057038df809304ff004028df8e2
:1045e0000a2002238df80b3002aa0021d9f800001e
:1045f00026f0acf9002352461946d9f8000024f001
:104600004ffa494837f057fe05238fe7474b009391
:104610003b463246211d286805f044f8e0b944487d
:1046200037f049fe324b1b6823b19a6812b192f8f9
:1046300024301bb92d4b06225a7078e7d38c518d4c
:104640000191128d00923b4a282103a836f0fbfb12
:1046500003a837f030feede7374837f02cfe234b48
:1046600007225a7063e7404637f025fe5fe733487c
:1046700037f021fe1d4b93f8883043b138f090fca1
:104680000d901a4c04f19005194e642712e0184b56
:104690001868f2f753fe154b012283f88820ede7e6
:1046a00094f88033013384f880334ff47a710da885
:1046b00025f044fa28462af04fff0028f5d094f858
:1046c00080232946306816f015fc0028e8d13846ca
:1046d00030f086fe94f880232946306816f00afcf4
:1046e0000028e2d0dce700bf4043000100fc0120cd
:1046f000fc2a01208422012058430001704300015c
:1047000080430001c191040194430001b0430001c2
:1047100098430001cc430001e443000104fc012064
:1047200030fc012074fc0120f0430001a39601013c
:10473000084400011c4400012c44000154440001c1
:0447400040440001f0
:020000040000fa
:020000040101f8
:1047440070b5612888b00e4614460d6853d013d84e
:10475400412830d006d8a0f11303012b40f2e880a1
:10476400002492e0542837d0602848d05228f7d14a
:10477400084623f0edf8f3e7a02800f0ed8007d811
:10478400802814d08128ebd1084636f03ff8e7e7bb
:10479400a22800f0f480c0f0ee80f128e0d1d5f832
:1047a400cc0000241cf01afec5f8cc406de028466d
:1047b40029f04cf8d4e713685b8902932b880193a2
:1047c4008a4b0093022201233e21ec2014f04efd7b
:1047d400284630f0c5ffc3e7d5f8c43013f0010410
:1047e40053d023f0010395f8e010c5f8c4302846ef
:1047f40033f0f8fbb4e7084636f086feb0e71368fa
:104804001d68937a032b43d153681b7802932b883a
:104814000193774b0093022201233f21ec2014f0f3
:1048240025fd38f07bf930b3236843616368036185
:10483400637a4373227a037b134323f0040343f024
:10484400010303736b4a00230360516808605060de
:104854004360694b59688160021d0a605a6063684d
:104864001b78022b05d1d5f8c43043f00103c5f8f9
:10487400c43030467de7614b009307240194012343
:1048840002224221ec2014f0f1fc204608b070bd55
:10489400537a02932b880193594b009302220123ec
:1048a4004021ec2014f0e2fc38f030f9034640b328
:1048b40022688261a27a0275226812681288c28212
:1048c40062680261627a4273217a027b0a4322f0af
:1048d400040242f00202002606600273494842685c
:1048e4001360454a43605e6054689c60191d2160f2
:1048f40095f86d40516014f040040ad11df0d2f8cf
:10490400c3e7414b00930724019401230222412170
:10491400b8e7016837f047fe0b7b43f004030b73e1
:104924002af052fbab6f43f01003ab673d215ee707
:104934002b7e403b022b07d8a0f113035942594167
:1049440030462bf097f90be7ac6f14f004049cd0bd
:1049540008461af0b1ff03e705f10c0037f073f8cd
:104964000446002840d00146304609f03dfe20466a
:1049740036f04dfaf4e6288820f052f8f0e695f87f
:10498400e230112b3ff4ecae95f8e430112b3ff4f8
:10499400e7aed5f8a8311bb11b79012b3ff4e0ae8b
:1049a4002b880193194b0093022201234321ec200d
:1049b40014f05cfc2b88adf81030ea8f6b8fd5f8bf
:1049c4003a10adf812300591adf81820adf81c304e
:1049d400adf81a3095f86d3043f0080385f86d3062
:1049e40004a810f0e1fabbe607244ee78cd40201d8
:1049f400b0d402011c28012024280120d7d40201ac
:104a0400f4d402011428012016d5020134d5020180
:020000040000fa
:020000040101f8
:104a14002de9f04f87b0039101921f4600230593bf
:104a24004b1c01f13f02a3eb921303eb43033a68df
:104a3400b2eb930fc0f02c810446032940f2158198
:104a44000026029715e0029f10f1840f00f01381f5
:104a54001ae14ff00008cfe00022e9e0bcf13d0f7d
:104a640000f00581461c019b1a54bef1030f40f26d
:104a7400fa8005aa03a920461cf0d0fa03460028b0
:104a8400e1d1059b5a1c059214f80390b9f1000f6b
:104a940000f0f080039b013b039305aa03a9204681
:104aa4001cf0bcfa0346002840f0ee80059b5a1c1b
:104ab400059214f80380039b013b039305aa03a901
:104ac40020461cf0abfa0346002840f0dd80059b2d
:104ad4005a1c0592e55c039b013b039305aa03a9b9
:104ae40020461cf09bfa0346002840f0cd80059b2d
:104af4005a1c059214f803c0039b03f1ff3ecdf842
:104b04000ce03d2d03d1bcf13d0f40f0c480a9f170
:104b14002b03dbb24f2b00f2c180a8f12b02d2b2df
:104b24004f2a00f2be80a5f12b085ffa88f8b8f18d
:104b34004f0f00f2b980acf12b00c0b24f2800f245
:104b4400b680bcf13d0918bf4ff001093d2d18bfd7
:104b540009f1010909f10109b1440299096889457a
:104b640000f2a880c3f13f0acaf3c0110139dff88b
:104b7400649103f03f0b19f80bb003f00f0343f0fb
:104b840040034af3c01a19f8033003ea0a0301ea9e
:104b94000b011943c2f13f0acaf3c013013b02f0ef
:104ba4003f0b19f80bb002f00f0242f040024af337
:104bb400c01a19f8022002ea0a0203ea0b0313439b
:104bc4003d2d3ff446afc8f13f09c9f3c012013a85
:104bd400dff800a108f03f0b1af80bb008f00f083b
:104be40048f0400849f3c0191af8088008ea09098e
:104bf40002ea0b0242ea0908bcf13d0f3ff42caf74
:104c0400c0f13f09c9f3c012013adff8c8a000f0af
:104c14003f0b1af80bb000f00f0040f0400049f3ce
:104c2400c0191af8000000ea090002ea0b02024364
:104c3400ff2942d0ff2b43d0b8f1ff0f43d0ff2a06
:104c440044d042ea8812d2b2701c890041ea13119e
:104c5400019fb9553d2d3ff401af1b0143ea980371
:104c64003b54b01cfae6029f05e0002603e0029fd5
:104c7400064600e0029f019a22b13b68b34284bf1a
:104c8400002393553e600023184607b0bde8f08f1b
:104c94006ff0ac03f8e76ff09903f5e76ff0990351
:104ca400f2e76ff09903efe76ff09903ece76ff029
:104cb4009903e9e76ff0ac03e6e76ff09903e3e7e4
:104cc4006ff09903e0e76ff09903dde76ff0990364
:084cd400dae700bfbceb0301ad
:020000040000fa
:020000040101f8
:104cdc0038b54ff088430022c3f8b020a74ac3f878
:104cec00b02002f12b42a2f54b12a2f6ab42c3f854
:104cfc00b020a3490a6b22f008020a631b6c03f470
:104d0c004053b3f5005f4ed09d4b1a6822f470628d
:104d1c0022f001021a601a6842f400721a60012231
:104d2c009a601c6814f00104fbd1964d2b6843f477
:104d3c0080132b60012015f0fdf8012015f0e6f82a
:104d4c0004202ef0c7fe002015f0f4f88c4a136aec
:104d5c0023f0080313622b6823f400432b6001201b
:104d6c002ef0b8fe2b6823f400632b60012024f096
:104d7c00affd2a460134536a03f00303032b3ed0e4
:104d8c00b4f5fa5ff6d17f4b5b6a03f00303032b98
:104d9c0038d0012024f0acfd7a4a536a03f00303a7
:104dac00032bfad12ee0774a536843f0807353609b
:104dbc004ff08842136943f080031361002371495b
:104dcc0001334a6a12f0010f10d1b3f5fa5ff7d133
:104ddc006c4b5b6a13f0010f0bd1012024f094fd96
:104dec00684a536a13f0010ffbd002e0b3f5fa5f87
:104dfc00eed2644a536823f01003536084e7b4f591
:104e0c00fa5fc0d24ff088431b6813f4805f0bd05d
:104e1c004ff088431b6813f4404f05d14ff0884284
:104e2c00136823f480531360574b99684ff08842f2
:104e3c00c2f8c010d968c2f8d0101969c2f8e010d5
:104e4c005b6903f40842b2f5004f50d04e4b9b699e
:104e5c0003f40842b2f5004f53d04b4bdb6903f41b
:104e6c000842b2f5004f58d0474b1b6a03f4084276
:104e7c00b2f5004f5dd0444b5b6a03f40842b2f5c7
:104e8c00004f62d0404b9b6a03f40842b2f5004fce
:104e9c0067d03d4a51683a4bc3f8301111683b4a10
:104eac0011601a6822f4706222f001021a601a680a
:104ebc0042f480721a6001229a601a46136813f049
:104ecc00010ffbd12f4b5a6822f030025a605a68fe
:104edc0042f010025a602a4a136823f01003136040
:104eec004ff088434ff03332c3f8b02038bd23f471
:104efc000143254a5361224a13674ff400439367d9
:104f0c00a4e723f40143204a93611d4ac2f8903070
:104f1c004ff40043c2f898309fe723f401431a4a38
:104f2c00d361174ac2f8b0304ff40043c2f8b8301e
:104f3c009ae723f40143144a1362114ac2f8d030a1
:104f4c004ff40043c2f8d83095e723f401430e4ade
:104f5c0053620b4ac2f8f0304ff40043c2f8f830f9
:104f6c0090e723f40143084a9362054ac2f81031d2
:104f7c004ff40043c2f818318be700bf556699aa6d
:104f8c00000a00440040014148250120002401444e
:020000040000fa
:020000040101f8
:104f9c002de9f04f054685b041208b46904638f000
:104fac0093fd044650b9a54b009302460423c2213d
:104fbc00ee2014f057f905b0bde8f08feb78c21d68
:104fcc0005f1040a039205f10b0900f1110600f139
:104fdc002107002b40f0b280daf800300360baf8f9
:104fec00043083809af806308371d9f80030c0f809
:104ffc000730b9f80430938099f806309371904bd0
:10500c001b681a7882735a79c2735b780374bbf18c
:10501c00000f00f08d80dbf80030c0f81130dbf8a9
:10502c0004307360dbf80830b360dbf80c30f360ed
:10503c00ea6d02f5c07204f1310b1368c4f821302b
:10504c0053687b609368bb60d368fb60ea6d02f5c4
:10505c00e07221461368c4f831305368cbf8043041
:10506c009368cbf80830d368cbf80c30e86d41224c
:10507c0000f5e873063005f0d1fbd9f80030236059
:10508c00b9f80430a38099f80630a371daf800302f
:10509c00c4f80730baf80430a4f80b30e21d9af8c3
:1050ac0006309371eb6d93f8e430a373eb6d93f8ca
:1050bc00e530e373eb6d93f8e6302374b8f1000f31
:1050cc0000f0b580d8f80030c4f81130d8f80430ae
:1050dc007360d8f80830b360d8f80c30f360ea6d20
:1050ec0002f5e07221461368c4f8213053687b60e6
:1050fc009368bb60d368fb60ea6d02f5c0721368fd
:10510c00c4f831305368cbf804309368cbf80830ce
:10511c00d368cbf80c30e86d412200f5c87306302b
:10512c0005f07cfb204605b0bde8f04f38f0cebc56
:10513c0010225946304637f03bf879e7d9f8003061
:10514c000360b9f80430838099f806308371daf87b
:10515c000030c0f80730baf80430a0f80b30c21d8c
:10516c009af806309371eb6d93f8e4308373eb6d22
:10517c0093f8e530c373eb6d93f8e6300374bbf131
:10518c00000f4ed0dbf80030c0f81130dbf80430e3
:10519c007360dbf80830b360dbf80c30f360ea6d59
:1051ac0002f5c07204f1310b1368c4f82130536856
:1051bc007b609368bb60d368fb60ea6d02f5e072bc
:1051cc0021461368c4f831305368cbf80430936827
:1051dc00cbf80830d368cbf80c30e86d412200f5e1
:1051ec00e873063005f01afbdaf800302360baf8e1
:1051fc000430a3809af80630a371d9f80030c4f8b3
:10520c000730b9f80430a4f80b30e21d99f80630d9
:10521c0093710b4b1b681a78a2735a79e2735b7803
:10522c004be710225946304636f0c2ffb7e7102242
:10523c004146304636f0bcff51e700bfa4c0040124
:04524c0040290120d4
:020000040000fa
:020000040101f8
:105250002de9f04786468c460846089e154674465a
:105260001946002b40f0c2808242b2fa82f245d940
:105270004ab1c2f1200300fa02fc2efa03f3954072
:1052800043ea0c0c94404fea154ea8b2bcfbfef862
:10529000230c0efb18cc08fb00f943ea0c4399459c
:1052a00028d9eb1808f1ff3704d2994502d9a8f1a3
:1052b00002072b44a3eb0903a4b2b3fbfefc0efbd5
:1052c0001c330cfb00f044ea0344a04214d92c190f
:1052d0000cf1ff3304d2a04202d9acf102032c44fa
:1052e000241a43ea07401eb1d4400023346073609f
:1052f000bde8f0874746dde76346f1e792bb431b15
:1053000001214fea154eafb2b3fbfefc200c0efba1
:105310001c330cfb07f840ea0343984562d9eb18ad
:105320000cf1ff3004d2984502d9acf102002b44b5
:10533000a3eb0803a4b2b3fbfefc0efb1c330cfb77
:1053400007f744ea0344a7424ed92c190cf1ff3366
:1053500004d2a74202d9acf102032c44e41b43ea75
:105360000040c0e7c2f1200320fa03f195409040cd
:105370002efa03f303434fea154eafb2b1fbfefc26
:105380000efb1c10190c0cfb07f841ea0041884584
:1053900004fa02f422d969180cf1ff3004d28845ce
:1053a00002d9acf102002944a1eb08019bb2b1fb88
:1053b000fefc0efb1c110cfb07f743ea01439f4266
:1053c0000ed9eb180cf1ff3104d29f4202d9acf197
:1053d00002012b44db1b41ea004192e76046e3e710
:1053e0006146f7e76046a3e76346b7e7834206d91d
:1053f00016b9002108467be7c6e900e0f9e7b3faf1
:1054000083f78fb9834201d3724508d8beeb0204fb
:1054100060eb030301209c461eb9002168e7384673
:10542000fae7c6e9004cf8e7c7f1200cbb4022fac6
:105430000cf41c432efa0cf120fa0cf3b840014393
:105440004fea14490efa07f5b3fbf9f81ffa84fe88
:1054500009fb18300b0c08fb0efa43ea00439a458f
:1054600002fa07f240d9e31808f1ff3004d29a4556
:1054700002d9a8f102002344a3eb0a0389b2b3fbcb
:10548000f9f809fb183308fb0efe41ea03418e458b
:105490002cd9611808f1ff3304d28e4502d9a8f146
:1054a0000203214443ea0040a0fb0298a1eb0e0155
:1054b0004145ce46434602d306d14d4504d2b9eb11
:1054c000020e68eb04030138002ea6d0b5eb0e02e5
:1054d00061eb030101fa0cfc22fa07f34cea030327
:1054e000f940c6e9003198e74046c5e74346d9e7a9
:020000040000fa
:020000040101f8
:1054f0002de9f04f99b004460d4621b100230b6011
:105500004b608b60cb60002c00f02181204636f090
:10551000c9f8064618b9002019b0bde8f08f00237d
:105520001193129313931493234619461a78013357
:10553000202afad0093a042af7d93444641a0a19fd
:105540002646013c12f8013d202bf9d0093b042be3
:10555000f6d9402e01d90020dee73246684637f002
:10556000d1ff002206f160036b4403f8602c9df824
:1055700000305b2b0dd06b4618461c461a78013361
:10558000202afad0093a042af7d933181b1b2344de
:105590000de00deb04021df804305d2b40f0d980c6
:1055a00000231370023e0df10103e5e7013b159363
:1055b00013f8012c202af9d0093a042af6d900223e
:1055c0001a7023783a2b19d04ff0ff3926783046dd
:1055d00035f060fa002800f0c08001344ff0000878
:1055e0004ff0100a47460d2e70d842f20163f34087
:1055f00013f0010f75d116ab002719e063783a2b31
:1056000040f0a98002349146e0e7a6f12002d2b230
:105610001a2a05d8594921fa02f212f0010f16d1bf
:10562000042f00f09c80013703f8016b14f8016b24
:105630000d2eead842f20162f24012f0010fefd0d3
:10564000002207f160036b4403f8082c09e00022f4
:1056500007f160036b4403f8082c2e2e2ad03a2e53
:1056600023d0dff81cb10023cbf80030524615a937
:1056700016a836f0cbfd80b2dbf80030002b70d1dd
:1056800020b916ab3b44159a9a426cd108f1010b34
:105690005f4638f07af911ab23f818000eb33a2eb2
:1056a0000bd014f8016bd8469ce7baf10a0fd8d199
:1056b000002031e74ff00a0ad3e723783a2bf0d1e4
:1056c000b9f1ff3f51d10134d946eae7a6f12003f1
:1056d000dbb21a2b8fd8294a22fa03f313f0010ff9
:1056e00089d0082f43dc072f2ddcb9f1ff3f40d0d4
:1056f000b9450dda11ab03eb470315aa11a901eb6c
:10570000490000bf33f8021d22f8021d8342f9d17f
:10571000a7eb0903c3f1070399450bdc11aa02ebc0
:1057200049020df1460101eb4303002122f8021b5f
:105730009a42fbd1fdb111ac0fcc28606960aa6020
:10574000eb600120e8e6b9f1ff3fd1d1f2e700209c
:10575000e2e60020e0e60020dee60020dce60020b5
:10576000dae60020d8e60020d6e60020d4e60020c5
:10577000d2e60020d0e60120cee600bf01c0000442
:04578000b429012027
:020000040000fa
:020000040101f8
:105784002de9f04f91b00025072906468df81350f6
:1057940001d0152949d10132a1f1050805a806a9ae
:1057a40006921ffa88f836f0caf806a90df1160019
:1057b40036f0c5f8424606a90ca836f003fcbdf83d
:1057c4001440002c00f00881bdf81630a342c0f04c
:1057d4000681747ae0073ed408ab01935ffa88f837
:1057e40007ab009342460cabbdf81610bdf814008d
:1057f4001ef0e0fa0446002800f0f480089b5b6881
:10580400d3e90112107837f081f8079a03468346ea
:10581400d27b3088012119f04dff87b2002f49d087
:10582400adf814400024254603e0adf814502c468e
:1058340004279df813305bb9002f40f0db802a4623
:105844002146304634f01afb10b1284638f030f9be
:1058540011b0bde8f08fb37ad907bdd514f00c0fa1
:1058640010d0002474724ff4827038f031f900289b
:10587400b2d010220270328882808471042132f006
:10588400a5f9a9e75f4bb8f1020f1b88adf82430e6
:1058940009d1424609a90ca833f03cfc18b944f0dc
:1058a4000804747298e744f0040400257472122703
:1058b4002c46bee7079b9a7b920777d49df813305a
:1058c400002bafd1b08838f073f80546002800f0fb
:1058d4008c80079b9b68b3f80090b3881a1f91458e
:1058e4008cbfa3f1020909f1020900f110031ffaa8
:1058f40089f9092106a8069337f0cafc5ffa89f1f1
:1059040006a837f0c5fc214606a837f0c7fc079b5c
:10591400a9f10202596892b206a836f05dfb09f1ba
:105924000203a2469cb2089bda894ff6ff739a429f
:105934003ff47faf04eb09030393039ab3889a42bd
:105944003ff777af08ab0af10100019307ab80b2d0
:10595400009342460cabbdf81610adf814001ef0cf
:1059640029fa8246002843d0079a937b9b073ff588
:1059740060af93681b8802334b457ff45aaf5b4694
:10598400d27b3088012119f095fe00287ff451afb5
:10599400514606a837f082fc079b9a68596812881a
:1059a40006a836f019fbbdf80c40bce70993338810
:1059b400adf828300df11301082309a8adf82a40e9
:1059c400adf82c708df82e3024f022fa00283ff424
:1059d40075af3c46074626e72546012729e70025fb
:1059e4002c46fae705460a2723e70446112720e751
:1059f40007461ee7fbb2bdf81420082130461cf010
:085a04009ff825e7be910401a3
:020000040000fa
:020000040101f8
:105a0c0073b50468267e132e054641d003d8122e9a
:105a1c000cd002b070bd403e022efad8102901d035
:105a2c001229f6d100200af093f9f2e7112925d0ba
:105a3c001ad81029edd194f86d306ff3410384f826
:105a4c006d30204637f01afe284631f061f91323e9
:105a5c002376607e2bf02efb204636f0dffd0521f1
:105a6c00284616f0bff8d4e712290dd08129d0d1e1
:105a7c000022812128461df0c1fdcae711462df0f8
:105a8c0086fa13232376c4e7284617f099fcc0e75f
:105a9c00212900f0dc802ed81229f5d007d8102946
:105aac0072d01129b5d111462df071fab1e7162932
:105abc00afd31729e8d92029abd1a36f1e0616d571
:105acc002bf066ffd4f8c83023f08073c4f8c830cc
:105adc0031f038ff204627f065ff002871d02bf0fd
:105aec0057ffa36f43f08073a36731f02bff284659
:105afc0026f0fafa8de7242900f0a98023d8222970
:105b0c0069d0232985d132f0c8fa002881d1237db0
:105b1c00002b3ff47eafa36f5b0640f19080a37d1a
:105b2c00012b40f08c80002120462af0a9f9002896
:105b3c0000f085802bf02cffa36f23f04003a367ac
:105b4c0031f000ff7be0812992d0822900f0968011
:105b5c0025297ff45eaf2bf089fa28462ef0a2fea1
:105b6c00a36f5b067ff555af20462ff097fb20b354
:105b7c002bf00effa36f23f04003a36731f0e2fe7e
:105b8c0028462ef08ffe44e794f86d306ff34103f6
:105b9c0084f86d303a4b1a686ff39a621a6020469b
:105bac0037f06cfd28461bf005fda36f23f40003b2
:105bbc00a367284631f0acf84be7284631f0a8f83b
:105bcc0027e701a9d4f8cc0035f0d6fc019b5b0a81
:105bdc00c4f888301de7a36f13f0100203d0d4f87b
:105bec00bc21812147e794f86d10a4f8152062f3cd
:105bfc00c711180784f86d1009d52bf0c9fea36fd7
:105c0c0023f4005323f00803a36731f09bfed4e97f
:105c1c006f21284602f000fea36f59060cd5002117
:105c2c0020462af02df938b12bf0b2fea36f23f0e9
:105c3c004003a36731f086fe284633f056faa36f73
:105c4c001a067ff5e6ae284632f03affe1e6637db0
:105c5c00013363752bf09cfea36f23f0400343f4d8
:105c6c008063a36731f06efe284632f016fa0028e6
:105c7c007ff4cfae204630f053fa81e70022fae6eb
:045c8c00303401416e
:020000040000fa
:020000040101f8
:105c900070b504462cf08cfa00b970bd37f05dfe8b
:105ca00005462ef077f80146284630f017f8002810
:105cb00067d1944b1b699c4228bf1c464ff0e023e0
:105cc00006221a619b69002b00f00981601e8d4a33
:105cd000d26802fb00334ff0e022d2f8042d12f01c
:105ce000806f08d04ff0e0224ff00071c2f8041d21
:105cf000844ad2689b1a834a52699a4238bf9b1ad7
:105d00004ff0e022536100219161116941f00101de
:105d1000116124b1bff34f8f30bfbff36f8f62b6f5
:105d2000bff34f8fbff36f8f72b6bff34f8fbff3c9
:105d30006f8f4ff0e02206211161126912f4803f4b
:105d400000f0d0806f4ce1684ff0e02292690a4485
:105d5000013ad31a62699a4201d2994200d24b1e8b
:105d60004ff0e02253614ff0e02300229a610722b6
:105d70001a61644ad268013a5a612ef097f862b605
:105d80008be7604dab699c4228bf1c464ff0e02278
:105d9000136923f0010313612df0fcff06464ff455
:105da000807037f0bbf837f0d8fda4fb003113f555
:105db000fa704ff47a724ff0000341f1000130f0b5
:105dc00015fa2b6a03b9eb69984288bfc01a3044b0
:105dd00035f010ff4ff4807037f09af8494b0022ed
:105de0001a70494b1b8813f0020f46d072b6bff3ee
:105df0004f8fbff36f8f0bf0affc054601283fd1eb
:105e0000f2f7c4fb24b1bff34f8f30bfbff36f8fe6
:105e1000002035f0effe4ff4807037f07ff8fef78a
:105e20005dff01200bf026fd28460bf0a5fc62b6b5
:105e3000bff34f8fbff36f8f72b6bff34f8fbff3b8
:105e40006f8f4ff0e02306221a612e4b1b78f3b1bf
:105e5000013c2c4b00221a724ff0e0250023ab616d
:105e60002b6943f001032b6120462ef01ff8254bd0
:105e7000db68013b6b6162b60fe734f0aff8b5e762
:105e800003200bf079fc00200bf0f4fcb8e72df0b8
:105e900081ff1c4b1b7af3b9851b1a4e002333720a
:105ea0004ff47a7303fb05f537f057fdb5fbf0f4bb
:105eb00037f053fdb5fbf0f303fb1055f36803fb1c
:105ec00005f537f04afdb5fbf0f5f3685b1b4ff0c5
:105ed000e0225361c0e70b4b5d68451bdde7094bd2
:105ee000db68f3e64ff0e0218a69064bdb6803fbd1
:105ef00004f4a01ab0fbf3f000fb0333121b1344ad
:0c5f00004b6130e7cc250120000001427d
:020000040000fa
:020000040101f8
:105f0c00964b00225a70002800f0268130b58bb0d9
:105f1c008446934b93e8030008908df824108f4c23
:105f2c000023e36123626362a362e3622363c4f828
:105f3c0033300aab13e90300a0612177e37a042b19
:105f4c0009d8dfe813f0050055007f00ab00d8003e
:105f5c009cf8d8326bb98148c37a0133814aa2fbd1
:105f6c00031202f4fe7101eb92029b1ac3720bb086
:105f7c0030bd00230193029303930493059306937e
:105f8c008df81c300cf1300101a8f7f7ebf9002863
:105f9c00e1d1724d6b796b7701ac0fccc5f81e005b
:105fac00c5f82210c5f82620c5f82a3003ccc5f850
:105fbc002e00c5f83210237885f8363001240023e2
:105fcc008df8043003228df805208df806301f2340
:105fdc00adf80830644b039301a835f059f900284b
:105fec0040f0b6805d4b23441a7901321a71b2e746
:105ffc009cf8d632002baed000230193029303936e
:10600c000493059306938df81c30614601a829f082
:10601c000ffb00289fd1514d2b796b7701ac0fcc26
:10602c00c5f81e00c5f82210c5f82620c5f82a3080
:10603c0003ccc5f82e00c5f83210237885f836301d
:10604c000024bce79cf8e932002b84d00023019398
:10605c00029303930493059306938df81c300cf56f
:10606c001c7101a82ff06cfc00287ff474af3b4d21
:10607c00eb796b7701ac0fccc5f81e00c5f822107c
:10608c00c5f82620c5f82a3003ccc5f82e00c5f873
:10609c003210237885f83630032490e79cf8ea32e6
:1060ac00002b3ff458af0023019302930393049306
:1060bc00059306938df81c300cf5247101a800f0a3
:1060cc00c1fa00287ff447af244d2b7a6b7701acd3
:1060dc000fccc5f81e00c5f82210c5f82620c5f84f
:1060ec002a3003ccc5f82e00c5f83210237885f879
:1060fc003630042463e79cf8eb32002b3ff42bafd3
:10610c0000230193029303930493059306938df854
:10611c001c300cf5307101a82ef022fb00287ff406
:10612c001aaf0e4d6b7a6b7701ac0fccc5f81e0015
:10613c00c5f82210c5f82620c5f82a3003ccc5f8be
:10614c002e00c5f83210237885f83630052436e752
:10615c00064836f098f8fee6704700bf901a01200a
:10616c009c420001cdcccccca81a01207842000175
:020000040000fa
:020000040101f8
:10617c002de9f04fe5b0a8b30f4615460446067856
:10618c0086b379b372b3131db3f5a07f32d800f187
:10619c008c094ff0ff31484636f0cff801282ed14c
:1061ac006378032b30d1d4f80ca0baf1000f33d1a3
:1061bc002a46394613a835f063fa764836f020f9aa
:1061cc00002312930123042212a9734803f058f8f8
:1061dc00129b013b6ff0704293424dd36f4f07f10e
:1061ec00300b78e06e4836f00bf90026304665b07f
:1061fc00bde8f08f6b4836f003f90026f6e76a48e5
:10620c0036f0fef80026f1e7684836f0f9f8484613
:10621c0034f082fe0026e9e7654836f0f1f848468e
:10622c0034f07afe0026e1e704f58074b4f5805f63
:10623c004bd03b68234401934346032201a94ff4fe
:10624c00867000f0a9fe0023402202a940f20f1034
:10625c0003f016f8039b013b13f1030fe4d8089be2
:10626c00a3f54832b2f5604fded21293129b013b7c
:10627c006ff07042934232d2033525f00307c5f319
:10628c00890545f4806502950024039401230322bb
:10629c0012a94ff4867000f07ffe234608220deb06
:1062ac00020140f20f1000f077fe00bb0223639353
:1062bc000123042263a93f4800f06efef8b941f2b5
:1062cc0088343d4ddff80c8132e0129b002bcdd190
:1062dc0004375f4503d054464ff00108a9e737480f
:1062ec0036f08ef8484634f017fe00267ee7344828
:1062fc0036f086f8484634f00ffe264676e73148ed
:10630c0036f07ef8484634f007fe00266ee7002390
:10631c003a4613a94ff0805000f03efe90bb484621
:10632c0034f0fafd284836f06bf85fe7013c21d0d9
:10633c0000218df8041001aa28461bf077fa9df86d
:10634c00043013f0040ff1d0002201a928461bf0f1
:10635c006dfa002302930123042202a9404602f0a5
:10636c008fff029b002be1da13f4fc7f02d013f0b9
:10637c00040fccd1154836f043f8484634f0ccfd28
:10638c00002633e7124836f03bf8484634f0c4fd9b
:10639c0000262be72c4c00012c0000109c5a040109
:1063ac00cc4b0001dc4b0001ec4b0001004c00011c
:1063bc00184c000124000010080000103c4c000197
:1063cc00544c00016c4c0001b04c0001844c000199
:0863dc00984c0001280000109c
:020000040000fa
:020000040101f8
:1063e4002de9f04788b00d46411e11f1030f00f26c
:1063f4000e81044690461f468368002b00f00981f5
:106404008278002a00f00781002d00f0c780002167
:10641400284624f067fa002800f00281b8f1000f42
:1064240040f0c58095f82890b9f1000f09d0a36811
:10643400b3f89c3009f1ff32134113f0010f00f05f
:10644400f180a36893f87920002a40f0ed8093f856
:106454007a60002e40f0ea80002f00f0b5803b788f
:10646400012b00f2e5803b7a022b00f2e380234605
:10647400744a00210b202cf096fc8246002800f080
:10648400db8095f8203000932b460522012133f060
:106494009ffe002300934b4602220421504633f012
:1064a40097fe95f82730002b00f096800623009382
:1064b40005f121030b220521504633f089feb8f182
:1064c400000f00f09a800023009398f90030022214
:1064d4001146504633f07cfe98f80230002b40f011
:1064e400838098f8013013f0010f06bf83f0020394
:1064f400c3f34003022300220092032232215046b8
:1065040033f066fef7b17b6800250095032207216e
:10651400504633f05dfe3b78009503220821504637
:1065240033f056fe3b7a009503220921504633f09e
:106534004ffe397801957b7800930a231422504644
:1065440021f0a4fe0121504629f0f0fd5146a06837
:106554002bf0c8fc002871d0a368109ac3f8082354
:10656400a368012283f87a20a3684ff0ff32c3f8ae
:10657400a020a368002283f8ac20b8f1000f44d017
:1065840098f90020a36883f8ab20a368002283f85d
:10659400aa20a3680122a3f8ae203de0b8f1000fc1
:1065a4000dd00021084624f09df9002848d040462b
:1065b40025f04ef900287ff435af09262ce0109a17
:1065c400c3f80823002627e003a833f0a4fa002820
:1065d4007ff44daf03af4ae7002300930b2205215c
:1065e400504633f0f5fd6ae7009308f103030522f2
:1065f4000321504633f0ecfd73e70023009302229d
:106604001146504633f0e4fd7ce70022bae7022647
:1066140002e0022600e00126304608b0bde8f0871b
:106624000926f9e70226f7e70826f5e70826f3e73f
:106634000226f1e70226efe70826ede70826ebe756
:086644000926e9e7f7c404018f
:020000040000fa
:020000040101f8
:04664c0000befee7a7
:020000040000fa
:020000040101f8
:10665000002800f0f680f8b50c460546002900f049
:10666000f2800b78032b00f2f0804b78072b00f2be
:10667000ee8091f824300f2b00f2eb8091f825305a
:106680000f2b00f2e880d1e902670022804b3046f0
:1066900039462ef04ff8002840f0df8000227d4b75
:1066a000304639462ef02af8002840f0d880d4e948
:1066b00004670022784b304639462ef03bf800281c
:1066c00040f0cf800022754b304639462ef016f848
:1066d000002840f0c880628b40f6f6139a4200f220
:1066e000c480d4ed077a9fed6e7af4eec77af1eeae
:1066f00010fa00f1bc809fed6b7af4eec77af1eef0
:1067000010fa00f3b680d4ed087a9fed657af4eec6
:10671000c77af1ee10fa00f1ae809fed627af4eee6
:10672000c77af1ee10fa00f3a880d4ed0a7a9fed53
:106730005c7af4eec77af1ee10fa00f1a0809fedda
:10674000597af4eec77af1ee10fa00f39a802b78ba
:10675000042262f30713022262f303032b706b78a7
:1067600023f0e0036b70227862f301036b706278b0
:1067700062f384036b7044a3d3e90023d4e90201dc
:106780000cf086ff1ff051fe03460a4646498b4235
:106790004ff0ff3172eb010107db444999424ff0a2
:1067a0000001914102da414b00e03f4bc5f8023055
:1067b00035a3d3e90023d4e904010cf069ff1ff0ed
:1067c00034fe03460a4638498b424ff0ff3172ebe4
:1067d000010107db354999424ff00001914102da8e
:1067e000324b00e0304bc5f80630238b6b81638b56
:1067f0002f4aa2fb0323db08ff2b28bfff232b73a9
:1068000094ed070a32f0acfda5f80d0094ed080aee
:1068100032f0a6fda5f80f006b7c94f8242062f3fb
:1068200007136b7494f8252062f303036b7494ede3
:106830000a0a32f095fd6882e36a6b6100202876cf
:1068400004e001207047012000e00120f8bd012094
:10685000fce70120fae70120f8e70120f6e7012034
:10686000f4e70120f2e70120f0e70120eee7012044
:10687000ece70120eae70120e8e70120e6e7012054
:10688000e4e70120e2e700bf00000000d01263410e
:10689000008056c000805640008066c00080664080
:1068a00000007ac4002ff846002eb69400d2496b3f
:0468b000cdccccccb3
:020000040000fa
:020000040101f8
:1068b400f8b5037f914e022b044622d136f0bbfa81
:1068c400d4f8ac307bb92377a36f23f08053a3674c
:1068d4000123238433696362b4f86c3023f4907326
:1068e400a4f86c3012e094f86d20920609d51b7957
:1068f40003f03003102b04d100232377c4f8ac3009
:10690400e2e7217f0029dfd0022970d0204620f061
:106914000dfda17e84f8220094f821002cf026f9c4
:10692400d4f89830184494f82130c4f898001bb176
:10693400b4f85230a4f85830e37dd4f8cc00012bdd
:1069440040f0be8037f0e8f8d4f8a430834238bf72
:10695400c01ad4e9262328bf00209a42a36f80f0ee
:10696400ac80824280f0a980d90040f19d8094f8e7
:106974006d2042f0010284f86d2043f04003a367c8
:106984002bf00af85e49f2680868636a95b265f309
:106994000f00086040399bb2086863f30f00086079
:1069a40094f82230537094f86d3094f86c20f068a9
:1069b40003f00101c2f38013db0043ea011394f8ee
:1069c4002010d2090b4343ea8203037030f0beff68
:1069d400a36f13f0200108d194f86c2043f0200336
:1069e40061f3410284f86c20a3670020f8bdd4f859
:1069f400ac2013895589ed1aa36f23f08053a36744
:106a040094f86d306ff3000384f86d30137903f05c
:106a14003000102829d112891abb03f00303012b7b
:106a24001fd084f82010d4f8ac20b4f86010138977
:106a34000c331344a94263621ed3106836f046f83f
:106a4400d4f8ac301b7903f03003102b07461ed169
:106a5400606836f03bf827b3a36f43f08053a36715
:106a64000fe0012384f82030dde7032384f820308d
:106a7400204615f0bfffd6e7a36f43f08053a3670a
:106a84000d4684f82150204635f0bafd3ee7a06853
:106a940036f01cf894f86d309b06dcd5002fdbd162
:106aa400efe70028d8d1ece794f86c20d2063ff544
:106ab40064afa27d012a3ff460af23f040035ee798
:106ac40037f02af8d4f8a430d4f8a020834238bf91
:106ad400c01ad4f8983028bf00209342bff450afb6
:106ae4008342bff44dafa36fdb0042bf94f86d3017
:106af40043f0010384f86d3042e700bfe82601202b
:046b04008034014197
:020000040000fa
:020000040101f8
:106b08002de9f04fadf28c6d15461268002a00f0a1
:106b180016810e461f46442a00f31481012a1bd011
:106b2800346824b3d0f80080b8f1000f24d073681b
:106b3800012b27d0b8f1010f02d18368022b54d062
:106b480000972b462246314609f0a2fe044620460d
:106b58000df28c6dbde8f08fab68012be0d16c684d
:106b6800002cddd10021384634f058feefe7012132
:106b7800384634f053feeae70021384634f04efe3a
:106b88004446e4e701468ea834f02ef829460df570
:106b98008c6034f029f80023cdf864348eaa0df502
:106ba8008c611046f4f7e2fc04460028cfd10df5bd
:106bb8008c61304631f072fb0023cdf864340097c5
:106bc8002b46ddf860240df58c618ea809f060fe77
:106bd80004460028bbd16b68012bb8d13a46294638
:106be800384629f00dfa0446b1e703a928462bf0e8
:106bf800bbfb814608b14c46a9e704a835f0a0f8cc
:106c08008ea835f09df88eaa0821284618f0a4fc15
:106c180081460028efd1294604a821f0eef88146e4
:106c28000028e8d104f1ff3a6301484a82fb032bac
:106c3800abebe37b0beb4b0ba3eb0b0bbbf1000fad
:106c480002dc00244a462ee00af1020a56f82a809d
:106c5800cbf1200104aa28fa01f1104618f07cfcb7
:106c680008b18146c7e704aa8ea9104629f0c8f9d9
:106c780008b18146bfe704aa2946104628f04cfd12
:106c8800002856d1a4f1020a08fa0bf4cbf1210826
:106c9800d8e7e30f0132c2f103018b40640049eaef
:106ca8000309032a0ed0b8f10108f2d1baf1ff3f67
:106cb80034d00af1020356f823400af1ff3a4ff0a4
:106cc8002008e6e74ff0030b04a908462df0aef9bb
:106cd80088bb039a294604a836f036fc68bbbbf18a
:106ce800010bf1d104aa4946104618f035fc81463b
:106cf800002880d104aa8ea9104629f081f981467e
:106d080000287ff478af04aa2946104628f004fd2d
:106d1800814600287ff46faf0246c4e7039a2946ec
:106d280004a836f011fc8146394604a831f0b6fab9
:106d380061e781465fe781465de781465be74ff0a3
:106d4800ff3404e74ff0ff3401e700bf56555555af
:020000040000fa
:020000040101f8
:106d58002de9f04786b00d46411e11f1030f00f2f0
:106d6800f580044617461e46d0f80880b8f1000f93
:106d780000f0ee80002b00f0ed808378002b00f00f
:106d8800eb80002a00f0fa80104634f087fc814638
:106d9800002d7ad06b68002b64d098f86022032a03
:106da80000f0de80b9f1000f03d15b88002b00f002
:106db800d9800e9b03f120012346764a49440b20d3
:106dc8002bf0efff8046002800f0ce80002211460d
:106dd8001bf0b4f96b68d3b15b78002b6cd16b688e
:106de8005b68002b75d16b685b8863b15fb100226b
:106df800009203222321404628f0b4fc01222321db
:106e080040461bf09bf96b681a7c002a6ed1a36878
:106e180093f86022052a7dd0002f00f08680ab7899
:106e28006a7829780e9804900396cdf8089001970f
:106e38000520009040461bf011fd4146a0682bf04c
:106e48004ff8002800f09680119b0bb1c3f8008022
:106e5800a3680f9ac3f8b822a368109ac3f8bc2293
:106e680000207ae0002f00f081802346494a0e99dd
:106e7800411803202bf095ff804600287cd0002283
:106e8800114640461bf05af9a4e72346414a0e9999
:106e9800411803202bf085ff8046002868d0002287
:106ea80011461bf04bf9002d94d1a36893f860228a
:106eb800052a2ed0384db2e7002200920322012184
:106ec800404628f04ffc0122114640461bf036f997
:106ed80085e70022009203220221404628f042fc66
:106ee8000122022140461bf029f97ce703f1100a30
:106ef8002021504634f0f2fd00905346052203212c
:106f0800404628f02ffc0122032140461bf016f9c9
:106f18007de7214d93f8fc32002b3ff47daf012231
:106f2800262140461bf00af976e7ab786a7829787b
:106f38000e9804900396002002906868408801909b
:106f48000320009040461bf089fc76e7022004e00d
:106f5800022002e0022000e0012006b0bde8f08730
:106f68000220fae70220f8e70820f6e70220f4e713
:106f78000820f2e70820f0e70820eee73db16b684b
:106f88004ff00009002b7ff408af0220e5e702204c
:0c6f9800e3e700bf69f9020174d80401ae
:020000040000fa
:020000040101f8
:106fa4002de9f04f93b017468e4a1268002a00f07c
:106fb400048188464ff0ff320e92cdf83f20020e36
:106fc40002f070049b00deb2c0f3c13ac0f3c715ef
:106fd4004000c3b2029305210df1390036f058fd8b
:106fe40040f00100c3b20393a3462c46b7f5007fdb
:106ff4003cd9c7f34f22082301254ff400797521aa
:107004008df839104aea030333434bea030363f070
:107014007f038df83a308df83b40c2f30023029988
:107024000b438df83c308df83d20039b8df83e30aa
:107034006c4b1b680b220aa90ea89847002800f085
:10704400be809df830309df8312052ea032240f092
:10705400c680002d14bffc23fe230193cdf810b08d
:10706400cdf814a006940796089258e01ffa87f901
:10707400c7f3080200231d46c1e7fe238df839300b
:107084004a4641460df13a0034f0fefa002209f175
:1070940048036b4403f80e2c03f80d2c514b1b686a
:1070a40009f107020aa90ea89847002800f0898070
:1070b40009f148036b4413f81c3c03f01f0309f166
:1070c400060b0bf148026a4412f8202cfab9642426
:1070d4000bf128020deb0205424e09971f46336857
:1070e400012229460020984700286cd0013c0bf16e
:1070f40048036b4413f8203c1bb9002cefd13b46ea
:107104004ce03b46099f00e05b46002c46d0052b33
:1071140044d1d044a7eb0a07b7f5007f41d3ca4650
:10712400b9f1040fa9d9019b8df839302d4b1b6897
:10713400022200210ea89847002846d0294b1b683c
:107144004a46002140469847002840d000238df845
:107154003d308df83e30234b1b6805220aa90df102
:107164003d009847002834d09df82a3003f01f03cf
:107174009df82c20002acad164241a4e01259b466e
:1071840033682a460ba90020984720b3013c9df898
:107194002c30002bb8d1002cf2d15b4643f47f4055
:1071a4001ae0ddf810b0ddf814a0069c079e089ada
:1071b400002f7ff41baf10460ee0ff200ce0ff20f1
:1071c4000ae0ff2008e0ff2006e0ff2004e0ff20a3
:1071d40002e0ff2000e0ff2013b0bde8f08f10466e
:0871e400fae700bf8828012032
:020000040000fa
:020000040101f8
:1071ec002de9f04f87b0d0f8dc30d0f8e090019367
:1071fc00d0f8d830d0f8ec800293054640f6014325
:10720c000490494604a8adf814301df0f1ff2b464c
:10721c00002453f8282fc8f800209b88a8f80430c5
:10722c002b46264653f82e2fc8f806209b88a8f824
:10723c000a30d5f87471fb68039300bf95f894304d
:10724c00b34202d807b0bde8f08fd7f80ca0daf83b
:10725c0000306ff30203caf80030daf80020012383
:10726c0063f3c402caf80020daf800204ff0040bd4
:10727c006bf3ca12caf80020daf8001052466bf30e
:10728c00ce2142f8101bdaf8001092b262f3de3114
:10729c00caf80010daf800206ff3df72caf8002089
:1072ac00daf804101ffa89f262f30f01caf804101d
:1072bc00daf804101ffa88f262f31f41caf80410be
:1072cc00daf8082063f30102caf80820daf808207b
:1072dc0042ea0b02caf8082099f8012095f83510fb
:1072ec0095f822002ef0a2f9c7f80ca005eb860a3f
:1072fc000022c7e904943a723a77caf864703f687e
:10730c002318fc6800932168052060f302012160ba
:10731c002168012363f3c401216023686bf3ca1352
:10732c00236023686bf3ce23236095f89430013be4
:10733c009e4272d195f84730012b06d1bdf80c3026
:10734c00226863f3de32226003e0236862f3de33eb
:10735c0023606268bdf8043063f30f0262606268f8
:10736c00bdf8083063f31f426260a368022262f327
:10737c000103a360a36843f00403a360a3686ff345
:10738c005823a360a368012262f35a63a3602222ec
:10739c0095f8351095f822002ef048f905233b722c
:1073ac00019b3b6100237b613b77fc60caf870401a
:1073bc00226805eb4601c2f3cf32a1f88820caf847
:1073cc007c30a1f88e30009b03f59c7318440eb9e9
:1073dc00c5f8240195f89430013b9e4208d195f8ec
:1073ec004730012b06bf0f4bc5f82031c5f82001e3
:1073fc00caf8580095f84730012b009b03f5a77489
:10740c0007d1252295f8351095f822002ef00ef9ab
:10741c00044401363f68f6b210e704f110039bb246
:08742c008ee700bf0088130089
:020000040000fa
:020000040101f8
:107434002de9f0430446c3788e4ac06d617ca57a79
:1074440095b004ae002b63d112688df82010012191
:1074540092f8009092f80580b2f801e0b0f8e47078
:10746400b0f82cc0d0f8e6208df8221002218df857
:107474002150adf82a708df823908df82480adf852
:1074840025e0adf827c08df829100b9200f5c077e0
:1074940008adfa5c595d4a40f2540133102bf8d11f
:1074a4000caa31466f3014f0d5fae178231d04f1ab
:1074b4000b02002940f08a8018689b88adf82430bc
:1074c4001368cdf826309388adf82a300b910890d4
:1074d4000cab08a910251a7811f8010b013d4240a4
:1074e40015f0ff0503f8012bf5d1e06d10aa0ca9e6
:1074f4006f3014f0affae76d102207f5b87110a8d9
:1075040031f008fe90b3042120461bf05bff5ae0e3
:1075140013688df82110012193f800e093f805c059
:10752400b3f80120d0f8e470838db0f8e8808df8ca
:10753400221002218df82050cdf82370adf82e30a2
:10754400adf827808df829108df82ae08df82bc02e
:10755400adf82c20002300f5e07708adfa5c595d06
:107564004a40f2540133102bf8d199e707f5e07241
:10757400334610685168adf8045007f5c07203c370
:107584001068516806ab03c307f17f02314607f167
:107594006f00cde9025514f05dfae16d20467f31ac
:1075a4002af082fa20460df02bffe36d20887f330a
:1075b40001aa02a92ef0bcfee36d2a467f332946b8
:1075c400204619f0a1fa15b0bde8f083106892883e
:1075d400adf824201a689b88adf82a300023cdf832
:1075e40026200b9308900caa08ab1025117813f8e9
:1075f400010b013d414015f0ff0502f8011bf5d1d7
:10760400e06d10aa0ca96f3014f024fae76d102273
:1076140007f5d87110a831f07dfd00287ff473af11
:1076240007f5e07233461068516807f5c07203c36a
:107634001068516806ab03c307f17f02314607f1b6
:107644006f0014f007fae16d20467f312af02cfa1e
:10765400e36d2a467f332946204619f055fae16d39
:10766400204601f5c07125f04afc20460df0c8fe05
:08767400a9e700bf4029012035
:020000040000fa
:020000040101f8
:10767c002de9f04f8bb00646894b00930222012373
:10768c000321ec2011f0eefd347896f801a0b6f849
:10769c0004b035f09ff98146002840f0f480814f0a
:1076ac0038682146043035f02bfe0546002800f0e2
:1076bc00ec8090f8f83023b1aaf10303012b00f20f
:1076cc00e28005f1c80034f034ff40f2726300eb45
:1076dc000b08984509dd38683178043035f010fe18
:1076ec0000211ff0b3fb072434e0baf1030f14d9c7
:1076fc0095f847300b2b05d840f61242da40d407e8
:10770c0009d413b19a1e012a2ed8baf1030f02d153
:10771c00bbf11f0f38d912241ce0bbf1000fe7d0ce
:10772c00102036f0d1f90590584636f0cdf9059a6f
:10773c000346002a00f0ab800028059010460cbfd1
:10774c000724002436f0c2f9059b002b40f0a380df
:10775c00002ccdd0544b0093019401230022ff2127
:10776c00ec2011f07ffd8ae0baf1040f56d195f8a8
:10777c00f820002acfd0d5f8ac20002acbd0bbf112
:10778c00000fc8d1042bc6d9b8f1000f4fd0052b70
:10779c004dd98df81c3095f822308df81e3095f8a7
:1077ac0024308df81f3095f838308df8223095f84c
:1077bc0037308df8233000238df81d30297e1a4682
:1077cc0021fa03f0c00748bf013203f1010344bfa3
:1077dc00d2b24ff00109032bf2d1b9f1000f01d055
:1077ec008df81d20b5f83530adf820301ffa88f231
:1077fc00294607a809f0aaf96a6940f27123534394
:10780c00984214d3cde90103284b009302220123a3
:10781c008421ec2011f026fd45249be7aaf1030af4
:10782c00baf1010fb0d9bbf1000fadd173e73868d5
:10783c003178043035f064fdb37880f8a930b38822
:10784c00029390f825300193194b009305460123c0
:10785c0002220421ec2011f005fd73788df81c3008
:10786c00b388adf81e3007a8b368089300248df8d0
:10787c001d4009950af05ef9012035f0a3f8204669
:10788c000bb0bde8f08f0c2464e7422462e70028bb
:10789c003ff429af0724184636f018f958e700bf13
:1078ac003e70040104290120906d040144a60301db
:0478bc005070040103
:020000040000fa
:020000040101f8
:1078c00030b591ea030f00f18280841a71eb030c4a
:1078d00005d2121953eb0c03001b71eb0c0140f2a3
:1078e000000ccff6e07c1cea430f52d0bceb410ffa
:1078f0005fd90c0da4eb135e5ff0010c6cf31f510c
:107900006cf31f53def1200c2ad303fa0cf5401957
:1079100041f1000122fa0ef5401923fa0ef56941f2
:1079200012fa0cf2cd0208d349085fea30005fea90
:10793000320228bf42f001020134013c5fea500ce0
:1079400072f1004250f1000051eb04514ff400136a
:1079500013eb410f38bf30bd6ff31301002030bd72
:10796000bef1200ebef1200f1ed223fa0ef54019f3
:1079700041f10001cef1200c124218bf012203fa9e
:107980000cf52a43cee711ea5c0f04bf002000216a
:1079900030bd1cea410f04bf01f00041002030bda2
:1079a00001f00041002030bd21f4801101eb0451b1
:1079b00030bd004218bf41f00101bceb410f08bfd0
:1079c00030bd4ff0fe4141f47801002030bd83f01e
:1079d0000043841a71eb030e07d28ef0004e001b99
:1079e00071eb0e01121953eb0e0340f2000ccff6af
:1079f000e07c1cea430fc6d0bceb410f72d90c0de2
:107a0000a4eb135ec90241ea5051c00241f00041ab
:107a1000db0243ea5253d20243f00043def1200c72
:107a200041d312fa0cf522fa0ef203fa0cf542eaef
:107a3000050218bf42f0010223fa0ef3801a9941a1
:107a4000e30ac4f30a0411f0404f03d418d0013cf8
:107a500040004941013c23d44205c00a40ea41505c
:107a6000c90a51eac3715fea500c72f1004250f149
:107a7000000051eb045130bd01002fd00020203c0c
:107a80000029f9d0b1fa81fcdcf1200e11fa0cf1d9
:107a900030fa0ef510fa0cf02943a4eb0c04d9e7e8
:107aa0000020d90730bdaef1200ebef1200f0dd25f
:107ab000cef1200c03fa0cf533fa0ef32a4318bf6b
:107ac00043f00103c01a61f10001b9e721f0004160
:107ad000c00a40ea4150c90a01eb045130bd002000
:107ae000002130bd004218bf41f00101bceb410f45
:0e7af0007ff467afbceb430f3ff463af30bdd4
:020000040000fa
:020000040101f8
:027afe007047cf
:020000040000fa
:020000040101f8
:107b00002de9f04f054687b004f0d2fbd5f87c7123
:107b100095f81931d5f8e460d5f8ac20fc682bb1a4
:107b2000c1680868a3b263f3de30086023686ff3ae
:107b300002032360236895f8241061f3c4032360d3
:107b400023684ff0040969f3ca13236021682346b0
:107b500069f3ce2143f8101b21689bb263f3de3139
:107b6000216023686ff3df732360a3684ff0010a7d
:107b70006af30103a360a36843ea0903a360a3684f
:107b80006ff3c803a3606368b1b261f30f0363606e
:107b900093b2626863f31f426260664b02934ff0d8
:107ba0000008b5f8b03095f847008df80c30324633
:107bb0000deb090101958df80d8014f0d7fa72785c
:107bc00095f8361095f824002df036fdfc60c7e9d5
:107bd000046887f80880a7f81c803f68fc68236861
:107be0004ff0050b6bf302032360236895f8242004
:107bf00062f3c4032360236869f3ca132360236814
:107c000069f3ce232360236868f3de33236063685f
:107c1000b5f8dc2062f30f0363606368b5f8d82021
:107c200062f31f436360a368022262f30103a3604f
:107c3000a36843ea0903a360a26804f110039bb29e
:107c400063f35822a260a3686af35a63a36000f149
:107c5000700695f8361095f8240022222df0ecfce1
:107c6000fc6087f808b0d5f8dc30a7f81c80c7e9bd
:107c7000043695f82430022b51d0032b51d05345b4
:107c800001d1a93006443f68fc6823684ff004081e
:107c900068f302032360236895f8242062f3c40389
:107ca0002360236868f3ca132360236868f3ce2334
:107cb000236023686ff3de33236023686ff3df7381
:107cc000236063686ff30f03636063686ff31f43a0
:107cd0006360a368022262f30103a360a36843ea1e
:107ce0000803a3600e2295f8361095f824002df0b5
:107cf000a3fc0023c7e90436fc6087f80880bb8337
:107d000095f82430022b0ed0032b0fd0012b01d17c
:107d100006448336c5e94e6607b0bde8f08fa23051
:107d2000b0e7ac30aee706448a36f3e70644803667
:087d3000f0e700bf0a000100aa
:020000040000fa
:020000040101f8
:107d3800102938b504460d4600f0898007d8052972
:107d480048d00e296cd0042923d000251fe019291a
:107d580000f0848012d81729f7d190f8e23003f0a8
:107d6800ef03032b78d1d0f8b431002b74d0c37d46
:107d7800002b71d1bde8384006f03abf262900f043
:107d88009c80a1f1290cdcf1000545eb0c05284687
:107d980038bd90f8e230213b012b0ed890f8e30073
:107da80001280ad1022384f8e33094f86d3043f0b7
:107db800400384f86d300125e9e7062203212046b7
:107dc80028f016ff05460028e1d0002120460ff0d4
:107dd800dffddce790f8e230213b012bebd890f88f
:107de800e330022b14d127f064fb0621204631f042
:107df800f8ff05460028a8d0032384f8e33094f858
:107e0800f43023f0030343f0030384f8f430bee7af
:107e18000622032128f0ecfe0546002895d0d4e779
:107e28001ef042f880b194f8e43073b9e37d2bb9c1
:107e380020460921bde838402bf050bc2946204691
:107e4800bde8384031f043b8012005469fe70221dc
:107e5800bde8384010f060b91721f0e790f8e43039
:107e6800002ba8d11ef020f830b9012594f8e6308f
:107e7800002b8cd10121a9e7e37dc3b9d4f8b8312f
:107e8800384a19785b781268022b38bf0223252bf1
:107e980028bf2523cd0748bf82f84030880748bf50
:107ea80082f841304907e0d582f84230dde72946bb
:107eb800204631f00cf80546d8e790f8e430002b5e
:107ec8007ff479af1df0f0ff002841d0e37d002b4f
:107ed80034d194f8f1305b0606d41a2226212046c4
:107ee80028f086fe0546c5e7204629f0dcf9054658
:107ef80010b3d4f8b831b4f85c209a81b4f84810bb
:107f08005a888a4228bf0a4699885a81d981b4f882
:107f18004c00d988814238bf01468a429cbf02f191
:107f2800ff3291b21a8919825a82082384f8e43000
:107f3800204628f0d7f92ae71e22cfe794f8e63042
:107f4800002b7ff438af2946204630f0c0ffc9e740
:107f580094f8e630002b7ff42eaf012120460ff075
:087f680017fd28e7a029012004
:020000040000fa
:020000040101f8
:107f70002de9f04f05468fb00f460026bb5dab558f
:107f80000136202efad13c464ff0000854f82c0f51
:107f9000cdf82080616809abcde9068803c3a068ed
:107fa000e16803c306aa20691860114633461046eb
:107fb0002ff041f906aa8346294628462ff03bf9bf
:107fc000ba4683445af8300fdaf8041009ab03c3f9
:107fd000daf80800daf80c1006aa03c33346114693
:107fe0001046cdf834802ff026f95ffa8bfb8344de
:107ff00006aa294628462ff01ef93b465ffa8bfb5e
:10800000834453f8200f01935968cdf82c800df16b
:108010001809a9e803003a469868c9f8000052f820
:10802000380f049251680cabcde9098806aa03c346
:108030003346294628462ff0fef85ffa8bfb3a4676
:108040005844c3b252f8240f059351680292bb46bc
:1080500006ab03c39068c9f800005bf8340fdbf887
:10806000041009ab03c3dbf80800186003937b6bb3
:108070000c933b6a0d9306aa3346294628462ff0f7
:10808000daf8059b6168cdf82c801844c3b22068eb
:10809000059306ab03c33b6aa0680c93bb6ac9f89f
:1080a00000000d9306aa334629462846cde90988e3
:1080b0002ef00ffa059bdaf80410181ac4b2daf899
:1080c000000006ab03c3daf80800daf80c1003c3ab
:1080d0007b6a0c93fb6a0d9306aa33462946284611
:1080e000cde90a882ef0f5f9dbf80410019a241a7c
:1080f000dbf8000006ab03c3dbf808005168c9f8e1
:108100000000106809ab03c3039b906818603b6bc9
:108110000d9306aa334629462846cdf830802ef026
:10812000d8f9049ae4b25168241a1068029a06ab8e
:1081300003c310685168c9f8008009ab03c3039bef
:10814000906818607b6b0d9306aa33462946284633
:10815000cdf830802ef0bdf9e4b2241a64b2444563
:108160000f4e10db34b92022294630462ff062ff33
:10817000012812d020233246294628462ef0a9f99c
:10818000241a64b2eee720233246294628462ff00f
:1081900052f8044464b2002cf5db0fb0bde8f08f58
:0481a0006c0a030161
:020000040000fa
:020000040101f8
:1081a4002de9ff478d7804680f7894f8f860012d65
:1081b40038d9022d3cd094f82530cde901537f4bba
:1081c4000093022201238f21ec2011f04ff87c4b05
:1081d40000930223ec2001971a46922111f046f8ed
:1081e400b80640f1a180774f94f803913b689b69ee
:1081f40098473b6804f5827a09f001098046db69f7
:108204005146484698470546b8f1000f40f0818032
:1082140098b16d4b0093022201231821ec2011f038
:1082240025f801e0002ec6d1002004b0bde8f08797
:1082340094f8f930002bbed1f6e74ff4e67105202f
:108244001ef07cff80460028eed0c4f81c010568af
:108254003b6828881b6a52464946984794f8473039
:10826400063b012b2cd8012385f8b43094f8472021
:10827400072a07d80123934013f0130f34d113f0c6
:10828400c00f29d1b21e564256413b6885f8c861d9
:10829400d3f88430d4f81021d4f8d8104046984745
:1082a400012120462ff066fb002284f81621227b50
:1082b400012384f81431002ab6d0a4f81731b3e7a7
:1082c400d4f8dc301b78990604d50e2032f074fa09
:1082d4000028c8d10023c7e794f82430022b08d023
:1082e400032b09d0012bcdd141f21113a5f819307c
:1082f400c8e741f21223f9e721236b7694f836306c
:10830400012b0cbf22232323ab7694f83630eb7673
:10831400b8e72e4b0093022201231721ec2010f022
:10832400a5ff002d80d074e77b060ad501212046e5
:108334002ff020fb012384f814313c2384f81631f8
:1083440072e7237bc3b194f84920aab194f8fb30b7
:1083540093b98db9022e0fd094f848300133dbb2b3
:108364009a4284f8483007d8012120462ff002fbb6
:1083740044f20133a4f8173194f84770012f08d15f
:10838400394620462ff0f6fa3c2384f8147184f819
:108394001631022e7ff448afd4f86c314bb1012d65
:1083a4007ff442af84f81551294620462ff0e2fab3
:1083b4003ae7012184f81511f7e700bfa20204018e
:1083c400bb02040108290120c7020401d7020401e9
:020000040000fa
:020000040101f8
:1083d4002de9f04f84682378ef2b8fb004d9032460
:1083e40020460fb0bde8f08f638823f07f03002b95
:1083f400f5d162687d49a2f120038b42efd8a368ce
:10840400a3f120058d42ead89a42e8d8237b013ba8
:10841400062be4d8237d032be1d894f8168008f0ca
:10842400fd08b8f1010fdad1237e032bd7d8637e80
:108434000f2bd4d8c368019334f0c4fe0d2805d99a
:10844400e37e042bcbd8237f042bc8d8684e207836
:1084540031f0baffb27873781340ff2b654b009369
:10846400d3f8009099f8332018bfb0fa80f7824609
:1084740014bf7f090127002a00f0b08004f10d0227
:1084840099f83230029209f1340b00259d4210d143
:10849400f7b96288920700f08d80ab429fd05146b5
:1084a40028461cf025fe002899d002238df8273099
:1084b40016e0594607220298039330f02bfe0bf185
:1084c400280b039b0028e3d00135edb2dee7ff253e
:1084d40099f82130022b66d00df1270031f090ff7e
:1084e40023788df81c306388adf81e306368a28849
:1084f400adf820201b0c8df82230a3682289607b04
:10850400adf823201b0c8df82530237b8df8263005
:1085140035f0c6f923468df8280053f80e2fcdf810
:1085240029209b88adf82d30237d8df82f30637d75
:108534008df83030a37d8df83130e37d8df8323005
:10854400237e8df83330637e8df83430a37e8df82e
:108554003530e37e8df836300199237f8df837303e
:1085640007a829f0b3f9044600287ff439af9df831
:108574001c90484631f028ff022809d17378ff2b5c
:108584001dd0b378ff2b03d1464486f80190f570d3
:10859400009b1968afb191f82130012b7ff420af13
:1085a4002231484617e0514628461cf0a1fd002818
:1085b40092d114e701238df82730ff2590e7a046d8
:1085c400e2e791f83330002be5d005a833f028fc1e
:1085d4009df81c0005a927f043fa01e7002f7ff45a
:1085e40076af0df1270031f00bffe6e7e03f1f0007
:0885f400512801208c28012010
:020000040000fa
:020000040101f8
:1085fc002de9f04186b0844b01900646009302228f
:10860c0001231321ec2010f02dfe012e09d97f4ff0
:10861c003868f021043034f073fe054630b90c2470
:10862c0040e034f0dff90028f1d0f8e706b3032e70
:10863c002bd121f0b9fc044624f0def91af04effe0
:10864c0017f0e0f8204310f0ff0f40f0da8095f8b7
:10865c004730012be3d06c7e012c19d1284634f025
:10866c0089f9f0b195f8f830002b4fd0032e54d087
:10867c003868f021043034f043fe0446032e00f237
:10868c00ae80dfe806f04e5a83b3012edfd8e2e766
:10869c00acb9214604a831f07df89df81030002bc0
:1086ac00e0d012245a4b0093019401230022ff21a5
:1086bc00ec2010f0d7fd204606b0bde8f081a31edb
:1086cc00012bcfd8aa7e9df8103062f300038df8f1
:1086dc0010302b464ff0000853f81b2fcdf811200b
:1086ec009b888df80e800df10e0104a8adf81530a5
:1086fc0025f0ceff0028b5d0022cafd141460df1ac
:10870c000f0031f047f89df80f30c8e7284606f007
:10871c00edf804460028a9d0c4e7284621f078fcdf
:10872c00a6e794f8f810012902d120462ff01ef983
:10873c00012034f03ff90024bde794f8f850002de7
:10874c00f6d1012108461df0edfb94f847102046a8
:10875c0009f084fc94f847302e4a012b1ebf636944
:10876c0005f271255d4342f21073c4f834310021d7
:10877c0001232046c4f8305184f8f830217319f0e5
:10878c000bfed4f868010bf0fbfad1e794f8471014
:10879c00204609f063fc656934f0d6fd4ff4c863dc
:1087ac005843b0fbf5f034f03df932f00ff82046a9
:1087bc001cf0eef823f038fc1ef038fd19f084fea6
:1087cc00002102232046c4f8301184f8f8302173bc
:1087dc00104a19f0e1fdd4f868010bf0d1fa002031
:1087ec0034f0e8f8002034f0edf8a4e730f090f81d
:1087fc0008b131f0ebff94f84710204609f02efc3d
:10880c00dee71e244ee700bfe7aa0401042901207d
:08881c001c7f0401fdfe0001b8
:020000040000fa
:020000040101f8
:10882400f0b5046889b00546164630f051fca36fd4
:1088340059020ed529f0b0f8a36f23f48003a3677f
:108844002ff084f816b130462cf00afb002009b052
:10885400f0bde17f19b1b4f85230a4f8583094f85f
:108864006c7017f001073dd10027e26f930740f1c8
:10887400858094f8e23022f00302082be26701d0ed
:10888400032b03d1d4f8b431002b73d1d4f8b8310d
:1088940000219889a4f854005889b4f850c084453c
:1088a40011d1b4f852e0b3f810c0e6450bd1b4f8d6
:1088b4003ee0b3f812c0e64505d1b4f83ce0b3f8a5
:1088c4000ec0e64558d0a4f85000198aa4f85210f6
:1088d400588ae087db89a387a4f8581042f0040281
:1088e400e2674be00029bfd0a37f002bbcd0204619
:1088f40032f0b2fe0028b7d0e37fd4f8c421c4f824
:10890400d050834214bf0823002384f8d830a37fb7
:10891400c4f8d420032b84f8d90084f8da3017d1b2
:108924001378022b07d129f037f8a36f43f00043e3
:10893400a3672ff00bf8d4f8d4301b78112b01d097
:10894400072b05d1e36f9a0744bf23f00303e367c2
:108954002246039552f8d00f516804ab03c39068c4
:10896400d168142203c3009603ab3149012025f0da
:10897400f9f97ae701218ce70029afd1002f3dd125
:1089840016b130462cf06cfa2ff034f994f92c30ef
:1089940084f82b00002b3fd1c300e38584f82c001e
:1089a400d4f84431002b3ff451af94f8e22092b94b
:1089b40094f8e420213a012a0dd91a7c16070ad426
:1089c400b3f81530b4f85c209b1a1bb2002b02dc00
:1089d400284616f09df9d4f844311a7c50067ff5e8
:1089e40035afd3f82220137a99067ff52faf6ff3b2
:1089f40045131372284610f001fe27e794f8280067
:108a04000128c1d1022384f82830042203ab094988
:108a1400039521f0a1fdb7e7b4f92e30a3ebe303ee
:108a240003441bb2e385db1084f82c30b8e700bfa5
:088a34006004010101060101cb
:020000040000fa
:020000040101f8
:108a3c00f0b581ea030e0ef0004e40f20007cff6bf
:108a4c00e07717ea41051ebf95ea070f17ea4304c2
:108a5c0094ea070f00f0c5806d0da5eb545707f590
:108a6c0080674ff0004646eac12444ea5054c002e5
:108a7c0046eac32343ea5253d202801a9c4104d2e1
:108a8c000018644180185c41013f5b084fea3202d8
:108a9c000025002140f001004ff0070604e0801a89
:108aac009c4136d340416441801a9c4136d34041ad
:108abc006441801a9c4136d340416441801a9c41e8
:108acc0036d340416441801a9c4136d340416441c5
:108adc00013e17d0801a9c4136d340416441801a24
:108aec009c4136d340416441801a9c4136d340416d
:108afc006441090201eb156190ea052520f0ff00a5
:108b0c004540cce7801a9c4156d335e080185c4137
:108b1c00c8d20018644180185c41c8d20018644166
:108b2c0080185c41c8d20018644180185c41c8d2de
:108b3c000018644180185c41c8d200186441013ea1
:108b4c0017d080185c41c8d20018644180185c4171
:108b5c00c8d20018644180185c41c8d20018644126
:108b6c00090201eb156190ea052520f0ff00454054
:108b7c00cce780185c411fd3420918bf44f00104b4
:108b8c00490101ebd56100f01f0000eb451021f409
:108b9c00801141ea0e01013041f10001244208bf6d
:108bac0020f00100b7f5006f3eda013f49dd01eb23
:108bbc000751bde8f0407047490101ebd56100f069
:108bcc001f0000eb451021f4801141ea0e01b7f5ae
:108bdc00006f29da013f34dd01eb0751bde8f040ad
:108bec007047004218bf41f00101124218bf43f018
:108bfc000103b7eb410f2cbfb7eb430f1ce0b7ebf6
:108c0c00410f04bfb7eb430f16e017ea410f04bf47
:108c1c0017ea430f10e017ea410f12d017ea430f7f
:108c2c0002d0b7eb430f0cd04ef0fe4141f4700173
:108c3c000020bde8f04070474ff0fe4141f4780150
:068c4c00f6e77146f4e7b3
:020000040000fa
:020000040101f8
:028c5200704769
:020000040000fa
:020000040101f8
:108c54002de9f04f8bb006467d4b00930222012391
:108c64000521ec2010f002fb347896f801b0b6f838
:108c740004a033f0b3fe8146002840f0dc80754f39
:108c840038682146043034f03ffb0546002800f0e4
:108c9400d48090f8f8301bb1bbf1030f40f0cb80c7
:108ca40005f1d00033f049fc40f2726300eb0a088e
:108cb400984509dd38683178043034f025fb01210a
:108cc4001ef0c8f8072455e0bbf1030f37d995f817
:108cd400473013f0fd0f57d1bbf1030f5ed1baf14a
:108ce4001f0f5bd838683178043034f00dfbb3784b
:108cf40080f8b930b388029390f825300193564b2d
:108d040000930446022206210123ec2010f0aefa5f
:108d140073788df81c30b388adf81e300125b36824
:108d2400089307a809948df81d5008f007ff2846fa
:108d340033f04cfe002420460bb0bde8f08fbaf1ae
:108d4400000fc4d0102034f0c3fe0590504634f018
:108d5400bffe059a0346002a71d0002805901046ec
:108d64000cbf0724002434f0b5fe059b002b6ad108
:108d7400002cacd0394b0093019401230022ff2135
:108d8400ec2010f073fad6e7a3f10a02012a07d9fe
:108d9400bbf1030f02d1baf1000f01d01224e9e7ad
:108da400b8f1000f9ed0052b9cd98df81c3095f896
:108db40022308df81e3095f824308df81f3095f848
:108dc40038308df8223095f837308df82330002371
:108dd4008df81d30297e1a4621fa03f0c00748bfda
:108de400013203f1010344bfd2b24ff00109032b56
:108df400f2d1b9f1000f01d08df81d20b5f835304e
:108e0400adf820301ffa88f2294607a807f0a2fe21
:108e14006a6940f2712353439842fff463afcde98a
:108e240001030f4b0093022201238421ec2010f054
:108e34001dfa45249ee70c249ce742249ae7002867
:108e44003ff440af0724184634f044fe90e700bfd7
:108e54009ab904010429012050700401906d0401a1
:048e640044a603011c
:020000040000fa
:020000040101f8
:108e680070b5734b73491a68052060f31f721a6056
:108e780034f001fc7048028840f23b1464f30f029e
:108e880002806e4a148844f001041480048840f279
:108e9800e24565f30f0404801088694c40f0020035
:108ea80010800a8f42f004020a8722684ff4347057
:108eb80060f31a422260634a1088a5f5ef7565f3de
:108ec8000f00108060480268142565f3174202609d
:108ed8005e4a15884ff44b7666f30f0515804ff000
:108ee8008842126c02f44052b2f5005f584a158865
:108ef8000cbf24260c2666f307051580554a15680d
:108f08006ff31e55156002f5407215886ff307055b
:108f180015801a686ff307021a604f4a13686ff3d7
:108f28000003136013686ff34103136013686ff352
:108f38000413136013686ff34513136013686ff31a
:108f480086131360454b1d886ff300051d801d882f
:108f58006ff341051d801d886ff304151d801d8862
:108f68006ff345151d801d886ff386151d801568e4
:108f780045f004051560156845f0080515601a8860
:108f880042f004021a801a8842f008021a80036824
:108f98005c2262f30f230360b1f85031a12262f31f
:108fa8000f23a1f85031b1f850318c2262f3070336
:108fb800a1f85031d1f8143102f26f1262f318435c
:108fc800274ac1f81431136843f000531360254b46
:108fd8001a686ff3cf321a60883b1a686ff3104231
:108fe8001a60b1f8083c122262f34913a1f8083c50
:108ff8001d4b1a8842f400421a801a88102161f326
:1090080009021a8023680f2262f30503174a2360b6
:10901800138843f0030313800368182262f30703dd
:109028000360134b1a686ff342021a6070bd00bfe9
:109038000c3a014100240141043e0141183e01411e
:1090480054380141143c0141683401411c3c014140
:10905800243c014104370141203a0141283a0141a9
:10906800003f014138370141a8380141203801410a
:04907800303701414b
:020000040000fa
:020000040101f8
:10907c002de9f04186b01d467d4c04f000440023e0
:10908c00059304431ad00e46174620462df014ffc4
:10909c00d0b1a388f3b1b4f85030002b34d1237a7b
:1090ac00022b20d1237813f0040f1cd1204632f070
:1090bc0047f80026304606b0bde8f0816d4b09221a
:1090cc001a604ff0ff36f5e76a4b0e221a604ff02c
:1090dc00ff36efe7204632f033f8664b5f221a601a
:1090ec004ff0ff36e6e7237813f0600f08d02046e8
:1090fc0032f026f85f4b0b221a604ff0ff36d9e79f
:10910c00204610f08dfdf2e7237a012b22d00d9b27
:10911c00002b38d000230d9a136005aa029205f09b
:10912c000208c5f34002019200930c9b3a4631466b
:10913c0004f14c0004f05afb0646b0f1ff3f24d07a
:10914c0037b328bb237813f0040f38d1204631f005
:10915c00f7ffafe7a36d002bd9d0db7843b10d9ba4
:10916c007bb11b681c2b28bf1c230d9a1360d4e702
:10917c00204631f0e5ff3f4b0b221a604ff0ff36d3
:10918c0098e70023c9e70023c7e73a4b0e221a6081
:10919c0015f0200f04d0237a012b059e08bff61979
:1091ac00b8f1000f07d1002e05dd237813f0600312
:1091bc000ed0402b10d0204631f0c2ff7ae720466b
:1091cc0031f0beff2b4b0b221a604ff0ff3671e7cc
:1091dc00204610f025fdeee7b4f846303344a4f8f1
:1091ec0046302378db09e6d18021234bd3f89c0051
:1091fc0011f044fa0746e8b10094204b012280217b
:10920c0022f002fa0546d8b1a18800230193b4f8e4
:10921c00463000930323642221f034f92946164b7f
:10922c00d3f8a00009f046fab0b1237843f08003dc
:10923c002370c0e7204631f083ff4ff0ff3639e74b
:10924c00204631f07dff39460b4bd3f89c0027f0bc
:10925c0041fb4ff0ff362de7204631f071ff3946c8
:10926c00054bd3f89c0027f035fb4ff0ff3621e778
:10927c0080200120b42901206c2001205d150401ff
:020000040000fa
:020000040101f8
:10928c002de9f04f8db09a467e4b1b68002b00f0f9
:10929c00e9800646884617464ff0ff33089309933a
:1092ac00cdf82730b6f1805f58d0b7f5007f78d96c
:1092bc00c7f34f2108234ff4007975228df8212034
:1092cc0043ea8a03320e02f070021343c6f3c13232
:1092dc0013438df82230f3098df82330c1f30023aa
:1092ec0043ea46038df824308df8251005210df145
:1092fc00210034f0c9fb40f001008df82600614bd1
:10930c001b680b2204a908a89847002800f0ac8021
:10931c009df818209df8193053ea022340f0b080d4
:10932c006ff07f43adf810308df81230554c01962c
:10933c009df81230002b41d164250126236832465a
:10934c000df1120100209847002800f08f80013d9c
:10935c009df812305bbb002df0d12ae00df10f020d
:10936c000021494818f062fa40b99df80f3013f00b
:10937c00010f07d1002f95d1002078e060f0ff039a
:10938c0098b274e001238df80f3000220df10f011b
:10939c003d4818f04bfa002887d060f0ff0398b2d4
:1093ac0065e01ffa87f9c7f30801002385e7002d54
:1093bc0004dc9df8120040f47f4058e09df8123018
:1093cc0013f0010f18d06425dff8b8b0012600bfe8
:1093dc00dbf8003032460df11201002098470028ce
:1093ec0048d0013d9df8123013f0010f02d0002d32
:1093fc00eed1dee7002ddcd09df81230fe2bd8d15b
:10940c00b9f1040f1cd81f4b1b6809f1030204a906
:10941c000020984780b34a4604a9404632f030f900
:10942c0009f130036b4413f81e3c8df81230c8441c
:10943c00a7eb0907b7f5007fbff47aaf019e99e758
:10944c00104b1b684a46414600209847b0b10d4b63
:10945c001b68032204a90df1270098470028e6d1c8
:10946c00ff2004e0ff2002e0ff2000e0ff200db011
:10947c00bde8f08fff20fae7ff20f8e7ff20f6e7c2
:0c948c001846f4e78828012008000010b2
:020000040000fa
:020000040101f8
:10949800002800f0018130b597b00446022b08d0af
:1094a800032b7cd0012b02d1104634f017f917b0ea
:1094b80030bd1a9b002bfad08368002bf7d01a9b7b
:1094c8005a881b88a3f5e853013b032befd8dfe844
:1094d80003f00211585f42b920462df019fd00280b
:1094e800e5d120461ff096ffe1e7002201212cf08c
:1094f800effef1e71abb1a9b5b7a032becd102aaa9
:109508001a9bd968032026f053f90028e4d00423d5
:109518000deb0302032104a80df0e8f9a168019af4
:10952800d1f824339b1ac1f82433a368d3f8241341
:1095380051b90022114620462cf0cafecce7002281
:1095480001212cf0c5fec7e7d3f820131144c3f856
:109558002013a168d1f81c331344c1f81c33a16847
:10956800d1f82433d1f82023d1f81c1320461bf05e
:1095780045f90028b0d00022012120462cf0a8fe91
:10958800aae7002a93d0002201212cf0a1fe8ee741
:10959800002a8cd0002201212cf09afe87e71a9b22
:1095a800002b84d08368002b81d01a9b5a8841f6ff
:1095b80004539a427ff47baf1a9b1b79032b7ff4e9
:1095c80076af042302aa03211a9810300df08ef901
:1095d800042303aa03211a9818300df087f91a9b5f
:1095e800596a0491a268d2f81c33e3b1039a02982d
:1095f800184432f047f80299039b1944a368d3f83a
:109608002053d3f824032a1891423ad0521a2046fc
:1096180020f02cfb00283ff44aaf0022012120460d
:109628002cf056fe43e7d2f8185302aa0021204630
:109638002cf04efea368c3f81853a2680399d2f819
:1096480024335b1ac2f82433a268d2f820330b44bf
:10965800c2f82033a368d3f82423002a3ff427afa5
:10966800d3f82013204620f001fb20b9a368032279
:1096780083f814231be70022012120462cf028fe42
:1096880015e702950390d3f81c33049302aa00212e
:0a96980020462cf01dfe0ae7704783
:020000040000fa
:020000040101f8
:0296a20070470f
:020000040000fa
:020000040101f8
:1096a4002de9f04389b01f46431e13f1030f00f266
:1096b400de8004460d4616468368002b00f0d980f0
:1096c4008278002a00f0d780002900f0ad800021c4
:1096d400284621f007f9002800f0d180002e40f040
:1096e400a980d4f8089095f82880b9f89c3008f13e
:1096f400ff32134113f0010f00f0c38099f8793061
:10970400002b40f0c08099f87a30002b40f0bd80e7
:10971400002f00f09c803b78012b00f2b880fb689e
:109724003c3b5f4a934200f2b480109bc9f8083373
:10973400a368012283f8792000234ff0ff311846f3
:10974400a26803f10b0c02eb0c121160a26802eb8d
:109754000c129072a26802eb0312a2f8be1001333d
:10976400082bedd123464f4a0021092029f01bfb89
:109774008146002800f08f8095f8203000932b4616
:109784000522012130f008fd002300934346022204
:109794000421484630f000fd002e60d035460023f9
:1097a400009315f9033b02221146484630f0f4fcbd
:1097b400b37800932b4605220321484630f0ecfc95
:1097c400737813f0010f06bf83f00203c3f3400361
:1097d40002230022009203223221484630f0dcfcae
:1097e400afb13b7c002500950a220521484630f0a4
:1097f400d3fc3b78009503220821484630f0ccfc8a
:10980400fb68009503220921484630f0c5fc01217c
:10981400484626f066fc4946a06828f063fb80f0c1
:109824000100c000c0b227e066b10021084621f063
:1098340059f890b3304622f00bf800287ff451af6a
:10984400092019e0109ac3f80823002014e003a8a3
:1098540030f02efd00287ff468af03af65e70023e6
:10986400009302221146484630f096fcb8e70220e5
:1098740002e0022000e0012009b0bde8f0830920e5
:10988400fae70220f8e70820f6e70820f4e70220c8
:10989400f2e70220f0e70820eee70920ece700bf3a
:0898a40044510100752c030181
:020000040000fa
:020000040101f8
:1098ac00f7b54388032b044605d00821204619f050
:1098bc0085fd03b0f0bdc06d0191e43001a933f01a
:1098cc0069fae06d01a9e53033f064fae06d01a9a5
:1098dc00e63033f05ffae06d01a9e73033f05afa65
:1098ec00e06d01a9e83033f055fae06d01a9e930db
:1098fc0033f050fa94f85520e36d3ab194f85410c3
:10990c0093f8e620914201d00521cfe7002284f89c
:10991c00552093f8e72084f8522093f8e620d007de
:10992c0004d55d4a12685278d10701d401225a71cc
:10993c00e26d92f8e730073b092b01d90621b5e718
:10994c0092f8e630544d13f0080f2b6803d19b7935
:10995c0023b10321aae75b78c3f3c00384f8573023
:10996c0020461bf055fe04f1600727f0e0fc4b4944
:10997c0038460af0bdffe66d737813f1ff3218bf5d
:10998c00012284f8562094f85720002a4dd0012b40
:10999c0007d096f8e7300f2b03d838460ef06cff43
:1099ac00cce794f8533083b902202df06ff90028de
:1099bc0037d12b68da789ab13949402204f1120078
:1099cc0031f05efe022384f85330204622f0a8fcce
:1099dc0004f11201204627f087fc0a23a37068e7e4
:1099ec007278032a06d1996821b191f850300bb1e5
:1099fc004022e3e72b4833f0c5f8064600287ff4f5
:109a0c0054af2868022384f8533010300ef034ff22
:109a1c002b6883f828609b680bb183f8506009238e
:109a2c00dce7012384f85330f9e7204622f078fc78
:109a3c00e36d93f8e920d2075cbf01225a71e16d06
:109a4c004b78012b0ad120466f3106f037fae16dc5
:109a5c00204601f5d87121f08dfb2ae7022b13d19a
:109a6c002b681b78022b03d1204627f027fa20e71e
:109a7c00042b05d191f8e430022b01d0042bf3d147
:109a8c0020462ff0ccfa14e7032b7ff412af2046bc
:109a9c002ff0d6fa0de700bf40290120a064d101b8
:089aac00302a0401791b0401ba
:020000040000fa
:020000040101f8
:109ab4002de9f04385b01546042807d006283bd08d
:109ac4007a4b7c221a604ff0ff3032e0551e00279b
:109ad400bc460ce068b301281edd19e02e2a40f0d4
:109ae400d680013319440137042f00f0d2804c1e74
:109af4006346604614f8012fa2f13006092ee9d816
:109b040003eb8303303a02eb430301300328f1d122
:109b14000a78302a00f0b780ff2b00f3b68005f8ee
:109b2400013f03460a5c002ad8d1032f14bf00204a
:109b3400012005b0bde8f0830b783a2b04d04ff038
:109b4400ff360024274639e04b783a2b40f0a380b7
:109b54000131f4e701f1ff3ebc46384607e0303bf3
:109b640000e0573b03eb0c1c013004280ed01ef818
:109b7400013f2f2b08d9392bf1d943f02003a3f14e
:109b84006102d2b2052aecd90028d2d004f007032e
:109b940004aa02eb430323f810cc03460a5c32b94f
:109ba400002e37da072c04d1884600274ee0072c14
:109bb40075d03a2a17d10133194401340b783a2b62
:109bc400c8d1002ec6da04f0070304aa02eb43034b
:109bd40023f8107c01f101084b78b3b1072c5cd059
:109be40026464146e9e72e2a5bd1052c01dc002eee
:109bf40059db013404f0070304aa02eb43030022f7
:109c040023f8102c8846012701e026460027002e61
:109c14001cdb01e0884600270deb4609621c921b01
:109c2400f01d001b520049460deb400028f0beff1a
:109c3400c4f10704002c09dd4b4634440deb440207
:109c4400002100bf23f8021b9342fbd1adf10201b6
:109c540005f110042b4600bf31f8022f100a03f857
:109c6400020b03f8012ca342f6d10fb9012060e7df
:109c740005f10c0241460420fff71aff0028d4bf67
:109c84000020012055e7002053e7002051e7002081
:109c94004fe700204de700204be7002049e7002074
:109ca40047e7002045e7002043e700bfb42901202f
:020000040000fa
:020000040101f8
:109cb40070b582b0774c04f00044044329d00d46bb
:109cc400164631b30f2a24d920462df0f9f830b3c3
:109cd400a388002b4ad1237a012b26d02b88042b6e
:109ce40000f0c880062b40f086800023e3602361e7
:109cf4006361a361e361236263623246294604f12e
:109d04000c0031f0c1fc204631f01efa002002b0f4
:109d140070bd614b0e221a604ff0ff30f7e75e4bc7
:109d24000e221a604ff0ff30f1e7e388fd2b14d1c7
:109d34002b88042b00f08f80062b5cd10023e3607a
:109d440023616361a361e36123626362324629464e
:109d540004f10c0031f098fc1ee0204631f0f4f9d7
:109d64004d4b0b221a604ff0ff30d0e72b88042ba9
:109d740001d0062b3fd10023e36023616361a3611b
:109d8400e361236263623246294604f10c0031f038
:109d94007bfc237a012bb6d1e388fd2bb3d0802141
:109da4003e4bd3f89c0010f06dfc064660b3009463
:109db4003b4b0122802121f02bfc054668b3e2894c
:109dc40052ba002392b2a1881cf0e0fc2946334b1e
:109dd400d3f8a00008f072fc70b3204608f08afaa9
:109de400002890d1204631f0aff92b4b0c221a6099
:109df4004ff0ff308be7204631f0a6f9264b7c224a
:109e04001a604ff0ff3082e7204631f09df9224b73
:109e14000c221a604ff0ff3079e731461f4bd3f81c
:109e24009c0026f05bfd204631f08ef91a4b4d2242
:109e34001a604ff0ff306ae73146184bd3f89c00a4
:109e440026f04cfd204631f07ff9134b4d221a6069
:109e54004ff0ff305be70023e36023616361a3619c
:109e6400e361236263623246294604f10c0031f057
:109e74000bfc48e70023e36023616361a361e361b2
:109e8400236263623246294604f10c0031f0fcfb84
:109e940039e700bf80200120b42901206c20012073
:049ea40069e100016f
:020000040000fa
:020000040101f8
:109ea8002de9f04190f8e230062b92b0044640f0dc
:109eb800ea8000210df06cfdd4f84431d87d32f0f1
:109ec8009df8d4f8443193f91b20197c003218bf4f
:109ed800012262f304111974d4f84421137c590740
:109ee800054621d56ff38203137441f22103adf8bf
:109ef80000302388adf8063002238df80830431c63
:109f08008df809300022d4f844318df80420197fe7
:109f18008df80a109b7e8df80c20c3f30103684668
:109f28008df80b302bf050f8d4f8443193f91c20fd
:109f38007e2a00f08c807f2a00f099802b441a71c9
:109f4800d4f844315a199b7e1373d4f844311a7cdf
:109f580002f01202122a1fd141f22102adf80020ac
:109f680000228df804202288adf8062001228df801
:109f78000820aa188df809205a1992f904108df8aa
:109f88000a10127bc2f301028df80b20db7e8df8dc
:109f98000c3068462bf018f8d4f844315b7f013b4d
:109fa800dbb2fd2b53d82946204631f06ffad4f89e
:109fb8004421537fc7b2fb1a5355d4f844612e4449
:109fc80080460121304628f08ffd3072d4f84421b4
:109fd8005357434517d0db1b82f82030d4f844315f
:109fe8005a192946127ada77d4f844210123ab406a
:109ff80093772046d4f8446131f048fa86f8210076
:10a0080020462df06cf8d4f844311a7cd2071ed5be
:10a0180041f22102adf8002000228df804208df8cd
:10a0280008202188adf806106a1c8df809205a57b7
:10a038008df80a205a196846127ac2f301028df87f
:10a048000b205b5ddb1b8df80c302af0bdffd4f8cc
:10a0580044311b7c1b071ad50a2011f093fcc4f865
:10a06800b401204632f079fa12b0bde8f0814ff41d
:10a078008153adf800302388adf804304ff6ff73f4
:10a08800adf8063085e724212ef021ffece701200a
:02a09800eae7f5
:020000040000fa
:020000040101f8
:10a09a002de9f34114466a4607460e460d6802f05a
:10a0aa00a0ff2378012262f305039df800202370a4
:10a0ba0012f0010c1fbfdbb2072161f30503237005
:10a0ca0012f0020006d02378c3f30501063161f3ca
:10a0da000503237012f0080107d02378c3f3050e95
:10a0ea000ef1020e6ef305032370d30607d523780b
:10a0fa00c3f3050e0ef1030e6ef3050323709306e8
:10a10a0007d52378c3f3050e0ef1120e6ef305037d
:10a11a002370530607d52378c3f3050e0ef1010efb
:10a12a006ef305032370737a3bb12378c3f3050eec
:10a13a000ef1090e6ef30503237012f07b0f08d19e
:10a14a0096f809e0bef1000f03d123786ef30503f8
:10a15a0023703379093b042b19d8dfe803f0030392
:10a16a00090909003b78a3f1080ebef1010f03d8d3
:10a17a0023786ff3871309e0a3f1060ebef1010fee
:10a18a006dd823784ff0010e6ef38713237023786e
:10a19a00627013f03f0318bf0123bcf1000f0cd00b
:10a1aa0003f1010cae46a4445ef8288fccf8008077
:10a1ba00bef804e0acf804e0063360b1581cac46c3
:10a1ca0020445cf82eefc0f800e0bcf804c0a0f808
:10a1da0004c00633dbb2d9b13878a0f10a010129eb
:10a1ea00bdf8041042d8b5f8c20060f30b01adf80f
:10a1fa00041095f825009df8051060f307118df8f5
:10a20a000510e118bdf80400a1f801000233dbb221
:10a21a00d00644bf0333dbb2910644bf1233dbb22c
:10a22a00520605d5e21895f8271051700133dbb2b2
:10a23a00727a8ab15a1c22441c44e96b082363705f
:10a24a00282353700b4653f81c0fc2f802001b79df
:10a25a0093714b8ba2f8073002b0bde8f0810a3b3c
:10a26a00012b94d823784ff0020e8de70c280abff1
:0aa27a00e86bb5f8b200c08db7e73d
:020000040000fa
:020000040101f8
:10a28400f8b56f4a6f4f704c704ea17100233b704c
:10a2940013706f4b30801880e1b964202bf0b4fe4a
:10a2a4004ef280330340b3f5025f04d042f2ff0163
:10a2b40064202af095f93d202bf0a6fe4ff6e173b9
:10a2c40003404ef24032934204d04ef254313d20ca
:10a2d4002af086f962202bf097fe4ff08243a17991
:10a2e4009a69237cd2b2a2f10b0cdcf1000242eb9e
:10a2f4000c0262f30003237403f0010320f4e3521d
:10a304000b4322f01f0200f07f0551d0012905bf45
:10a3140000233b7033783378a2810cbf1a3b193b7e
:10a32400edb20129e370657131d12e23494ea3703a
:10a33400002200bf5f1c59b202d15ab1a17009e0da
:10a34400f75caf424ff0010203f1ff311dd3e27815
:10a354001344a370637c801260f3020308206374c7
:10a364002bf052fe20f01e03e381637c401060f367
:10a37400c6036ff3c713637494f9023023706370d8
:10a384002371354bc4f81230f8bd0b46d2e71f23b6
:10a39400324ea370002200bf5f1c59b2cdd0f75ccf
:10a3a400af424ff0010203f1ff31d0d20b46f3e785
:10a3b400317822811d39c9b2edb22922284fe170ca
:10a3c4006571a270b2f1ff3f56b202d15bb1a670c3
:10a3d40009e017f802c0ac454ff0010302f1ff3663
:10a3e4002bd30a44a270237c801260f34303082019
:10a3f40023742bf009fe20f01e036381237c40109c
:10a4040060f30713642023742bf0fefd20f4e35360
:10a4140023f01f03a381637c801260f302033d20b9
:10a4240063742bf0f1fd20f01e03e381637c401084
:10a4340060f3c60363f07f039de73246c2e700bfc3
:10a44400df290120e029012000270120c82901205b
:10a45400c62901207a620401cec4baf6e099040147
:04a464000873040174
:020000040000fa
:020000040101f8
:10a468002de9f04782b007460e46154604281dd050
:10a47800062808bf4ff0060812d1022e19d0012e67
:10a4880025d18db3112d00f08980fd2d08bf4ff027
:10a4980001092cd0674b78221a604ff0ff307ae020
:10a4a800644b7c221a604ff0ff3074e04ff00408d0
:10a4b800e3e795b1062d14d0fd2d08bf4ff0020932
:10a4c80015d05c4b78221a604ff0ff3063e0594b8f
:10a4d80016221a604ff0ff305de04ff002090625a2
:10a4e80005e04ff0020902e04ff001091125524b37
:10a4f800d3f8a030002b54d02df00ef904460028d4
:10a5080055d0843030f0f2fc237843f001032370f7
:10a5180026720023a3804ff480636367a367032335
:10a5280084f87c30022384f87d30434bd3f89c3088
:10a53800c4f88030002b40d020462cf0bffc002807
:10a5480041d080213c4bd3f89c0010f099f8064686
:10a5580000283ed00094394b0122802121f056f882
:10a568008246002841d0424649461ef0edf9514640
:10a57800314bd3f8a00008f09ff8002847d0e580b9
:10a5880067722378022262f346132370204630f064
:10a59800d9fd24f0004002b0bde8f0874ff0010972
:10a5a800a5e7244b0e221a604ff0ff30f3e7214b4a
:10a5b80017221a604ff0ff30ede71e4b17221a6082
:10a5c8004ff0ff30e7e71b4b0e221a604ff0ff30c9
:10a5d800e1e7204630f0b6fd204624f0f5fe154ba5
:10a5e8000c221a604ff0ff30d5e73146124bd3f8f2
:10a5f8009c0026f071f9204630f0a4fd204624f096
:10a60800e3fe0c4b4d221a604ff0ff30c3e7314692
:10a61800094bd3f89c0026f05ff9204630f092fdf4
:10a62800204624f0d1fe034b4d221a604ff0ff3034
:10a63800b1e700bfb42901206c20012069e10001c5
:020000040000fa
:020000040101f8
:10a6480030b585b000230293adf8043090f852304d
:10a65800012b044601a902a82ad12bf053fb029a28
:10a66800a36db4f854101a44bdf804300b449bb2df
:10a6780040f2e1418b42c2f31602029285bfa3f277
:10a68800e2430132adf80430adf8043088bf0292dd
:10a698006178626911f004054bd19442d0693bd0ce
:10a6a80053785b0707d441f04001617005b030bdb5
:10a6b8002bf028fbece7a26e02f59c735b0040f2de
:10a6c8007122b3fbf2f30344c3f3160365f3451198
:10a6d800e3616170514abdf804001168029a9b1a3f
:10a6e80091f8402202f58e7240f27125c3f31603e9
:10a6f8006b4331f812504ff4005105eb900594f874
:10a708005000c5eb53052df00ffa6464294604f197
:10a7180038000af0eff8c9e7a26e02f59c735b00f7
:10a7280040f27122b3fbf2f30344c3f31603e3616f
:10a73800d0e79442e369029aa3eb0203c3f316033a
:10a7480040f2712202fb03f31cbf6ff345116170e5
:10a75800012b4fea530584bfbdf80430a5eb9305e0
:10a768002e4b1a6892f8403203f58e7332f8133084
:10a7780003f27122aa4217d9a06828b1837843f05e
:10a788000803837017f086ff4ff4002194f85000f7
:10a798002df0caf920462ef04df90022214694f8f2
:10a7a800500033f012f981e7ed1a94f852306464de
:10a7b800012b0df1060103a82cd12bf0a3fa039a63
:10a7c800a36db4f854101a44bdf806300b449bb27c
:10a7d80040f2e1418b42c2f31602039285bfa3f215
:10a7e800e2430132adf80630adf8063088bf039277
:10a7f800dde902239a4204d1bdf80630b3f5966f1d
:10a8080001d3a5f59c754ff4005194f850002df034
:10a818008bf97be72bf076faeae700bf38290120ad
:020000040000fa
:020000040101f8
:10a828002de9f04f1646a1b0102281460c460debdb
:10a8380002000021984631f0bdfc304633f046f95d
:10a84800074600287ed0a319421ea3427dd118ad29
:10a8580010220021284631f0adfc0df1500a1022db
:10a8680000211ca831f0a6fc8723102200215046a5
:10a878008df87f3031f09efc10aa5146484611f001
:10a88800e7f80cac10aa0023d17b19550133102b23
:10a8980002f1ff32f8d19df93030002b5adb04a9c0
:10a8a80020462ff0c3fe9df91030002b5cdb08a971
:10a8b80004a82ff0bbfe06f10f00000906f00f06f2
:10a8c8005cd01ffa80fb002e5ad100f1805001386d
:10a8d80010aa04a907eb001031f02cfb102200216c
:10a8e800684631f067fc00260bf1ff339e42224692
:10a8f80065d310a9684631f01dfb0023e27bea54ba
:10a908000133102b04f1ff34f8d11caa294648461c
:10a9180011f09ef81cab0022d97b0df80210013211
:10a92800102a03f1ff33f7d10df10f02002300bf06
:10a9380012f8011908f803100133102bf8d1384622
:10a9480033f0c6f821b0bde8f08f13f8011d02f806
:10a95800011f7ae7294620462ff068fe04aa1ca9a1
:10a96800284631f0e7fa9ee7294604a82ff05efe54
:10a9780008aa1ca9284631f0ddfa9ce74ff0010b24
:10a988000bf18053013b1a010023b6b2194680200f
:10a998001ffa83fc66450cd907eb020c1cf803c0b0
:10a9a8000af803c00133102bf2d110aa08a95046a7
:10a9b80092e70cbf0af803000af80310f2e707eb66
:10a9c8000611684631f0b6fa0023d17be954013309
:10a9d800102b02f1ff32f8d11caa2946484611f083
:10a9e80037f81caa0023d17b0df803100133102b74
:0ca9f80002f1ff32f7d10136b6b275e76c
:020000040000fa
:020000040101f8
:10aa04002de9f043bbb006468946904619238df8dc
:10aa1400043000238df8053000f2d52400f2d72746
:10aa2400054602e01735bc421bd014f8013f002b49
:10aa3400f8d09df80530082b00f2b68003eb8303b1
:10aa440003eb8303e8330deb03002946e23824f0db
:10aa5400f3fd0028e6d19df8053001338df805306b
:10aa6400e0e796f8d832b3b19df80530082b00f230
:10aa74009e8003eb830303eb8303e8330deb0300b6
:10aa840006f13001e238f2f771fc20b99df8053087
:10aa940001338df8053006f5367406f1700506f5b8
:10aaa4003a7702e02035bc421ad014f8013f002b5b
:10aab400f8d09df80530082b7cd803eb830303eb17
:10aac4008303e8330deb03002946e23811f0f4f870
:10aad4000028e7d19df8053001338df80530e1e712
:10aae40096f8e932abb19df80530082b65d803eb35
:10aaf400830303eb8303e8330deb030006f51c71ba
:10ab0400e2382af021ff20b99df8053001338df891
:10ab1400053096f8ea32abb19df80530082b4fd8d2
:10ab240003eb830303eb8303e8330deb030006f528
:10ab34002471e238fbf78afd20b99df80530013312
:10ab44008df8053096f8eb32abb19df80530082b43
:10ab540039d803eb830303eb8303e8330deb0300e2
:10ab640006f53071e23829f0fffd20b99df8053073
:10ab740001338df805309df805303bb3c3f109036b
:10ab840003eb830303eb8303c3f1e404444520d8bc
:10ab940001a948461cf046fc00280cbf20464ff093
:10aba400ff303bb0bde8f0834ff0ff30f9e74ff0e2
:10abb400ff30f6e74ff0ff30f3e74ff0ff30f0e7f8
:10abc4004ff0ff30ede74ff0ff30eae74ff0ff3092
:08abd400e7e74ff0ff30e4e772
:020000040000fa
:020000040101f8
:10abdc002de9f04fadf5ac5d85b0984603685b0090
:10abec00882b00f3c78006460f4691460b685b0026
:10abfc00882b00f3c2800df59b50083031f09ef885
:10ac0c000df58a5031f09af8684631f097f869469c
:10ac1c0030462df041fb8aac0df58a5b4ff0000af3
:10ac2c00204631f08bf82146a4f50a7029f0fcf986
:10ac3c00054642463946204632f084fc05432246fe
:10ac4c003146204624f040fd054342463946204615
:10ac5c0032f078fc28434aea000a04f50a745c4591
:10ac6c00ded10df58a52022138462cf0fbf840ea71
:10ac7c000a0b0df58a502df0e5ff841e00f1808043
:10ac8c00012500e01d4621460df58a502bf0c2fd32
:10ac9c0000287cd0082d7ad06b1c013cb4f1ff3f0e
:10acac00f0d10df59b5108314ff40a706b4600fb47
:10acbc0005302df0f1fa49460df59b5008302df07a
:10accc00ebfa51e0013d0df59b5208324ff40a713d
:10acdc006b4601fb0531104624f0f6fc0546424656
:10acec0039460df59b50083032f02cfc05434beaed
:10acfc00050b00250df59b510831084629f094f9f8
:10ad0c004bea000b424639460df59b50083032f0a9
:10ad1c0019fc4bea000b3544013cb4f1ff3f0cd05d
:10ad2c0021460df58a502bf075fd0646082dc9d02d
:10ad3c000028dfd1002dc5dcdce7002dbbdd013d9b
:10ad4c004a464ff40a716b4601fb05310df59b50d9
:10ad5c00083024f0b9fc044642463946484632f0e5
:10ad6c00f1fb04434bea040b58460df5ac5d05b002
:10ad7c00bde8f08f4ff0ff3bf6e74ff0ff3bf3e7fa
:10ad8c000df59b51083168462df086fa93e7013d8d
:10ad9c000df59b5108314ff40a706b4600fb0530e2
:08adac002df07afa0025bbe747
:020000040000fa
:020000040101f8
:10adb4002de9f04383b00446013810f1030f00f28b
:10adc400d1800f4616461d46a368002b00f0cc80a8
:10add400052d02d0032d40f0c980a278002a00f08e
:10ade400c78093f86822012a03d0082003b0bde885
:10adf400f0830b9ac3f86422a3680c9ac3f8b422b4
:10ae0400a0684822002100f51b7031f0d5f9a36831
:10ae140083f86052a268012382f87c32a26882f827
:10ae24007d32a26882f87e32a26882f87f32a368fb
:10ae3400022283f880220a9b002b47d0032d00f0c6
:10ae4400998023464f4a00210d2027f0acff80460d
:10ae5400002800f091800022114617f071f90a9b36
:10ae64001b68002b40d10a9b1b89002b49d10a9bec
:10ae74005b68002b52d10a9b5b89002b5bd1a368d2
:10ae840093f86022052a63d04ff00009cdf80090b2
:10ae940033460222062140462ff054f9cdf80090a3
:10aea4002b460222082140462ff04cf939464046f1
:10aeb40025f0f2f84146a06827f014f800285fd086
:10aec400a368022283f8682248468fe723462d4a66
:10aed4000021052027f067ff804600284ed000227d
:10aee400114617f02df9cae700220092032211211e
:10aef400404624f039fc01221121404617f020f984
:10af0400b1e70022009203222121404624f02cfcc8
:10af140001222121404617f013f9a8e700220092ec
:10af240003222721404624f01ffc0122272140460a
:10af340017f006f99fe700220092032222214046df
:10af440024f012fc01222221404617f0f9f896e77a
:10af540093f8fc32002b97d001222621404617f0ab
:10af6400eff891e7022041e702203fe702203de7a6
:10af740001203be7022039e7082037e7082035e7be
:08af8400082033e769f902011e
:020000040000fa
:020000040101f8
:10af8c002de9f04f03789146a3f10802012a87b00e
:10af9c0080460f4665d891f8f920b9f1000f06d11b
:10afac00134622b991f8fc10002900f0b8804ff438
:10afbc008073adf80930002301978df80d30002a0d
:10afcc004dd197f8fc308df80b306a460a2301a955
:10afdc0040468df8083002f003f801a968461df0d0
:10afec0094fb01266a46834601a940468df8096008
:10affc0001f0f6ff01a968461df087fb0025524bb6
:10b00c0002936a4601a90446404601978df80d50fb
:10b01c0001f0e6ff01a968461df077fb6a4601a91d
:10b02c00824640468df809601ffa8bfb01f0d8ff71
:10b03c0001a968461df069fbcb4575d2a9eb040943
:10b04c001ffa89f329461ffa8afa01319a45c9b2c7
:10b05c0003d21d1aabb2002bf7d1002565e00123fa
:10b06c00b1e70a3b012b4ff0000460d8b9f1000f97
:10b07c0062d0364b01916a4601a902938df80d40be
:10b08c0001f0aeff01a968461df03ffb4ff0010b2c
:10b09c006a46824601a940468df809b001f0a0ff2e
:10b0ac0001a968461df031fb274b02936a4601a9a2
:10b0bc000546404601978df80d4001f091ff01a91e
:10b0cc0068461df022fb6a4601a9064640468df8eb
:10b0dc0009b01ffa8afa01f083ff01a968461df036
:10b0ec0014fbca4525d2a9eb05091ffa89f32146a1
:10b0fc00b6b201319e42c9b224d21c1aa3b2002ba3
:10b10c00f7d11c4687f84a3087f84b1087f84d402a
:10b11c0087f8500087f84f5007b0bde8f08f104605
:10b12c00154614461146ede729460123eae7204669
:10b13c00254621462346e5e748464d464c464946ba
:10b14c004b46dfe70024f5e70d0001000b00010082
:020000040000fa
:020000040101f8
:10b15c002de9f04786b0002800f0c7800546037a39
:10b16c00012b08d0038d042b2cd0062b40f0c18072
:10b17c004ff4b46728e0c16eca78002a00f0b7809b
:10b18c0090f84830d21a02d10024b5e01a4695f84e
:10b19c0048308c781c44e4b20878a0429cbf201a3a
:10b1ac00c4b201eb4410808838b9013385f84830bb
:10b1bc00531e002aead101249ee001eb44110f8cae
:10b1cc004e8c1ae040f2b457b5f86820b5f86260be
:10b1dc001644b6b2b5f864309b1a9bb2b5f866202b
:10b1ec00b2429cbfb61ab6b29f4228bf1f46931bf1
:10b1fc009f42c4bf1a4697b20024002f7bd0ba4698
:10b20c0007f1a00841463f4bd3f89c000ff036faeb
:10b21c008146002874d000953b4b0122414620f01a
:10b22c00f3f98046002839d0b5f84430b5f86820d9
:10b23c0013449bb22a7a012a42d1e86e620100ebd8
:10b24c00441cbcf80410042935d00c3210441024d2
:10b25c000922cdf814a0296f31440491039302976d
:10b26c00bcf8061049ba89b2019100940346a9882a
:10b27c00404610f01ffb4146224bd3f8a00007f0cc
:10b28c0019fa044628b3b5f868301f44a5f868705d
:10b29c0095f84830013385f848302de01b4b1b687e
:10b2ac000bb11b4898474946164bd3f89c0025f028
:10b2bc0011fb002420e00832104404240822c8e7c3
:10b2cc0001972a6f324400923a46a98814f0e8fd9f
:10b2dc00d1e70e4b1b680bb10e4898474946094bfa
:10b2ec00d3f89c0025f0f6fa06e0002404e00024d4
:10b2fc0002e0002400e00124204606b0bde8f087ff
:10b30c000024f9e76c20012069e1000118210120db
:08b31c00c84d0001104e0001b4
:020000040000fa
:020000040101f8
:10b3240070b5c56d86b00446002d00f0db8095f83d
:10b334002e30de0722d5112032f03afb0646e8b162
:10b3440000f11003062104a8049331f0a1ff2b4659
:10b35400049953f8a02f0a605a684a609a688a6070
:10b36400da68ca600623009332460023112120883c
:10b374002af02ef910b1304632f09afbe56d95f8bb
:10b384002e30980721d50b2032f012fb0646e0b18f
:10b3940000f11003072104a8049331f079ff049b02
:10b3a400b5f8b0201a80049a55f8b23f13606b6860
:10b3b400536006230093324600230b2120882af091
:10b3c40007f910b1304632f073fbe56d95f82e3075
:10b3d400590722d5112032f0ebfa0646e8b100f104
:10b3e4001003082104a8049331f052ff2b4604995a
:10b3f40053f8bc2f0a605a684a609a688a60da680f
:10b40400ca600623009332460023112120882af0c3
:10b41400dff810b1304632f04bfbe36d93f82e3079
:10b424001a0728d5082032f0c3fa054618b300f1ec
:10b434001003092103a8039331f02aff0df1110130
:10b4440004a82ef0abf99df8101003a831f020ffea
:10b45400039bddf811201a60bdf815209a8006239d
:10b4640000932a460023082120882af0b1f810b15d
:10b47400284632f01dfbe56d95f82e30db0622d50b
:10b48400112032f095fa0646e8b100f110030a21c2
:10b4940004a8049331f0fcfe2b46049953f8d32fef
:10b4a4000a605a684a609a688a60da68ca60062341
:10b4b400009332460023112120882af089f810b124
:10b4c400304632f0f5fae36d93f8ea2052b95b792d
:10b4d40013b9204614f034ffe06d18b132f0fafad3
:08b4e4000023e36506b070bd12
:020000040000fa
:020000040101f8
:10b4ec002de9f04fadf5037d00af804679609346b2
:10b4fc001c46d7f83062b7f8385297f83c32fb60ec
:10b50c00002139647964b964f96439637963b96386
:10b51c00f96339627962b962f96239617961b96149
:10b52c00f96124f00f0a0af1300a5ffa8afaadebde
:10b53c000a0de9465246684630f03afefb68023b7b
:10b54c0003ebd3735a102b1e18bf01239b0143ea44
:10b55c00c20343f001036a4602f8013b306871688c
:10b56c00b368cdf8010051609360337b13738df891
:10b57c000f40230a8df80e302b0a8df810308df801
:10b58c0011502a46d7f834120df1120030f078f829
:10b59c00bcb10025c7f808a0a246102c28bf4ff05c
:10b5ac00100a28012030c0b2e9b252460beb01114f
:10b5bc00484430f065f80135b4eb0a04ecd1d7f807
:10b5cc0008a04ff4dc72414607f1500030f058f8f7
:10b5dc000024baf1000f27d009f1ff31214407f103
:10b5ec00400207f12f0007f1500c00bf12f8013b8d
:10b5fc0011f8015f6b4000f8013f6245f6d1102352
:10b60c0007f1300207f1400140462df013fe0028ef
:10b61c003bd14ff4dc7207f15001404630f030f86a
:10b62c001034e3b29a45d7d801233b743168726861
:10b63c00b368c7f81110c7f81520c7f81930337b59
:10b64c007b7707f1100207f12001404630f03ffef6
:10b65c00044608bbfb6883b107f1400007f12001e9
:10b66c007e6832461e4400bf10f8013b11f8015ba6
:10b67c006b4002f8013bb242f6d14ff4dc7207f199
:10b68c00500140462ff0fcff00e00124204607f556
:0cb69c000377bd46bde8f08f0124f7e7fe
:020000040000fa
:020000040101f8
:10b6a8002de9f84307460d4698469600304609f0be
:10b6b8001bfe002800f09d808146542009f014feee
:10b6c8000446002800f092805422002130f072fdd8
:10b6d800c4f830903246a521484630f06bfd043e50
:10b6e800236b1e4426f0070685b105f1ff3c04f1e3
:10b6f800330e05f10f0300bf1cf8015f0ef8015f60
:10b708000db19c45f8d1002384f84330089d042de1
:10b7180028bf0425e562656404f10409484632f04f
:10b7280021f904f1180032f01df92461c5f105056d
:10b73800a56164624246394630462af0d3ff20604c
:10b74800099b03b11c602df077fe434bd3f8902082
:10b758000132c3f890205b68002b4ed03e4bd3f8e3
:10b76800e8303bb93c4b5b68da6ae36a9a429cbfb3
:10b77800394b5c60384dd5f8ec300133c5f8ec3006
:10b78800e36a296801229a400a432a6003eb83038b
:10b7980005eb8303db68a3609a68e260c2f8049053
:10b7a800c3f80890e36a05f1080203eb830102eb92
:10b7b8008102626105eb810293680133936030f086
:10b7c80097fad5f8e830002b42d06b68da6ae36a5a
:10b7d8009a423fd24ff0e0234ff08052c3f8042d35
:10b7e800bff34f8fbff36f8f012004e0484616f078
:10b7f800c1fb4ff0ff30bde8f883174b5c60d3f80e
:10b808009030012bb6d1144e06f108056c36284647
:10b818002ff0c2ff1435b542f9d10f4d05f1ac0731
:10b8280038462ff0b9ff05f1c00630462ff0b4ffb7
:10b8380005f1d4002ff0b0ff05f17c002ff0acff2c
:10b8480005f198002ff0a8ff6f67c5f8946091e79d
:0cb858000120d0e70120cee7c81c012031
:020000040000fa
:020000040101f8
:10b86400002800f0da80f0b587b01446054682b1ae
:10b8740053881279866866b104f11000a3f5a053c9
:10b88400042b06d8dfe803f0033b9462aa00022ae3
:10b8940001d007b0f0bd02230deb030219460bf0f3
:10b8a40027f8b6f8ae20bdf802309a42f1d1ae685e
:10b8b400d6f84033002becd0237e082b0cd0092b78
:10b8c400e7d1628b102ae4d802238df80430e169b1
:10b8d40002a82ff0d9fe09e0628b042ad9d80123eb
:10b8e4008df80430e16902a82ff0cefed6f840436b
:10b8f40001ab022296f95c132846a047c9e7012a46
:10b90400c7d196f87a30002bc3d002230deb030283
:10b9140019460af0edffb6f8ae20bdf802309a429f
:10b92400b7d1002386f89e3096f87a30022b0cbfec
:10b9340000220322002386f87a30d6f80833002b3d
:10b94400a7d006f1a00128469847a2e7032aa0d170
:10b9540096f87a30022b9cd0022786f87a70c6f8c3
:10b96400a060002386f8ac303b4606f1ae023946af
:10b974000af0beff062306f1a4020b2104f118000d
:10b984000af0b6ff012306f19e02394604f12000b5
:10b994000af0aeff012386f8aa30d6f80833002b4c
:10b9a4003ff477af3a4606f1a0012846984770e77e
:10b9b400012a7ff46eaf96f87a30012b7ff469afd9
:10b9c400002386f87a30d6f80833002b3ff461afb1
:10b9d400032206f1a001284698475ae7012a7ff47a
:10b9e40058af96f87a30022b7ff453af0deb030275
:10b9f40019460af07dffb6f8ae20bdf802309a422f
:10ba04007ff447afd6f80833002b3ff442af04224b
:0cba140006f1a001284698473be7704768
:020000040000fa
:020000040101f8
:10ba20002de9f047c388172b8cb0074640f0bd8046
:10ba3000837a0c2b07d003f0fd03082b03d0802062
:10ba40000cb0bde8f0874ff4407032f043f8804608
:10ba50000028f4d01022002108a830f0affb5e4b84
:10ba6000cdf808801b681c6800250cbb284632f006
:10ba700031f80646002800f094802a46414630f00e
:10ba800099fa404632f028f804ab2a46314608a815
:10ba9000fef7cafe304632f01ff83b685a6804ab26
:10baa00003cb1060516003cb9060d1600020c7e7ea
:10bab000a689e389b34201d22468d6e7b4f80c9092
:10bac0006368a6eb090903eb091999f80e305b07c7
:10bad0004fd4d9f8001001a831f0d0fbbdf80430e4
:10bae000a3f52052032a02d9b3f5245f44d1d9f833
:10baf000083093f800a055441ffa85fa0af10405ae
:10bb0000adb2b5f5407f4cd8314602a831f0c8fb44
:10bb1000bdf8041002a831f0c3fbd9f80830d9f8f9
:10bb200004101a7802a830f059fabdf8042042f641
:10bb300002039a421dd1d9f808301b88042b18d172
:10bb4000d9f804100df1060031f098fb03aa04a9fe
:10bb5000bdf806002af002f858b10af11405adb29a
:10bb6000b5f5407f1dd8049b1022596802a830f01b
:10bb700035fa0136b6b29ce703f55643ff339bb264
:10bb8000042bf6d80435adb2b5f5407f09d831465f
:10bb900002a831f085fbbdf8041002a831f080fb4b
:10bba000e7e7404631f098ff49e7152b7ff447afb0
:10bbb000837a0c2b04d003f0fd03082b7ff43faff6
:10bbc000b8882af0dbf900283ff439af3b68827a65
:0cbbd0005b681a706ae700bf9c28012027
:020000040000fa
:020000040101f8
:10bbdc002de9f3410e4604464ff4003190f8500025
:10bbec0017462bf09fff3378990609d533692366e6
:10bbfc0003f59c735b0040f27122b3fbf2f32362fa
:10bc0c0033785a0609d57369636603f59c735b0038
:10bc1c0040f27122b3fbf2f363623378db0744bf6b
:10bc2c00737884f8513033789d072bd5b3784bb3a8
:10bc3c0001204ff400612bf075ffa378580700f139
:10bc4c00a080d4f80880b8f1000f68d098f80030c4
:10bc5c00012b454602d1404616f01afd0023c5e9da
:10bc6c001a3385f85330ab702b886d6123f49f63c6
:10bc7c0023f007032b8028461bf01efaab7843f009
:10bc8c000403ab703378590744bfb368a3653378aa
:10bc9c001a0744bfb388a4f854303378db063bd57d
:10bcac00f368e269e3655b0a9a4235d0012fe361e0
:10bcbc0032d0012384f85330a36e6bb394f8523016
:10bccc000df1020101a8002b38d12af019f80199c5
:10bcdc002d4ae3695b1a116891f8402202f58e72c5
:10bcec00dbb231f8121001f2a932520040f271208d
:10bcfc00b2fbf0f29a423dd85843bdf802309b0893
:10bd0c00c3eb500301f271229a4205d86464591aac
:10bd1c0004f1380008f0ecfd02b0bde8f0812569b3
:10bd2c00002dafd07822214628462ff0a9fca56023
:10bd3c00ec60c4f80c80c5f808808fe729f0e0ffb0
:10bd4c00019aa36db4f854101a44bdf802300b4498
:10bd5c009bb240f2e1418b42c2f31602019285bfc5
:10bd6c00a3f2e2430132adf80230adf8023088bfe5
:10bd7c000192ace70022114694f8500018f0baf981
:0cbd8c00cae725466ae700bf38290120fd
:020000040000fa
:020000040101f8
:10bd98002de9f04f07298db0054601d0152936d178
:10bda800053901321ffa81fb04a805a905922ff075
:10bdb800c4fd05a90df112002ff0bffd08a85a46d1
:10bdc80005a930f0fdf8284625f027fa18bb5a4691
:10bdd8005b4908a82df09cf9002840f0ab80bdf81d
:10bde8001000002800f0a880bdf81210884200f268
:10bdf800a38006ab5ffa8bfb07af0093019708abf4
:10be08005a4617f0d5ff044668b90a2003e0002314
:10be1800adf810300420c3b2bdf810201021284618
:10be280015f08cfe52e0079b5b68d3e9011210788d
:10be380030f06afd069a03468246d27b28880121a3
:10be480013f036fc80b210b1adf81040e3e7a888d3
:10be580031f0acfd8046002870d0069b9b68b3f893
:10be6800009009f1040600f11003112105a8b6b2eb
:10be7800059331f00bfaf1b205a831f007fa214623
:10be880005a831f009fa079b05a8d98931f004fa09
:10be9800069b9a685968128805a830f09bf809f142
:10bea8000604a4b2079bd8894ff6ff73984204d0c2
:10beb800ab8804eb060999450bdd42462146284626
:10bec8002df0daff10b1404631f0f0fd0db0bde8bd
:10bed800f08f06ab013080b20093019708ab5a4649
:10bee800bdf81210adf8100017f062ff039000289b
:10bef800e3d0069a93681b880433b342ddd15346d6
:10bf0800d27b2888012113f0d3fb0028d5d10399cf
:10bf180005a831f0c1f9079b05a8d98931f0bcf90a
:10bf2800069b9a685968128805a830f053f81ffada
:10bf380089f4b7e710206ee701206ce711206ae763
:04bf4800c0db040155
:020000040000fa
:020000040101f8
:10bf4c0084b02de9f34109ac84e80e00042800f21a
:10bf5c009080dfe800f0038e9daab2000c680c9b69
:10bf6c00c4f84031574a0b9bc4f844310123137079
:10bf7c00554a00251380554b84f8fb501d7031f049
:10bf8c005bfa534b94f821101d7038b194f847208c
:10bf9c00072a01d00b2a71d101221a70012584f8cd
:10bfac00fa504c4831f06cfa2846214614f04cfefd
:10bfbc002146284608f00cf8d4f87c312046dd6880
:10bfcc00d4e9506828f024fb20462ff029fb2046aa
:10bfdc0024f0bcff94f824203f4b022a04f5be77d2
:10bfec004fd0032a50d01a88492161f30e021a80cf
:10bffc003a4b94f836101a8861f304121a806c3b91
:10c00c0003201a686ff34d321a6094f8241030f044
:10c01c00d9fd2a464146384622f0affc94f852101e
:10c02c0038462ef0f9fc3946204627f09ffc2c4b65
:10c03c001b680bb1204698472a4b1a686ff30f0206
:10c04c001a60043badb21a686ff341021a601a68a9
:10c05c0065f31f421a60244a1168b6b266f31f4199
:10c06c0011601a6842f001021a60d4f844012df0f4
:10c07c00d1fc02b0bde8f04104b0704700298bd16f
:10c08c008ce71a882d21b0e71a884ff4d371ace7ee
:10c09c000b6893f8fa30012bebd115f0e9fd0a4a45
:10c0ac00138843f004031380e3e701910f4901abbc
:10c0bc00042201201ef04cfadbe7019101ab0422b3
:10c0cc000b49f6e7e4290120cc290120e3290120c2
:10c0dc00e5290120918e03016c380141c0340141e6
:10c0ec00902901205c3e0141703e01410700010195
:04c0fc000800010136
:020000040000fa
:020000040101f8
:10c10000002800f0b9802de9f04383b016461c46a4
:10c1100080464ff480712ff0e5fc0746002800f0c0
:10c12000b280604b1d69002d36d02b68834240f0f1
:10c13000ad80024605f10b0140462cf0edff0028d2
:10c1400040f0a7806b6823b1d4b1236003b0bde891
:10c15000f0832b894ff6ff72934200f09d8040f2ee
:10c160000152934214bf0e2391234f4a1360284675
:10c1700026f0def94b4b00221a616ff00a00e5e76a
:10c18000284626f0d5f9474b00221a61464b0e226d
:10c190001a606ff00a00d9e7424b1b68002b7ed073
:10c1a0000d3098470446002879d00023036043608f
:10c1b00083604ff6ff7505813a4b186100f10b095a
:10c1c0003a46414648462ff061fa2760a57236b1db
:10c1d0007368042b23d0062b24d11c23a372803731
:10c1e0003946304bd3f89c000ef04efa0646f8b1b3
:10c1f00000942e4b012239461ff00cfa0546e8b197
:10c2000023684a46a17a1df0cdfc2946254bd3f878
:10c21000a00006f055fa00b36ff0020096e7012384
:10c22000a372dce7204626f083f96ff005008de766
:10c23000204626f07df96ff0090087e73146194b5b
:10c24000d3f89c0024f04cfb204626f071f9164be5
:10c250004d221a606ff00a0078e73146114bd3f88f
:10c260009c0024f03dfb204626f062f90e4b4d2247
:10c270001a606ff00a0069e7002914bf6ff0070029
:10c280006ff0010070476ff001005fe76ff0020090
:10c290005ce76ff0020059e76ff0020056e76ff0bd
:10c2a000090053e76c200120b42901203bb80401a8
:020000040000fa
:020000040101f8
:10c2b0002de9f04fd0f87c31d0f8e0a0d0f87461cf
:10c2c0001a1c89b04ff0000b18bf012205460092de
:10c2d000d9465f4695f89420ba4212d895f819319c
:10c2e0005bb1d5f82071d5f87461c437002400bf64
:10c2f00095f89430a34200f29d80584609b0bde8fd
:10c30000f08ff46822686ff302022260226895f8c9
:10c31000221061f3c40222602268042161f3ca1270
:10c320002260226861f3ce22226095f89420013abf
:10c3300097420fbf2268216804f1100292b213bf26
:10c3400062f3de316ff3de322260216022686ff328
:10c35000df722260a2686ff30102a260a26842f05d
:10c360000402a26061681ffa8af262f30f01616041
:10c3700062686ff31f4262600395002b57d040f252
:10c380000112adf8112009224ff000088df810209d
:10c3900003a9524695f8470001938df81380adf834
:10c3a00014800ff0e3fe9af8012095f8351095f807
:10c3b000220029f041f93ab2c6e904a905eb82014d
:10c3c000009bf460737786f80880c6f8188086f8ba
:10c3d0001c800c674e66c1f87c8095f894e0019b48
:10c3e0000ef1ff3c67450ebf05eb4e0205eb420226
:10c3f000103400f1860007bfa2f88680a2f88c8076
:10c40000a2f88840a2f88e8081440fb9c5f8249123
:10c41000674508bfc5f8209107f10107c1f858909a
:10c4200008bfb3460af1420a3668ffb252e7adf8d8
:10c430001130a8e79df8113073b100238df8183042
:10c4400095f82430013b8df8193073693146fb1a99
:10c4500006a8079316f0e0fe01343668e4b247e719
:020000040000fa
:020000040101f8
:10c46000f0b583b0089f674c04f0004404432dd01e
:10c470000e46154620462af025fd68b3a3888bb3e7
:10c48000237a012b37d0237813f0040f00f0a88013
:10c49000b4f864302b44b4f86620934200f28b80e9
:10c4a0000027002300933b462a46314604f16000f2
:10c4b00001f0d8ff002800f09c802046fef74efed9
:10c4c00020462ef043fe284603b0f0bd4e4b092215
:10c4d0001a604ff0ff30f7e74b4b0e221a604ff017
:10c4e000ff30f1e720462ef031fe474b5f221a6005
:10c4f0004ff0ff30e8e7002f50d0238d23b33846ac
:10c500002ef083fb099b98423fd8b4f864302b444b
:10c51000b4f8662093424ed8237a012bc1d1e36e42
:10c52000002bbed0238d042b40f2ac5308bf4ff438
:10c53000b863ab42b5d220462ef008fe324b6122e2
:10c540001a604ff0ff30bfe7099b1c2b28bf1c234c
:10c5500009930023a362e36223636363a363e3633a
:10c560002364099a394604f128002ff08ff82046f9
:10c5700005f0c2fe0028c2d120462ef0e7fd224b76
:10c580000c221a604ff0ff309ee720462ef0defdb1
:10c590001d4b60221a604ff0ff3095e7237813f0af
:10c5a000040f14d004f12807b4f864302b44b4f815
:10c5b00066209342b3d92046fef7d0fd20462ef0e8
:10c5c000c5fd114b0b221a604ff0ff307ce720466f
:10c5d0002ef0bcfd0c4b60221a604ff0ff3073e769
:10c5e00020462ef0b3fd084b86221a604ff0ff3034
:10c5f0006ae720462ef0aafd034b0b221a604ff08b
:0cc60000ff3061e780200120b4290120f8
:020000040000fa
:020000040101f8
:10c60c002de9f047a4b00c4616469846042808d0ed
:10c61c0006281bd05e4b7c221a60002024b0bde89b
:10c62c00f087cb7802938b7801934b7800930b783f
:10c63c00584a414630462ef000fc404501da30465f
:10c64c00ece7534b1c221a600020e7e70c225249fe
:10c65c0020462cf05bfd002837d021786378a07b36
:10c66c00e27b02eb00220692207b627b02eb002233
:10c67c000592a07ae27a02eb00220492207a627a86
:10c68c0002eb00220392a079e27902eb00220292e3
:10c69c002079627902eb00220192a078e27802eb19
:10c6ac000022009203eb01233c4a64210ba82ef0dc
:10c6bc00c4fb9df82c30002b47d00df12c09002722
:10c6cc0002253c46dff8dca038e021786378e27b79
:10c6dc000892a27b0792627b0692227b0592a07a3b
:10c6ec00e27a02eb00220492207a627a02eb0022b8
:10c6fc000392a079e27902eb00220292207962790e
:10c70c0002eb00220192a078e27802eb0022009268
:10c71c0003eb0123224a64210ba82ef08efbc8e701
:10c72c005146484619f07efda842c8bf27468542af
:10c73c00b8bf0546013419f8013f23b1002cefd0e6
:10c74c003a2bedd0f6e7032d09dc0ba82ef0a4ff55
:10c75c00404517d30e4b1c221a6000205ee707f1f0
:10c76c0090036b443a2203f8642c03f8632ce41b0b
:10c77c00641be919b81c621c0bab1944184426f055
:10c78c0011fae2e70ba9304630f0b0fe304645e72f
:10c79c00b4290120d44f0001ec2a0120e04f000104
:08c7ac00f84f000118500001d4
:020000040000fa
:020000040101f8
:10c7b4002de9ff470025044689461f46057001f10f
:10c7c400ff3813780bb145450bd3624b1b7803b983
:10c7d4002370454588bf09f10105284604b0bde82a
:10c7e400f087252b07d05b49097811b904f8013b80
:10c7f40001350132e5e75378252b37d0561c3378c1
:10c80400302b4ff000001ad101464ff00a0c725c35
:10c81400a2f13003dbb2092b0ed922f0200eaef1c7
:10c82400410ea2f16103bef1050fdbb206d8052b60
:10c8340026d8a2f15703dbb2092b29d90e44337849
:10c844006c2b08bf01363378702b5fd027d8632b4d
:10c8540039d0642b51d0582b3ad13e4b3a681b78cf
:10c8640003920437002b68d1019058e039490978c4
:10c87400961c0029c3d104f8013b01353246a0e7d8
:10c88400a2f14103052b02d8a2f13703d3e7002319
:10c8940001310cfb0030735c002bb8d1cee7752b53
:10c8a40018d0782bd9d0732b12d13b680437013bb5
:10c8b4005a1c0dd013f8012f52b1454508d204f883
:10c8c400012b0135f4e73b6804f8013b04370135db
:10c8d400721c76e71f4b3a681b78039204370bbb34
:10c8e400019000930a23a8eb0501204619f05efa93
:10c8f4005ffa80fa54445544eae7164b3a681b78c9
:10c904000392043773b901900123eae7114b3a68a3
:10c914001b78039204372bb904230193012300935a
:10c924001023e0e7002808bf04205ffa80fa52468b
:10c9340003a920462ef0a8fedce740b1c107c0f3ee
:10c94400470af4d50af1010a5ffa8afaefe74ff0d1
:08c95400010aece7d4290120df
:020000040000fa
:020000040101f8
:10c95c00f0b587b003790393c378029303880193ee
:10c96c000546634b0093ec200123022251210cf06d
:10c97c0079fc28882cf06ef8002800f0b780046849
:10c98c0020462bf0dffa002800f0a2800a200ef0df
:10c99c00f7ff0121c4f8b40120462cf0a7fa0021be
:10c9ac00064620462cf0a2faaa78032a074610d095
:10c9bc00eb78b34223d12979814220d1042e08d1be
:10c9cc00eb88012b08bfe376eb88022b01d1002307
:10c9dc00e37630462ff0d1fd064638462ff0cdfddc
:10c9ec0000250746d4f8b40128f01cfac4f8b45159
:10c9fc002b463a463146204628f062fa44e012f0c3
:10ca0c00010f18bf072384f84231ab78d4f8b42156
:10ca1c009b0754bf2b79072384f84331eb88d380d1
:10ca2c005a1e012a07d8012b08bfe376eb88022b8c
:10ca3c0004bf0023e37694f8f23043f0020384f849
:10ca4c00f230d4f8443133b32a79042a03d1e9887b
:10ca5c00e9b9e17ee9b9da75d4f8443100261e76dd
:10ca6c00e8782ff0c9fa01462046d4f844512ef04c
:10ca7c000bfd6876d4f84421137c43f0080313743f
:10ca8c0020462ef0b0ff0025284607b0f0bd022945
:10ca9c00e1d00822dfe720462ff05dfd0546002897
:10caac00f1d194f8f23060f3410384f8f230d4f809
:10cabc00b40128f0b7f9c4f8b45107250d4b009315
:10cacc00019501230022ff21ec200cf0cbfbdbe7ce
:10cadc002868696804ab03c3082204ab0421204610
:10caec001ff02eff05460028e8d1cce70225e5e72c
:08cafc00c8790401ba790401b4
:020000040000fa
:020000040101f8
:10cb040070b50468154620460e4627f0b2f8297819
:10cb140020461df0e9fa2b78023b232b13d8dfe8db
:10cb240003f01e121212363d124412364b521254a6
:10cb3400125c3636636a711212121212127878126b
:10cb44001212127e8c97e37d002b00f08c80e37d23
:10cb5400012b00f098802b78022b02d007e0022ee4
:10cb64000bd0d4f8c43023f00103c4f8c4302978be
:10cb740020462cf0aef9012070bd2946204630f045
:10cb8400a3fe29782046bde87040edf78dbf012e45
:10cb940014bf00260126002ef3d1e8e7022ee6d1c9
:10cba4002946204630f094feebe7092edfd12946d2
:10cbb400204606f03bf9e4e7062ed8d12946204664
:10cbc4002cf07cfedde7022ee2e7182ecfd10f22f7
:10cbd400294620461cf047ffd3e7032ec7d1294638
:10cbe400204630f079fecce7092ec0d129462046f4
:10cbf4001ff07cfec5e7092eb9d12946204627f04f
:10cc04000ffcbee7032eb2d1294620462bf02afea4
:10cc1400b7e7022e9fd16b7884f82a30b1e7d4f8b5
:10cc24004431002ba3d0042ea1d12a4632f8011f8f
:10cc3400a3f8171092785a76a3e7d4f84431002b5e
:10cc440095d0052e93d1d5f80120c3f81a2098e782
:10cc5400d4f84431002b8ad0052e88d1d5f8012090
:10cc6400c3f81e208de70d4b1b68002b3ff473aff8
:10cc74002a4631462046984702283ff468af0128e7
:10cc84003ff47faf67e7064b1b68002b3ff463afad
:10cc94002a46314620469847f1e700bf1c29012067
:04cca4002029012022
:020000040000fa
:020000040101f8
:10cca8002de9f7430546352030f010ff04461020e3
:10ccb80030f00cff0646102030f008ff07460cb194
:10ccc80006b150b95c4b009300220423c321ee2027
:10ccd8000cf0cafa03b0bde8f083584a1368036041
:10cce8005368436093688360d368c360e96d3346d3
:10ccf80020222f31fdf794fd95f8038050484ff41a
:10cd0800807904f1020e2b1d04f1090c05f10b01c9
:10cd180004f11002a4f80090b8f1000f4ed1d3f836
:10cd28000090c4f80290b3f80490aef804909b7990
:10cd38008ef806300b68c4f809308b88acf80430dc
:10cd48008b798cf80630e96d01f5c0710b682361a9
:10cd58004b6853608b689360cb68d360ea6d02f5cb
:10cd6800e072214613682362536863629368a36282
:10cd7800d368e3620123206384f83430eb6d3522f5
:10cd8800a0333046fdf74cfde96d2846a03124f06c
:10cd980089fe84f83480eb6d35220633214630460f
:10cda800fdf73efd204630f093fe304630f090fe11
:10cdb800384603b0bde8f04330f08abed1f80080b1
:10cdc800c4f80280b1f80480aef8048089798ef83e
:10cdd80006101968c4f809109988acf804109b79f2
:10cde8008cf80630e96d01f5c0710b6823614b685a
:10cdf80053608b689360cb68d360ea6d02f5e0728c
:10ce0800214613682362536863629368a362d368f8
:10ce1800e3620123206384f83430eb6d3522a033bc
:10ce28003046fdf7fdfce96d2846a03124f03afeb6
:10ce3800002384f83430aee790c00401a0cb04018d
:04ce4800656c74623f
:020000040000fa
:020000040101f8
:10ce4c00f0b583b000238df8073028b900240df11c
:10ce5c000705614b196031e005460124f9e7002014
:10ce6c0003b0f0bd0df106020021062014f0defc2b
:10ce7c00012837d002232b7023f008fd431edbb2b0
:10ce8c00fd2b00f28c8001283fd103232b706946c7
:10ce9c00002016f02dfe01283cd104232b7000231a
:10ceac00009369464ff4001016f022fe012836d884
:10cebc00009b002b38db0220002cd1d12b78062bc9
:10cecc006fd801a252f823f071ce0101afcf01014e
:10cedc0085ce01019bce0101abce010135cf010105
:10ceec006bce01019df8063043f008038df8063037
:10cefc0000220df10601062014f098fc0128b9d08f
:10cf0c0001232b706ff00500aae701232b706ff043
:10cf1c000400a5e701232b706ff00300a0e70123a9
:10cf2c002b706ff003009be701232b701ff06afb43
:10cf3c00d0bb2a4e341d543600273a46214654f8ad
:10cf4c00040c14f073fc90bb0834b442f5d10df111
:10cf5c00060200214ff4807014f068fcc8bb9df9e8
:10cf6c000630002b26da0df106020021032014f006
:10cf7c005dfc10bb9df8063013f0020f20d00df1b4
:10cf8c0006020021042014f051fce0b99df8063093
:10cf9c0003f00303032b19d106232b7060e7012048
:10cfac008ae76ff001005be76ff0020058e76ff063
:10cfbc00020055e76ff0020052e76ff002004fe7f6
:10cfcc006ff002004ce76ff0020049e76ff00200cf
:10cfdc0046e76ff0020043e7882801205cec030170
:020000040000fa
:020000040101f8
:10cfec0010b5137803f07b0313700b79093b042bfa
:10cffc0036d8dfe803f003599facb50004780b2c4e
:10d00c002ed80123a34013f44c6f49d19c0528d48e
:10d01c00db0525d54979137889b18178032908d1a5
:10d02c006ff300031370137823f07a0343f01803a3
:10d03c0015e081790029f3d143f00103f2e78179fe
:10d04c0081f0010161f3000303f0c5031370c37990
:10d05c0013b18378032b4cd113786ff386131370b1
:10d06c0010bd4979137879b18178032923f0030332
:10d07c0004d11370137823f07803d7e78179002952
:10d08c00f7d143f00303f4e7817923f0030321b1d3
:10d09c001370137823f03803d8e743f00303f7e752
:10d0ac00137823f07b03c1e70378063b052bd7d815
:10d0bc00dfe803f0343a0326343a8378032b1378f1
:10d0cc0001d18479ccb16ff300031370137823f082
:10d0dc000a0343f0080313704c79dbb264f30413b6
:10d0ec001370c979dbb261f345131370c379002b4c
:10d0fc00b2d0137843f04003b1e743f00103e4e707
:10d10c008378032b137823f0030301d1847914b1b2
:10d11c0013701378dde743f00303f9e7137823f07a
:10d12c003b0343f00903e0e7137823f03b0343f0a0
:10d13c000b03dae7137823f00b0343f009031370a6
:10d14c004979dbb261f304136ff34513cde7137820
:10d15c0023f0030313708c79dbb264f3c303eee7a3
:10d16c00137823f0030313708879dbb260f3c303e5
:10d17c0013704979dbb261f3041303f09f036ee77c
:020000040000fa
:020000040101f8
:10d18c002de9f04182b00378012b04d0022b74d02e
:10d19c0002b0bde8f08144682378062bf8d801a2d0
:10d1ac0052f823f0cdd10101fdd101010dd20101c5
:10d1bc009dd101019dd101019dd101013fd2010100
:10d1cc00a378002be4d1544b18680023811c00bfba
:10d1dc0011f823201ab10133082bf9d1d8e700eb51
:10d1ec00830301229a70002bd2d0a2881a80cfe739
:10d1fc00608827f073fb0028cad000220260c7e7c2
:10d20c006588284627f06afb06460028c0d0c378fc
:10d21c00002bbdd02379002b14bf082307238df8d6
:10d22c000030adf80250684624f0a4f80023f370e7
:10d23c00aee7394b1b6893f82a30002ba8d0b4f812
:10d24c000480e788268965892b4632463946404654
:10d25c0014f050fa60b1adf80080adf80270adf882
:10d26c000460adf80650694660882df063f88fe7ce
:10d27c003b2160882cf087fc8ae744682378e3b173
:10d28c00012b85d16588284627f028fb0646002807
:10d29c003ff47eafa388002b3ff47aafc378002b0a
:10d2ac003ff476af08238df80030adf80250684695
:10d2bc0024f060f80023f3706ae76588284627f0ad
:10d2cc000dfb00283ff464af134b1b6893f82a3016
:10d2dc00002b3ff45daf63892289e188a08814f0ac
:10d2ec0009faa0b1002128462cf0b6fca388adf8b1
:10d2fc000030e388adf802302389adf8043063893f
:10d30c00adf80630694660882cf0f8ff40e7012143
:0cd31c0028462cf0a1fc3be72c0001206f
:020000040000fa
:020000040101f8
:10d32800002800f0ca80f0b599b014460546022bd3
:10d338002dd0032b00f08980012b26d1002606e092
:10d34800ab680022c3f8a4210136022e1ad0ab68bc
:10d3580003ebc60393f85021002af5d0d3f85421e3
:10d368009442f1d10022c3f85421ab68d3f8a471d8
:10d37800002fe5d0711c012300931346c9b228463b
:10d38800b847dde7204630f0a9f919b0f0bd1e9b7b
:10d39800002bfad08368002bf7d01e9a118841f22f
:10d3a80001129142f1d1d3f8a431002bedd01e9b8c
:10d3b800587a0028e9d05c8804aad96822f0f8f9dc
:10d3c8000028e2d0022303aa194604a809f08efa1d
:10d3d8001e9b5b7a022b18d0032bd6d114f0ff0fbb
:10d3e800d3d002230df10e02194608a809f07efadf
:10d3f800ab6800220092d3f8a44101230df10e027c
:10d408009df80c102846a047bfe714f0ff0f11d174
:10d41800aa6892f8603101210091d2f8a44102f57e
:10d42800b1729df80c102846a047ab680022c3f8db
:10d43800a421aae7ab6800220092d3f8a4411346be
:10d448009df80c102846a047efe71e9b002b9cd0a8
:10d458008368002b99d01e9b5a8841f201139a4287
:10d4680093d11e9b1b79022b8fd1042304aa194642
:10d478001e98103009f03afabdf91230b3f1ff3fa7
:10d4880011d002230df10e0203211e98183009f065
:10d498002dfaab68bdf9122003eb4203bdf80e204c
:10d4a800a3f8622171e7aa68012302f5b07202218c
:0cd4b8001e98183009f01afa67e7704758
:020000040000fa
:020000040101f8
:10d4c40037b5428840f201139a4204460d4605d00e
:10d4d4000821204615f076ff03b030bd11f092f814
:10d4e4000028f5d1e06d019501a9e4302ff056fc38
:10d4f400e06d01a9e5302ff051fce06d01a9e630a3
:10d504002ff04cfce06d01a9e7302ff047fce06df3
:10d5140001a9e8302ff042fce06d01a9e9302ff0b9
:10d524003dfce36d93f8e72084f85220a27a83f857
:10d5340058212346e26d53f8041fc2f859119b8801
:10d54400a2f85d31e36d93f8e620d50704d5414a8e
:10d5540012685278d00701d401225a71e26d92f810
:10d56400e730073b092b01d90621b2e792f8e630f0
:10d57400384d13f0080f2b6803d19b7923b1032195
:10d58400a7e75b78c3f3c00384f85730204618f04c
:10d5940043f82b68da7932b15b78590703d5e36d28
:10d5a4005b78012bebd0204623f0c5fee36d5a785f
:10d5b40012f1ff3118bf012184f8561094f8571066
:10d5c400002940d0012a03d093f8e7200f2acbd9b1
:10d5d40093f8e82022f0090283f8e820e26d92f83b
:10d5e400e93023f0090382f8e930e26d92f82c3037
:10d5f40092f8e8100b4023f0040382f82c30e26d1b
:10d6040092f82d3092f8e9100b4023f0040382f8cd
:10d614002d3002231049a37004f1600007f06cf967
:10d62400082030f055fa014600283ff455af062390
:10d63400037023888380e36d93f8e63083710820b8
:10d6440030f016f848e793f8e920d2075cbf0122ce
:0cd654005a71cae740290120a064d101ee
:020000040000fa
:020000040101f8
:10d66000002800f0b38038b52ded028b0c4605463e
:10d67000002900f0ad800b7803f0f003102b40f090
:10d68000a9804b78c3f3031303708b784a7812f0a8
:10d69000020f07ee903af8ee677a1cbf9fed527ac0
:10d6a00077ee877ac0ed017acb7807ee903a4b7827
:10d6b00013f0010f00f08480f8ee677ab6ee087a76
:10d6c00067ee877a9fed497a77ee877ac5ed027a21
:10d6d00094f9043007ee903af8eee77ab6ee008a55
:10d6e00067ee887ac5ed037ad4f805002bf025fda6
:10d6f0003ba3d3e90023fbf7a1f9c5e90401d4f862
:10d7000009002bf01afd36a3d3e90023fbf796f9a5
:10d71000c5e90601b4f80d3007ee903af8ee677ae5
:10d7200067ee887a9fed327a77eec77ac5ed087a90
:10d73000b4f80f3007ee903af8ee677a67ee887a21
:10d7400077eec77ac5ed097a6378c3f3800385f86d
:10d750002830b4f8113007ee903af8ee677a67eea9
:10d76000887a77eec77ac5ed0b7ae37cc3f30303bf
:10d7700085f83030e37cc3f3031385f83130237d23
:10d78000c3f3031385f83230237dc3f3030385f815
:10d790003330e37dc3f3030385f83430b4f8153038
:10d7a0004ff6ff7293420ed007ee903af8ee677a8a
:10d7b000f2ee046a87eea67a85ed0e7a00200ae082
:10d7c000fbeecf7a82e79fed0b7af5e701207047f9
:10d7d000012000e00120bdec028b38bdaff30080da
:10d7e00000000000d01263410000344300007f427b
:08d7f00000007a4400ff7f47ae
:020000040000fa
:020000040101f8
:10d7f8002de9f04f83b09df834b0002800f0bb80cd
:10d80800894614468046c16800294bd0ca78002a48
:10d8180057d08a7801eb4210808800bb01eb421296
:10d82800b8f80400128c821aa8f804200022a8f87c
:10d838000220ca78013aca70d8f80c108a780132e6
:10d848008a70d8f80c2090781178884204bf00219b
:10d858009170d8f80c20d278002a00f0928013b189
:10d868000c9a002a35d1d8f80c20937802eb431390
:10d878001e8ca64226bf301b26460020bbf1000f97
:10d8880015d1d378013bd370d8f80c2093780133a5
:10d898009370d8f80c3099781a78914204bf002216
:10d8a8009a7004e08688964228bf16460020b8f889
:10d8b8000240b8f80470002e55d04ff0000a0190cd
:10d8c80020e00e9b002b59d000230e9a13609a4635
:10d8d80045e0d8f80c20917802eb41110c9a0431fc
:10d8e80018462df0cffebee7abb2ff1abfb22344f5
:10d8f8009cb2b8f80630a3429cbfe31a9cb2aa4473
:10d90800761b11d0b8f806502d1bb54228bf3546f6
:10d91800b9f1000fe8d0d8f810102a46214448463b
:10d928002df0b0fea944dfe7019850b183b21c4442
:10d93800a4b2fb1a9fb2b8f80630a3429cbfe31a00
:10d948009cb2bbf1000f03d1a8f80240a8f80470fc
:10d958000e9b23b1d8f80c3043b10e9b186050468b
:10d9680003b0bde8f08f4ff0000adee7b8f80430e6
:10d978000e9a1360f3e74ff0ff3af0e74ff0000a12
:08d98800ede74ff0000aeae7a9
:020000040000fa
:020000040101f8
:10d9900030b5624d2b688bb0c3f8040204462ff0fb
:10d9a00037fc58b14ff4004194f850002af0c0f809
:10d9b00000220121204617f0effd4fe0002c4dd052
:10d9c0002378022b4ad1adf80e000df10e0104a808
:10d9d00028f09cf994f85230012b18d1049aa36dc9
:10d9e000bdf80e101a44b4f854300b449bb240f208
:10d9f000e1418b42c2f31602049285bfa3f2e243d7
:10da00000132adf80e30adf80e3088bf04922b68ad
:10da1000049993f8402203eb42032046b3f83432d2
:10da2000bdf80e2027f0a4fba3785a071ed51b07cc
:10da30001cd5e5684ff4803101202af079f80022e6
:10da40000121204617f0a8fd2b78022b08d128468b
:10da5000fff79effa3786ff3c303a3700bb030bd35
:10da600000222146012016f04bfbf3e72b68d3f888
:10da70000822002a4dd100284dd1c3e98104236f2b
:10da80001b7a1a1f012a03d8042b3cd12cf042fe2a
:10da9000206f2ff0c5fca26a94f8500040f2712369
:10daa00053435b08e3624ff400712af041f8a17818
:10dab0002046c1f3800110f04bfd2b68d3f84432af
:10dac00033b194f85100032894bf002001209847f7
:10dad000656f03232370002dc0d0236fcde905347b
:10dae000e36d0793e36a0893a378c3f380038df88b
:10daf00024300aab13e903008de8030005ab0ecb1d
:10db00000020a847aae7b4f85410a06d2af0f8fd49
:10db1000bee70028a2d04ff4807145e738290120e4
:020000040000fa
:020000040101f8
:10db20002de9f041477817f00407bab0044610d148
:10db300090f85030d0f81480012b04d1404508d122
:10db400040f6111312e0404509d098f80120520721
:10db500017d46078c0f380003ab0bde8f081c26da0
:10db6000520ac261002bebd103f20123adf8183049
:10db70000ee0012766e0012ffbd163786ff382038b
:10db80008fe0002bdcd142f20523adf818300127dd
:10db9000e66e06f59c7640f271237600b6fbf3f64e
:10dba000a38cb6b29d19adb2b5f5487f88bfc3f559
:10dbb0004876d8f81c30079384bfb6b24ff4487546
:10dbc0002bf0fefd384bdff8e4c01a6892f84032c3
:10dbd00002eb430240f23911b2f83832b2f83c227b
:10dbe0001a44b2fbf1f20132104494f85220012a97
:10dbf00000ea0c0005d1e269a16d521a02ea0c029a
:10dc00000792d8f82420a16e03f2a93340f2712cb8
:10dc10005b00b3fbfcf3134401f59c725200b2fbb2
:10dc2000fcf29a4202d2002f18bf1a46079b1f49e6
:10dc300013440b401f1a17f48007f9d1013d1d440e
:10dc400007930d4000238df8163001238df817300f
:10dc5000079bcde908350df1170301930df120085d
:10dc60000df1160306a80093cdf80880334607aae5
:10dc70002146c05df5f712f8079b00939df8172029
:10dc80009df816104346204606f014f900283ff48c
:10dc900072afe369eb1a5b023ff56daf637843f057
:10dca0000403637055e700bf38290120ffff7f00a0
:020000040000fa
:020000040101f8
:10dcb00030b589b005f020f84b4a136823f49f7300
:10dcc00023f0010343f0110313602af049fa18f01e
:10dcd000ebfb0af08cfb20f0c7f82df077ff21f06a
:10dce0000df82bf01bf824f083fc404d2946002052
:10dcf00009f046ff3e4c606005f10801002008f085
:10dd0000e9fb20600021102016f0e0ff0120e9f778
:10dd10002fff384be360384b2361384b6361384b3e
:10dd2000a361384be361384b2362384b6362384b55
:10dd3000a362384be362384b2363384b6363384b41
:10dd4000a363384be363384b2364384b6364384b2d
:10dd5000a364384be36405f1100100201cf0cafcf9
:10dd6000a06000231a46194604f150001ff050f934
:10dd700000230593069307930df11600eef74efb73
:10dd80009df8153060f300038df815300df11d007e
:10dd9000eef756fb9df8153060f341038df8153012
:10dda00005a8eef773fb10b903238df81430002398
:10ddb000029303934ff4f84300931f4b0193022304
:10ddc00004930b4805ab6a4600f10c01503009f092
:10ddd00089fa0e202af0bcfb2df0acff2cf0b8f82d
:10dde00017f080f809b030bd002401448cc3030152
:10ddf000842201208bb704017dbb040111d00301f3
:10de000023c30401ddae04011b3b040135c304013f
:10de10003daf0401b9bb0401553b040159c30401e2
:10de20006bc3040191bb0401a5bb040155af040100
:0cde3000ddd60401e5d6040100800120cd
:020000040000fa
:020000040101f8
:10de3c002de9f743d0e90358008928f099f80446f6
:10de4c00002800f0b78090f83d30002b00f0b48033
:10de5c0015b1b8f1000f11d18df804302ff066f91f
:10de6c000823adf806008df8053001a9208829f0ab
:10de7c00cbf8054655b984f83d5007e0082b4cd03b
:10de8c001c202ff021fe064620b90225284603b09f
:10de9c00bde8f0831820308094f83d300a2b0cbf7d
:10deac000b230d23b3702b68c6f8033006f103095e
:10debc006b68c9f80430ab68c9f80830eb68c9f86e
:10decc000c30d8f80030c6f81330d8f80430c6f847
:10dedc001730a38883421ad8276c27b92ff0f4fd8a
:10deec000746002864d03146208822f05ffd0546a5
:10defc0048b93288494638462df0c2fb2764304673
:10df0c002ff0e4fdb6e738462ff0e0fdf7e7314699
:10df1c00208822f04bfd0546f1e71a202ff0d4fda6
:10df2c0006460028b1d01a23038083702ff0fef828
:10df3c00a6f803002b68c6f80530771d6b687b606c
:10df4c00ab68bb60eb68fb60d8f80030c6f81530e6
:10df5c00d8f80430c6f819303288a38802329a42b5
:10df6c0021d9023b9bb23380b370d4f84080b8f116
:10df7c00000f04d118202ff0a7fd8046c0b1314608
:10df8c0020881af067fa054658b9434607f118027b
:10df9c0057f8041b43f8041b9742f9d1c4f840808e
:10dfac00ade74046b0e7314620881af053fab2e7a5
:0cdfbc000225a4e7032569e7012567e7bb
:020000040000fa
:020000040101f8
:10dfc80070b5c0b2012894b0154616d028b1022801
:10dfd80000f09780002014b070bd574c2cf0f8fb6f
:10dfe8002368db6f984718b12368d3f898309847af
:10dff8000021032017f098ffece7504c23681b7fa3
:10e0080001934f4b009302231a46ec2077210bf023
:10e018002bf92368986c20b113f0def923680022ed
:10e028009a642368186c20b122f026ff2368002226
:10e038001a64414a13680021197026682d78337fc5
:10e04800a5b3012b21d141f20903adf808308df8b1
:10e058000c502022ff210df10d002ef0abf83a2dc7
:10e068000fd1337f012b05d1706926f0ddfe2368bf
:10e0780000225a612368186926f0d6fe2368002218
:10e088001a6102a826f0a0ffa4e741f208032022a3
:10e09800ff210df10d00adf808308df80c502ef071
:10e0a80089f82022ff210df12d00d6e7bbb91268af
:10e0b8000121517025688df80c3041f20802adf845
:10e0c8000820296920220df10d002df0dbfa2969bd
:10e0d800202211440df12d002df0d4facae741f2a7
:10e0e8000903adf808308df80c50202231690df184
:10e0f8000d002df0c7fa706926f096fe23685d6161
:10e10800b8e716780f4d0d2455f8043b73b9013c58
:10e1180014f0ff04f8d1012023f080fc0a4b8df89d
:10e128000c401c700e23adf80830aae7304698471b
:10e138000028ecd04ee700bf2c290120242901201b
:0ce14800ecd8040180240120da29012019
:020000040000fa
:020000040101f8
:10e1540010b590b0554b00215960c3f80710d9721f
:10e1640001241c7359701970202207a82ef024f87a
:10e174001023adf81e30c023089340f20b1309930b
:10e1840007238df828308df832408df834400df196
:10e194003f0107a82cf05efd002863d12022002156
:10e1a40007a82ef009f801238df81c304ff496626d
:10e1b40008924ff4c862099207228df828200c2295
:10e1c4008df8312003228df832208df834208df81b
:10e1d400353002238df837308df838300df13f019a
:10e1e40007a82cf037fd002843d1314b1b68adf84c
:10e1f40018301b0c8df81a3000228df80c200323e4
:10e204008df80d308df80e20adf8103006ab059367
:10e2140003a82df041f8002832d101238df80c30e9
:10e224000323adf8103006ab059303a82df034f8a2
:10e2340068bb204b009300230122c8211e4822f012
:10e2440085ff1a4c20611d4b0093002301224ff4db
:10e254007a711b4822f07aff60612369f3b1e8b157
:10e2640010b010bd17482ef012f8104b00221a738c
:10e2740094e715482ef00bf80c4b00221a73b4e700
:10e2840012482ef004f8094b00221a73c5e710480f
:10e294002df0fdff054b00221a73cae70d482df03f
:10e2a400f6ff024b00221a73dae700bf901a01202e
:10e2b400f8410001f1040401c4410001a90404016e
:10e2c400d041000144410001604100017c41000152
:08e2d400a0410001d841000146
:020000040000fa
:020000040101f8
:10e2dc002de9f04182b0002800f0a3800d460646df
:10e2ec000478002c00f09e804378012b00f09e8077
:10e2fc0000f18c074ff0ff3138462ef01ef8012844
:10e30c0040f09680337dabb90df1070200214948ee
:10e31c0013f08cfa012812d89df8071011f0040f95
:10e32c001ad1454b1b680bb14448984738462cf022
:10e33c00f3fd77e038462cf0effd002472e03e4b05
:10e34c001b6813b101463e48984701237370384649
:10e35c002cf0e2fd002465e0d6f8048001230422b1
:10e36c0041463848faf78cff0146c8b998f8033093
:10e37c003375b8f802207275d8f80020f2820422a6
:10e38c008df80620012b17d0022b2bd02a4b1b68a3
:10e39c000bb12d48984738462cf0befd002441e0c7
:10e3ac00254b1b680bb129489847012373703846dd
:10e3bc002cf0b2fd002435e03369b3b19df8073081
:10e3cc0013f0080f07d00c238df806303369da6987
:10e3dc00f261b36109e0184b1b68002bf6d01c48a6
:10e3ec009847f3e70023b361f36100220df10601b6
:10e3fc00104813f01bfa024628b9002d96d0a847f6
:10e40c000028fcd192e70c4b1b681bb19df8061041
:10e41c00104898470123737038462cf07dfd00247a
:10e42c0000e00024204602b0bde8f0810024f9e7aa
:10e43c000024f7e70800001018210120044a00010d
:10e44c0000490001280000109c49000138490001d6
:08e45c0074490001c4490001ec
:020000040000fa
:020000040101f8
:10e46400f8b516469df81820002800f0b1800f4634
:10e474000546002900f0ae80002e00f0ad80c08873
:10e48400a988411ab142c0f0a980e968002976d070
:10e49400002a40d16c88b5f800e074453bd8a0eb65
:10e4a4000e0c664537d9b442c0f09a80cc78023459
:10e4b40091f800c0644501d310468ee04a7801eb20
:10e4c400421100224a608a60ca600a614a618a6114
:10e4d400ca61e968a0eb0e0292b2487801eb4011e0
:10e4e4000a84e96828884c7801eb44114884e86878
:10e4f400c1780131c170e868417801314170e9683f
:10e504004c780878844204bf00204870a9880a44e3
:10e51400aa8000222a80ea68d0781178884261d0e3
:10e52400002b49d0517802eb41121c685868996855
:10e53400d3f80cc054609060d160c2f810c01c695c
:10e544005869996954619061d161eb685a7803eb19
:10e5540042131e84eb682a88597803eb41135a84ca
:10e56400ea68d3780133d370ea685378013353707f
:10e57400eb6859781a78914204bf00225a702b88ac
:10e58400ec88e41ab44228bf344628692246394646
:10e5940018442df079f8a3b2aa881a44aa802a88cc
:10e5a40013449bb22744ea889a4208bf00232b8075
:10e5b400361be4d1012010e0537802eb4312002310
:10e5c40053609360d360136153619361d361bce77b
:10e5d400002002e0002000e00020f8bd0020fce75d
:08e5e4001046fae70020f8e7f9
:020000040000fa
:020000040101f8
:10e5ec00f0b585b00468cb790293238801930d466e
:10e5fc005b4b0093022201235d21ec200af032feda
:10e60c00eb79012b2bd059b219b1182b2ed005b0a8
:10e61c00f0bd94f8f230d80702d520461bf02cfd43
:10e62c001121204628f083fd2ef0b8fe0128eed9ea
:10e63c0094f8aa30002bead00021d4f8cc002df0ad
:10e64c002afa0028e3d094f8aa30013b84f8aa30c7
:10e65c0094f86d3043f0040384f86d30d7e7122141
:10e66c00204605b0bde8f04028f061bd13212046de
:10e67c0028f05dfd012120462af038fc2df07dffad
:10e68c000021064620462af031fc2df076ff0023af
:10e69c0002463146204626f013fcd4f84431bbb375
:10e6ac00e57d012d2ed1032e43d1002583f820507a
:10e6bc00d4f844319a7ada77d4f8443104229a7730
:10e6cc0002212046d4f844712cf0defe87f821009c
:10e6dc00204628f002fdd4f8443183f82050d4f8b9
:10e6ec004431da7ada77d4f8443108229a77d4f8bc
:10e6fc004451314620462cf0c7fe85f821002046b7
:10e70c0028f0ebfcd4f844311a7c6ff3c3021a7472
:10e71c00144b1b681a7ad10754bf5a7a072284f813
:10e72c0042211a7a92074cbf07239b7a84f8433113
:10e73c006de72946204626f011fcd4f8443100221e
:10e74c0083f82020d4f844311a188540127ada77ed
:10e75c00d4f844319d770146d4f84451cae700bf40
:08e76c00886504012429012045
:020000040000fa
:020000040101f8
:10e7740030b583b00d4609b100230b60002800f0ca
:10e78400a2800378002b00f0a0804ff0000c421c04
:10e794006446614615e003291dd02e2b42d0a3f117
:10e7a4003000c0b2092800f297800131c9b24feaa3
:10e7b4000c2c303b63f3070c9ef800300132002b25
:10e7c4004cd096460029e6d1a3f13000c0b2092806
:10e7d400ebd900207ae02e2b7cd1444b9c4501d907
:10e7e400002073e0601c04f108030deb0304ccf378
:10e7f400074303eb830303eb8301ccf3072303eb0e
:10e8040083035b0003eb8103634404f8043cc4b258
:10e814004ff0000c9ef800300132fbb1032c57d8a6
:10e824000021cee7314b9c4501d900204ee0601c0d
:10e8340004f108030deb0304ccf3074303eb830358
:10e8440003eb8301ccf3072303eb83035b0003ebac
:10e854008103634404f8043cc4b2d9e7032c3dd1da
:10e864009ef800305bb13a2b3ad81f2b1fd9203bbe
:10e87400dbb21f4a22fa03f313f0010f1dd01b4b26
:10e884009c452fd8ccf3074303eb830303eb8302ac
:10e89400ccf3072303eb83035b0003eb82036344a2
:10e8a4008df8073005b3019b2b6001200ee00a2b85
:10e8b40005d8082be3d8002008e0002006e00d2b43
:10e8c400ddd0002002e0002000e0002003b030bdd5
:10e8d4000020fbe70020f9e70020f7e70020f5e738
:10e8e4000020f3e70020f1e70120efe7050502002f
:04e8f400018000049b
:020000040000fa
:020000040101f8
:10e8f8002de9f3410023027e04461d4622fa03f166
:10e90800c90748bf013503f1010348bfedb2032b26
:10e91800f4d194f8473013f0fd0f51d104200df0d5
:10e9280031f805eb4505c4f8e000edb24a200df0da
:10e9380029f8c4f8ec0042200df024f8c4f8dc00f3
:10e94800ff200df01ff8c4f8d8002db24fea0518c3
:10e9580008f104000df016f882b20646002a4bd1e1
:10e96800424b0093fe210123ec200af07dfc371d69
:10e9780068012ff0abf894f84730032b05463dd1da
:10e988003eb1d4f8e03023b1d4f8ec300bb1002814
:10e998005bd1304626f048fa0026d4f8e00026f08d
:10e9a80043fac4f8e060d4f8ec0026f03dfac4f865
:10e9b800ec6028462ff08cf8072002b0bde8f08103
:10e9c800012b01d0042b08d102200cf0dbff6d00d5
:10e9d800c4f8e000edb20c20a9e7032b0ad102200d
:10e9e8000cf0d0ffc4f8e00025200cf0cbffc4f8f1
:10e9f800ec00aae70025a8e70746b9e766b1d4f80e
:10ea0800e0304bb1d4f8ec3033b1d4f8dc301bb182
:10ea1800d4f8d83003b1c0b9304626f005fa00263c
:10ea2800d4f8e00026f000fad4f8ec00c4f8e0606e
:10ea380026f0faf9d4f8dc00c4f8ec6026f0f4f912
:10ea4800d4f8d80026f0f0f9b3e7c4f8a060b844c9
:10ea5800474501d10020b0e7ef60294604f5ba70b8
:10ea68002ef0aff910372035f2e700bf27d50401a3
:020000040000fa
:020000040101f8
:10ea78002de9ff470c4627f07dfa054620b9032407
:10ea8800204604b0bde8f0872088013880b24ff6f0
:10ea9800fd739842f3d8ab886288033b9a42eed85c
:10eaa80002aa01a927f056f80028e8d0019e4e498d
:10eab800306802222af02cfb0028e0d194f8f820d4
:10eac80073681b2a1b784cd113f0100fd7d02088fd
:10ead800013002aa01a980b227f03cf80028ced064
:10eae80022880199013292b2284627f05bff00285c
:10eaf800c5d1019b0df1020059682ef0bbfb94f8bb
:10eb0800f8601b2e32d1bdf80230da07b7d5b4f859
:10eb1800029034f804ab09f103081ffa88f840465c
:10eb28002ef044ff074600285bd000f11003314661
:10eb380003a803932ef0aafb514603a82ef0acfbc2
:10eb480021464a4603982cf09dfd3a464146284600
:10eb58002bf092f90446002892d038462ef0a6fff2
:10eb68008ee71d2ab3d113f0200fafe71d2e86d1f3
:10eb7800bdf802309b0782d523882b82ab7c73bb00
:10eb8800b4f80290b4f800a009f103081ffa88f855
:10eb980040462ef00bff074618b300f1100331462c
:10eba80003a803932ef072fb514603a82ef074fbc2
:10ebb800211d4a4603982cf065fd3a4641462846f1
:10ebc8002bf05af904460028c7d10123ae74a5f8e2
:10ebd8007e30064905f1740005f08cfe50e70724e5
:10ebe8004ee702244ce700bfbcdb0401a064d1015e
:020000040000fa
:020000040101f8
:10ebf8002de9f0470546052100202af0cef995f8c1
:10ec0800e23003f0ef03032b044602d1d5f8b471c8
:10ec18000fb9d5f8b871002c00f0a280182323731f
:10ec28007b7895f8426195f843911e403b7809ea54
:10ec380003094ff00003a4f80d30012128462af0fb
:10ec480057f90021824628462af052f995f84311cf
:10ec5800804695f8420128f02dfa20b9397878785d
:10ec680028f028fa70b316ea090605d0b24501d192
:10ec7800b04501d06673a673637bbb70a67bfe703c
:10ec8800637b1e434ed04ff0ff33e37323742df0a4
:10ec9800ddf9064600283fd01823c37101234371cc
:10eca800bb1cc360014628462ef024fe2146284698
:10ecb80012f0f2fab978284616f062fba5f860005f
:10ecc80001202de006ea0a03dbb2002b18bf00265c
:10ecd80019ea080f46d12eb1f0070cd4b1070dd5ab
:10ece800022309e0b9f1000fc6d019f0010f09d0cd
:10ecf8000123a373c0e701236373f6e77207f4d512
:10ed08000423f9e719f0020f01d00223f1e719f003
:10ed1800040fb1d00423ece720462ef09dfc3046ca
:10ed2800bde8f087e673267495f8f2309b0712d594
:10ed3800012128462af0dcf82df021fc31468046d6
:10ed480028462af0d5f82df01afc334602464146eb
:10ed5800284626f0b7f81321284628f0eaf9a5e74f
:0ced68002046dde7002e87d08146b5e78d
:020000040000fa
:020000040101f8
:10ed74002de9f34790f85050012d04460fd0594b1c
:10ed84001b6893f8402203eb4203b3f83852b3f8fc
:10ed94003c321d4440f23913b5fbf3f50135524fb3
:10eda4000026a36e03f59c7340f271225b00b3fb53
:10edb400f2f3e2691344e26d3b40c2f30802e361fb
:10edc40002eb4323e36594f852300df1020101a8ec
:10edd400fbb926f099ffddf80490d4f81c8009eb08
:10ede40005033b40a8eb03035a0209d494f85030be
:10edf4005bb3637843f00403637002b0bde8f0874b
:10ee0400013616f0ff06ccd0002120462af0e9f89e
:10ee1400c7e726f079ff019aa36db4f854101a4499
:10ee2400bdf802300b449bb240f2e1418b4202ea4e
:10ee34000702019285bfa3f2e2430132adf802302a
:10ee4400adf8023088bf0192c5e794f85230bdf89e
:10ee54000260012b08d1a36da8eb0308a9eb0309f9
:10ee640008ea070809ea07091e4d22f095fd2b68f8
:10ee7400d3f814a228f06afdb608baf1000fb8d08e
:10ee840022f08afddaf8007028f060fddaf8080054
:10ee940043785b0724d5c369434521d1c36d08f189
:10eea4000102c3f30803c26103eb4223a2eb09028c
:10eeb40040f27121c2f316024a432968c36591f8ee
:10eec400403203f58e73c6eb520231f8131001f28f
:10eed40071239a4204d34064511a383005f00cfd72
:0ceee400ba46cae738290120ffff7f0072
:020000040000fa
:020000040101f8
:10eef0002de9ff470678012e054672d02eb1032e6c
:10ef000000f09a8004b0bde8f0878478002cf9d135
:10ef1000534ed6f800a00af1100300bf53f8247036
:10ef20005ffa84f977bb90202ef0d4fd04f1040839
:10ef30004af82800336853f82800b0b190223946c7
:10ef40002df03cf93368a400234417211a699180fd
:10ef50001b6983f8029033681c440122236983f8fb
:10ef60008d2023695f6523699f65336853f82840c6
:10ef700064b93c4b0093002204239221ee200af056
:10ef800077f9bfe70134082cc8d1f2e7ab882380ba
:10ef9000aa79e37812bb43f02103e370204616f010
:10efa0007ffbb4f86430a178a16640f2014203f01f
:10efb000f8031343a4f86430b4f87c30c4f880102c
:10efc00003f0f8031a433368a4f87c20db68002bb5
:10efd00098d0284604b0bde8f047184743f0110325
:10efe000dbe74588284626f0c9ff044650b9cde93d
:10eff00001561d4b0093024604239321ee200af094
:10f0000037f97fe7037adb0710d54ff482702ef0d3
:10f0100061fd40b11122027022888280a27a827141
:10f02000042128f0d5fd204622f0eafda07804b0a6
:10f03000bde8f04711f0dab90379002b7ff462af35
:10f040004488204626f09aff024628b9064b0093d2
:10f05000cde901460423d0e7012380f88c3051e745
:0cf0600044290120bcff0301d6ff03017e
:020000040000fa
:020000040101f8
:10f06c00002800f0b88070b584b01446054682b113
:10f07c0053881279866866b104f1100041f20121bf
:10f08c008b4208d041f202218b427dd0b3f5905fc8
:10f09c0039d004b070bd022afbd102230deb030260
:10f0ac00194607f021fc062301aa0b2104f11800d4
:10f0bc0007f01afc01238df80a3001a9284613f039
:10f0cc003dff0146b8b10e60ff23cb7200230b73da
:10f0dc00bdf80230cb8101984860bdf808209df83e
:10f0ec000a300a818b72d6f80833002bd1d0022259
:10f0fc0028469847cde70021284613f01fff01460c
:10f10c000028e0d1c5e7022ac3d1d6f85033002b32
:10f11c00bfd002230deb0302194607f0e5fb0423d5
:10f12c000deb0302082104f1180007f0ddfb0024ad
:10f13c0002e00134082cacd0ab68200103eb0412c4
:10f14c00d2f8b010b1f1ff3ff3d092f8ba20002af8
:10f15c00efd003eb0412b2f8be10bdf802209142be
:10f16c00e7d10344d3f8b4000290b3f8b82093f875
:10f17c00ba30adf80c208df80e30d6f8503301aa09
:10f18c00002128469847d4e7022a82d102230debae
:10f19c000302194607f0a8fb062301aa0b2104f170
:10f1ac00180007f0a1fb01238df80a3001a92846ad
:10f1bc0013f0c4fe014628b14ff0ff330360002268
:10f1cc008272c381d6f80833002b3ff462af002261
:08f1dc00284698475de77047e3
:020000040000fa
:020000040101f8
:10f1e4002de9f0410678012e86b0044667d026b199
:10f1f400032e7bd006b0bde8f0818578002df9d1cf
:10f20400524e376807f12c0353f82580b8f1000fec
:10f2140020d178200a352ef05bfcaa00336817440d
:10f2240013447860586818b1782241462cf0c4ff22
:10f23400336803eb85056d6885b923780293a38849
:10f244000193434b009300220423c921ee200af0ca
:10f254000df8cfe70135082dd6d1eee70127af70c1
:10f26400a6882e80a379eb70234653f8082f6a6092
:10f274009b882b81e379003318bf0123ab72e379b8
:10f28400bb420fd8143400230622214604a8049359
:10f29400adf8143029f03eff20b123686b60a388d9
:10f2a4002b81af72102385f85230ab6e03f0f80354
:10f2b40043f4a06343f00103c5e91a369ae745888d
:10f2c400284627f0d1fc044638b9cde90156214b34
:10f2d400009302460423ca21b8e7603009f0d0fa4b
:10f2e400204606b0bde8f04122f000bc478838460d
:10f2f40027f0bafc054610b9cde90176e7e7237992
:10f30400002b7ff477af603009f0bafaeb6dcbb124
:10f31400ea78012a12d195f857205ab95a794ab194
:10f3240093f82e20d20705d50022a0331146284693
:10f3340011f0eafb2846fbf7f3ff03e093f8ea3009
:10f34400002bf7d0012385f8593053e740290120d9
:08f3540047b2030178b2030186
:020000040000fa
:020000040101f8
:10f35c00f0b583b0574b03f0004353ea000407d0d9
:10f36c000d46164621b108462bf049fcb04206d991
:10f37c00514b0e221a604ff0ff3003b0f0bd204607
:10f38c0027f09afd90b1a388a3b1237813f0040f52
:10f39c001cd12b8823f002039bb2042b1dd02046da
:10f3ac002bf0cefe444b7c221a60e4e7424b0e223b
:10f3bc001a60e0e7237813f0010f0cbf5f220b22d9
:10f3cc003d4b1a6020462bf0bbfed4e73a4b85220e
:10f3dc001a6020462bf0b4fecde70023a362e36253
:10f3ec0023636363a363e36323643246294604f116
:10f3fc0028002cf045f9204602f078ff68b38021f4
:10f40c002e4bd3f89c000bf039f9064660b30094f0
:10f41c002b4b012280211cf0f7f8074658b32b88a0
:10f42c00042b35d004f1300310250922a188608dfe
:10f43c0040ba80b20190009538461bf0ebf9394682
:10f44c001e4bd3f8a00003f035f930b320462bf057
:10f45c0077fe194b96221a608de720462bf070fe32
:10f46c00154b0c221a6086e720462bf069fe124bd6
:10f47c000c221a607fe73146104bd3f89c0021f028
:10f48c0029fa20462bf05cfe0b4b4d221a6072e7da
:10f49c0004f12c0304250822c8e73146074bd3f8a6
:10f4ac009c0021f017fa20462bf04afe024b4d220d
:10f4bc001a6060e780200120b42901206c20012013
:04f4cc0069e10001f1
:020000040000fa
:020000040101f8
:10f4d0002de9f0410468554b436023460027c4e9f9
:10f4e000017743f80c7f0d462361804616460ef0e7
:10f4f0001bff2a46a782a77552f80c0f516804f12a
:10f50000300303c39068d16803c310691860928afe
:10f510009a8094f8373013b9012384f8373098f87b
:10f520000830042b72d10023e375414a1188a4f8f6
:10f530004610d2f80210d2f80620e264002301221d
:10f54000c4e91e33c4e93133c4e91423a36594f834
:10f550006c30a16423f03c0384f86c30ff23e38318
:10f56000e37d84f82020002b54d194f86c3003f014
:10f570003f0384f86c3002236377b4f86c3023f4d3
:10f580008173002523f00103a4f86c302a4631462c
:10f590002046a4f8215065621af010fe0623c4e943
:10f5a0002433c4f88850204610f033fa94f8b4306d
:10f5b000a4f85c50bbbb84f8b630012384f8ba5081
:10f5c000a4f8b8301b4b1c4a1b88a4f86030a4f880
:10f5d0005e3094f86d301288a4f8622023f0700336
:10f5e00084f86d3094f84530144a62660020c3f305
:10f5f0004213c4e92b0084f82a300323c4f8cc005a
:10f6000084f8280084f8aa30bde8f081052b8cd15d
:10f61000012389e7012baed194f86c3003f03f034e
:10f6200043f04003a5e784f8b650cbe7d535010198
:10f63000c0270120c0290120c22901201b00480148
:020000040000fa
:020000040101f8
:10f640002de9f04385b00446884601921d46002707
:10f650003e464ce0a66b2a464146204618f096fbf3
:10f66000a36cb3b1022d00f09d8020461df080fdfb
:10f6700048b14ff0e0234ff08052c3f8042dbff3a0
:10f680004f8fbff36f8f2cf037fb012005b0bde823
:10f69000f083636a63b90028f5d04ff0e0234ff0a0
:10f6a0008052c3f8042dbff34f8fbff36f8feae78b
:10f6b00004f124000bf088fc0028e4d04ff0e02394
:10f6c0004ff08052c3f8042dbff34f8fbff36f8ffd
:10f6d000d9e72cf011fb0020d8e702a82cf0eefab5
:10f6e00012e0204614f06afe03f03efc012729f0e8
:10f6f000a7fea26be36b9a42acd3022d48d0019bcc
:10f70000002be6d0002fe8d02cf0f6fa2cf0c2fa4d
:10f7100029f096fe94f8442052b2b2f1ff3f08bfa0
:10f7200084f8446094f8452052b2b2f1ff3f08bf1c
:10f7300084f845602cf0e0fa01a902a818f086fcd4
:10f74000f8b929f07dfed4f83890e76b2cf0d4faa4
:10f75000b945c6d1019904f110002af085fc204674
:10f7600014f02cfe03f000fc0028bfd14ff0e02382
:10f770004ff08052c3f8042dbff34f8fbff36f8f4c
:10f78000b4e7204614f01afe03f0eefb00207de7fc
:10f79000a66b2a464146204618f0f8faa36c002bc7
:0cf7a0003ff477af002e7ff46eaf5ee701
:020000040000fa
:020000040101f8
:10f7ac002de9f04fadf50d7d0c68442c00f39980dc
:10f7bc0005460e4693464ff40972002103a82cf01f
:10f7cc00f7fc2b689c42b4bf61002146002909dd7f
:10f7dc002b1d03aa03eb810753f8040f42f8040b0b
:10f7ec00bb42f9d1002c69dd02a84fea840800eb7a
:10f7fc00840908f10807374401948a4608e001237c
:10f80c0022681a4444f8042b9a42f8d3484524d071
:10f81c00844650f8043f03fb0bfe06f1080400235a
:10f82c00cdf800a0824600bf54f8041ba1fb0e21aa
:10f83c005cf8040f121841f10001d21841f10001db
:10f84c00ccf800200b46bc42eed15046ddf800a0af
:10f85c0000eb08040029d3d1d8e7019c5146a00045
:10f86c0003ab03eb840305f108022f1d00f1040e1a
:10f87c0003eb0e0c904600bf53f8042b47f8042ff3
:10f88c006345f9d142467244631c99423addcb1a66
:10f89c0002eb8303002100bf42f8041b9342fbd10f
:10f8ac0001342c600cb300f10c032b44013c53f8d5
:10f8bc00042dcab92c60002cf8d116e0a00005f17b
:10f8cc000802002c03da0029eadd0023dfe703ab92
:10f8dc000344cae72a46314628460ef009f80020b0
:10f8ec000ce04ff0ff3009e06c686c603146284644
:10f8fc001ff086f9b0f1ff3fecd100200df50d7d26
:0cf90c00bde8f08f01342c60cde700bf97
:020000040000fa
:020000040101f8
:10f91800f0b58db0002304290546adf80c30adf8dc
:10f928000e308df809308df80a3040f2978005398d
:10f93800013203a88fb204a904922bf0feff04a998
:10f948000df10e002bf0f9ff2846049e21f065fc0e
:10f958000446002868d11221bdf80c001ff0e6ff0c
:10f968000446002860d106aa05a9bdf80c0026f0b7
:10f97800f1f8002876d0069b5b68d3e9011210786d
:10f988002cf0c2ff059a0346d27b288810210ff07d
:10f998008ffe84b2002c47d1bdf80e301bb1059bf9
:10f9a8009b7bda0660d595f83b30072b5ed8059b24
:10f9b8009b7bdb072ed52b88adf82430bdf80c30a7
:10f9c800adf82630bdf80e30adf828301623adf866
:10f9d8002c300df10901059b07930df10a0207a8c8
:10f9e800adf82a7008960af005fd9df80a309df8d2
:10f9f8000b10044643b3072916d8063155f82100e1
:10fa080090b12ef065f89df80b300633002245f8ca
:10fa1800232009e0bdf80c200df10b0128461df04c
:10fa280087fd04460028c6d09df8093053b9bdf8b3
:10fa38000c20ecb9bdf80e30009331463b46284601
:10fa48001bf074f90db0f0bd8b1d55f82330002b59
:10fa5800ead007aa284618f021fee5e71e461f4609
:10fa68000424e1e70124dfe78024dde70924dbe75c
:0cfa7800e3b21621284612f061f8e3e723
:020000040000fa
:020000040101f8
:10fa84002de9f843dff858913d4e3e4cdff85481a0
:10fa94003d4f0025484600212ef01ef829463b48dc
:10faa40035702ef019f8337839493a4804eb0312cb
:10fab400116039495160394991603949d1605a1c02
:10fac400d2b204eb021250603648d760c2f800800c
:10fad40090609a1cd2b204eb02123348106033488f
:10fae4005060334890603348d060da1cd2b204ebe3
:10faf4000212314850603148c2f80080c2e902075e
:10fb04001a1d2f48d2b204eb0212c2e90009dff831
:10fb1400d8902c480533c2e90201484633700223c9
:10fb240000f8013b07212df0d7ff09f1030042f64d
:10fb3400a6212df0d1ff3178234a244804eb011388
:10fb4400c3e902270122c3e900898b18204f027000
:10fb5400dbb204eb0313c3e900701e4898601e482f
:10fb6400d8601e480231c0e90054c9b28560828160
:10fb7400c18105743170bde8f8431ef017bb00bfa6
:10fb840055090120b01e0120050000018222012038
:10fb9400c0db040101da040192db040194db0401fb
:10fba4000200000182db040152da04014026012034
:10fbb4001627012020001b11fcd904017edb04015f
:10fbc400bed5040166bb040180db0401d515012008
:10fbd40092d604017ece0401010000011827012001
:0cfbe400c21b0120bcdb040156280120dc
:020000040000fa
:020000040101f8
:10fbf0002de9f041052192b00446002029f0d1f909
:10fc00000646002800f09d80d4f84431d87d2cf0c1
:10fc1000f9f924233373d4f8443193f918200546b5
:10fc2000002a00f09180014620462bf033fcd4f8e6
:10fc30004421137ec7b23b445355d4f8443103ebff
:10fc400005080121404622f053ff88f80800d4f847
:10fc50004421535ddb1bd376d4f84421537fff2b23
:10fc60001cd153191b7a990718d092f91830002b20
:10fc7000535dccbf03f1ff3301335bb25355d4f86e
:10fc8000443103eb05080121404622f031ff88f89a
:10fc90000800d4f84421535ddb1bd376d4f84431fb
:10fca0001a7cd2071ed541f22102adf800200022b5
:10fcb0008df804208df808202188adf806106a1c04
:10fcc0008df809205a578df80a205a196846127a79
:10fcd000c2f301028df80b205b5ddf1b8df80c7009
:10fce00025f076f929462046d4f844712bf0d2fb52
:10fcf0003877d4f844315a7fff2a1cbf00225a7744
:10fd0000d4f84421517f4b1edbb2fd2bb4f85c309c
:10fd10001cd81375b4f85c30d4f844210233a2f82f
:10fd20001530d4f844311d4420462a7a9a76d4f806
:10fd30004431d3f81a30c6f80d30314611f0b0fa1c
:10fd4000012012b0bde8f081da76cbe7ff2903d1bc
:0cfd5000e17d09b90733e2e70133e0e789
:020000040000fa
:020000040101f8
:10fd5c0070b5594d2b68d3f808420646002c00f0bc
:10fd6c008680d3f8483203b1984794f850202b681a
:10fd7c0003eb82034ff48061d3f8fc21a24204bf51
:10fd8c000022c3f8fc2194f8500027f0cbfe00238e
:10fd9c00237026b1012231462046fbf719ff2b6850
:10fdac000022c3f80822a36e13b120462af035f8be
:10fdbc002b68d3f8fc0118b9d3f80002002857d0ef
:10fdcc000278022a54d1fdf7ddfda378d90716d5a8
:10fddc00b4f8013023f4817343f00203a4f801302a
:10fdec0020461af019fa204617f026fe204628f075
:10fdfc00fbfd4ff0007194f8500027f093fea26ebb
:10fe0c00002a4ed1637862f382036370a3789a065a
:10fe1c0018d5a378e6686ff34513a37096b92046fe
:10fe2c0017f00afe20461cf09ff8637866f3000377
:10fe3c002046637028f0c6fd4ff0807194f8500096
:10fe4c0027f070fe63786ff3c3036370a3691bb173
:10fe5c005a7842f020025a70a1782046c1f38001f2
:10fe6c000ef070fb2c6826f023f884f84c0270bd61
:10fe7c0093f8f83123b10022114610462df0a3fd62
:10fe8c002b6893f8f931002b9fd094f850004ff465
:10fe9c00805127f047fe00221146012014f02af968
:10feac0093e7a3789b06b4d4204627f027fe204680
:0cfebc00faf7c4fbaae700bf38290120b8
:020000040000fa
:020000040101f8
:10fec8002de9f0430446c278c36da67a407c0d46fe
:10fed8008db05549002a5ad109688df800000120d3
:10fee80091f8009091f80580b1f801e0b3f82cc0c2
:10fef800b3f8e470d3f8e6108df8020002208df80c
:10ff080009008df801608df803908df80480adf834
:10ff180005e0adf807c0adf80a70039108a803f52d
:10ff2800e073995c1df80260714011540132102a87
:10ff3800f7d104aa08a928460bf08afde178231d09
:10ff480004f10b02002951d118689b88adf80430e0
:10ff58001368cdf8063093880090adf80a30039105
:10ff680004aa68461023117810f8016b013b714010
:10ff780013f0ff0302f8011bf5d1e26d02f5d87208
:10ff880004a928460bf064fd0db0bde8f0830a68ab
:10ff98008df80100012092f800e092f805c0b2f84f
:10ffa8000110d3f8e4709a8db3f8e8808df8020058
:10ffb80002208df80900adf80e208df80060cdf80c
:10ffc8000370adf807808df80ae08df80bc0adf826
:10ffd8000c10002208a803f5c073995c1df8026094
:10ffe800714011540132102af7d1a2e710689288a3
:10fff800adf804201a689b88adf80a300023cdf8c4
:020000040102f7
:1000080006200393009004a96b461022087813f881
:10001800016b013a704012f0ff0201f8010bf5d1b3
:0c002800e26d02f5b872abe74029012040
:020000040000fa
:020000040102f7
:1000340070b5514b514c1a88514d42f008021a8048
:100044001a8842f004021a801a8842f002021a80c6
:100054001a8842f001021a80236813f0100f60d04e
:1000640021f09afc474b1b6803f00f03072b54d174
:10007400082025f0c6fa22684ff68c33134043f06b
:1000840008032360032025f0bcfa2a684ff68c335a
:10009400134043f008032b60032025f0b2fa27f045
:1000a40055fc2068266829682a682b68c0f3c000bc
:1000b400c6f38006c1f38001304313f06063c2f3da
:1000c400c00241ea000142ea010218bf01231343be
:1000d40050d12c492c4a0b681807fcd11368db0655
:1000e400f9d12a4a136903f00703022bfad01369e2
:1000f40003f00703042bf5d0254ce36a43f0010316
:10010400e362032025f07dfae36a6ff30003e36200
:100114000320bde8704025f074ba082babd104204d
:10012400a7e721f039fc1b4b1b68db0703d41a4bf0
:100134001b68de0708d5134b1b6803f00f03072b5e
:1001440014d1082025f05dfa2a684ff68c33134049
:1001540043f008032b60032025f053fa22684ff67e
:100164008c33134043f00803236095e7082bebd14d
:100174000420e7e700bf94e7303a0141283a0141ff
:10018400203a01415c3801415838014100100141d5
:0c01940000240141243a01412c3a0141b1
:020000040000fa
:020000040102f7
:1001a00084b02de9f84308ac84e80f00002028f063
:1001b00029fa8046012028f025fadff84c910646fe
:1001c000022028f01ffad9f800100d7f0746002df5
:1001d00059d1474c4748b4f8ac3043f04003a4f839
:1001e000ac3020221d312bf051fa202242494348e5
:1001f0002bf04cfa2022424942482bf047fab4f83f
:10020000a43065f34103a4f8a430b4f8a43065f336
:100210000413a4f8a430b4f8a43043f08003a4f885
:10022000a430b4f8a43065f30003a4f8a430b4f803
:10023000a43043f00203a4f8a4304ff6ff7100206d
:1002400021f068fb4ff6ff71012021f063fb4ff6b0
:10025000ff71022021f05efb4146002028f0e4f906
:100260003146012028f0e0f93946022028f0dcf977
:1002700046f40051012089b228f0d6f9bde8f843d0
:10028000002004b07047012dd7d1194c1948b4f89b
:10029000ac3043f04003a4f8ac30202289692bf045
:1002a000f5f9d9f800301548596920222bf0eef9fc
:1002b000d9f8003013485969202211442bf0e6f98f
:1002c000b4f8a4306ff34103a4f8a430b4f8a43018
:1002d0006ff30413a4f8a430b4f8a43043f08003ff
:1002e000a4f8a430b4f8a4306ff300039de700bf76
:1002f0000024014100290141a013030120290141eb
:0c030000c0130301402901412429012001
:020000040000fa
:020000040102f7
:10030c0030b5046894f8ff300025d90793b0c4f8d1
:10031c0068517bd523f0010384f8ff3004f5d270cb
:10032c0008f0aafa94f81431002b7cd094f816211a
:10033c0084f81451002a70d1d4f81c311d688db189
:10034c002988204611f00efb2a8895f8b4308df8d8
:10035c00063041f214016846adf80010adf80420e7
:10036c0024f030fe94f8173163b1002384f8173170
:10037c003c4b94f818211b681b68002a55d129881e
:10038c0020469847d4f87c3133b12046012110f037
:10039c0050fd00201bf0b8fd0021204610f049fd57
:1003ac0094f8f830022b19d1b4f8b0304bb1d4f822
:1003bc00ac0008b124f036fd0023c4f8ac30a4f82e
:1003cc00b030b4f8c0304bb1d4f8bc0008b124f054
:1003dc0029fd0023c4f8bc30a4f8c030002384f8f5
:1003ec00f8302af09ff918b90121022015f09afd76
:1003fc0094f8153153b1002384f8153186226846e0
:10040c00adf800208df8043024f0dcfd94f8ff30ba
:10041c009a070dd4002013b030bd4ff6ff71204663
:10042c0011f0a0fa9ee71d469ce74ff6ff71a7e777
:10043c0023f0020384f8ff3094f8f830002be9d055
:10044c00084b1b685b6843b9204694f8471016f0bc
:10045c00bffc204606f0cafddce720469847002882
:08046c00f2d0d8e708290120b5
:020000040000fa
:020000040102f7
:100474002de9f04f97b028f01df9504bdff850915b
:100484001a886ff3820283461a8000270beb070356
:1004940023f0704303934a4b1d7859f825404ff0dd
:1004a4000208484b03ebc5030593002694b949f8a9
:1004b40025400024a6426dd8b8f1010f76d0404bf8
:1004c4001d7885f001054ff0010859f82540e8e74b
:1004d4004746dbe7039a6368d31a1a01e7d494f812
:1004e40014a0baf1000f2ad1042019f02dfd60b137
:1004f400227a6af345122272a26842600279e168a4
:100504008160530718d125f0b7fb2af0bbf82d4bb7
:10051400049053f83520d4f800a0eab92a4b00938c
:1005240011460523ef2008f0a1fe049828f09ef858
:10053400002323755446b9e720f084fae5e71af05e
:10054400020fe2d02369636016aa731c02eb8606cd
:1005540046f8404c9eb2d8e7944210d143f835a0f7
:10056400baf1000fe1d1059a03ebc5035a60dce749
:100574001a4623b9154b009301210523d2e71368ca
:100584009c42f5d123681360002bced10d4b03ebb5
:10059400c503ebe716ab03eb84030022039953f87e
:1005a400400c01340df0aafde4b283e7002f8fd094
:1005b400584617b0bde8f04f12f0e4bd203e0141ab
:1005c400d8290120702701207d120401951204010d
:0405d4000c280120ce
:020000040000fa
:020000040102f7
:1005d8002de9f04fadf5037d0793d0f8b871d0f849
:1005e800c0310693b0f8c431059390f8bda1b0f8b6
:1005f800c69100231093119312931393aaf1040345
:10060800dbb20c2b00f28b80804616461af00104f0
:1006180040f087805ffa89f94ff4dc72014614a82c
:100628002bf030f84fea19130233049301252be01d
:10063800012077e0a9eb04020f2ac6bf4fea0b108e
:10064800c0b24846844219da32198c9b03eb040c79
:1006580030440df1300e931b12f8011bd3f1000b3f
:1006680003f00f030bf00f0b58bfcbf100031ef87c
:1006780003304b400cf8013b8242ecd10135103479
:10068800e4b2049b9d422bd00023089309930a935c
:100698000b930c930d930e930f9301238df8203039
:1006a80039687a68bb68cdf82110cdf82520cdf8d7
:1006b80029303b7b8df82d302b128df82e305ffac8
:1006c80085fb8df82fb008aa0ca940462bf001fe37
:1006d8000028add1002dadd101351034e4b2d3e7f7
:1006e8004ff4dc7214a940462af0ccffcdf80ca0d8
:1006f800059b0293069b019300974b468c9a10a981
:100708004046faf7effe88b9524610a9079828f034
:10071800fffc002840f2051008bf002002e003207b
:1007280000e003200df5037dbde8f08f0120f9e717
:020000040000fa
:020000040102f7
:100738002de9f04385b0554e4ff0e0290025736848
:100748001f68002f00f08280db681f682bf09efa7c
:1007580001a81ef007fa0446019a4ab9b842c0f047
:10076800838002f0fdfb2146384621f09dfd01e023
:1007780002f0f6fb0195029503952a4601a9f06857
:1007880005f06ef90028dad0019b002bf5db039cfd
:10079800002cf2d0636913b1201d28f044fa684692
:1007a8001ef0e0f98046019901390829e5d8dfe80b
:1007b80001f0050529303f050529300094f824305b
:1007c80043f0010384f82430029ba16902461944ce
:1007d800204620f059fe0028cfd094f8243013f09a
:1007e800040f07d123f0010384f82430236a20463c
:1007f8009847c2e7a369424602991944204626f061
:100808003bfff3e794f8243023f0010384f8243005
:10081800b3e794f8243043f0010384f824300299b4
:10082800a161034602460144204620f02dfea4e7bc
:1008380094f8243013f0020f04d023f0010384f855
:1008480024309ae7204611f095fb96e72bf01efa24
:1008580001a81ef087f90446019b002b88d1336854
:100868001a68b2fa82f25209391bf0681ef0e9fce4
:1008780002f076fb00287ff47daf4ff08053c9f873
:10088800043dbff34f8fbff36f8f73e70c24012034
:020000040000fa
:020000040102f7
:100898002de9f04fadf28c6d0446019190461d464e
:1008a80003a9184621f060fd834620b158460df291
:1008b8008c6dbde8f08f04a82bf042fa8ea82bf0bf
:1008c8003ffa0df58c602bf03bfa294604a817f087
:1008d80094fa83460028e9d1214628461ef092f969
:1008e800012817d08eaa294620461ef015ff8346f8
:1008f8000028dbd18eab2a4604a9184624f0d0fd87
:1009080083460028d2d108f1ff384ff0010a4ff092
:1009180000094ee08ea9204627f0c0fceae74fea1e
:10092800d9764fea49090df58c628ea904a81ef004
:10093800cdfe83460028b9d1039b00931a46294669
:100948000df58c602cf000fe83460028aed104ac77
:10095800264b53f826700df50e7b86f0010653f8ea
:10096800266004ea07010bea060319440df58c60ba
:1009780027f094fc344007ea0b073c440df58c61e2
:10098800204627f08bfc0df58c61084623f04efbc2
:10099800834600288ad1009a29460df58c602cf0f0
:1009a800d3fd8346002881d121460df58c6027f0c0
:1009b80075fcbaf1010ab2d1b8f1ff3f09d008f1cc
:1009c8000203019a52f8239008f1ff384ff0200ae9
:1009d800a5e7039a294604a82cf0b6fd8346ddf85e
:1009e800b01604a827f05afc60e700bf64d80401d9
:020000040000fa
:020000040102f7
:1009f8002de9f04782b0451e15f1030f00f28e80f5
:100a08000646884617461c468368002b00f08880f7
:100a18008278002a00f086801a68b2f1ff3f00f061
:100a280085800d2900f2848031b1b3f89c304a1ecc
:100a3800134113f0010f7dd027b9002c7cd1002180
:100a48000d460be0002c66d0234600210d460135eb
:100a580093f8242011441b68002bf8d1394b00224d
:100a68001a703346384a681d22f09bf981460028df
:100a780064d0b368b3f898304ff0000acdf800a0fe
:100a880002220b2129f094fbcdf800a04346022254
:100a98000121484629f08cfbb36893f99a30cdf8c8
:100aa80000a002220621484629f082fbcdf800a0ca
:100ab800264b05220a21484629f07afba5b19cb1ac
:100ac800023d4ff0050800bf94f824300093231d21
:100ad80042460a21484629f06bfb2468b5f1ff3fde
:100ae80002d0013d002cefd13946484621f09cfc4c
:100af8004946b06821f0f4f910b3b368012283f8cd
:100b08007b20b368002283f87c20b3680a99c3f875
:100b18000413104607e000210d469fe7022002e07b
:100b2800022000e0012002b0bde8f0870120fae7ca
:100b38000220f8e70220f6e70220f4e70820f2e7af
:100b48000820f0e75809012061160301b84c00019c
:020000040000fa
:020000040102f7
:100b58002de9f0430d4697b080461746faf712fa8a
:100b680095f84a9095f84b40019519eb040318bf86
:100b780040f20113adf8093009238df8083006aab0
:100b8800002301a940468df80b30adf80c30f9f779
:100b980080fa9df80c209df8183098f8041098f801
:100ba8000200c3f3050301321a44d2b224f040fd17
:100bb80098f80130863000fb03f6b9f1000f33d006
:100bc800012301958df80a3094b38df8093095f812
:100bd8004d308df80c3095f8f93073bb95f8fc3032
:100be8008df80b3000238df80d3006aa0a2301a9d1
:100bf80040468df80830f9f74cfa9df80c209df81e
:100c0800183098f8051095f82400c3f3050301324d
:100c18001a44d2b224f00cfd06f5e8769df80c30a3
:100c2800ff1a0644bfb254b9304617b0bde8f08386
:100c38008df809408df80c70cde70123d0e7013c11
:100c480014f0ff044ff000038df80a301fbf012392
:100c58008df8093095f850308df80c304ff00003be
:100c68008df80b308df80d3006aa4ff00d0301a951
:100c7800404604bf8df809408df80c708df8083097
:100c88000195f9f706fa9df80c209df8183098f8a8
:100c9800051095f82400c3f3050301321a44d2b2b3
:0c0ca80024f0c6fc00f5e870b8e700bfbf
:020000040000fa
:020000040102f7
:040cb40000befee799
:020000040000fa
:020000040102f7
:100cb800f8b5044617f08cf90227277001256570ee
:100cc80014224549e0192cf019fc84f8d65284f80e
:100cd8003070424b6363424ba3634ff07c53e36332
:100ce80035a3d3e90023c4e9102335a3d3e90023ae
:100cf800c4e912233b4b23653b4b63654ff0000c63
:100d080084f858c0394be3650a2384f8603004221c
:100d180084f8612084f86220032284f8632084f830
:100d28006430334ba36684f8d85284f870c2314ecd
:100d38000fcec4f87102c4f87512c4f87922c4f849
:100d48007d323068c4f88102b288b379a4f885226c
:100d580084f8873284f8e95284f890c284f8915272
:100d680019a3d3e90023c4e9a62319a3d3e90023cf
:100d7800c4e9a823a4f8a852a4f8aac21e4bc4f830
:100d8800ac320023c4f8b03284f8b45284f8b57297
:100d98001a4bc4f8b8321a4bc4f8bc3284f8ea5279
:100da80084f8c0c21422174904f2c1202cf0a6fb13
:100db80084f8eb52f8bd00bf1f85eb51b8a6404040
:100dc8001ff46c567df65bc02db29defa7a6404080
:100dd8005839b4c876f65bc0c442000100003442fa
:100de8000000b0400000f0420000f4420000a041c2
:100df80000007042d8420001000016430000c842bb
:080e080000e97866f0420001e8
:020000040000fa
:020000040102f7
:100e100005292de9f74f81460d464ff000070ed00a
:100e2000adf800704ff0010a3e460424e3b252468a
:100e30000421484610f086fe002e7fd07be0013270
:100e400001a9684601922af07cfd01a90df102007a
:100e50002af077fd4846bdf800a020f0e2f90446ec
:100e6000002878d1bdf80030002b76d0bdf80220e4
:100e70009a4272d3b9f804002cf09cfd064608b9da
:100e80001124d3e706f11003294601a801932cf0a1
:100e900001fa4ff00108334bbdf80050bdf80200d5
:100ea0001b681b68002b3dd09a89aa4202d9904248
:100eb000f7d31546d989a942f3d35b68aa1a03eb85
:100ec000021b7db3b8f1010f9bf80e3039d103f04e
:100ed0000403002b14bf02270127394601a814bfc1
:100ee000122404242cf0d6f94ff00208294601a858
:100ef0002cf0d6f9a21e92b2dbf8001001a8a04493
:100f00002bf06cf81ffa88f8b9f8043008eb0402eb
:100f10009a4207dc0135bdf80230adb2ab42adf804
:100f20000050b8d2b8f1010f1ad0324641464846b7
:100f300028f0a6ff10b130462cf0bcfd03b0bde890
:100f4000f08f5b0703d5012fefd00227cee7022fea
:100f5000ebd00127cae73e4668e70646012465e76d
:080f60000a2463e79c2801202c
:020000040000fa
:020000040102f7
:100f680030b597b00c68082827d8dfe800f00542ac
:100f7800464b4f648d9b9f001578029523880193fb
:100f88004c4b0093022201235e21ec2008f06cf9ff
:100f9800252d04d008d8022d12d0192d09d10221ef
:100fa800204606f0f5fc04e0272d11d001d3292da9
:100fb800f5d90021204626f010f9002017b030bde1
:100fc8001621204627f00cf8002384f8e230f0e7d9
:100fd800e36f5a0706d523f00403e3670021204690
:100fe8001ef0fafd94f8e230082b0cbf0021012115
:100ff800d6e7204622f03bfedfe72221204626f0f6
:10100800efffdae7204629f0abfbd6e720462af0c7
:101018000dfd48b11221204628f0e3fe0028ccd06f
:10102800042384f8e230c8e794f86e3043f00203f2
:1010380084f86e30c1e7d4f8443194f85c10187d18
:101048008842bad092f900201a760021204623f06f
:1010580087ffd4f84431012101fa00f0d875204601
:1010680023f07eff01462046d4f844512af00efab8
:101078006876b4f85c30d4f844210133a2f815300e
:1010880020462af0b2fc98e74ff48153adf81030af
:101098002388adf8143004a81388adf8163023f06f
:1010a80093ff8ae720460af0d1fa86e7204624f023
:0810b80059fe82e7877d040167
:020000040000fa
:020000040102f7
:1010c0002de9f04184b007468c461d460c9c0d9ed0
:1010d0004e4b93e803000290adf80c104c4b1b688c
:1010e000adf804301b0c8df80630172e76d99646d5
:1010f00000236ff07f0222706370a370e370606062
:10110000bdf80c202281dcf80020c4f80a20bcf8cd
:101110000420e281dcf800202261bcf80420a282d5
:10112000a375e375232e5cd923766376a376e376e5
:1011300023776377a377e377bdf8283023842023d0
:1011400084f82230042384f82330252e4cd9bef1b4
:10115000000f4cd06b1e1f2b4cd8002384f824307a
:1011600084f82550eab2714604f126002af08efa7e
:1011700005f1260305f12908b0453ed82344012294
:101180001a705a708c229a7005f12f03b34237d827
:10119000a044dd2288f80020002288f80120bdf854
:1011a00004109df80620a8f8021088f804200d22eb
:1011b00088f805203035b54225d89df82c20e2541a
:1011c000721b61193846f9f71dfc002803db431d2b
:1011d00088f80130284404b0bde8f0816ff00100c8
:1011e000f9e76ff00100f6e76ff00100f3e74ff069
:1011f000ff30f0e74ff0ff30ede76ff00100eae776
:101200006ff00100e7e76ff00100e4e7cc44000174
:04121000d4440001c1
:020000040000fa
:020000040102f7
:1012140038b5524b596998699c684ff084435a68b1
:1012240002f47062db6913f0010f0ed04ff08443b7
:10123400dd684a4bdb688b4207d9002a4cd1474b07
:101244005b685d540131454b59614ff08443db6960
:1012540013f0020f1ad04ff0844302255d61002a77
:101264004dd13e4b9b6883423cd93c4b1b681a5c76
:101274004ff084431a610130384b98611b690bb9f4
:10128400a04256d0354bdb688b425fd04ff084438d
:10129400db6913f0040f16d0304b93f82830d3b128
:1012a4002e4bdb688b4212d12c4b00221a774ff065
:1012b40084410720486183f828201b6a5bb1274bcf
:1012c400586a1b6a9847254b93f828301bb14ff096
:1012d400844304229a6138bd204b5b6823f8115083
:1012e4000131b0e71d4b1b69002bc5d04ff084437f
:1012f400ff221a61194a1369013b1361bce7174bba
:101304009b68834208d9154b1b6833f810204ff0b3
:1013140084431a610130afe7104b1b69002babd03b
:101324004ff08443ff221a610c4a1369013b136195
:10133400a2e70a4b012283f828204ff08443084a8d
:101344001a60db6913f0040faad1c0e74ff084439d
:1013540001225a6102229a6198e700bfa025012068
:041364000200000182
:020000040000fa
:020000040102f7
:10136800f7ee087ab4eee70af1ee10fa69dcdfed81
:10137800447ab4eee70af1ee10fa64dcdfed417a64
:10138800b4eee70af1ee10fa5fdcdfed3f7ab4ee77
:10139800e70af1ee10fa5adcdfed3c7ab4eee70a20
:1013a800f1ee10fa55dcf7ee007ab4eee70af1ee4a
:1013b80010fa50dcdfed367ab4eee70af1ee10faf7
:1013c8004bdcdfed347ab4eee70af1ee10fa46dcd6
:1013d800dfed317ab4eee70af1ee10fa41dcdfed29
:1013e8002f7ab4eee70af1ee10fa3cdcf6ee007a5a
:1013f800b4eee70af1ee10fa37dcdfed297ab4ee45
:10140800e70af1ee10fa32dcdfed267ab4eee70aed
:10141800f1ee10fa2ddcdfed247ab4eee70af1eef6
:1014280010fa28dcdfed217ab4eee70af1ee10fac3
:1014380023dcb5eec00af1ee10faccbf0120002083
:101448007047002070470f2070470e2070470d200e
:1014580070470c2070470b2070470a2070470920fe
:1014680070470820704707207047062070470520fe
:10147800704704207047032070470220704700bf60
:101488003333b33f6666a63f9a99993fcdcc8c3fdc
:101498006666663fcdcc4c3f3333333f9a99193f4c
:1014a800cdcccc3e9a99993ecdcc4c3ecdcccc3dc2
:020000040000fa
:020000040102f7
:1014b8002de9f843514bd3f8f430002b40f09580d8
:1014c8004e4b1c6f01341c677cb14c4bdb6ea34246
:1014d80077d84a4b5b6f1b68abb10020474a8146ff
:1014e8004ff0010e02f1080c50e05a6fd3f8941037
:1014f8005967c3f89420d3f8fc200132c3f8fc20c4
:1015080026f096fee1e700203c4b4ff0ff32da660a
:1015180058e03a4bd96655e01f6add69af60dd696e
:101528007d6003f118077568bd4204bf1d6a7560c8
:10153800c3f828903768013f3760de6ad2f8008028
:101548000efa06f747ea0807176006eb860602eb6d
:101558008606f6689e60b768df607960b160d96a10
:1015680001eb81060ceb86065e6101eb810602eb5e
:101578008606b1680131b1605668d96af36a994242
:1015880088bf0120536f1b68002bbdd0536fdb68e9
:10159800db6859688c42bcd35e699968df688f60e4
:1015a80099687960191d77688f4204bfdd68756096
:1015b800c3f814903768013f37609e6a002eabd19c
:1015c800bbe700200d4b5a68d26a02eb820203eb9c
:1015d80082039b68022b28bf0120084bd3f80031f7
:1015e800002b18bf0120bde8f883044ad2f8f83070
:1015f8000133c2f8f8300020f5e700bfc81c01200d
:020000040000fa
:020000040102f7
:101608002de9f04fadf50f7d054689460668740053
:10161800872ca8bf8724884213d008462af090fb5d
:101628004846002e7bdd00f1040b05f1080c00266e
:101638003346b246b046624601940290cdf80c900b
:1016480011e004a82af07cfb04a8eae7194633460f
:10165800002641e04bf8041f0af1010a0cf1040cc2
:1016680001998a454bda2f6857455ddc07f1ff3948
:10167800aaeb090102eb810402eb890e7f1a4f45a0
:1016880057dca9eb010101314910b942a8bf39461d
:101698000029dbdd04eb8107194633460026cdf827
:1016a80000a000bf54f8049b5ef80409a9fb009051
:1016b80011eb090140f1000a13eb0a0348eb080a91
:1016c80011eb090140f10000c018034646eb0a0679
:1016d800bc42e7d1ddf800a01af0010fbad14feaf9
:1016e8006a04023455f82440a4fb0447641847f1ff
:1016f80000072146df193b4646f10006aae70c46db
:101708000298ddf80c900160a31c00eb8303013cf8
:1017180053f8042d82b90460002cf8d10de0046060
:10172800002ef1d1344608e005f10804e646d1461a
:10173800414609f10107a4e744684460484502d0de
:10174800494626f0abfd00200df50f7dbde8f08f72
:020000040000fa
:020000040102f7
:10175800064b1b6a1b0e5a0606d403f0a003a02be7
:101768000cbf02200320704701207047003e01444f
:1017780038b50146fff7ecff884201d100200fe0a1
:101788004ff088431c6814f480641cbf4ff48062d7
:101798005a6002293fd003294ad0012901d00120eb
:1017a80038bd314deb69c3f30f4222f08002d204f9
:1017b800d20c42f4814262f31f432b4aeb61d36996
:1017c80002296ff39653d36113463cd0032942d0c4
:1017d8000129e4d11a6ac2f3076202f0c002402a62
:1017e800f8d101280fd1204da86ac0f30f4141f06c
:1017f8000401c0f307201cf0e7ffe86a010cc0f3fe
:1018080007201cf0e1ff002cb8d04ff088434ff4bc
:1018180080629a60b2e7144deb69c3f30f4222f07d
:101828008002d204d20c42f4204242f08002c2e785
:101838000d4deb69c3f30f4222f08002d204d20ca3
:1018480042f40042f1e71a6ac2f3076202f0e002ca
:10185800a02af8d1c5e71a6ac2f3076202f0e002cb
:10186800802af8d1bde700bf003e014408b5014613
:10187800fff76eff03280fd1084bd86a39b9c0f3b8
:101888000e41c0f307201cf09fff012008bdc0f3e4
:101898000f4141f40041f4e70020f7e7003e01441e
:020000040000fa
:020000040102f7
:1018a8002de9f04f8fb01746059390f8bd311a1ff8
:1018b800d2b20c2a00f29180814613f0010440f064
:1018c8008e80d0f8b86190f8c6810393b0f8c4311f
:1018d8000293d0f8c0310193009643463a461899ce
:1018e800f9f700fe00287ed14fea181303f1010b27
:1018f800012542e001238df8183031687268b36819
:10190800cdf81910cdf81d20cdf82130337b8df896
:10191800253000238df826308df8275006aa0aa90d
:1019280048462af0d6fc002853d1049b98451edd72
:10193800611e7a18059b1944781e5044c7f1010ca2
:101948000ceb0203d3f1000e03f00f030ef00f0ea1
:1019580058bfcef1000338336b4413f8103c12f82b
:1019680001ef83ea0e0301f8013f8242e8d1013515
:10197800adb21034e4b25d452dd800230693079329
:10198800089309930a930b930c930d93c2460494fe
:10199800a8eb04030f2baddd04f1100a01238df829
:1019a800183031687268b368cdf81910cdf81d2069
:1019b800cdf82130337b8df8253000238df8263083
:1019c8008df8275006aa0aa948462af082fc002862
:1019d800aed0012004e0002002e0032000e0032054
:0c19e8000fb0bde8f08f40f20510f9e7e9
:020000040000fa
:020000040102f7
:1019f4002de9f34180460c200f4615461e462cf077
:101a040067f80446002800f09380a0f800808770ef
:101a1400858028462cf05cf8a060002800f08580c2
:101a2400a288314629f030fea388b3f5297f16d861
:101a3400a278022a4ed1012b11d920883e4f25f0dd
:101a440035ff0828054615d13b6800250c331a7864
:101a540092b10135edb2082d03f10c03f7d1a06862
:101a64002cf038f82cf042f8204602b0bde8f041e2
:101a74002cf030b824f0d0f8a3683a6818880c2306
:101a840003fb05f6043080b202eb060803f57e730f
:101a94009842a8f81200e2d82cf01af83b68c8f86b
:101aa400140033445a69002ad9d02288da810022ea
:101ab4001a82dff88480a288d8f800600c276f436c
:101ac4003e44308a738a811899420add284624f0fc
:101ad400a3f8c4e7208825f0e9fe08280546e8d1e4
:101ae400bde77369a168184429f0cefda288338a42
:101af4001344728a9bb29342338213d12188002209
:101b040001927069009001f5005189b240f203100e
:101b140024f08cffd8f8003020881f449b68796932
:101b24009847d3e70123337399e72bf0ddff9be755
:0c1b340002b0bde8f08100bfa428012031
:020000040000fa
:020000040102f7
:101b40002de9f74f4578436807780193012db0f8e8
:101b50000280846843d0002d48d0022d46d1e36b2b
:101b60004ff0010b03f1240603f1340907f0fd02e5
:101b7000012a52d12946204615f06ef9032f4ed086
:101b8000012f08bf377310202bf0a4ff8246404678
:101b90002bf0a0ff4246caf808008af80c80019991
:101ba00029f074fd0022caf80020d9f80420caf8f0
:101bb0000420022fc2f800a0c9f804a02fd1377367
:101bc000cdb994f8fe30d80702d5012384f8fd3052
:101bd0002946204603b0bde8f04f0ef0aabd04f13f
:101be000b80604f1d0094ff0000bbfe704f1a806d6
:101bf00004f1c809f7e7012dead194f8fe309907fe
:101c000048bf84f8fd50e3e7012d16d194f8fe207b
:101c1000930748bf84f8fd500fe0022fb3d9fa1e96
:101c2000012a30d8032f08d1002dedd194f8fe20e1
:101c3000d20702d5012284f8fd2004eb0b0292f8b2
:101c4000f82022b15a46012120461cf00cf8032f3f
:101c500013d1706818b123f0ebf800237360b8f16a
:101c6000000f03d040462bf035ff7060a6f80880c7
:101c700042460199706829f009fd304603b0bde87d
:0c1c8000f04f28f094b803b0bde8f08fde
:020000040000fa
:020000040102f7
:101c8c002de9f3470223d0f8e0908df8043090f85a
:101c9c00b030d0f8eca000900546063349466846b3
:101cac008df8053013f0a4fa2b4653f8282fcaf8f8
:101cbc0000209b88aaf80430b5f8b0202ab1d5f8da
:101ccc00ac100af1060029f0dbfc4ff00008d5f847
:101cdc007471464695f89430b34202d802b0bde810
:101cec00f087fc6823686ff30203236023680122ea
:101cfc0062f3c40323602368042262f3ca132360d3
:101d0c00236862f3ce23236095f89430013b9e4206
:101d1c000fbf2368226804f110039bb213bf63f357
:101d2c00de326ff3de332360226023686ff3df73e0
:101d3c00236062681ffa89f363f30f0262606268c2
:101d4c001ffa8af363f31f426260a3686ff3010307
:101d5c00a360a36843f00403a36099f8012095f8ed
:101d6c00351095f8220023f061fc32b2c7e90498d3
:101d7c0005eb82010023fc603b723b774f660c67de
:101d8c00cb6795f894c0863080440cf1ff308642c6
:101d9c000ed105eb4c02a2f88630a2f88c3086b13d
:101dac00c5f82081c1f8588001363f68f6b291e73a
:101dbc0005eb42021034a2f88840a2f88e30002eb7
:0c1dcc00f0d1c5f824810028ecd1e9e733
:020000040000fa
:020000040102f7
:101dd8002de9f04fcbb0834683680193c368029323
:101de800036903934369049383690593c36906935d
:101df800036a0793436a089304390aaa1aac13467c
:101e080051f8040f43f8040ba342f9d102f1c005bd
:101e18001446916b52f8040f4feaf14383ea714379
:101e280083ea9123616a246821440b444feab04154
:101e380081eaf01181ead0010b44d363aa42e7d1c9
:101e4800344b1e1f0df1240903f1fc0a0899079d64
:101e5800069f0598ddf81080ddf80ce0029cddf89f
:101e680004c0cdf824b005e03d4607465846a646ce
:101e7800644694464feaf02282eab01282ea70621f
:101e880056f8043f59f804bf5b441a4425ea000396
:101e980000ea070b83ea0b031a440a444fea7c332f
:101ea80083eabc0383eabc5384ea0e0101ea0c010d
:101eb80004ea0e0b81ea0b010b4402eb080b1a44ef
:101ec800f0462946b245cfd15b46ddf824b00199ea
:101ed8001144cbf80810029a6244cbf80c20039afc
:101ee8002244cbf81020049a7244cbf81420059aa7
:101ef8001a44cbf81820069b0344cbf81c30079be8
:101f08003b44cbf82030089b2b44cbf824304bb013
:081f1800bde8f08f0468000130
:020000040000fa
:020000040102f7
:101f2000f0b585b00446019100263746354642e0bb
:101f3000013ba36323683bb123694bb929f0dcfe65
:101f40000126304605b0f0bd29f0c2fea060f3e7df
:101f500004f1100009f038f80028efd04ff0e0232a
:101f60004ff08052c3f8042dbff34f8fbff36f8f34
:101f7000e4e729f0c1fe0026e3e702a829f09efe6f
:101f800023e027f05dfaa0680af0e0ff064629f09a
:101f9000b3fe40e0204612f011fa00f0e5ff09e040
:101fa000204612f00bfa00f0dfff204629f00efc6d
:101fb000002847d1012727f043faa36b002bb7d1a4
:101fc000019b002bd5d0002fd7d029f095fe29f00a
:101fd00061fe27f035fa94f844305bb2b3f1ff3f6d
:101fe00008bf84f8445094f845305bb2b3f1ff3f2a
:101ff00008bf84f8455029f07ffe01a902a816f019
:1020000025f80028ccd1204629f0e0fb0028c1d0db
:102010002368002bb5d0019904f1240028f024f89e
:10202000204612f0cbf900f09fff0028c2d14ff0fc
:10203000e0234ff08052c3f8042dbff34f8fbff35e
:102040006f8fb7e7002e3ff47caf27f0f9f9616a94
:1020500019b1236b1968c1f10501a0680ef090ff5a
:0820600029f04afe00266ce79e
:020000040000fa
:020000040102f7
:102068002de9f04f90f8199090f810a085b004462b
:10207800884600f1280500f1410700f11b06b9f177
:10208800030f45d8dfe809f0020a16162946002092
:1020980027f082fb002384f8343039e0baf1f00fde
:1020a80003d1284629f0b4ff28e03b688362bb8847
:1020b800ab8023e09df80830827e62f300038df840
:1020c80008303368cdf8093002a8b388adf80d3070
:1020d8001af0f0fc834698b10df1070102a81cf034
:1020e800d9fa94f8fd3023b19df80710012000f0cb
:1020f80061fd29469df8070027f03efc0123cae749
:10210800b9f1020f41d1294627f046fb84f834b0d3
:1021180094f8383013b1ff2384f834309df8083030
:10212800a27e657e62f300038df808303368cdf82f
:1021380009304ff00009b3888df8079002a8023dd6
:10214800adf80d3010f03efb012d04f12e0722d81a
:1021580008b30df1070102a81cf09cfa9df80710be
:10216800484600f027fd394602a81ff067fd002306
:1021780084f8fd300b4b196801eb88014b6a0bb1f1
:102188002046984705b0bde8f08fbaf1f00f88d027
:102198003b68a3628be73368c4f82e30b388bb80f2
:0821a800e5e700bf0829012052
:020000040000fa
:020000040102f7
:1021b0002de9ff41054650202bf08cfc04461020f1
:1021c0002bf088fc064604b150b9484b009300221e
:1021d0000423c121ee2007f04bf804b0bde8f081e4
:1021e000ea6d02f5c07204f11000136823605368b1
:1021f00063609368a360d368e360eb7804f1300711
:1022000005f11208002b68d1e96d2022eb3129f08d
:102210003dfa20224146384629f038fae86d334627
:102220005022214600f5e070f8f7fefa314603a887
:1022300029f000f903992e4ab1fbf2f302fb1313c4
:102240000393eb6d102283f86f20eb6d32681a67f1
:1022500020462bf041fc30462bf03efc0c20039c2a
:102260002bf038fc01460028b7d0224ab4fbf2f329
:1022700003f13000887102fb13434ff47a7042f28d
:102280001072b3fbf2f33033cb71b4fbf2f302fb09
:102290001343b4fbf0f2b3fbf0f300fb1242303314
:1022a0006420b2fbf0f230320b724a72b4fbf0f3ee
:1022b0000a2200fb1343b3fbf2f330338b72b4fbff
:1022c000f2f302fb134430340223cc720b702b88e0
:1022d0008b800c202bf0cef97fe72022414629f09d
:1022e000d5f9e96d2022eb3195e700bfb8c00401b4
:0822f00040420f00a08601002e
:020000040000fa
:020000040102f7
:1022f800002800f08c8010b50446c16d19b1d0f8e3
:1023080080001ef0e9fa0023e36423656365a36592
:10231800e365216f19b1d4f880001ef0ddfa0023bf
:1023280023666366a366e3662367616f31b9a16fad
:10233800b1b9237a012b25d0012010bdd4f8800033
:1023480008f09ef9e06518b1636fa4f85230eee723
:10235800344b1b68002b5cd0334898470020ece7cf
:10236800d4f8800008f08cf9206718b1a36fa4f89e
:102378006630dee72b4b1b68002b4cd02b48984768
:102388000020dae7a16d29b1d4f880001ef0a4fa84
:102398000023a365e16e29b1d4f880001ef09cfaf1
:1023a8000023e36694f87c1021b994f87d10b9b93c
:1023b8000120c2e749010431d4f8800008f060f92f
:1023c800a06530b100230360a36d94f87c201a70d7
:1023d800ebe7144b1b6803b3154898470020ace79c
:1023e80049010431d4f8800008f04af9e06638b1b0
:1023f80000230360e36e94f87d201a7001209ce7a7
:10240800084b1b685bb109489847002095e70020f6
:102418007047002091e700208fe700208de700201b
:102428008be700bf18210120f44c0001284d000162
:042438005c4d0001f6
:020000040000fa
:020000040102f7
:10243c00002a00f0988070b582b014465388127947
:10244c0004f11005b3f5a06f05d040f201518b4299
:10245c006fd002b070bd032afbd1434b1b69002b1c
:10246c00f7d0414b1b68002bf3d004230deb030278
:10247c000221284604f038fa3b4b1d692a68638b0d
:10248c009342e6d105f10b01e06926f03ffe0028ee
:10249c00dfd16b6833b31a46db69002bfbd102f139
:1024ac001c05314b1b68302098472860a8b130229e
:1024bc00002129f07dfe2b6803f120025a612b6864
:1024cc000022da6194f8201008290dd009291dd0ba
:1024dc00264b1b680bb126489847234b1b690022df
:1024ec001a81b6e70435dce72a68042353602a68ae
:1024fc00102111612a68526913802a6852691a44a2
:10250c00082104f1200004f0eff9e6e72a6806231d
:10251c0053602a681c2111612a68526913802b6848
:10252c005a6910230832092104f1200004f0dcf967
:10253c00d3e7032a8dd10c4b1e69002e89d032684b
:10254c00638c934285d106f10b01606a26f0defda7
:10255c0000287ff47eaf022306f1080201212846f1
:10256c0004f0c2f975e770476c2001201821012096
:04257c00984d000175
:020000040000fa
:020000040102f7
:1025800070b50446049eeff311854ff0200080f3f0
:102590001188bff36f8fbff34f8f2eb101f112007f
:1025a00004eb80004068306004eb010c9cf85000a4
:1025b000c0b202268cf85060013b032b08d8dfe83c
:1025c00003f0020d131804eb8101cb6c1343cb64b1
:1025d000012815d0012085f3118870bd04eb81011d
:1025e000cb6c0133cb64f3e7123104eb81014a6019
:1025f000eee702285dd0123104eb81014a60e7e783
:102600002e4bd3f8f430002b40d16369a168e26807
:102610008a60a1685160201d5a68824204bfe26846
:102620005a60002262611a68013a1a60e26a234b1a
:102630001e68012191403143196002eb820203ebd5
:102640008202d268a2609168e16048609060e26aac
:1026500003f1080102eb820001eb8001616103ebf1
:1026600080018b6801338b6025f0e6fd134b5b68be
:10267000e26adb6a9a421ed9059b13b10123059acf
:10268000136001200d4bc3f80001a4e70b4bd3f8f6
:10269000d820e2619068206204f1180141609160e5
:1026a00003f1d402a262d3f8d4200132c3f8d420bb
:1026b000dce700208fe701208de700bfc81c012068
:020000040000fa
:020000040102f7
:1026c0002de9f843002850d00c4606460578002d29
:1026d0004cd000294dd00b69002b4cd04378012bf6
:1026e0004bd000f18c074ff0ff31384629f02bfe1c
:1026f000012801d0002539e00022e282a36919688f
:102700002161a273227b002a39d04ff0000806f124
:10271000500ec14657e001321e2a35d01ef8121065
:102720008c453dd0b0f1ff3ff5d1002908bf1046e0
:10273000f1e7f3686bb11a461b681bb11a461b68b8
:10274000002bfbd1146033692bb1384628f0eafb2b
:102750000ce0f460f7e7294b5b79032bf5d12146b8
:10276000304607f0f3f90546efe700252846bde8b7
:10277000f8830025fae70025f8e70025f6e7384654
:1027800028f0d0fb0025f1e7b0f1ff3f13d002465f
:1027900006eb400080f850c080f85190494605e0b3
:1027a00006eb420191f85110ff2904d006eb4202da
:1027b000013182f85110083308f10108217b5ffada
:1027c00088f29142b5d99a7912f0400f04d10833ba
:1027d0009a7912f0400ffad01a687188090ad170fc
:1027e0007188117171880131718092f801c0bcf15a
:1027f000000fe0d04ff0ff3000228fe718210120ba
:020000040000fa
:020000040102f7
:10280000f0b583b04a4c04f0004404433cd00d467c
:102810000b2928bf0a25204624f054fb002839d074
:10282000237a022b3cd1e389002b42d0a388002bd2
:1028300048d080213f4bd3f89c0007f025ff074686
:1028400000284dd000943c4b0122802118f0e2fe7c
:10285000064600284dd0e28952baebb292b2a18866
:1028600013f096ff3146334bd3f8a000fff728ff53
:1028700000284dd0237843f002032370204628f02f
:1028800065fc002003b0f0bd2c4b09221a604ff00c
:10289000ff30f7e7294b0e221a604ff0ff30f1e7c7
:1028a000204628f053fc254b7a221a604ff0ff3067
:1028b000e8e7204628f04afc204b7d221a604ff0c2
:1028c000ff30dfe7237813f0010f0cbf5f220b22ec
:1028d0001a4b1a60204628f039fc4ff0ff30d1e740
:1028e000204628f033fc154b0c221a604ff0ff30c5
:1028f000c8e739460f4bd3f89c001df0f1ff204686
:1029000028f024fc0d4b4d221a604ff0ff30b9e740
:102910003946084bd3f89c001df0e2ff204628f012
:1029200015fc064b4d221a604ff0ff30aae700bf9e
:10293000802001206c20012069e10001b4290120e0
:020000040000fa
:020000040102f7
:102940002de9f0418ab0174602294ff000020646f1
:102950000d468df804208df8052020d9013302a9f9
:102960000df10600029328f0ecff3046ddf80880f8
:102970001ef057fc044630b93946bdf806001cf07d
:10298000d9ff0446c0b1122f06d19df804301bb9ff
:1029900054b930461df060fc0ab0bde8f081122f3a
:1029a000adf80620f8d10424e3b2bdf806201221c8
:1029b00030460ff0c7f8efe704aa03a9bdf80600f8
:1029c00023f0ccf8002859d0049b5b68d3e90112ae
:1029d000107829f09dff039a0346d27b308810219e
:1029e0000cf06afe84b2002ccdd1039a937b9289bd
:1029f000033d13f0080fadb232d1aa4232d103f039
:102a00002103202b30d03388adf81c30bdf80630c0
:102a1000adf81e300023adf820308df825300df1d3
:102a20000502039b059301a905a8adf822508df876
:102a30002470cdf8188007f0e1fc039b9a7bd10746
:102a40000446a0d400289ed12a465868414628f062
:102a50001dfe039b9a7b120795d59b681d8092e70c
:102a6000aa42ccd20d248ee7bdf80620414630465e
:102a700011f0e8f90446002885d1c4e7012482e773
:020000040000fa
:020000040102f7
:102a80002de9f04f092989b007460d4601d01729d5
:102a900027d1013205a904a8059228f052ff05a903
:102aa0000df1120028f04dff03a8022205a929f01c
:102ab0008bfa3846ddf81490bdf810801ef0b1fb9b
:102ac000002874d1bdf81030002b72d0bdf8122050
:102ad0009a426ed3b8882af06dff044680b911205f
:102ae00005e00024adf810404ff001080420c3b207
:102af0004246062138460ff025f8002c54d050e00d
:102b000004f11003072105a805932af0c3fb073d34
:102b1000adb20126dff8a0b00df11c0a06ab0093a0
:102b2000cdf804a003ab0222bdf81210bdf81000ce
:102b300011f042f958b30222594603a826f0ecfae4
:102b40000028ebd1069b9a681288aa4211d12a4626
:102b50004946586826f0e0fa58b9079b05a89989b4
:102b60002af09efb079b05a8d9892af099fb043619
:102b7000b6b2ba88331d934209d8079bbdf812201c
:102b8000db8901339bb29a42adf81030c2d2012edc
:102b900001d10a20abe722463146384627f070f9ca
:102ba00010b120462af086ff09b0bde8f08f00245e
:0c2bb0009de7044601209ae7c0db040109
:020000040000fa
:020000040102f7
:102bbc002de9f34107460c46c92501f00706032110
:102bcc0001a812f0d3fa9df80630dff81c8103f04f
:102bdc007f0343f040038df8063000bfd8f8003077
:102bec009900fbd43b4b1a8842f040021a801a8899
:102bfc0042f020021a8017b1204602f0b7f8364b8b
:102c0c00d3f8682f66f31242c3f8682fb3f86c1f21
:102c1c0087f0010262f30001304aa3f86c1f1168bf
:102c2c009df8040060f30701116011689df8050020
:102c3c0060f30f21116011689df8060060f31741d5
:102c4c001160d3f8682f42f48002c3f8682f00bfdc
:102c5c00d3f8682f5202fbd4d8f8003013f0807fe1
:102c6c001f4b1b6814bf1f200020013d13f0020fe7
:102c7c0018bf1f2015f0ff0501d01f289fd02fb3c0
:102c8c00184b1968144b062505fb0411d3f8a42f17
:102c9c0081f84321d3f8a42fc2f3072281f84421f1
:102cac00d3f8a42fc2f3074281f84521d3f8a42fff
:102cbc00c2f3076281f84621d3f8a82f81f8472187
:102ccc00d3f8a83fc3f3072381f8483102b0bde81d
:102cdc00f08100bfc4340141002401411034014192
:0c2cec008c340141542901203034014196
:020000040000fa
:020000040102f7
:102cf8004ff08842d2f8003113f4007ffad0002355
:102d0800424901334a6a12f0010f11d1b3f5fa5f53
:102d1800f7d13e4b5b6a13f0010f0cd13b4a536865
:102d280043f480735360536a13f0010ffbd002e041
:102d3800b3f5fa5fedd2364ab2f8ba3403f0fd03c0
:102d4800a2f8ba340022314901324b6a03f0030376
:102d5800032b13d0b2f5fa5ff6d12c4b5b6a03f064
:102d68000303032b0dd0294a536843f400735360bf
:102d7800536a03f00303032bfad102e0b2f5fa5fba
:102d8800ebd24ff088430022c3f8b020214ac3f8a1
:102d9800b02002f12b42a2f54b12a2f6ab42c3f8c7
:102da800b02003f520631c4a1a624ff480721a603f
:102db80001229a601a46136813f0010ffbd1174bd2
:102dc80048f20902c3f8502140f201221a674ff471
:102dd80000429a674ff08843114a1a6600221a6720
:102de8004ff01061c3f880100e49c3f8c010c3f843
:102df800e0204ff03332c3f8b020044b5a6842f059
:102e080010025a604ff088721a6070470040014102
:102e180000200141556699aa080101c0000a004432
:082e280009900900cf0101002f
:020000040000fa
:020000040102f7
:102e300038b590f8e230012b04460d460ed1d0f89b
:102e4000b4316bb9082008f0a1fd2a46c4f8b401da
:102e500052f8013f03605368436001e0032bf1d057
:102e60003f4b69781b681a780a4084f8ed20a978ee
:102e70005a780a4084f8ee20e9789a780a4084f873
:102e8000ef20da7829790a4084f8f0206a791b79f2
:102e9000d4f844511340e26f84f8f13042f0080254
:102ea000e267002d3fd113f0060f3cd0262008f03a
:102eb0006dfdc4f84401b0b34ff07e330360d4f825
:102ec00044215360d4f844314ff002329a60d4f870
:102ed0004431dd60d4f844311d74e27dd4f84431ce
:102ee000002a3ad1072159759a75d4f84421002354
:102ef00013751c4ad4f8441192f912004874d4f89e
:102f0000441192f913008874d4f8441192f91420f2
:102f1000ca74d4f8442182f8223082f8233082f82f
:102f2000243082f8253094f8ee301b075cbf40f661
:102f30004803a4f85a31e37d73b9d4f8f03003f4b0
:102f40008413b3f5004f01bf94f8f23023f050031f
:102f500043f0500384f8f23038bd5d759d75c4e7c9
:082f60002429012000270120b3
:020000040000fa
:020000040102f7
:102f6800f8b526f069fa4a4bd3f8f420013ac3f8c9
:102f7800f420d3f8f430002b40f08380444bd3f88e
:102f88009030002b00f08280414bd3f8d430002bd6
:102f980052d03f490024012501f1080cd1f8e03056
:102fa800db689a6ade69186ab060de69466003f118
:102fb80018005668864204bf186a50609c62106800
:102fc800013810605a699e68d868b0609e6846608b
:102fd800181d5668864204bfde6856605c61166834
:102fe800013e1660da6a0f6805fa02f63e430e6083
:102ff80002eb820201eb8202d2689a609668de6078
:1030080070609060da6a02eb82000ceb8000586115
:1030180002eb820001eb800082680132826048681e
:10302800da6ac36a9a4288bfc1f80051d1f8d4302d
:10303800002bb3d125f0fcf8154bd3f8f8407cb140
:103048001e46012501e0013c06d0fef731fa0028b2
:10305800f9d0c6f80051f6e70d4b0022c3f8f82066
:103068000b4bd3f800416cb15b684ff0e0234ff095
:103078008052c3f8042dbff34f8fbff36f8f012425
:1030880000e0002428f034fe2046f8bd0024f9e7cb
:04309800c81c01202f
:020000040000fa
:020000040102f7
:10309c0070b5044688b0008825f0dcfc002800f0f0
:1030ac0087800568d5f84461002e00f08380d6f83f
:1030bc00223023b9092008f063fcc6f82200d5f8a9
:1030cc004431d3f82220002a76d0a378ff2b69d084
:1030dc00e1780b441370d5f84431e178d3f8222011
:1030ec00a3785b1a5370d5f844316179d3f8222058
:1030fc0023790b449370d5f844316179d3f82220ad
:10310c0023795b1ad370d5f84431e288d3f8223096
:10311c009a80d5f84431d3f82220137a43f0010376
:10312c001372d5f84431d3f8222000239371d37154
:10313c00d5f84421d2f822100a7a42f020020a7201
:10314c00d5f84421d2f822100a7a42f006020a720b
:10315c00d5f84421d2f822100a7a42f018020a72e9
:10316c001d46e38806936379059323790493e378ea
:10317c000393a378029323880193104b00930222ac
:10318c0001235521ec2006f06df845b10c4b009352
:10319c00019501230022fd21ec2006f063f828465e
:1031ac0008b070bd1370d5f84421d2f8222099e7ed
:1031bc000225d6e71a25d4e70725d2e76eb303011b
:0431cc00786504011d
:020000040000fa
:020000040102f7
:1031d0000378012b00d07047f0b595b04468237890
:1031e000002b5ed1a3780bb115b0f0bd414b1e682a
:1031f000331f002553f8042f1ab10135082df9d1da
:10320000f2e72f4620202af069fa46f82500394bcc
:103210001e6856f8250018b12022002128f0ceffa4
:1032200056f82750002ddfd0a3882b80a379ab70f0
:10323000281dd4f807306b60b4f80b20637b2a811b
:1032400083710123eb700cf039fca877082809d1b1
:10325000a388adf8063001238df8043001a81ef0d4
:103260008ff8c1e74c22002101a828f0a7ff01a98f
:10327000a87f05f0bdf80028ead19df84c10c1f3f5
:1032800000029df8003062f34103c1f3400262f393
:1032900000038df800306a46890828881df09effdb
:1032a000d6e7012ba0d100238df804306088adf85b
:1032b000060022f0bbfa60b1827f8df8082020f072
:1032c0004dfd0d4b1b78002b8ed00c4d00240a4e6b
:1032d00008e008238df80830f3e701343278e3b2d0
:1032e0009a4281d955f8043b002bf6d001a89847a3
:1032f000f3e700bfcc1d0120142601201826012071
:020000040000fa
:020000040102f7
:103300002de9f04f9bb0f9b1804615468946d8b1fa
:10331000d2b1082800f2888000eb8000c0002af0bb
:10332000ddf98346002800f0818014a90df16700c3
:1033300024f096fa09f1ff365c46013d08f1ff33af
:1033400099444ff04c0a37e00021084627f084f8f2
:10335000074638461bb0bde8f08fddf82200ddf8e7
:103360002610ddf82a20ddf82e30c4f81700c4f846
:103370001b10c4f81f20c4f82330ddf80b00ddf863
:103380000f10ddf81320ddf81730c4f80700c4f87b
:103390000b10c4f80f20c4f8133001982060bdf85a
:1033a00008209df80a30a280a37115f8013f84f827
:1033b000273028344e452ed05246002101a828f04f
:1033c000fdfe01a916f8010f05f012f8074638bbfb
:1033d0009df80430012b1ad86b78012b19d89df871
:1033e0002230002bb9d10f220df123010df1220063
:1033f00025f092fe0028b0d115af0fcfc4f817000a
:10340000c4f81b10c4f81f20c4f82330b5e7032705
:1034100006e0032704e05946404627f01df807461a
:1034200058462af05ff994e7032792e7022790e7ce
:020000040000fa
:020000040102f7
:10343000f8b507460d464ff088440026c4f8b06042
:10344000414bc4f8b03003f12b43a3f54b13a3f663
:10345000ab43c4f8b03021f061fa236823f4805301
:1034600023606ff48033c4f8c8304ff0ff33c4f8e2
:10347000d8304ff6ff73c4f8e8304ff4801363611f
:10348000324b9e6003f500531a881e80304b1e702d
:10349000a3f580631e7023f0baf8236c03f4405345
:1034a000b3f5005f3bd12b4b4ff400421a60384616
:1034b00016f006fa24f042fe1ff0eafd23f084fc29
:1034c00015f0fcfd95b30021234829f039fd4ff498
:1034d000807029f023fd1f4b1868a0fb050110f533
:1034e000fa704ff47a724ff0000341f1000122f0bc
:1034f0007dfe044620f04efcc3439c4288bf01344d
:10350000204428f077fb4ff4807029f001fd134b25
:103510001b8813f0020f10d126f060fd0de0236c24
:1035200023f4784343f470432364bce7002028f07d
:1035300061fb4ff4807029f0f1fcbff34f8f30bf77
:10354000bff36f8ff8bd00bf556699aa00200041f8
:103550000008004078280120775b0201000001424a
:020000040000fa
:020000040102f7
:103560002de9f04f2ded108bd7b00446d6224549fa
:1035700020a828f08bf894f800b0606821f016ffbe
:10358000cde91c01a06821f011ffcde91e01e06822
:1035900021f00cff41ec1f0b94ed049b94ed06ab66
:1035a00094f82820384d394b002a18bf1d46206a50
:1035b00021f0fcfe41ec1e0b606a21f0f7fe41ecad
:1035c0001d0be06a21f0f2fe41ec1c0b94f8300078
:1035d00012f0aef910ee100a21f0e8fe41ec1b0be0
:1035e00094f831001ff026fe10ee100a21f0defee6
:1035f00006460f4694f832001ff01cfe10ee100a2b
:1036000021f0d4fe8046894694f8330023f058f820
:1036100010ee100a21f0cafe41ec180b94f83400a9
:103620000bf036fd10ee10aaa06b21f0bffecde925
:103630001a01504621f0bafecde918018ded168b26
:10364000cde91489cde912678ded10bb8ded0ecb60
:103650008ded0cdb8ded0aeb08958ded06ab8ded58
:10366000049b8ded02fb9ded1e7b8ded007bdde966
:103670001c23594620a825f04dfa57b0bdec108bfd
:10368000bde8f08f144500010c4500010445000120
:020000040000fa
:020000040102f7
:10369000f0b540f2ff7681ea030c16ea115e1ebf18
:1036a000b64516ea1355b54252d021ea465141f4c7
:1036b0008011a1fb024723ea465343f48013ae4432
:1036c000a0fb03650cf0004c36197d41a1fb0347bc
:1036d00047f10003a0fb0217f619654153f10003ff
:1036e000094218bf46f0010640f2fe74b3f5007fb0
:1036f00013d2aef5806ea64523d24cea03312803df
:1037000041ea155140ea16503203450872f1004271
:1037100050f1000051eb0e51f0bdaef2ff3ea64558
:103720000fd24ceac321e80241ea555140ea565013
:10373000f202450872f1004250f1000051eb0e51c7
:10374000f0bd1eea0e0f2dd50cf000410020f0bd9b
:1037500016ea115f04bf01f000410020004218bfcb
:1037600041f0010116ea135f04bf03f00043002299
:10377000124218bf43f0010306ea1354b44218bfc3
:10378000b64503d00cf000410020f0bd21f000410f
:1037900023f00043b1eb065f0cd8b3eb065f09d80a
:1037a00041b13bb10cf0004141f0fe4141f47001e8
:1037b0000020f0bd40f20001c7f6f8710020f0bd16
:020000040000fa
:020000040102f7
:1037c0002de9f043b9b00e4618af4022044600215f
:1037d000384628f0f3fc96f901200023520093426a
:1037e0006fdb96f90040e5b26a00002352b218463a
:1037f00059b28a426ddc002860d006f104092246e5
:103800003946484624f016fc01286dd107eb040820
:1038100022464146484624f00dfc012864d1234647
:10382000424628a807f07eff28a96846f4f7a0fbc7
:103830002022002110a828f0c1fc96f90080032363
:103840003a4608ac8df840303946434628a807f080
:1038500069ff28a92046f4f78bfb434610aa2146ae
:10386000204622f036fe18b14a46204623f0e3fcfb
:1038700016f9843b3a46214628a807f053ff28a9a9
:103880002046f4f775fb434632462146204623f096
:10389000d2fc28b94246484624f0ccfb012805d08a
:1038a00043464a462146204622f013fe6b1e5bb279
:1038b00000201a0611d5b0fa80f0400939b0bde8f1
:1038c000f08338a91944e05c01f8800c0133dbb2c5
:1038d00085e7f95c013308438ae71df80320e15cc2
:0c38e0004a401043013be4e70020e7e70a
:020000040000fa
:020000040102f7
:1038ec00f0b583b0002800f087800d46064600290d
:1038fc0000f08480087826f0fbf804460f287fd867
:10390c00dfe800f0082d394e5a667e7e7e7e7e7e84
:10391c007e7e7e7201a9284625f072f9b8b97378bb
:10392c001bb19df804209a4205d1294630461cf063
:10393c0069fe034670b1337e1bb19df804209a4298
:10394c0005d1294606f117001cf05cfe08b1ff24d6
:10395c0057e001233344012283f8d62251e0294653
:10396c0006f13000f9f776fe08b1ff2449e0012397
:10397c0086f8d83245e001a9284624f025fa08b18a
:10398c00ff243ee0019f06eb47102946703007f0fc
:10399c00d5f90028f4d13744012387f8d93230e027
:1039ac00294606f51c701ef09dfb08b1ff2428e08b
:1039bc00012386f8e93224e0294606f5247005f047
:1039cc0089fa08b1ff241ce0012386f8ea3218e0da
:1039dc00294606f530701ef0a5fb08b1ff2410e057
:1039ec00012386f8eb320ce02946304618f080fdb6
:1039fc00002818bfff2404e0ff2402e0ff2400e0ad
:083a0c00ff24204603b0f0bdc9
:020000040000fa
:020000040102f7
:103a14002de9f04186b09df83070109d06460028cf
:103a24007cd00c46002957d0002d79d001eb8708b3
:103a3400a8f8242012b18a7b01328a73190a1ed095
:103a44004ff0ff324ff0000c06f1500005e000bfcc
:103a54000cf1010cbcf11e0f11d010f81ce07145e3
:103a640060d0b2f1ff3ff3d1bef1000f08bf624650
:103a7400eee7013ad2b28cf85120002a58d062689d
:103a84001ab3adf808308df81070bdf83430adf8c5
:103a94000c30b8f82430adf80a309df838308df881
:103aa40011300f9b059306f18c08404627f038fa35
:103ab400a06802ab00936768022322463146b847e8
:103ac4004ff0ff31404628f03cfc2b780133dbb249
:103ad4002b70227b934203d0204606b0bde8f081d0
:103ae40025686368bbb18df80820a37b8df8093085
:103af40006f18c07384627f013faa06802ab00934e
:103b0400d4f80480012322463146c0474ff0ff31e8
:103b1400384628f016fcf5600024dde70446dbe7b0
:103b24002c46d9e706eb4c0c9cf85120002aa0d176
:083b340000228cf85020a2e7ea
:020000040000fa
:020000040102f7
:103b3c0030b4484c247f002c40f08980054604f0ba
:103b4c00ff00002936d0002d34d042480560426079
:103b5c0000244461846104613e488160002a3ad0ab
:103b6c003c4ad3603b4a012111774ff08441c9682c
:103b7c009168d2688a4203d93648c268521a0261e7
:103b8c004ff08442526812f4706f35d1314a926909
:103b9c008a4224d22f4a116808784ff08441086178
:103bac00916901319161002b4bdd01204ff0844371
:103bbc0098614de0002b4bd0002a49d02548056078
:103bcc0042600024446184610461002dc4d1214a07
:103bdc0000219160c4e71f4a0021d160c2e71d4a51
:103bec001269002adfd04ff08442ff21116119497c
:103bfc000a69013a0a61d6e7164a91684908916048
:103c0c00116949081161d1684908d16091689269bc
:103c1c008a4209d20f4a116808884ff08441086122
:103c2c00916901319161bee70a4a1269002abad042
:103c3c004ff08442ff21116106490a69013a0a6179
:103c4c00b1e74ff0844302229a61012000e000208a
:083c5c0030bc7047a0250120d7
:020000040000fa
:020000040102f7
:103c6400f7b5c568008922f0ffff0446002800f07c
:103c74008780c66d002e00f08380ab882868adf87d
:103c8400043000906b4606251a78013d303a15f051
:103c9400ff0503f8012bf7d19df801209df80030b2
:103ca4009df803109df8047042f210705043354a99
:103cb40002fb03039df805201344642212fb013226
:103cc4009df802304ff47a7101fb03230a2101fbb2
:103cd400073106f16f0029f001ffe26dc2f873505d
:103ce400c2f87750c2f87b50e36d01229a7094f8c1
:103cf4005730e16d83b391f8713091f870201b0453
:103d040043ea022391f86f2013438b62e36d83f837
:103d14002650e36d93f82620996ad14001f0010101
:103d240041f08001204607f0b7f9e378e16d3bb933
:103d340001f5d871204603b0bde8f04017f01eba73
:103d4400cb7813b9002003b0f0bdcd70e36d9d7046
:103d5400e16d01f5b871ede7e3782bb96f312046d9
:103d6400fcf7b0f8e16de3e7cb78002bead0cd7037
:103d7400e36d9d70e16d20466f31fcf7a3f8e7e732
:083d84000120e0e7a086010028
:020000040000fa
:020000040102f7
:103d8c0070b586b0044600230df1120105a8adf8fc
:103d9c00123021f0b5ff059b94f85020039394f852
:103dac005130cde90143002a65d13b4b00930223ee
:103dbc001a467e21ec2005f055fa1df0e9fd6378da
:103dcc0043f00103637094f85330012b4ff000055e
:103ddc001dd16378e66984f8535043f00403637093
:103dec00059bf61a2d4b1a6892f8403203f58e7328
:103dfc00c6f3160632f8135040f2391105f271254c
:103e0c00b5fbf1f50135b5422cbf002501256369e1
:103e1c009c4202d05b78db0729d595b31f4bbdf8cc
:103e2c001200196891f8402202f58e7240f271234b
:103e3c00734331f8126006eb9006c6eb5306e36948
:103e4c000293059b0193164b009302231a467f2184
:103e5c00ec2005f007fa314604f13800646400f0f8
:103e6c0047fd204621f098f9204612f0dbf823f0ac
:103e7c0069fd06b070bd0b4b009302231a467f21df
:103e8c0098e7204624f0d4fd0122294694f85000ee
:103e9c0010f030f9ebe700bf344b03013829012057
:083eac00974b0301664b030173
:020000040000fa
:020000040102f7
:103eb4002de9f341089d04461f4609b1002a35d077
:103ec400e06ec8b93b68ab4213d17b68216a5b1bc7
:103ed4009ab291420dd8e561b2f5487f4fea452583
:103ee400e565636a01d1a36202e09342fbd3a26257
:103ef400012002b0bde8f081d1b10025bc46ff210c
:103f04002b464ff6ff7e93420ed0dce90006361aac
:103f1400206a06ea0e08404555d8a0784007c6f343
:103f2400160647d5f5b21946ff2905d10020e0e76a
:103f3400d7e90035ed1aedb2637813f0040f0eb231
:103f44002ad194f85020012a42d1626a95423fd97d
:103f54001b073dd402210df1060011f00bf9636a31
:103f6400bdf80620c3f101032b44b2fbf3f503fbb8
:103f7400152557f8363053fa85f5c5f31605e5616e
:103f8400e3695a02e26594f85220012a01bfa26d46
:103f94009b18c3f31603e36107ebc603e2695b688e
:103fa4009b1a9ab2b2f5487f626aa0d09bb29a4239
:103fb4009dd398e794f850000128b3d1b0b285425c
:103fc40001d2f5b219460133dbb20cf1080c9ae7c1
:083fd40057f83630e361d3e732
:020000040000fa
:020000040102f7
:103fdc0038b50d4600287dd001f12804204618f094
:103fec0039fd414ba86a1860aa8d404c9a80b4f8f0
:103ffc006c3f43f04003a4f86c3fd4f8683f43f4a3
:10400c008063c4f8683f95f847200b2a05f11b0024
:10401c0025d840f69203d340db4313f001031ed1a5
:10402c00d4f89c2fa97e63f31842c4f89c2f26f079
:10403c0083fc282005f0d4fed4f8643f43f40073cd
:10404c00c4f8643f2a4b1b7843b1284bd3f89c2f00
:10405c0040f2ff1161f31842c3f89c2f38bd95f85c
:10406c002130032b0fd8dfe803f00215222c1f4b55
:10407c00d3f89c2f40f2ff1161f31842c3f89c2f28
:10408c00002000f081fa1b4b18680028dad105f0eb
:10409c00a7fed7e7154bd3f89c2f202161f31842cc
:1040ac00c3f89c2f082005f09bfe0120e9e70f4b7d
:1040bc00d3f89c2f082161f31842c3f89c2f2020c1
:1040cc00f1e70a4bd3f89c2f6ff31842c3f89c2fdf
:1040dc002820e8e7054bd3f8642f60f34922c3f896
:1040ec00642f00f051faade7ac33014100240141db
:0840fc00e529012050290120f3
:020000040000fa
:020000040102f7
:10410400002800f08980f0b583b0144662b1856858
:1041140055b15388127904f11006b3f5985f05d0b0
:1041240041f201318b4250d003b0f0bd052afbd1de
:104134003a4b1f78312ff7d895f890300bb9002ff0
:10414400f2d101230df10702022104f1180002f05b
:10415400cffb9df80730092be6d8314ad356b3f18b
:10416400ff3fe1d02b2303fb07f72c4d7a1c0123df
:104174002a440221304602f0bbfbfa1c01232a44e4
:10418400022104f1200002f0b3fb3a1d06232a4465
:104194000b2104f1280002f0abfb07f10b022023f2
:1041a4002a44052104f1300002f0a2fb2f449df8bb
:1041b40007301b4ad35cbb700123bb72638e87f844
:1041c4002b302b7801332b70aee700238df80730aa
:1041d400012aa9d185f87b3001230df107020221c0
:1041e400304602f085fbd5f80443002c9cd09df8a2
:1041f40007303bb90021c5f804130b460a4628686a
:10420400a04791e795f87c30013b85f87c30214646
:10421400286807f0b5fd87e7704700bf58090120fb
:04422400c0d50401fc
:020000040000fa
:020000040102f7
:1042280070b582b004469df81860013810f1030f8c
:1042380074d8a568002d73d0a078002872d028689b
:10424800b0f1ff3f71d062b1b5f88c00904208d050
:10425800a2f10a0080b240f2d25c604567d8a5f8a6
:104268008c2063b1b5f88e209a4208d0a3f10a02d7
:1042780092b240f2d25082425bd8a5f88e3029b172
:1042880095f889308b4218bf85f889104eb195f89a
:104298008a30b34205d0731edbb2012b4bd885f8a8
:1042a8008a602346264a002104201ef07afd06462d
:1042b800002842d0b5f88c308bb9b5f88e30abb940
:1042c80095f88930d3b995f88a30fbb93146a0689a
:1042d8001df006fe80f00100c000c0b223e00022fd
:1042e80000920222114625f063ffe6e700220092c1
:1042f80002220321304625f05bffe1e7002200920d
:1043080002220421304625f053ffdce70022009208
:1043180002220521304625f04bffd7e7022002e0b4
:10432800022000e0012002b070bd0120fbe702205e
:10433800f9e70220f7e70220f5e70820f3e700bfd6
:0443480061160301f6
:020000040000fa
:020000040102f7
:10434c002de9f743d0f84c318046002b55d125f0a0
:10435c0031fa98f848314ff4207202fb030020f038
:10436c007040c8f84c01002140461ef01bfb002891
:10437c0070d00b21002024f00efe014600286bd0db
:10438c00364a2923037312680023c0f80d30c0f895
:10439c001130a0f815301278314812f0080237d0dd
:1043ac0007684ff0010c9946d7e918620192ba6d73
:1043bc0006ea020efa6d019e164006ea09050eea9f
:1043cc000c0454ea05024fea430001eb930200f09f
:1043dc00060014bf0126032686400133507b1cebdc
:1043ec000c0cdbb240ea060049eb0909252b507393
:1043fc00dad140460cf04eff06e025f0dbf9d8f898
:10440c004c31c01a0301a2d5002003b0bde8f083e3
:10441c00d0f800c0012300254ff0030edce9164054
:10442c0003ea040605ea000756ea07000bd101eb84
:10443c009204500094f80d9000f006000efa00f073
:10444c0040ea090060730132db18d2b26d41252ab3
:10445c00e4d1cee74320d8e70720d6e7a0290120f6
:04446c0024290120de
:020000040000fa
:020000040102f7
:1044700030b5c36d5a78012a89b0044601d0042aa8
:1044800012d10021204606f009fee06d102200f551
:10449000b87100f5f07024f03ffe80b10421204691
:1044a0000ef092ff09b030bd022a08d193f8262001
:1044b000996ad14001f0010141f08001e3e7e26d2a
:1044c0005378042b0bd12046fdf772fe2046f8f7f7
:1044d000ebfb002211462046f0f760fde2e7012bde
:1044e0000ed12046f8f7e0fb002211462046f0f7f7
:1044f00055fde16d204601f5e87118f02ffdd1e77b
:10450000022b31d192f82630122b27d86846202171
:1045100010f032fee56d6b4603cb05f5e072c5f891
:10452000c001516003cb9060d160e26d92f82630fb
:10453000013382f82630e36d93f82620996ad14042
:1045400001f00101204641f0800106f0a7fde16d78
:10455000204601f5d87116f013fea3e72046f8f7c0
:10456000a3fbe26d6f32c0e7032b9bd12046f8f727
:104570009bfbe36d997809b103f16f0193f8e52096
:10458000002ab3d0024b1b689a684032aee700bfe6
:04459000402901209d
:020000040000fa
:020000040102f7
:10459400002858d0454b1b683bb9454ad2f8643fc4
:1045a40043f00103c2f8643f70479a071fbf4049b4
:1045b400d1f8642f42f00102c1f8642f13f00c0ffc
:1045c4001fbf3b49d1f8642f42f00202c1f8642fa7
:1045d40013f0300f1fbf3649d1f8642f42f00402a4
:1045e400c1f8642f13f0c00f1fbf3149d1f8642ff5
:1045f40042f00802c1f8642f13f4407f1fbf2c4916
:10460400d1f8642f42f01002c1f8642f13f4406f04
:104614001fbf2749d1f8642f42f02002c1f8642f4c
:1046240013f4405f1fbf2249d1f8642f42f04002c7
:10463400c1f8642f13f4404f36d01d4ad2f8643fba
:1046440043f08003aee71a4bd3f8642f60f3000203
:10465400c3f8642fd3f8642f60f34102c3f8642fc6
:10466400d3f8642f60f38202c3f8642fd3f8642f65
:1046740060f3c302c3f8642fd3f8642f60f3041209
:10468400c3f8642fd3f8642f60f34512c3f8642f82
:10469400d3f8642f60f38612c3f8642fd3f8642f21
:1046a40060f3c712c3f8642f704700bf502901207c
:0446b400002401419c
:020000040000fa
:020000040102f7
:1046b8002de9f04f8bb00d460493d1e901132f6813
:1046c800d5f80c9003900029a8bf27f0020792465e
:1046d800b8bf012117f010020592dae9006232d062
:1046e80056ea02002fd0a3f1020b2c69029617f0ac
:1046f800080004f1ff3418bf0bf1ff3b904600227d
:1047080009f8042006905a46012c1edc059a002a56
:1047180051d1069a1ab1013c202209f804202a69cd
:1047280003980097013a121b09eb040112f03afeb4
:10473800039b5b68db0503d56b689842b8bf1846d6
:104748000bb0bde8f08f9b46cfe7029850ea08000f
:1047580008d1a1eb0b001044002803dc002ad5ddaa
:10476800b807d3d50298049e00f00f000928a6f1d7
:10477800410cd4bf30305730bcf1190f04f1ff346d
:104788000ed840f0200cacf1610cbcf1190f07d821
:10479800cde90813079228f05afbdde90813079ab8
:1047a80009f804000298060946ea0870013a0290de
:1047b8004fea1818a8e7dae900210a43a9d009eb5b
:1047c8000402049902f8011c023c302209f8042072
:0247d8009fe759
:020000040000fa
:020000040102f7
:0247da00704726
:020000040000fa
:020000040102f7
:1047dc0000f1ff3c1cf1030f50d82de9f04385b0dc
:1047ec0004460f4616461d468368002b48d0002a07
:1047fc0048d0002d48d08278002a47d093f86832f0
:10480c00012b47d1304626f047ff8046002f47d07a
:10481c007b68002b5bd02346334a0c99411804204b
:10482c001ef0bdfa8146002836d0002211460df04c
:10483c0083fc7b680bb1db689bb9ba7879780c9bed
:10484c0002930195cdf800803346484610f00afcdf
:10485c004946a0681df042fb80f00100c000c0b2c8
:10486c0015e0002200920322182148461af078ff26
:10487c000122182148460df05ffcdee7022070474c
:10488c00022004e0022002e0022000e0012005b03a
:10489c00bde8f0830820fae70820f8e70820f6e7df
:1048ac002346114a0c99411802201ef078fa8146d1
:1048bc000028f3d00022114648460df03dfc0b4f6a
:1048cc00bbe70022114648460df036fcb1e7234603
:1048dc00054a0c99411802201ef061fa8146002805
:1048ec00efd10820d3e700bf69f9020174d80401a5
:020000040000fa
:020000040102f7
:1048fc002de9f3410e46044650b93f4b0093024656
:10490c0005230421ef2004f0adfc02b0bde8f081da
:10491c0023f060fe25f0b2fe7600804623f0c6fe42
:10492c0040f2e1439e42257a92bf022640f2712169
:10493c00b6fbf1f6ab060644074626f0704609d4e2
:10494c0045f020056660257201223946204609f0a3
:10495c00d1fb18e015f0070518bf0125274b53f8bc
:10496c0025209442194619d1254a1278aa4222d1ff
:10497c0063681a1a44bf03f180531a1a012a08d823
:10498c00022323752661404602b0bde8f04123f0b6
:10499c0069be236841f825300ef0f0fb194b53f833
:1049ac00352019465ab9184b009311460523ef20b0
:1049bc0004f058fc0ce0226843f82520eee7a242f4
:1049cc000fd1226843f8352012b903ebc5056d6091
:1049dc006660b9e71a4623b90c4b009301210523f5
:1049ec00e5e71368a342f5d123681360002befd1e0
:1049fc0001ebc5056a60ebe7681204010c28012085
:104a0c00d8290120702701207d1204019512040180
:020000040000fa
:020000040102f7
:104a1c0070b5284d284e2846002129f059f8274b0f
:104a2c00274a1e62274e5e62274e9e620426de6275
:104a3c00264e1a60264a5a60c3e90c65254a264d53
:104a4c0026499a609d63264a264dda60264a5a61a9
:104a5c00c3e90f51254a264d9a615d64254a264dbe
:104a6c0026481961c3e91252254dda610024c3e9c5
:104a7c0014500470234898652348c3e9170123494f
:104a8c00596623492348c3e91a12234a1a67234a51
:104a9c005a67234a9a67234ada67c0e90043224bd4
:104aac0083600122214bc36002740821bde8704071
:104abc0019f078bbc4290120c8db0401ac2101200a
:104acc00c0db040138db0401d6db04019edb0401ee
:104adc00d8db0401dadb0401d4db0401bcdb040108
:104aec00020000010200201115da0401cedb0401e2
:104afc000bda040105000001cadb0401de290120e8
:104b0c00c4db0401d0db04010100031110da040141
:104b1c00ccdb04012c270120c6db040180270120fb
:104b2c00d2db04011000020134db04011000170079
:020000040000fa
:020000040102f7
:104b3c0070b590f81931856888b004460bb11ef039
:104b4c0033ff94f8fa3094f8f860d3b13a4b1a6802
:104b5c006ff300021a60a3f24c4321461a686ff3fc
:104b6c00db621a6000200cf06ff821460020fff782
:104b7c002ffa94f84730012b03d104f5c67003f0db
:104b8c007bfe2e4a00952e4d2e490023137084f87f
:104b9c00fa308df806302b88adf8043008226b46bd
:104bac00012015f0d5fc2b88274d13f0280f3ad196
:104bbc00022e38d094f81911a9bb94f84720012a79
:104bcc0031d013f4c27f1ed013f4c07f08bf012173
:104bdc0020460df0ffffd4f8983013b101232b7051
:104bec0014e02b70194b94f894201b78013a9342e3
:104bfc001cda0133dbb284f8543004eb83035b6eb4
:104c0c00c4f89830eae72b78002bebd0182200215f
:104c1c0002a827f0cdfa02238df8083001238df875
:104c2c000a3002a803e02b78002befd10020fbf711
:104c3c008ff808b070bd00bf583e0141e729012034
:104c4c00cc29012000000101e3290120e6290120e3
:020000040000fa
:020000040102f7
:104c5c00f0b583b00c46411e11f1030f4ed8064639
:104c6c0015468368002b4bd08378002b4ad0022c3e
:104c7c004bd8002a55d0002c64d01378012b46d188
:104c8c00022c02d1137d012b43d13346364a21012c
:104c9c00601c1ef084f8074600283cd000230093cb
:104cac000222012125f03cfafcb12b4613f8042b0f
:104cbc00012a0cbf0421102100910cbf08220922eb
:104ccc000121384625f02cfa022c0ed12b7d012b1c
:104cdc0014bf10220422009205f1180314bf0922fc
:104cec0008220121384625f01bfa3946b0681df020
:104cfc00f5f880f00100c000c0b204e0022002e030
:104d0c00022000e0012003b0f0bd0220fbe70220ee
:104d1c00f9e72046f7e70820f5e70820f3e7082035
:104d2c00f1e70346104a2101601c1ef038f80746d3
:104d3c000028f2d00023009302220121384625f0ee
:104d4c00eff9d2e70346084a002101201ef027f8ac
:104d5c0007460028e3d000230093022201213846a5
:0c4d6c0025f0def9c1e700bf8bc4040194
:020000040000fa
:020000040102f7
:104d780070b5444b1c68444b272101fb0042d3f813
:104d8800845f92f8226066f31f65c3f8845fd3f8e6
:104d9800885f92f8236066f30705c3f8885fd3f845
:104da800885f92f8246066f30f25c3f8885fd3f80c
:104db800885f92f8256066f31745c3f8885fd3f8d3
:104dc800885f92f8266066f31f65c3f8885fd3f89a
:104dd8008c5f92f8276066f30705c3f88c5fd3f8f9
:104de8008c5f92f8286066f30f25c3f88c5f92f801
:104df8002960d3f88c5f66f31745c3f88c5f92f887
:104e08002a60d3f88c5f66f31f65c3f88c5f92f84d
:104e18002b60d3f8905f66f30705c3f8905f92f8ac
:104e28002c60d3f8905f66f30f25c3f8905fd3f832
:104e3800905f92f82d6066f31745c3f8905fd3f83a
:104e4800905f92f82e6066f31f65c3f8905fd3f801
:104e5800945f92f82f6066f30705c3f8945f92f8a1
:104e68003050d3f8942f00fb011165f30f22214431
:104e7800c3f8942f897ad3f8942f61f31742c3f8b3
:0c4e8800942f70bd54290120002401412a
:020000040000fa
:020000040102f7
:104e940038b504469df91050013810f1030f6cd851
:104ea400a06800286bd000296bd0172a6bd9a27890
:104eb400002a6ad0012b09d053b990f83830022b5c
:104ec40029d0032b0ad14ff0c0422ae090f83830a1
:104ed400022b22d0032b23d0012b58d190f8393048
:104ee4000bb10a2052e023462d4a002101201df077
:104ef4005aff054600284cd001211df0b7fa294677
:104f0400a0681cf0efff002845d0a368012283f8b5
:104f140039200a203ae0234a03e04ff0c04200e07f
:104f2400204a25b3012d38d190f83c30c3b190f814
:104f3400444094b1836c23f00f0313f1200f94bf0a
:104f4400103b6ff01f03012c13d9806d20f00f006c
:104f540098420ed8a0f110030be06ff01f0308e095
:104f6400204614f059fa082818bf0a200ee04ff022
:104f7400ff330b604a61002008e0022006e00220b3
:104f840004e0022002e0022000e0012038bd0220fb
:104f9400fce70820fae70820f8e70220f6e700bf5c
:084fa4008d15010100000f60f2
:020000040000fa
:020000040102f7
:104fac0070b586b0038801930546414b0093ec2005
:104fbc00012302224c2104f055f9288823f04afde4
:104fcc0000286ed00468e37d012b03d194f8ed30fa
:104fdc00990768d5204622f0b5ff002846d030202e
:104fec0006f0cefcc4f8b4016b880380ab88438018
:104ffc00eb8883802b89c3806b890381ab894381c8
:10500c0094f86d301a0755bf94f8f2306ff3c30360
:10501c0043f0010384f86d3058bf84f8f230064633
:10502c0028f0bcf901281fd97388628fd4f8cc0002
:10503c009a421abf40f2e2415943002126f02bfd5f
:10504c00a4f8a800b4f8a82032b17188b2fbf1f32f
:10505c0001fb1323a4f8a83020461ff0d2fb20b389
:10506c000024204606b070bd0023f3e72868696869
:10507c00aa8902ab03c3a86818609a80204602abc9
:10508c000e22012117f05cfc04460028e8d0094be5
:10509c000093019401230022ff21ec2004f0e2f89c
:1050ac00dfe70224f3e71a24f1e70724efe700bf58
:0850bc00a0790401ba79040196
:020000040000fa
:020000040102f7
:1050c4002de9f04192b01e464b7906930b79059376
:1050d400cb7804938b7803934b7802930b780193ea
:1050e4003a4b009380460c461746012302222021a6
:1050f400ec2004f0bbf828f0a3f900283cd1b8f167
:10510400010f50d033463a462146404615f0f0f898
:1051140000284dd126f0f6ff0546002853d19df80e
:10512400203068f3000360f341038df820302368d6
:10513400cdf82130a388adf825303b68cdf8273071
:105144007b68cdf82b30bb68cdf82f30fb68cdf8e9
:1051540033303368cdf837307368cdf83b30b368fb
:10516400cdf83f3008a8f368cdf8433016f090ff2f
:10517400284612b0bde8f081154d2b68db6f9847c7
:1051840078b92b68d3f88030984750b92b68d3f896
:105194008430984728b92b68d3f88830984700287a
:1051a400add00c2505e0637903f0c003c02ba9d072
:1051b4001225084b0093019501230022ff21ec20c6
:1051c40004f054f8d4e70725f3e700bf6471040141
:0851d4002c290120b6b40401ee
:020000040000fa
:020000040102f7
:1051dc002de9f04104460d4617461e46ddf81880b1
:1051ec0024f028f9b8f1000f06d005f1120304ebf6
:1051fc0083035b68c8f80030631993f85010c9b288
:10520c00022283f85020731e032b08d8dfe803f02a
:10521c00020f151a04eb8505eb6c3b43eb6401297b
:10522c0017d0012426f062fd2046bde8f08104eb86
:10523c008505eb6c0133eb64f1e7123504eb850566
:10524c006f60ece7022946d0123504eb85056f60e0
:10525c00e5e76369a168e2688a60a1685160211d75
:10526c005a688a4204bfe2685a60002262611a6876
:10527c00013a1a60e36a1a4d286801229a400243e7
:10528c002a6003eb830305eb8303db68a3609a6856
:10529c00e26051609960e36a05f1080203eb830157
:1052ac0002eb8102626105eb81029368013393602a
:1052bc0022f0bcff6b68da6ae36a9a420dd24ff0b7
:1052cc00e0234ff08052c3f8042dbff34f8fbff390
:1052dc006f8f0124a6e70024a4e70124a2e700bff6
:0452ec00c81c0120b9
:020000040000fa
:020000040102f7
:1052f00070b5431e13f10a0f5cd800f1080410f0da
:10530000070305d0a3f10902a24253d31030c41af7
:1053100026f0c0fc394b9b68002b52d0002c0adbd6
:1053200084b1364b1e69a6420fd334490b6811e095
:105330004ff4803350e0fdf717fe26f0e0ff002524
:10534000284670bdfdf710fef7e7fdf70dfef4e708
:10535000194613465a68a24202d21a68002af7d1a7
:10536000264a92689a4222d00d6808351a680a6067
:105370005868001b102805d91a1950605c6008682d
:1053800010600a605968761a1c480661c068864237
:105390003cbf1a48c66041f00041596000221a60c3
:1053a000164a536901335361fdf7defdc8e7fdf787
:1053b000dbfdc2e726f06efc104b9b68002bc1d1d1
:1053c00000240f4a12f0070fb2d0d11d21f00701bf
:1053d00002f58032531a0a4608490a6000204860e4
:1053e0001344083b23f007038b6058601860981a39
:1053f00050601360c860086190e700bf1000002093
:045400002c0000205c
:020000040000fa
:020000040102f7
:1054040070b5044686b00e2200210df10a0026f084
:10541400d3fee06d02a9b0f8b030adf8083000f169
:10542400a0024f3006f016fbe16d2046a0311cf0bf
:105434003bfb102028f04cfb054680bb334b00930c
:1054440002460423c521ee2003f010ff102028f0ab
:105454003ffb0546102028f03bfb064605b180bb08
:105464002b4b009300220423c421ee2003f0fefe04
:10547400102028f02dfb054678b11022002126f0db
:105484009bfe0123ab70e06d294600f1d3024f303f
:1054940006f0e0fa284628f01dfb06b070bd032391
:1054a40000f8013b0f22002126f086fee06d29461c
:1054b40000f18f025f3006f0cdfa284628f00afb8f
:1054c400c4e7e26d52f8b23f2b6053686b6000236f
:1054d400ab60eb60e06d324629468f3006f0bafad5
:1054e400e26d337892f8b0104b4082f8b030e26d40
:1054f400737892f8b1104b40284682f8b13028f006
:10550400e9fa304628f0e6fab2e700bfb5650401cf
:04551400cc6504015d
:020000040000fa
:020000040102f7
:1055180000287ad038b50a4604460368002b76d0ae
:105528003c49002a08bf0a46b2eb031f09d2b2eb76
:10553800c30f52d203eb4301914251d900210d46ca
:1055480001e010210025a1fb03c3190400234fea41
:105558000c4041ea1c4120f045fec0f580302e4a3f
:10556800136823f002031360d369002bfcd180b2c7
:10557800294b98816368022b35d027490b6823f0a3
:10558800706323f4604343ea453343f080730b6050
:105598004a68a368e068034322f4015222f0070234
:1055a8001343626813434b601b4ad369002bfcd139
:1055b800194a136843f002031360d369002bfcd126
:1055c800154b5b6803f00703012b144b14bf8022b3
:1055d80040221a631a61012038bd08210225b2e76a
:1055e80003210425afe70c4a136823f0706323f402
:1055f800604343ea453313605168a368e068034396
:1056080021f047010b435360cee70020704700208c
:10561800e2e700bf0090d0030010004050190120bd
:020000040000fa
:020000040102f7
:105628002de9f04fadf50f7d0292036800930f68e6
:10563800dc19872c79dc06460d4604a826f080fb89
:10564800002c5bdd0df1140b4ff0000ce646e24632
:10565800012fb8bf01277b1e0193cdf80c90019b49
:105668005345a8bf5346aaeb030906f1080000eb0f
:10567800890005f1080707eb8307009aa2eb0909df
:105688009945c8bf03f10109b9f1000f31dd4ff0a9
:105698000008414650f8042b57f80439a2fb0323ad
:1056a80012eb0e0243f1000396461ceb03039c46e3
:1056b80048f1000801318945ecd19e46c4464bf8b3
:1056c800042f0af1010a5445c9d1ddf80c9004945d
:1056d80076686d688eab03eb8403a3f5087300212d
:1056e8000120013c53f8042d82b901465cb1a14662
:1056f800f7e77246e6464ff0000ce0e7049454b131
:1057080076686d68e6e70023049304e009b1cdf8f4
:10571800109086ea05040594029904a822f0befdbb
:1057280000200df50f7dbde8f08f4ff0ff30f8e752
:020000040000fa
:020000040102f7
:10573800002800f08480f0b585b0144605462ab1eb
:1057480083681bb15388b3f5d85f01d005b0f0bdad
:105758001679012efad902230df10e02032104f164
:10576800100001f0c3f801230df10902032104f12f
:10577800180001f0bbf89df80930012be6d1072e7f
:10578800e4d1b4f8420027f0a5ff06460028ddd092
:1057980001230df10a02032104f1200001f0a6f80b
:1057a80001230df10b02032104f1280001f09ef8fa
:1057b800012303aa032104f1300001f097f8012323
:1057c8000df10d02032104f1380001f08ff8b4f84f
:1057d80042303246062104f1400001f087f89df876
:1057e8000a30012b03d0304627f078ffaee79df84a
:1057f8000b305a1ed2b2012af5d8a968581e01ebff
:105808000313d3f82471002fedd09df80c30012b31
:10581800e9d19df80d20022a03d0032a01d0012adc
:10582800e1d101eb0011bdf80e300193b4f842301c
:1058380000933346d1f838112846b847d3e7704764
:020000040000fa
:020000040102f7
:105848002de9ff473c4e336890461a7882468946d0
:10585800002a5ad1b8f1000f02d15b78002b54d03e
:10586800402006f08ff80546202006f08bf8074602
:10587800002d5fd000285dd0304c22f0adfe2268ac
:10588800012313773268514613702846202225f0e9
:10589800f9fe20224946a81825f0f4fe2368b8f13d
:1058a800000f1fd0264a9a611b2024f083ffe0b125
:1058b80028f028f801462846fdf77effa8b92846b3
:1058c8001ff0b2fa38461ff0affa122402ab0522d5
:1058d8001c498df80c40012014f03cfe204604b011
:1058e800bde8f08703f11d02dde72368c3e904750d
:1058f80014f02cfc044648b13368002228461a707c
:105908001ff092fa38461ff08ffa0c240e4b0093c2
:10591800022201233421ec2003f0a6fc002cddd068
:105928000a4b0093019401230022fd21ec2003f08f
:105938009bfcd3e70724e9e72c290120242901202f
:1059480054be030101050101c0ca0401807a0401a3
:020000040000fa
:020000040102f7
:1059580038b5324a137813f001045dd143f00103de
:1059680013702f4b2f4a5a6240f2016006f00af872
:105978002d4d286010b90724204638bd2b4b00f563
:10598800c0626a60596a80b260f30f01596299690e
:1059980092b262f30f019961ff204ff4c063ac60cb
:1059a800c5e9033305f0eeff68610028e3d0204b1a
:1059b800c3e900431f4bc3e900431f4bc3e900433e
:1059c8001e4b1b221a801e4b02f22d121a801d4bf1
:1059d8004ff001121a604ff448621a815c601a4b4a
:1059e80018222146184626f0e5fb8268174b02f07c
:1059f800f801174a1c700a4382601649042027f0f0
:105a08008dfc1cf071ff144827f0acfc17f074fff4
:105a1800124b70221a80afe70024ade7dc29012081
:105a28008024012039940201b82601200024014174
:105a3800142801201c28012024280120c029012025
:105a4800c2290120c0270120d0260120dd290120fc
:105a58000101610445470101658904017628012097
:020000040000fa
:020000040102f7
:105a68002de9f04184b004468846019200273e465d
:105a780037e04146204622f0edfb013da56323694e
:105a88002bb926f035f9012004b0bde8f08104f106
:105a9800100005f095fa0028f3d04ff0e0234ff0fe
:105aa8008052c3f8042dbff34f8fbff36f8fe8e721
:105ab80026f01ef90020e7e702a826f0fbf81ae016
:105ac80020460ef077fcfdf74bfa09e020460ef071
:105ad80071fcfdf745fa204625f074fe002844d1f4
:105ae800012723f0a9fca56b002dc2d1019b002b37
:105af800ded0002fe0d026f0fbf826f0c7f823f020
:105b08009bfc94f844305bb2b3f1ff3f08bf84f8c4
:105b1800446094f845305bb2b3f1ff3f08bf84f8a6
:105b2800456026f0e5f801a902a812f08bfa0028d2
:105b3800ccd1204625f046fe0028c1d0019904f1b9
:105b4800240024f08dfa20460ef034fcfdf708fa04
:105b58000028c5d14ff0e0234ff08052c3f8042d40
:0e5b6800bff34f8fbff36f8fbae700208ce7bb
:020000040000fa
:020000040102f7
:025b7600704776
:020000040000fa
:020000040102f7
:105b780038b50446404b1d6872b6bff34f8fbff36c
:105b88006f8f1cf011fb08b962b638bd4ff0e023e7
:105b980006221a619a690ab9374b5a682b46a542f8
:105ba80028bf2346581e3449496801fb00224ff09c
:105bb800e021d1f8041d11f0806f08d04ff0e021ea
:105bc8004ff00074c1f8044d2b494968521a2a490c
:105bd8008968914238bf521a4ff0e0214a61002487
:105be8008c610c6944f001040c6123b1bff34f8f41
:105bf80030bfbff36f8f62b6bff34f8fbff36f8fa6
:105c080072b6bff34f8fbff36f8f4ff0e0210624ba
:105c18000c61096911f4803f1ed0174c61684ff080
:105c2800e0239b690b44013b9b1aa2689a4201d26c
:105c3800994200d24b1e4ff0e02253614ff0e0230f
:105c480000229a6107221a610b4a5268013a5a6186
:105c58001ef028f962b698e74ff0e024a169064ad9
:105c6800526802fb03f3581ab0fbf2f000fb022261
:0c5c7800c91a0a446261e1e7a827012074
:020000040000fa
:020000040102f7
:105c84002de9f04782b000f1ff3c1cf1030f66d808
:105c940004460f4692461d468668002e65d00029ac
:105ca40066d08378002b66d06b1edbb2012b65d8df
:105cb4002121384625f014ff8146202861d896f822
:105cc400a8314ff00008002b4bd123462e4a014641
:105cd40001201df068f88046002842d0012d0ed026
:105ce4004b463a4651460ef0acfb00230a9341461c
:105cf400a0681cf0f7f858b94ff0000831e00a9b8f
:105d04009bb200934b463a46514603f0adfeeee794
:105d1400a368012283f8a821a368002183f8a911ac
:105d2400a36883f8aba1a368a3f8ac11a368c3f874
:105d3400b081a3680b9ac3f8b421a3680c9ac3f882
:105d4400b821a3680a9ac3f8bc21a068942200f57c
:105d5400e07026f031faa36803f5d47801e04ff03f
:105d64000008404602b0bde8f0874ff00008f8e7ad
:105d74004ff00008f5e74ff00008f2e74ff0000895
:0c5d8400efe74ff00008ece7250e0101ee
:020000040000fa
:020000040102f7
:105d9000f0b5d0e96dc715290cbf61463946b0f89a
:105da00058610d894a89b0f85a318c88b1f806e0fb
:105db000b54228bf3546934228bf13460a8894420d
:105dc00028bf14464a88724528bf7246b0f85ee084
:105dd000ae450bd1b0f862e09e4507d1b0f864e063
:105de000a64503d1b0f866e0964555d01a2d27d8c0
:105df0001b2590f8e260a0f86050b0f86050a0f861
:105e00005e50132e20d1acf808501a2c22d81b2437
:105e1000a0f86440447ee40626d5b2f5a47f1dd2e6
:105e20004ff4a472a0f86620827ed20627d5b3f57f
:105e3000a47f2ad24ff4a473a0f862300120f0bdf1
:105e4000b54228bf3546d4e790f8e460132e08bf6a
:105e50003d81dae7fb2c88bffb24d9e7c988914252
:105e6000e0d2b0f85a21dde7b2f5296f02d24ff443
:105e70002962d7e7c9888a4228bf0a46d2e7b3f524
:105e8000296f02d24ff42963d6e7b0f85a219a421b
:0c5e9000d2d2a0f86220d1e70020d0e7b9
:020000040000fa
:020000040102f7
:105e9c002de9f3410446d0f86c0100230193c8b1fd
:105eac0001a9d4f8206125f067fb054690b9d4f818
:105ebc0074310198db68d96821f048fe344b984264
:105ecc0008d824f00ffd06f5a576864202d8314b92
:105edc00984208d91f250127d4f874612eb9284699
:105eec0002b0bde8f0812f46f6e7d6f8108098f89e
:105efc00033043f0100388f80330f368d968002f9f
:105f0c0042d1019821f022fe24f0ecfc224b984265
:105f1c0095bf1e234ff49673b0fbf3f0b0fbf3f078
:105f2c0099bfc0f30c00bc46c0f30c004ff0010c41
:105f3c0098f8032094f852e094f8241012f0010f12
:105f4c0014bf0723012312f0020f18bf06331207e8
:105f5c0044bf0233dbb243440ef03f0eda781871c3
:105f6c006ef3050202f0bf026cf3c712da705a79b5
:105f7c00013922f01f0201f0070142ea102061f3ff
:105f8c00471058713668a9e700208446d0e700bf57
:0c5f9c0038feff7fd47e2500c3bf030049
:020000040000fa
:020000040102f7
:105fa800f0b585b004460e46019200273d4636e01e
:105fb800e5683146204622f04df9e560636a23b969
:105fc80025f096fe012005b0f0bd04f1240004f090
:105fd800f7ff0028f4d04ff0e0234ff08052c3f8c9
:105fe800042dbff34f8fbff36f8fe9e725f080fed5
:105ff8000020e8e702a825f05dfe1ae020460ef032
:10600800d9f9fcf7adff09e020460ef0d3f9fcf70b
:10601800a7ff204625f0d6fb002844d1012723f00e
:106028000bfaa36b002bc3d1019b002bded0002ff2
:10603800e0d025f05dfe25f029fe23f0fdf994f867
:1060480044305bb2b3f1ff3f08bf84f8445094f882
:1060580045305bb2b3f1ff3f08bf84f8455025f0e7
:1060680047fe01a902a811f0edff0028ccd1204677
:1060780025f0a8fb0028c1d0019904f1240023f0e1
:10608800efff20460ef096f9fcf76aff0028c5d10d
:106098004ff0e0234ff08052c3f8042dbff34f8f29
:0a60a800bff36f8fbae700208de709
:020000040000fa
:020000040102f7
:1060b200ffffffffffffffffffffffffffffffffee
:1060c200ffffffffffffffffffffffffffffffffde
:1060d200ffffffffffffffffffffffffffffffffce
:1060e200ff00010203040506070809ffffffffff87
:1060f200ffff0a0b0c0d0e0f1011121314151617b9
:1061020018191a1b1c1d1e1f20212223ffffffff2f
:10611200ffff0a0b0c0d0e0f101112131415161798
:1061220018191a1b1c1d1e1f20212223ffffffff0f
:10613200ffffffffffffffffffffffffffffffff6d
:10614200ffffffffffffffffffffffffffffffff5d
:10615200ffffffffffffffffffffffffffffffff4d
:10616200ffffffffffffffffffffffffffffffff3d
:10617200ffffffffffffffffffffffffffffffff2d
:10618200ffffffffffffffffffffffffffffffff1d
:10619200ffffffffffffffffffffffffffffffff0d
:1061a200fffffffffffffffffffffffffffffffffd
:0a61b200ff000102040703060500c8
:020000040000fa
:020000040102f7
:1061bc0070b506464ff088440025c4f8b050394bf2
:1061cc00c4f8b03003f12b43a3f54b13a3f6ab4348
:1061dc00c4f8b0301ef09cfb236823f4805323607a
:1061ec004ff0ff33c4f8c830c4f8d8304ff6ff7303
:1061fc00c4f8e8304ff4801363612b4b9d6003f5ba
:10620c0000531a881d80294b1d70a3f580631d70e7
:10621c0023f0ecfe20f0f5f9236c03f44053b3f5b6
:10622c00005f34d1224b4ff400421a60002013f06f
:10623c0041fb21f07dff1cf025ff1e4b1a6842f438
:10624c0080521a601a6842f480521a601a6842f43a
:10625c0080721a601a6842f480721a604ff0884398
:10626c001b6c13f0006f04d04ff088434ff00062aa
:10627c005a649eb912f01cff72b6bff34f8fbff376
:10628c006f8fbff34f8f30bfbff36f8f70bd236c19
:10629c0023f4784343f470432364c3e720f08efd6a
:1062ac00e8e700bf556699aa0020004100080040ad
:0862bc007828012000100142c6
:020000040000fa
:020000040102f7
:1062c400dfed397ab4eee70af1ee10fa54dadfedd5
:1062d400377ab4eee70af1ee10fa4fdadfed347aea
:1062e400b4eee70af1ee10fa4adadfed327ab4eef0
:1062f400e70af1ee10fa45dadfed2f7ab4eee70a99
:10630400f1ee10fa40dadfed2d7ab4eee70af1eea1
:1063140010fa3bdadfed2a7ab4eee70af1ee10fa6e
:1063240036dadfed287ab4eee70af1ee10fa31da64
:10633400f3ee0e7ab4eee70af1ee10fa2cdaf2ee8e
:10634400047ab4eee70af1ee10fa27daf0ee087aee
:10635400b4eee70af1ee10fa22daf7ee007ab4eec0
:10636400e70af1ee10fa1ddab5eec00af1ee10fa02
:10637400ccbf0c20002070470020704701207047dc
:10638400022070470320704704207047052070479f
:10639400062070470720704708207047092070477f
:1063a4000a2070470b20704700b090460080e745f4
:1063b400008067450080e7440080674466e60a443d
:0863c400333339433333b9428e
:020000040000fa
:020000040102f7
:1063cc00f8b514460d1e11dd0646114621f064ff8a
:1063dc0067687fb93368b5eb431f73da05f11f03a8
:1063ec005e092268b2eb531f0bd816e0104625f05d
:1063fc00a5fc67e005f11f035e092268b2eb531f91
:10640c002cd9701c04eb80003346002140f8041f8b
:10641c0001339342fad3012f24d06b4205f01f05b0
:10642c0003f01f0358bf5d42c5f120033db104ebdf
:10643c0086064ff0ff32da407368134073602368ae
:10644c00002b3ed09a1c04eb8202013b52f8041d37
:10645c00002935d12360002bf7d132e0012fdcd19c
:10646c00134692b104f1040c002318465cf8047f27
:10647c00f9184942ccf80010002f18bf43f0010363
:10648c0001309042f2d196420ad9013204eb8202d9
:10649c00211d01eb86015b4242f8043f8a42fbd18d
:1064ac002660002363605b1b05f01f0503f01f03d0
:1064bc0058bf5d42c5f12003002db8d12368c1e758
:0864cc0063686360f8bd00bfc6
:020000040000fa
:020000040102f7
:1064d40070b586b0002874d10c463b4b1b78002b5a
:1064e40035d1394b00225a601a77a1b3364d05f1e4
:1064f400180600230a22012105f1ac0016f086fdde
:1065040020681ef0c3fb616829632c46284623f0eb
:10651400effd304608f06afe0023c5f858334ff407
:10652400006027f0d9f8a862d0b100904ff400635e
:106534000193254e002386f8243068461af086f924
:10654400306290b9ff2272704ff0ff3400e01e4cad
:10655400204606b070bdff225a704ff0ff34f7e7b3
:10656400ff226a704ff0ff34f2e7184b0293184b86
:1065740003934ff4b863049301238df8143002a9f4
:1065840003f0f0fd28b9104bff225a704ff0ff348e
:10659400dee70d4e2a460f49306a17f00bfd4ff027
:1065a400ff337363002386f83830c6f86c33c6f8bb
:1065b400703301223270b370727006f11803b36045
:1065c400c6e74ff0ff34c3e7d8150120ddd6040138
:0865d400e5d6040125330401a2
:020000040000fa
:020000040102f7
:1065dc002de9f0430578012d85b0044656d05db108
:1065ec00032d64d0394b1b681b68002b42d020460e
:1065fc0005b0bde8f04318478578002df2d1334b38
:10660c001f68984607f1100353f825605ffa85f967
:10661c009ebb0c2027f058fa2a1d47f82200d8f808
:10662c00003053f82230a3b11e609e605e60d8f833
:10663c00003003eb850540212b6919812969012361
:10664c00cb71296981f80290d8f8001051f822100a
:10665c008b72d8f8003053f8223093b92378029318
:10666c00a38801931a4b0093002204235321ee209c
:10667c0002f0f8fd05b0bde8f0830135082dc3d15b
:10668c00ece7a2881a80a279da70abe7468830462c
:10669c0020f070f9024630b90e4b0093cde901653c
:1066ac0004235421e3e7807821f004ff9ae746881d
:1066bc00304620f05ff902460028edd0237913b95b
:1066cc000123c3728ee70023fbe700bf942801204f
:0866dc00e4b1030115b2030152
:020000040000fa
:020000040102f7
:1066e4002de9f04786b081460e46174622f0b6f9ea
:1066f400002871d00468d4f84431002b6ed00021f6
:1067040020461ef02ffcd4f84431804616b11a56a8
:106714007e2a07d0002f53d003eb080292f90420fd
:106724007e2a4dd1204621f011fc00283ad0d4f81d
:1067340044311a7c66f300021a74d4f844311a7c8a
:1067440067f341021a74d4f84421012303fa08f3cd
:10675400d375d4f8443100251d7641462046d4f83b
:1067640044a124f095fe8af81900204627f0c6f9c2
:106774001b4b0093cde90267cdf80490012302225c
:106784005421ec2002f072fd45b1164b00930195a3
:1067940001230022fd21ec2002f068fd284606b00a
:1067a400bde8f08705ab042207212046adf814901c
:1067b4008df816608df8177016f0c6f80546d7e701
:1067c4001a7c66f300021a74d4f844311a7c67f315
:1067d40041021a740025cbe70225c9e71a25c7e749
:0867e4003c3c0401786504014e
:020000040000fa
:020000040102f7
:1067ec0070b586b006460d4621f0f4fe782027f0f1
:1067fc006bf9044600286fd07822002125f0d8fcd4
:10680c003146282204f1500024f03aff236ea66e84
:10681c00646103f59c72636e03f59c7340f2712105
:10682c005b00b3fbf1f36362e36d5b0a0036e3617b
:10683c004fea4202b2fbf1f2226218bf012622f0ab
:10684c00b9ff94f85030cde90360002b3ad194f89d
:10685c005130cde90143214b009302231a467e218e
:10686c00ec2002f0fffc94f85030012b09d1782079
:10687c0027f02af9064620b17822002125f098fc51
:10688c002661637843f008036370236c03f0f8030c
:10689c0043f4802323640023c4e902336364236f2d
:1068ac001b7a042b03d04bb994f8503033b90c4bf2
:1068bc001a6892f84232013382f842322c6000207e
:1068cc0006b070bd94f85130cde90143054b0093ef
:1068dc0002231a467f21c3e70720f1e74870030122
:0868ec00382901208670030128
:020000040000fa
:020000040102f7
:1068f400002a64d02de9f04182b005460e461c46bc
:1069040017461a460021384625f056fc002d58d06b
:1069140095f80080404624f0fffb90b3b8f1020fd5
:1069240022d00020042e51d06a88531e696819446d
:106934003b46acb1002a46d0013103eb020ca6461b
:1069440011f8012d03f8012bbef1010e06d06345a9
:10695400f6d1e6440cf8010be645fbd1042e3cd0fd
:10696400204602b0bde8f0816b68187840f3c0108f
:10697400c0b2d7e7019b1a0c3a807b80f0e7002075
:10698400efe7a8f105085ffa88f8b8f1010f04d918
:106994006b88a3420cd00020e3e76a88a24201d9a5
:1069a4000020dee76968384624f06efe6888d8e780
:1069b40022466968384624f067fe2046d1e7002065
:1069c40070470020cde79c46a646c2e76a88531e5e
:1069d4006968194401ab002cacd12b78042bc9d0c5
:1069e400019bb3f5803fcad23b804ff6ff737b8097
:0469f400b6e700bf43
:020000040000fa
:020000040102f7
:1069f80070b53f4c4ff419720021206825f0dafb7e
:106a08002368002203f5c071c3f88021c3f88411fc
:106a18000c26154606fb02f123685d502368d3f85f
:106a280084010b440132586003602368202a19440a
:106a3800c3f88411eed103f5c47103f5f870002290
:106a4800c1e9002108318842fad103f50371c3f87e
:106a5800101203f50871c3f8241203f50571c3f881
:106a6800181203f50a71c3e97c20c3f80c22c3f895
:106a78002022c3f81422c3f8282283f84022c3f83e
:106a88002c1223f077ff2368c0f307104ff49662a7
:106a9800b2fbf0f2a832a3f838224ff4c872b2fb66
:106aa800f0f2a3f830224ff4a072b2fbf0f2a3f890
:106ab8003422a3f83c224ff4f062b2fbf0f2a83281
:106ac800a3f83a224ff48262b2fbf0f2a3f8322222
:106ad8004ff45272b2fbf0f2a3f836224ff47a72f6
:106ae800b2fbf0f00122a3f83e0283f84c2270bdfd
:046af8003829012018
:020000040000fa
:020000040102f7
:106afc0030b5c16d4b78042b89b004460fd101f52c
:106b0c00c07116f0f8f92046fbf74cfb2046f6f75f
:106b1c00c5f8002211462046eef73afa41e0012b67
:106b2c0004d101f5c07116f0e6f9efe7022b47d15d
:106b3c0091f82630132b41d8896ad94001f0010114
:106b4c0041f0800104f0a4fae56d102205f5d8712e
:106b5c0005f5d07022f0dafa58bb05f5c071204665
:106b6c0016f0c9f9e36d93f82630122b1bd82021af
:106b7c0068460ef0fbfae56d6b4603cb05f5c0726b
:106b8c00c5f88001516003cb9060d160e26d92f842
:106b9c002630013382f82630e36d01229a700523ea
:106bac00a37009b030bd2046f6f778f8e26d6f326d
:106bbc00b0e7042120460cf001fcf2e70121fae7d2
:106bcc00032beed101f5c07116f095f92046f6f7be
:106bdc0065f8e36d93f8e51019b1054a12689168f0
:106bec0040319a78002a96d003f16f0293e700bfe8
:046bfc00402901200b
:020000040000fa
:020000040102f7
:106c00002de9f04190f857300446b3b13a4dc66dc6
:106c1000d5f8008098f8043033b94022374906f19e
:106c2000eb0022f079fa40b104f11207eb36202292
:106c30003146384622f070fa28b90a212046bde8cc
:106c4000f0410cf0c1bb98f80310304626f02cff41
:106c50000328f2d008b10821f0e72b6883f8280058
:106c6000e27852bbe16d4a78022a12d11b78022bde
:106c700004d12046bde8f0411af026b9042b03d117
:106c800091f8e430022bf4d12046bde8f04122f027
:106c9000ccb9032a0dd15b7923b12046bde8f04180
:106ca00022f0b2b9204601f5e071bde8f04116f0de
:106cb00028b90523a370bde8f081394620461af0b3
:106cc00019fbe36d5b78012b01d0042b0bd120461f
:106cd000002104f0e3f9e16d204601f5b871bde84b
:106ce000f04114f04dba032be3d12b685b79002bf4
:106cf000d3d10623dee700bf40290120302a04015a
:020000040000fa
:020000040102f7
:106d0000037813f03f0278d04a1e062a73d8dfe8d2
:106d100002f00a04111b2a3d5500427812f0010fbf
:106d20000cbf0121072103f03f038b4265d90131dc
:106d300008447047427812f0010f0cbf012107216f
:106d40009207f0d50631eee7427812f0010f14bf3a
:106d50000721012112f0020f18bf06311207e2d5f8
:106d60000231c9b2dfe7427812f0010f14bf0721e8
:106d7000012112f0020f18bf063112f0080f1cbfdc
:106d80000231c9b2d206ced50331eae7427812f019
:106d9000010f14bf0721012112f0020f18bf0631a5
:106da00012f0080f1cbf0231c9b212f0100f1cbf45
:106db0000331c9b29206b6d51231d2e7427812f049
:106dc000010f08bf012112f0020f1cbf0631c9b22a
:106dd00012f0080f1cbf0231c9b212f0100f1cbf15
:106de0000331c9b212f0200f1cbf1231c9b25206d2
:0e6df00099d50131b5e7002195e700207047e5
:020000040000fa
:020000040102f7
:026dfe007047dc
:020000040000fa
:020000040102f7
:106e00002de9f04782b01546421e12f1030f61d8fa
:106e100004468a461e468768002f5dd0002d5dd04f
:106e20008378002b5cd0284624f03cfc81466eb36e
:106e300097f86032032b57d023462f4a014605208e
:106e40001bf0b3ff8046002850d0002211460bf003
:106e500079f933683bbba36893f86022052a2fd0e9
:106e600053464a462946404616f026fe4146a0684b
:106e70001bf03af800283dd0a3680a9ac3f8c02254
:106e8000a3680b9ac3f8c42200202ae023461a4aba
:106e9000014603201bf089ff804648b300221146bb
:106ea0000bf050f9d7e70022009203220b21404655
:106eb00018f05cfc01220b2140460bf043f9cae7b5
:106ec00093f8fc32002bcbd00122262140460bf058
:106ed00039f9c5e7022004e0022002e0022000e0c8
:106ee000012002b0bde8f0870220fae70820f8e7a9
:0c6ef0000820f6e70820f4e769f9020129
:020000040000fa
:020000040102f7
:106efc00431e13f1030f69d870b582b00446836842
:106f0c00002b65d08078002864d093f85c3213f0a5
:106f1c00020062d113f0010f1ed0a1b1c3f3c00364
:106f2c000b70a36893f85c32c3f300134b70a36827
:106f3c0093f85c32c3f340138b70a36893f85c3204
:106f4c00c3f38013cb70002a45d0a36893f85c324e
:106f5c00c3f3800313703ee02346234a002105202f
:106f6c001bf01dff0646002839d0002500952b4646
:106f7c002a461f2123f044f900952b462a4620214e
:106f8c00304623f03df900952b462a462121304608
:106f9c0023f036f900952b462a462221304623f061
:106fac002ff900952b462a461e21304623f028f94e
:106fbc003146a0681af092ff98b1a26892f85c3240
:106fcc0043f0020382f85c320a2004e0022070478e
:106fdc00022000e0012002b070bd0a20fbe708206f
:0c6fec00f9e70820f7e700bfd53b0101e2
:020000040000fa
:020000040102f7
:106ff80038b590f84730012b1ebf426940f2712323
:107008005343d0f87c2108bf00230446c0f8303130
:10701800002a3dd142f21073c4f83431314a0021bc
:1070280020460bf0bbf9d4f87c315bb394f81931e6
:1070380043bbd4f82051d4f8383194f82320d4f83d
:107048003011e818002a41d0a1f5a5731b1a5b0876
:1070580003f5a57301fb02521a440344cb1ac4f882
:107068004c31c4f8482101211f4a20460bf096f9fb
:10707800d4e95a1026f052fdd4f87c3113b194f8b3
:1070880019312bb3d4f86801bde83840fcf77abe53
:1070980090f81921002abdd194f82310d0f82021a6
:1070a800d0f8380179b102449b1aa3f5a5735b089f
:1070b800b3fbf1f342f210729342d4bfc4f83431f7
:1070c800c4f83421aae742f21073f3e71346bfe786
:1070d800d4e95a0126f024fdd4f86c01fcf752fedd
:0c70e800d0e700bffdfe00014dbf01011c
:020000040000fa
:020000040102f7
:1070f4009a4271d02de9f04f83b01468002c6eddf4
:10710400071d0e1d1d1d02f10408c246a9460024d8
:10711400a6462046a446cdf800800195a04600bfaf
:1071240057f8041f002556f804bf11eb0b0145eb7b
:10713400050b11eb0c0148eb0b0b49f8041f11eb89
:107144000e0c40f100005af8041fbceb010160f181
:107154000000dc46a8468646c01701341168a142e7
:10716400dedcddf80080019d1ceb0e0c40f100001c
:107174006fea000c4feadc7c002930dd0020014678
:107184008646814655f8044f58f8047fbcf1000f39
:1071940008bf0027e41b6eeb0e06641a66eb0906b3
:1071a4002c6006f00101f146074601301468844260
:1071b400e8dc186000225a6058b1fa1c03eb820222
:1071c400013852f8041d19b918600028f8d100e0fc
:1071d400002003b0bde8f08f4ff0ff30704700206f
:0871e40018605860f5e700bfd8
:020000040000fa
:020000040102f7
:1071ec000000000071c804010100000071c8040116
:1071fc000200000071c804010500000075da0201ec
:10720c000600000075da02010700000071c80401d5
:10721c000800000071c804011300000071c80401cb
:10722c000900000071c804010a00000091c80401a3
:10723c000b00000081c804010c00000071c804019f
:10724c000d00000071c804010e00000075da020187
:10725c000f00000075da020110000000b1c8040133
:10726c001100000071c804012000000071c8040165
:10727c001200000071c804011400000071c8040160
:10728c0015000000c1c8040116000000b1c80401bb
:10729c0017000000d1c8040118000000d1c8040177
:1072ac0019000000d1c804011a000000b1c8040183
:1072bc001b000000c1c804011c00000071c80401bf
:1072cc001f000000a1c804011d00000071c80401ca
:0872dc001e00000071c804014e
:020000040000fa
:020000040102f7
:1072e400f8b5144618b911b100263046f8bd324a33
:1072f400324d10602960324a324e3348002b44d15b
:10730400324933700f6817608f888979978091713b
:10731400032303702e4b0b221a7018f0c7fb20f0c6
:10732400edfad4e9000116f0e9ff04f0c1f80646cd
:107334000028d9d0274b4022c3f88420bff34f8fb5
:10734400bff36f8fa02183f82613c3f884215a60fa
:107354002a6862b98022c3f88420bff34f8fbff339
:107364006f8fc02183f82713c3f884215a6003f078
:1073740039fb1df01df8204612f05cf9237bdb0776
:10738400b3d4bde8f8401bf091bb5978c9074bbf93
:1073940019460e4951f8027f0f6817608f8897804d
:1073a400897991715a7812f0020218bf93f9092071
:1073b40032701b78ade700bfbc280120b82801203b
:1073c40044280120d0290120c92501204cd90401d9
:0873d4007528012000e100e032
:020000040000fa
:020000040102f7
:1073dc002de9f041374c94f90420824209d094f9fc
:1073ec000230834203db94f90330834203dd9a427b
:1073fc0002d1bde8f08103462f4f217c3e789b1bc8
:10740c00deb2a37901f0010853ea080872b21dd06c
:10741c00012b2a4b17d11344d11c29499a7eacbf9e
:10742c00002001200870657c05f00703a58945ea5a
:10743c00832515433b781e44267129466220bde8fe
:10744c00f0411df0c9b813445a7eece71d4b94f97a
:10745c0011001344042a93f81dc014dd2289c1f3d2
:10746c00420342ea8323002843ea0c05e2db6389ea
:10747c00090943ea410108201df0aef8637c43f092
:10748c0080036374d6e7617ca38901f0070543eaa6
:10749c008523002843ea0c05ccdae389c1f3c30148
:1074ac0043ea410108201df097f8637c68f3c71389
:1074bc00e7e700bf00270120c82901207a620401f8
:0874cc00e0290120087304010e
:020000040000fa
:020000040102f7
:1074d4002de9f0470746894615469846384a1378f9
:1074e40043f001031370137823f002031370002395
:1074f400136013711378012161f3840313705378bb
:1075040061f383035370d0f8f430182b3dd0202b53
:1075140048d0102b09d1537823f00303537090f80b
:10752400893123f0030380f889313946384619f04c
:10753400f1ff234a137843f00203137007f1f80aaa
:10754400504621f0abff5fea18160ad009eb061685
:107554004c462146284611f087fe10351034a642c9
:10756400f7d1a8f1100809eb080359f80800596885
:107574009a68db68c7f8f800caf80410caf808204b
:10758400caf80c300020bde8f0870d494b78012281
:1075940062f301034b7090f8893162f3010380f8c0
:1075a4008931c2e706494b78022262f301034b702a
:1075b40090f8893162f3010380f88931b5e700bf9f
:0475c400000400427d
:020000040000fa
:020000040102f7
:1075c8002de9f04707460c4691469846384d2b78ea
:1075d80043f001032b702b7823f002032b70002259
:1075e8002a602a712b78012161f384032b706b7850
:1075f80062f383036b70d0f8f430182b3dd0202b46
:1076080048d0102b09d16b7823f003036b7090f8e6
:10761800893123f0030380f889313946384619f057
:1076280077ff234a137843f00203137007f1f80a2f
:10763800504621f031ff5fea18160ad004eb06160f
:107648004d462146284611f00dfe10351034a6424d
:10765800f7d1a8f1100809eb080359f80800596890
:107668009a68db68c7f8f800caf80410caf8082056
:10767800caf80c300020bde8f0870d494b7801228c
:1076880062f301034b7090f8893162f3010380f8cb
:107698008931c2e706494b78022262f301034b7035
:1076a80090f8893162f3010380f88931b5e700bfaa
:0476b8000004004288
:020000040000fa
:020000040102f7
:1076bc00f8b5c8b11646054601291bd8d2b9002920
:1076cc005bd003680021c1808b4256db334901f04b
:1076dc0000441c438c4203d301f188039c420fd31a
:1076ec002023eb80012645e02d4b0e221a604ff033
:1076fc00ff3642e02a4b16221a604ff0ff363ce070
:10770c0020461ff0d9fb002839d0b5f9047017f0ca
:10771c00010f0bd0237813f0020f36d020460ff058
:10772c006fff18b1eb8843f00103eb8017f0040fe7
:10773c000dd0237813f0040f09d0b4f86620b4f8f8
:10774c0064309a4203ddeb8843f00403eb80eb8852
:10775c00b4f87e2013431bb2eb80b4f87e2012f0f9
:10776c00080f03d007f005073b43eb80b5f9063053
:10777c00002bb7d1204623f0e3fc3046f8bd084b74
:10778c000e221a604ff0ff36f7e7b4f85030002b9a
:10779c00ccd0eb8843f00103eb80c7e780200120bd
:0477ac00b4290120db
:020000040000fa
:020000040102f7
:1077b0002de9f74f2f4f304c3e78dff8e490b51e9f
:1077c000edb205f102084fea081ccde90023acf147
:1077d0002003234483468a460fcb04eb0c0e8ee82d
:1077e0000f000cf1100eacf1100ca4449ce80f003b
:1077f000a6448ee80f00b11c204826f06ff93b78b4
:1078000048460222023300f8012b414604eb0515dd
:107810003b7026f063f909f1030042f6042126f0db
:107820005df9174a174bab60174beb60c5e90029b0
:10783000164d5946284626f051f95146a81c26f007
:107840004df90099281d26f049f9013e0199a81d1e
:1078500026f044f9f6b20e4b3a7804eb0614c4e96c
:1078600000350c4ba3600c4be3600c4bda8103b08a
:10787000bde8f08f55090120b01e012057280120d6
:10788000bcdb040188db040105000001f4270120b2
:107890007bdb040190db04010800000118270120b4
:0478a0006528012036
:020000040000fa
:020000040102f7
:1078a4002de9f04194b080460e4621f0d7f8002827
:1078b40068d00568d5f84431741ee7b2002b63d054
:1078c4003b4493f904207e2a3ed1284620f03efb17
:1078d40070b3d5f844311a7c42f004021a74d5f816
:1078e40044210123a340d375d5f8443100241c76e8
:1078f40039462846d5f8446123f0cafd70762846f7
:1079040026f0faf8214b0093022201235321ec20a4
:1079140001f0acfc44b11e4b0093019401230022fe
:10792400fd21ec2001f0a2fc204614b0bde8f0815a
:1079340002ab032206212846adf808808df80a60c0
:1079440015f002f80446dde7002441f22102adf807
:1079540008208df80c402a88adf80e2002228df8fc
:1079640010208df8116093f904208df812201b7bf0
:107974008df81440c3f3010302a88df813301df0f1
:1079840025fbbfe70224bde71a24bbe702ab0401d1
:04799400786504010d
:020000040000fa
:020000040102f7
:1079980030b5044685b00d46b1bb90f8e23001938e
:1079a800354b0093ec2001230222132101f05cfceb
:1079b80094f8e230d4f8b401032b18bf84f8e250ed
:1079c800002584f8e35018b11df02efac4f8b4511c
:1079d800208821f041f894f8e630032b05462cd195
:1079e80094f8e7102046e3f75df830b3002384f8f5
:1079f800e630d4f8a83133b303ab04221f4903950a
:107a0800032012f0a7fd1ce00129e1d190f8e43031
:107a180001931b4b0093ec200b460222132101f02b
:107a280023fcd4f8b8010025a4f8e4500028cfd0ee
:107a38001df0faf9c4f8b851cae794f8e630002bfb
:107a4800d7d005b030bd94f86e309b07f9d594f8bf
:107a5800e350002df5d11221204622f0c2f900286a
:107a6800efd094f86e3065f3410384f86e30042348
:107a780084f8e230e5e700bf08f5030107060101d5
:047a88002ef50301d3
:020000040000fa
:020000040102f7
:107a8c0038b5046816f02efea36f002543f4c073be
:107a9c00a36729462046c4f89850a5751cf002f936
:107aac002d4b218e1a6861f30f021a601a68618ed1
:107abc0061f31f421a60294a136843f001031360f3
:107acc00274b94f834101a6861f30f221a60b4f83b
:107adc0035101a6861f31f421a60a17e607e0bf0ac
:107aec0045fd204b022158691cf0cafd24f0f2ff21
:107afc001d4b01881a6861f30f021a609a6881881d
:107b0c0061f30f029a60204610f0c2f8607e1af002
:107b1c001bf9a17e012021f0b5fa617e022021f033
:107b2c00b1fa294620461bf013fad4f8443173b14c
:107b3c0018567e280bd0fff74bfc94f92c0022f042
:107b4c0033ff0a4a938f43f08003938738bd084b69
:107b5c0093f90100efe700bf60340141303401417b
:107b6c005c340141e82601204834014100240141e4
:047b7c0000270120bd
:020000040000fa
:020000040102f7
:107b8000002966d070b50d46002865d1344823f031
:107b9000b1f9012802d04ff0ff305fe02b68314c83
:107ba000c4f8a430db689847c4f8ac000026410f45
:107bb000c3001b1a61f100014a0142ead3624fea95
:107bc000431c13eb0c0341eb02011818264a4ff03b
:107bd000000341f100011ef009fb0230c4f8c000af
:107be00095f9043084f8a830c4f8b0604ff6ff73fc
:107bf000c4f8b83047f6ff73c4f8bc300022002345
:107c0000c4e93223c4f8d46084f8d060d4f8a43036
:107c10001b68314615489847d4f8a4301b6913b146
:107c2000b4f8b80098470f4cd4f8bc00d4f8a4308e
:107c30005b6980b29847d4f8a4305b689847a0226b
:107c40000021204624f0bafa2046022300f8a03f83
:107c500004e04ff0ff3070474ff0ff3070bd00bfc1
:107c6000a81e0120d01d01200090d003ad98020174
:020000040000fa
:020000040102f7
:107c7000f8b504461646eff311854ff0200383f361
:107c80001188bff36f8fbff34f8f421892f85030b7
:107c9000dbb2022082f8500004eb8101c86c013095
:107ca000c864012b02d085f31188f8bd2b4bd3f8a3
:107cb000f430002b3ed16369a168e2688a60a16854
:107cc0005160201d5a68824204bfe2685a60002257
:107cd00062611a68013a1a60e26a204b1f6801214a
:107ce00091403943196002eb820203eb8202d268b1
:107cf000a2609168e16048609060e26a03f1080167
:107d000002eb820001eb8001616103eb80018b6873
:107d100001338b6020f090fa104b5b68e26adb6afb
:107d20009a42c0d90eb1012333600c4b0122c3f833
:107d30000021b8e7094bd3f8d820e26190682062af
:107d400004f118014160916003f1d402a262d3f8fa
:107d5000d4200132c3f8d420dee700bfc81c0120c4
:020000040000fa
:020000040102f7
:107d60002de9f04700284cd016461d460446036a0c
:107d7000002b4dd0d0f81080b8f1000f48d0ebb2f6
:107d8000c3f1000909f0030909eb050707f1040a2b
:107d9000c28a52453cd388f8001088f801902a0a1c
:107da00088f8022088f8033076b1084623f0b6f947
:107db000002836d073193db108f1030213f8011df4
:107dc00002f8011f9e42f9d1b9f1000f30d12369a9
:107dd00053442361bab2e38a043b9b1ae382216acb
:107de0004b7901334b71e1698b8804331a448a80e3
:107df000237b04eb8304636a1f440437676201201a
:107e00000de0104b1b68d3b10f489847002006e0e7
:107e10000c4b1b680bb10d48984700202061bde852
:107e2000f0872a46314608f1040023f02ffccbe707
:107e3000281d4a460021404424f0c0f9c7e700202d
:107e4000ede700bf1821012074470001044800013c
:020000040000fa
:020000040102f7
:107e500000f1ff3c1cf1030f5dd82de9f04383b026
:107e600004460e4617461d468368002b55d0002950
:107e700055d0284620f061f9814655b1431edbb24a
:107e8000012b50d8a36803eb001393f82031002b8b
:107e90004bd04121304623f025fe8046431e3f2b28
:107ea00045d83fb940f25b7242f2b323002d14bfb4
:107eb00017461f46a378002b3bd0a36893f868327f
:107ec000012b01d008202be023461c4a4146032009
:107ed0001af06bff054670b3cdf8008033460522db
:107ee000012122f031f9002600963b46022211467c
:107ef000284622f029f900964b46022207212846ff
:107f000022f022f92946a06819f0eeff80f0010066
:107f1000c000c0b204e002207047022000e002204e
:107f200003b0bde8f0830220fae70220f8e7022060
:107f3000f6e70120f4e70820f2e700bf69f9020143
:020000040000fa
:020000040102f7
:107f4000f0b585b013780193364b009305460423b2
:107f5000ee200f4616465021022201f089f92846ec
:107f60001ef00efd044658b92f4b009302460195b2
:107f700004235221ee2001f07bf9002005b0f0bd72
:107f800003a902a8039624f00bff03a90df1090031
:107f900024f006ff03a90df10a0023f0d2fcbdf87e
:107fa0000a203b1f9a4213d0062025f093fd01467c
:107fb00038b107230370002345808380062025f015
:107fc00018fb00231a46194628460bf04df8d4e753
:107fd0009df80930a3719df80830013bdab2192ae7
:107fe00014d9062025f076fd014638b10723037029
:107ff000002345808380062025f0fbfa00231a46e3
:10800000194628460bf030f80120b7e7074a52f826
:10801000233023b13246394628469847f4e71846bc
:10802000ace700bfd82f0401ef2f0401449d0301ea
:020000040000fa
:020000040102f7
:1080300010b588b00023052904468df8033045d1da
:10804000013202a901a8029223f07bfc0df1060087
:1080500002a923f076fc204619f0e3f8002838d175
:1080600004aa03a9bdf804001df078fd00284bd038
:10807000049b5b68d3e90112107824f049fc039a51
:108080000346d27b2088012107f016fb80b200bb9b
:108090000399bdf806208b681b88934236d38b7bef
:1080a00013f0020f28d02388adf81830bdf8043043
:1080b0000591adf81a300df103010c2305a8adf8b8
:1080c0001c208df81e3011f0a5fe02e0adf8043042
:1080d00004209df803306bb9d0b9039bbdf806109e
:1080e0009a6858681288521a0d23014492b22046a9
:1080f00014f018fb08b010bd9b06ead5bdf80420ab
:1081000020461ef053fce4e70120e2e70720e0e709
:10811000c3b2bdf804200c21204609f013fde9e7a5
:020000040000fa
:020000040102f7
:108120002de9f04106460f4600200c2120f039ffd2
:10813000d6e96d3496f8e4200546112a18bf1c468e
:10814000002839d00023f90703733dd56288082a37
:108150009abf02f1ff33dbb208232373b6f8a830cd
:10816000e38122826368c4f81230ba0704d594f818
:108170002010638b11bb2382237b6b73e389eb811c
:10818000238a2b82638a6b82a38aab8223f062ffed
:108190000746002837d000234ff001080c34c37184
:1081a000014680f80580c460304625f0a7fb3046c4
:1081b000294609f075f84046bde8f081b3fbf1f2bd
:1081c00001fb12329b1ad6e7628b082a9abf02f192
:1081d000ff33dbb2082323737b0711d5a18c4ff645
:1081e000ff73994206d10123e381e3692282c4f837
:1081f0001230c1e7b6f8a830002b08bf0b46f3e7f2
:10820000b6f8a830f0e7284625f02afa3846d3e732
:020000040000fa
:020000040102f7
:1082100030b50179334b002934d0012948d01a6890
:1082200042f080021a60304a11686ff30f0111604a
:1082300011686ff31f4111602c490c686ff304043f
:108240000c601c6844f040041c601c686506fcd48b
:108250001c686400fcd5d0f8054014600a68407ab8
:1082600060f304020a601a6842f040021a601a6859
:108270005106fcd41a685200fcd51d4b1868c0f397
:10828000054030bd1b4a0588146865f30f0414606f
:108290001468458865f31f4414601a6861f34d3211
:1082a0001a60134a4489116864f30f011160b6e73c
:1082b000114a0488116864f31f41116051684488b1
:1082c00064f30f015160516841f4e02151601a6874
:1082d00042f400521a60094a4489116864f31f414c
:1082e000e4e700bf54340141583401415c3401419a
:1082f000b03401416034014154360141bc34014184
:020000040000fa
:020000040102f7
:10830000002873d030b5a9b01446054662b1528832
:108310002179836843b104f11000b2f5a06f05d054
:1083200040f201539a423ad029b030bd0329fbd123
:1083300001230df10b020221fef7dcfa802308aacb
:10834000052104f11800fef7d5fa0028ecd094f8c6
:108350002030082b0bd0092be6d110230deb0302a4
:10836000092104f12000fef7c5fa022307e00423e7
:1083700004aa082104f12000fef7bcfa01238df8bd
:108380000c30ab68d3f83c43002ccdd003ab00934a
:1083900008ab9df80b2000212846a047c4e703291d
:1083a000c2d1022303aa0121fef7a4fa01230df191
:1083b0000b02022104f11800fef79cfa802308aaa0
:1083c000052104f12000fef795faab68d3f83c4391
:1083d000002ca9d00022c3f83c23009208ab9df8e2
:0e83e0000b20bdf80c102846a0479de7704703
:020000040000fa
:020000040102f7
:0283ee007047d6
:020000040000fa
:020000040102f7
:1083f00007286bd870b50d4600f500563046e1f7fa
:108400003ffa002864d03046e1f75dfa08b9012050
:108410005fe0344608342046e1f732fac8b120461e
:10842000e1f751fa08b9012053e02a4c0fccc5f806
:108430001700c5f81b10c5f81f20c5f823302068a9
:10844000c5f82700a288a379a5f82b2085f82d3040
:108450000ce00023c5f81730c5f81b30c5f81f30f5
:10846000c5f82330c5f82730c5f82a301a4c04f176
:1084700024060fce28606960aa60eb60306828612e
:10848000b288b379aa82ab75d4f83b20d4f83f30d8
:10849000d4f84300d4f84710c5f82e20c5f8323080
:1084a000c5f83600c5f83a10d4f84b20d4f84f3050
:1084b000c5f83e20c5f84230b4f8532094f8553042
:1084c000a5f8462085f84830002002e003207047d8
:0c84d000032070bd302201202c2201206e
:020000040000fa
:020000040102f7
:1084dc00f8b50446042928bf04210d4620f0aaff54
:1084ec007cb1636c9d4235d00ed9324a5268a2429f
:1084fc0033d0304a5268d76aaf422cbf00270127cd
:10850c0008e02c4b5c68ece72a4a5768a74214bf7a
:10851c0000270127e66ab34201d0b54200d9e562d3
:10852c006564a369002ba4bfc5f10505a56106eb25
:10853c008602214b03eb820362699a420fd04fb142
:10854c004ff0e0234ff08052c3f8042dbff34f8f50
:10855c00bff36f8f23f0cafbf8bd0027dae7251da8
:10856c00284620f05efb30b912490b680122b2405c
:10857c0023ea02030b60e26a0e4b1868012191405a
:10858c000143196002eb820203eb8202d268a26003
:10859c009168e1604d609560e26a03f1080102ebbd
:1085ac00820001eb8001616103eb80018b68013378
:0c85bc008b60c4e7c81c0120d01c01200b
:020000040000fa
:020000040102f7
:1085c80030b50388132bc3b0044620d041f20a0209
:1085d80093422cd0052b45d10579002d42d1c08876
:1085e8001df000fb58b12f4bc5701a681378013b7a
:1085f800dbb213701bb11821b1fbf3f35370e088a1
:108608001ff052f908282dd01df004fb2ae0c0887d
:108618001df0e8fa30b3227a83789b1a214adbb23c
:108628001268837052789a421cd843b030bd0379df
:10863800c3b91c4a126802f16f0100bf11f8230088
:1086480040bb02eb8303e188a3f86c104ff4807100
:10865800a3f86e1013780133dbb213701821b1fb45
:10866800f3f353702188104a002300bf32f8230027
:10867800884213d102eb8303211d9b788df80430c7
:10868800442202a822f0feff064b1b6801a85b6883
:108698009847cae70133082bd0d1e3e70133202bf1
:0c86a800e4d1c2e7a4280120305d0301ea
:020000040000fa
:020000040102f7
:1086b4002de9f04782b01f46431e13f1030f55d82e
:1086c40004460d4616468368002b51d0002a51d02b
:1086d4004a1ed2b2012a4fd803eb011393f820317a
:1086e400002b4dd02121304623f0faf98046202872
:1086f40048d857b12121384623f0f2f98146202881
:1087040042d8a37823b9012037e04ff00009f8e7f5
:1087140023461f4a402102201af045fb8246a8b393
:10872400cdf80480009605230322294610f046f96b
:108734008fb1cdf8049000970523042229465046b2
:1087440010f03cf95146a06819f0ccfb80f0010010
:10875400c000c0b211e0002301930e4b0093052327
:1087640004222946504610f029f9ebe7022004e0e0
:10877400022002e0022000e0022002b0bde8f087ff
:108784000220fae70220f8e70220f6e70820f4e7df
:0887940029d30101b84c0001da
:020000040000fa
:020000040102f7
:10879c007fb5304a304800231446c158d1500433b9
:1087ac00102bfad12d4b1a8842f001021a801a882c
:1087bc0042f004021a801a8842f002021a801a88c7
:1087cc0042f008021a801a68d007fcd41a685107c4
:1087dc00f9d41a689207f6d41a68c2f3c002002ab8
:1087ec00f1d11f4d1f482b68adf800300368c3f35f
:1087fc000f43adf802301c4b1968adf804101b493f
:10880c000e68adf806601b68c3f30f43adf8083073
:10881c002b68adf80a300368adf80c300b68adf876
:10882c000e30694613460a460878e55c0133284346
:10883c00102b01f8010bf7d10d4b0e4cb3f8a01512
:10884c006ff30001a3f8a0150fca84e80f0004b061
:10885c0070bd00bf6027012000400144143e01415f
:10886c00043e0141003e0141083e01410c3e0141e4
:08887c000024014180290141a3
:020000040000fa
:020000040102f7
:10888400f7b5064648b9324b00930523024619460c
:10889400ef2000f0ebfc03b0f0bd1ff09ffe21f0d1
:1088a400f1fe337a9b0605463ad51ff003ff347a6e
:1088b400284b6ff34514347214f0070418bf0124d5
:1088c400194653f8242096420ed1234a1278a24224
:1088d400326819d1736841f824201f1a44bf03f188
:1088e40080531f1a012f0cd81c4b53f834201946ff
:1088f4006ab91b4b009311460523ef2000f0b6fc28
:108904000ee00af03ffcefe743f82420ece7b24224
:1089140013d1326843f8342012b903ebc404646001
:10892400284603b0bde8f0401ff0a0be1a4623b9a4
:108934000c4b009301210523dfe71368b342f5d103
:1089440033681360002bebd101ebc4046260e7e7ea
:10895400a0bf04010c280120d82901207027012080
:088964007d12040195120401cb
:020000040000fa
:020000040102f7
:10896c0073b503790193354d354b009302220123e6
:10897c000f210446ec2000f075fc2868f02104302f
:10898c0024f0befc064624f02df8002849d11eb177
:10899c0096f8f830002b44d12388203b9bb244f648
:1089ac00e072934248d86388203b9bb2934243d8f1
:1089bc00637b002b40d02868f021043024f0a0fc0d
:1089cc00237980f84730012380f82230617b0176cf
:1089dc0063884361a37b80f8213063794376a37964
:1089ec00837654f8073fc0f81b30a388a0f81f30db
:1089fc00002380f8943000bf21fa03f2d20748bf5d
:108a0c0090f8942003f1010344bf013280f89420c4
:108a1c00032bf1d1012023f0cdff0024204602b01e
:108a2c0070bd0c24074b0093019401230022ff21fd
:108a3c00ec2000f017fcf1e71124f3e704290120e6
:088a4c00047f04011c7f0401fa
:020000040000fa
:020000040102f7
:108a5400f0b5334c334d246814f0040f5cd0002877
:108a640050d12e6896f84c72002f4ad02e4c2f4dc0
:108a74002468641a611e21f07041a94241d840f271
:108a840071214ff0884c61436ff41c742144dcf86d
:108a9400404040f6fd6504f4405440f60d0eb4f534
:108aa400005f0cbf2c4674464908214db5fbf2f516
:108ab4002544a94225d9dcf8404004f44054b4f5d7
:108ac400005fa1eb050109d196f8424234b14ef2a0
:108ad4008f24a14215d9a1f5624190394ff47a75da
:108ae400b1fbf5f005fb101102fb00f44a43b4fba3
:108af400f5f40f49b2fbf1f214441c44c6f8544295
:108b04003846f0bd2a680b48d2f85442e41a84422d
:108b14008cbf00200120f4e72b6893f84c02f0e7a7
:108b2400203e014138290120343e0141feffff0768
:088b340040420f00feffff7f2d
:020000040000fa
:020000040102f7
:108b3c00f7b513780193354b009307460423ee20c9
:108b4c000e4615469021022200f08cfb38461df093
:108b5c000ffa044658b92e4b009302460197042392
:108b6c009121ee2000f07efb002003b0f0bd838845
:108b7c00b342f9d329780d2929d02cd8062907d04e
:108b8c001cd8032923d00dd8012920d002290dd1be
:108b9c00204b1b685b681bb12a4631462046984720
:108bac000120e2e70429f3d0052910d011f040028e
:108bbc00f6d10623204608f0bffff1e7092906d0bd
:108bcc0003d8072903d00829e1e70b29e0d1114b81
:108bdc001b689b68dfe71729f9d00ad81229d7d070
:108bec0003d81029d4d01129dfe71329efd0162987
:108bfc00cde71b29ebd003d81829c9d01929d4e704
:108c0c001e29c5d05229c3d01d29cee7b02c040192
:088c1c00c82c040144290120c9
:020000040000fa
:020000040102f7
:108c240084b070b504ac84e80f0001201ff0e8fca8
:108c34004ff6ff710446012018f06afe44f40071f7
:108c440089b201201ff0eefc049b2c4c002b48d071
:108c54002268137813f0030308d1537022689370c9
:108c640022681178938063f38201117023681a7863
:108c74006ff345121a70224b00211970214b1a8888
:108c8400022666f383021a8003f5ac6303201a6894
:108c940060f313421a601a6860f317521a60a3f55e
:108ca400be631a6861f300021a600bf03ffb069d75
:108cb40021f02efd23681a7866f301021a702268e7
:108cc400079b6d0a40f271212846b3fbf1f3d3856b
:108cd40003f0f2fe2368db8d53b1a81903f04effb5
:108ce40006e023681a78586b9306f7d403f0e4fe81
:108cf400bde87040002004b0704700bfa0290120e7
:088d0400eb290120c0340141fc
:020000040000fa
:020000040102f7
:108d0c002de9f0411c4693054bd53149314a0b787e
:108d1c00314e83f00107002b56d1304d2b68107863
:108d2c005ffa83fe33689a7803eb020898f806c062
:108d3c00864598bf0cf1010c88f806c002f1010cb5
:108d4c009c44d5f800809cf806e0c8f30728404501
:108d5c0028bf0ef1010e8cf806e002f1020c9c44c7
:108d6c00d5f800809cf806e0c8f30748404528bfba
:108d7c000ef1010e03328cf806e013442d689a793b
:108d8c002d0e85428cbf1046501c987132680f70a6
:108d9c00937813490433937000231a46184611f044
:108dac00d7fb14f0300f11d00b4b1b681b7803f062
:108dbc000303022b0ad100231a464ff484311846c0
:108dcc00bde8f04111f0c4bb064da7e7bde8f0814a
:108ddc00eb290120b4240120a0290120583c014199
:088dec00010801005c3c01419b
:020000040000fa
:020000040102f7
:108df400f8b5cb68477e1e785d78002102461af0ec
:108e0400abf8022e0446d37d2ad0042e2cd0012e9a
:108e140004d1012b4ff011012dd15176022d2ed00a
:108e2400042d30d0012d39d1012b4ff0110134d153
:108e34009176212f537e43d1212b31d0d2f880005b
:108e4400d2f884106ff4c6754ff49c73284403fb66
:108e54000101b1fbf3f003fb1013c2e920301fe062
:108e6400012b4ff01201d7e7012b01d12121d4e7c7
:108e7400d17e11b923219176d0e72221fbe7012b82
:108e84004ff01201d3e7012b06d1d37e13b923236c
:108e94009376cee72223fbe721215176012bc8d01c
:108ea400d2f844515db1002110461af055f82b5701
:108eb4002b54d2f84431184423441b7a0372f8bd6e
:108ec400212bedd1d2f88000d2f8841003f21713cd
:068ed40000f28d10bbe767
:020000040000fa
:020000040102f7
:068eda004ff0ff3070476d
:020000040000fa
:020000040102f7
:108ee000002863d038b50c460546002960d00b78c1
:108ef00003f0f003402b5dd14b78c3f30103037003
:108f00004b78c3f382034370d1f8020020f015f9c7
:108f10002aa3d3e90023eff791fdc5e90201d4f8b4
:108f2000060020f00af925a3d3e90023eff786fd18
:108f3000c5e9040163892b83237b03eb83035b0077
:108f40006b83b4f80d3007ee903af8ee677af6eee0
:108f5000006a67eea67a9fed187a77eec77ac5edbc
:108f6000077ab4f80f3007ee903af8ee677a67eeba
:108f7000a67a77eec77ac5ed087a637cc3f303134c
:108f800085f82430637cc3f3030385f82530638ab6
:108f900007ee903af8ee677a67eea67a77eec77a30
:108fa000c5ed0a7a6369eb62002004e00120704796
:108fb000012000e0012038bd00007a4400000000dc
:048fc000d012634127
:020000040000fa
:020000040102f7
:108fc40070b582b0334c04f00044044325d02046ed
:108fd4001df076ff38b3a3885bb380212e4bd3f802
:108fe4009c0001f04ffb064660b300942b4b01221a
:108ff400802112f00dfb054668b3a18819f076feb6
:109004002946254bd3f8a000f9f758fb90b3204626
:1090140022f09af8002002b070bd214b09221a6098
:109024004ff0ff30f7e71e4b0e221a604ff0ff306f
:10903400f1e7204622f088f8194b5f221a604ff0be
:10904400ff30e8e7204622f07ff8154b0c221a6027
:109054004ff0ff30dfe731460f4bd3f89c0017f099
:109064003dfc204622f070f80d4b4d221a604ff063
:10907400ff30d0e73146084bd3f89c0017f02efca4
:10908400204622f061f8064b4d221a604ff0ff3063
:10909400c1e700bf802001206c20012069e10001ac
:0490a400b4290120ca
:020000040000fa
:020000040102f7
:1090a800f8b5431e13f1030f55d804460d468368df
:1090b800002b52d0002952d00b78002b52d0837845
:1090c800002b51d08b78012b0fd0022b54d18b6af7
:1090d8005bbbce6816b105230a69b047ac220021f4
:1090e800284623f067f800263ae0012202f0aafe9b
:1090f80000283bd0eb69002b3ad195f82860802ee8
:1091080038d076b92b6a63b9ef6827b105232a6985
:1091180029462046b847ac220021284623f04af8c1
:109128001ee001236b7000261ae00346144a002152
:10913800012019f036fe064600b300231a46a98816
:1091480010f025fc3146a06818f0cafe002814bfac
:109158000f26082604e0022602e0022600e0022686
:109168003046f8bd0226fbe70126f9e70826f7e7af
:109178000f26f5e70f26f3e70826f1e70826efe7bd
:04918800250e0101ae
:020000040000fa
:020000040102f7
:10918c0030b52f4c236885b02546002b4fd02d4988
:10919c002d4c012022f0f4f82b682c4a1a602c4b31
:1091ac0018689a889b798df806302a4badf8042004
:1091bc00294a1a6000254ff6ff53009002a8adf81b
:1091cc000830cdf80a50adf80e5024f073fc23682b
:1091dc001d7023684ff461721a63694607201cf0f6
:1091ec009ffc2068213024f0d9fb206890f82130b6
:1091fc0013b122301bf030f80121262019f0b2fafd
:10920c000121292019f0aefa0120144a062122f07e
:10921c00e7f82168d1f8ec3103f0f802104b134356
:10922c00c1f8ec31fff7b4fa002005b030bd3020a6
:10923c0024f04afc20600028a9d10220f5e700bfe9
:10924c009028012011be04018c280120381704013c
:10925c00b4d804019828012029690401954d040112
:04926c0001060200f5
:020000040000fa
:020000040102f7
:109270002de9f041334d1e462b68a2b004460f463f
:109280009046002b58d023f0f3ff002854d123f050
:10929000adff002850d1f20703d52b4b1b68db072d
:1092a0000bd4b00703d5284b1b68990705d4720768
:1092b00042d5254b1b685b073ed5244b8df80080bb
:1092c0001b788df801408df80270002b37d1c4f166
:1092d000ef041f4f04eb84042744384622f0e2f9e0
:1092e00039460646c4b2024602a822f0cff922aba4
:1092f0001e4401343a2306f8803ce4b202ab18194c
:1093000029ab289a0193c4f17e01f3f753fa54fa7a
:1093100080f0c0b222ab03440d2203f8802c431c22
:1093200022aa52fa83f302300a2203f8802cc1b237
:109330002b6802aa6846984722b0bde8f08102a8cf
:109340000024dde7f0280120f4280120d4290120a1
:049350008cbf0401c9
:020000040000fa
:020000040102f7
:10935400f0b58db0064607924b7906930b790593c9
:10936400cb7804938b7803934b7802930b78019317
:109374002d4b00930c46012317462c210222ec208e
:10938400fff774ff00238df8273024f059f808b351
:10939400264d2b68db6f984750b10c25244b009366
:1093a400019501230022ff21ec20fff75fff37e046
:1093b4002b68d3f8803098470028eed12b68d3f877
:1093c400843098470028e8d12b68d3f88830984730
:1093d4000028e2d19df8283006f0010666f3000368
:1093e4008df828302368cdf829300df12701a388a2
:1093f400adf82d300aa815f04ff905460028cdd157
:109404009df8283066f300038df828302368cdf8e2
:1094140029303946a388adf82d300aa808f02ef873
:1094240028460db0f0bd00bfa43a04012c29012048
:04943400b6b40401c5
:020000040000fa
:020000040102f7
:109438002de9f0412e4d2c6880460027002c35d1af
:109448002c4b2d4d70221a802c4b1b221a802c4b32
:1094580002f22d121a802b4b4ff001121a604ff4b2
:1094680048625c601a812b781bb12748fff706fa1f
:109478002c70b8f1010f16d1244ce06800251bf0c0
:10948800d3fc2069e5601bf0cffc606925611bf007
:10949800cbfc65611e4c20681bf0c6fc606925602a
:1094a8001bf0c2fc65610020bde8f081a268137a58
:1094b800043b012b17d81668f06808b121f0a5fc09
:1094c800002130461ef066fd012130461ef062fd87
:1094d800a06808f06afc30881af0f4ffa06817f05a
:1094e800cbfc1fb92c6827462468a7e73c46fae757
:1094f8002c28012076280120dd290120c0290120ff
:10950800c2290120c0270120d0260120e8260120f9
:04951800b826012050
:020000040000fa
:020000040102f7
:10951c001fb5044620f04ef994f85030012b2378f7
:10952c000194cde902302dd12e4b009302231a4623
:10953c008521ec20fff796fea3785b0707d52a4b15
:10954c00009302231a468521ec20fff78bfe18f0be
:10955c001ffa2378012b33d194f85030012b234b75
:10956c0005bf1a6894f851301b68313314bfd3f817
:10957c00f00152f8330070b900241ef0e3f92046d4
:10958c0004b010bd1a4b009302231a468621ec201e
:10959c00fff768fedbe78268036894420ed1204631
:1095ac0009f076f820460ef047fa204612f0dcfc63
:1095bc0063786ff3000363700124dee71846dae783
:1095cc00023b012b09d8a378012243f02003a3709e
:1095dc001146204615f044fdcee704f13800fff7a4
:1095ec004bf9dfe7cc790301fa7903013829012023
:0495fc00127a0301db
:020000040000fa
:020000040102f7
:1096000073b5056806460121284619f0a7fcd5f870
:109610004421104490f904307e2b39d095f82c1059
:10962000d2f822205b1a117ac1f3c100dbb2032801
:1096300042d8dfe800f02f023902d4789c423dd2b4
:1096400014789c4294bf02240124844228d0c1f3a0
:109650004100a042908800d0b0bbd288b5f85c1021
:109660000244c9430a44120412d58df8043006227c
:109670006b461b49009601208df8054010f06effe7
:10968000d5f84431d3f822301a7a64f3c4021a723e
:1096900002b070bd1078984212d99078984209d9da
:1096a000b5f85c30d380f3e7d07898420ad250788e
:1096b0009842f5d30124cae70446c6e70024c4e76c
:1096c0000224c4e70024c2e764f342011172d5f812
:1096d0004431b5f85c20d3f82230da80d8e700bff7
:0496e0000606010178
:020000040000fa
:020000040102f7
:1096e400f8b5364b04685b6918785f7894f86c3089
:1096f400e7771646c21062f38203c0f3800200f0db
:10970400030562f3c303001160f30413a57784f81f
:109714006c3029b9dbb261f3410384f86c300ce09e
:1097240094f86c30c3f3801191422ed043f00203bd
:1097340084f86c3020461af059f994f86c306ff3c1
:10974400000384f86c30aeb194f8c83113b11c4beb
:109754001b787bb994f86c30c3f38002b2ebd31f4f
:1097640008d1627f012a05d0e27f8ab943f0010360
:1097740084f86c30617ee07f19f0f8f9d4f8983001
:109784001844c4f8980000200be06ff34103c4e7c9
:1097940020461df095fa28b1a36f43f01003a36788
:1097a4000120f8bd94f8283023b9032d1cbf0123f0
:1097b40084f8283094f86c30d8e700bfe8260120fc
:0497c400e92901206e
:020000040000fa
:020000040102f7
:1097c80070b505460e46002018211ff0e6fb04463a
:1097d800002845d00f2e067343d1d5f8b4311a8826
:1097e800a0f80d205a88a0f80f209a88a0f8112018
:1097f800db88a0f81330b5f8a8304ff6ff72002bbd
:1098080008bf134603834ff0ff33c0f81a30c0f87f
:109818001e3080f8223080f82330b4f80d20b4f8d8
:109828000f309a4208bf0023637523f0b9fda98f52
:10983800b5f85030b5f85c200131052813fb01f369
:109848008bbf03ebc30303eb430302eb430302ebbe
:1098580083039bb22846e382214607f01dfd0120c1
:1098680070bd102ed9d1d5f8b8311a8ba0f80d20bb
:109878005a8ba0f80f209a8ba0f81120da8ba0f849
:109888001320b5f8a82002b99a8c2283da8c628357
:109898001a8da2835a8de2839a8d2284db8d63848c
:0298a800bbe71c
:020000040000fa
:020000040102f7
:0298aa00704705
:020000040000fa
:020000040102f7
:1098ac00f8b5364cd4f8d450d4f8a4309b6998470a
:1098bc00c4f8b400d4f8b40021f0b2fbd4e9326798
:1098cc00821947f10003c4e93223002d4dd094f8de
:1098dc00d030013384f8d0301af072fad4f8d44076
:1098ec001cb101250027254e11e0244d00242e46e5
:1098fc0020e0204611f0c8fda37803b96770e36837
:10990c000bb120699847d6f8d440002cedd0a36851
:10991c00002bead125756575a378002be9d1e36896
:10992c00002be6d0e06919f043fce8e70134203560
:10993c00052c14d006eb44135b7d002bf6d006eb04
:10994c00441300215975ab78012befd169680b4b8f
:10995c0003eb4413996028460cf0defde6e7074a5a
:10996c0092f8d030013b82f8d03023f0c9fe044687
:10997c0003f026fa204623f0c7fef8bdd01d0120c7
:020000040000fa
:020000040102f7
:10998c00f0b5adf25c4d1e461b68002b62d00d4647
:10999c001746442b61dc012b13d02c68ecb1046806
:1099ac000cb36b68012b24d0ddf870340093334674
:1099bc003a462946f6f76aff044620460df25c4dfe
:1099cc00f0bdb368012be8d17468002ce5d10021ff
:1099dc00ddf8700421f020ffefe70121ddf87004c1
:1099ec0021f01affe9e70021ddf8700421f014ffe3
:1099fc00e3e7014602a821f0f5f831468ca821f0e6
:109a0c00f1f800238d9302aa8ca91046e1f7acfd66
:109a1c0004460028d1d100236b60ddf8703400932c
:109a2c0033463a46294602a8f6f730ff0446ddf8dd
:109a3c007034ab421cbf01236b600028bdd173682e
:109a4c00012bbad1ddf870243146104616f0d6fa47
:109a5c000446b2e74ff0ff34afe74ff0ff34ace70a
:020000040000fa
:020000040102f7
:109a6c0070b584b08df8071001218df80f10052109
:109a7c008df80e10d8b116461d4604469df80730d9
:109a8c00032b01d9142b15d1002e3cd0202d13d82b
:109a9c004ff4e061204607f07bfe88b9002007e018
:109aac00022308aa03212046fef754f927e00020e0
:109abc0004b070bd0020fbe70020f9e70020f7e7b9
:109acc0001230df10f0203212046fef743f9012378
:109adc000df1070203212046fef73cf901230df19d
:109aec000e0203212046fef735f92b46324605219e
:109afc002046fef72ff9bdf82030002bd0d12046a0
:109b0c0008f082fad4e74ff4e061204607f040fefb
:109b1c000028d3d001230df10f0203212046fef7bc
:109b2c0019f901230df1070203212046fef712f962
:109b3c0001230df10e0203212046fef70bf9dee79f
:020000040000fa
:020000040102f7
:109b4c00002860d030b583b00c460546c9b10a7bfd
:109b5c00130443f080730193012a16d84a6a1a43fe
:109b6c000192012304220deb02012848edf714faaf
:109b7c00014600283bd1a369e3612c61012003b0ad
:109b8c0030bd002303610120f9e70023009301237a
:109b9c00032269464ff48670edf7fef9014658b181
:109bac001b4b1b680bb11b48984701236b70284655
:109bbc0012f0fafc0020e2e7227b0023920004f171
:109bcc00240140f20f10edf7e7f9014620b9227b92
:109bdc00019b13430193c4e70d4b1b680bb10e485b
:109bec00984701236b70284612f0defce2e7084b25
:109bfc001b680bb10948984701236b70284612f07b
:109c0c00d3fc0020bbe70020704700bf24000010ed
:109c1c00182101204848000184480001c048000177
:020000040000fa
:020000040102f7
:109c2c002de9f04182b000285bd00446037823f084
:109c3c0010030370b0f84630002b54d0b0f8541019
:109c4c00b0f85250b0f85020ad1a6d1a5a1a92b2a0
:109c5c009542a8bf5d1a002d4add037a012b40f214
:109c6c00b45314bf1e464ff4b8668021224bd3f870
:109c7c009c0000f003fd074600283bd000941f4bce
:109c8c000122802111f0c0fc8046d8b1b542a8bf9a
:109c9c0035462b460322a1880ff04efb4146164b4e
:109cac00d3f8a000f8f706fd064698b1adb2b4f8ab
:109cbc0054302b44a4f85430237a012b14d1a4f83b
:109ccc00465011e039460c4bd3f89c0016f002febe
:109cdc00002609e03946084bd3f89c0016f0fafd33
:109cec0002e0002600e00126304602b0bde8f0811b
:109cfc000126f9e70026f7e76c20012069e1000155
:020000040000fa
:020000040102f7
:109d0c0030b50b4689b00c680c2810d8dfe800f091
:109d1c0007160f0f1a34386456525a0f60008a68af
:109d2c004968003218bf012220460df049f9002184
:109d3c00204609b0bde8304004f004bc204612f0c7
:109d4c002dfef4e7012194f850001df0ebfe637832
:109d5c00db07ecd5a06828b1837843f00803837047
:109d6c0008f096fc20461ef063fe94f8500000228a
:109d7c00214623f028fedae7204616f0ebffd6e763
:109d8c002278032ad3d14d6894f850004ff4001177
:109d9c001df0c8fe236f8df81450cde9033408abc9
:109dac0013e903008de8030003ab0ecb656f0220b3
:109dbc00a847bce72046f3f7e5fdb8e78a681879b1
:109dcc002146d6e7002249682046f1f701ffaee7ad
:109ddc00032015f071ffaae720461ef0f3fda6e75d
:020000040000fa
:020000040102f7
:109dec00364bd3f8602f10f0010114bf42f0010282
:109dfc0061f30002c3f8602f304bd3f8602f10f0e2
:109e0c00020114bf42f0020261f34102c3f8602f59
:109e1c002a4bd3f8602f10f0040114bf42f0040257
:109e2c0061f38202c3f8602f244bd3f8602f10f03b
:109e3c00080114bf42f0080261f3c302c3f8602f9b
:109e4c001e4bd3f8602f10f0100114bf42f010021b
:109e5c0061f30412c3f8602f184bd3f8602f10f085
:109e6c00200114bf42f0200261f34512c3f8602fa9
:109e7c00124bd3f8602f10f0400114bf42f0400297
:109e8c0061f38612c3f8602f0c4bd3f8602f10f0df
:109e9c00800114bf42f0800261f3c712c3f8602f37
:109eac00064bd3f8602f10f4807014bf42f480720c
:109ebc0060f30822c3f8602f704700bf00240141f3
:020000040000fa
:020000040102f7
:109ecc000023834200d1704700bf00bf00bf00bf1a
:109edc0000bf00bf00bf00bf00bf00bf00bf00bf7e
:109eec0000bf00bf00bf00bf00bf00bf00bf00bf6e
:109efc0000bf00bf0133e4e7034a536823f4006357
:109f0c0043f00103536070470040014108b550b95c
:109f1c005d2017f06dff4ff6ff3101405d20bde86d
:109f2c00084017f055bf5d2017f062ff40f48061c8
:109f3c0089b2f3e7044b1a6818b922f040021a6090
:109f4c00704742f04002fae704300141044b1a68b2
:109f5c0018b922f002021a60704742f00202fae7c6
:109f6c000430014108b50c4b5a6842f400025a60a7
:109f7c005a6ad106fcd540f27710fff7a1ff074ac9
:109f8c00d2f8303443f08003c2f83034024b1a6af2
:109f9c00d203fcd508bd00bf0040014100200141a7
:020000040000fa
:020000040102f7
:109fac0070b58378052b044668d1c36d0122da7035
:109fbc00c678c36d90f857500a68beb98db103f5d9
:109fcc00f070c3f8e0214b6843608b688360cb680a
:109fdc00c360e16d204601f5e071bde8704012f000
:109fec008abf03f5b870c3f87021ece725b3c3f84a
:109ffc00a02103f5d0754b686b608b68ab60cb68a8
:10a00c00eb60c26d136823f07f4323f0ff03b3f5bd
:10a01c00813f33d192f82630916ad94001f0010189
:10a02c0041f0800101f034f8e16d204601f5b87182
:10a03c00bde8704011f09eb8c3f8b02103f5d8709c
:10a04c004b6843608b688360cb68c360e16d4b7871
:10a05c00012b04d0023b012b10d88b7873b16f31dc
:10a06c002046f5f72bffe16d204601f5b87111f094
:0ea07c0081f8e26d00239370e26dd37070bd29
:020000040000fa
:020000040102f7
:02a08a0070471d
:020000040000fa
:020000040102f7
:10a08c002de9f0431468872c5edc9a425fd0002cdb
:10a09c0060dd00f104080f1d03f1040c6646002579
:10a0ac00a946ae4658f8044f14eb09044ef1000ec5
:10a0bc0057f8049fb4eb09046ef1000e46f8044ff8
:10a0cc00f1464feaee7e01351468ac42eadc02350b
:10a0dc0050f8250010eb09004ef1000e51f8251038
:10a0ec00401a6ef10005ed0f002c33dd161d00201b
:10a0fc00864604465cf8041f11eb0e0e44f1000476
:10a10c0056f8041f002d08bf002111eb0e0144f17d
:10a11c000004ccf80010a646e4170746013011687d
:10a12c008142e7dc186000225a6058b1fa1c03eb3c
:10a13c008202013852f8041d19b918600028f8d1b0
:10a14c0000e00020bde8f0834ff0ff30fae74ff05d
:0ca15c00ff30f7e7002018605860f3e7c0
:020000040000fa
:020000040102f7
:10a16800002861d02de9f0410b460446002947d06c
:10a178002e4dac46086849689a68db68ace80f0061
:10a1880013460246b0b3bbb395f90c80b8f1000f83
:10a1980034dd033323f0030708f10f0525f0030529
:10a1a80008fb07509047064640b12a46ff2122f097
:10a1b80001f835443560776086f808801b48c0f898
:10a1c8009c6088220021143021f0f4ff00221849f5
:10a1d800204613f0edfe00221649204613f0e8fe53
:10a1e800124bc3f8a0400022c3f8a4201a61012032
:10a1f800bde8f0810026e1e70026dfe70026dde77d
:10a208000a4b1b7d13f0010f04d1084b186918f095
:10a218008bf9e5e7084d01220621284619f022ffaf
:10a22800284615f0d1f8f0e7002070476c2001208f
:0ca23800519f00013d2402018020012004
:020000040000fa
:020000040102f7
:10a244002de9f843c6683378ef2b60d8457a3f2d63
:10a254005dd8077a1fb1032101201cf079fb324637
:10a264002946384612f014fb044600282ad1002f50
:10a274002bd1002d30d1274b1870274b1a68137837
:10a2840023f0080319e000bf08fb01f3f05c20f0a1
:10a294009bf801289fbf3b7809fa00f018433870f7
:10a2a4000131cbb29d42efd81a4b1b78002be4d07e
:10a2b400194b1a68137843f0080313700321002024
:10a2c4001cf046fb2046bde8f88301464ff0060823
:10a2d400104f4ff00109e4e70e4f01464ff0060816
:10a2e4004ff0010908fb01f3f05c20f06df8012840
:10a2f4009cbf3b7809fa00f001f1010198bf23ea01
:10a304000000cbb298bf38709d42ebd8cce7032451
:0ca31400d8e700bf512801208c28012050
:020000040000fa
:020000040102f7
:10a3200070b58cb04b7906930b790593cb78049379
:10a330008b7803934b7802930b7801932c4b00930b
:10a34000064601230c4602222121ec20fef790ff55
:10a3500000238df8273023f075f808b3254d2b68be
:10a36000db6f984750b10c25234b009301950123d7
:10a370000022ff21ec20fef77bff36e02b68d3f8ac
:10a38000803098470028eed12b68d3f88430984766
:10a390000028e8d12b68d3f8883098470028e2d10c
:10a3a0009df8283006f0010666f300038df828308a
:10a3b0002368cdf829300df12701a388adf82d30a1
:10a3c0000aa814f06bf905460028cdd19df8283075
:10a3d00066f300038df828302368cdf829300aa8e9
:10a3e000a388adf82d300ef01bfd28460cb070bdd3
:0ca3f000867304012c290120b6b404017e
:020000040000fa
:020000040102f7
:10a3fc002de9f04104460089884617461bf0b8fd4c
:10a40c00064600284dd000233b7088f80030638945
:10a41c00a3f11002072a04d82046bde8f04113f03e
:10a42c00b1b8013b0d2b06d8214613f091fe012348
:10a43c003b70bde8f0814ff4827023f045fb05467c
:10a44c0000283cd00b230370238983806389c3804d
:10a45c00237c0372a3894381e3898381637c4372e8
:10a46c00e2891ab161680e3021f00af904212846fc
:10a47c001df0a8fb23689b7bd90712d5012388f814
:10a48c000030237c522b18bff374237c122b0ad17f
:10a49c0023689b7b9a0604d56389b38263681b8807
:10a4ac00f3820020c5e7162bfbd101233b7086f805
:10a4bc00383096f83930013386f83930f1e72368b3
:0aa4cc009b7bdb07edd58020b3e792
:020000040000fa
:020000040102f7
:02a4d6007047cd
:020000040000fa
:020000040102f7
:10a4d8002de9f8438c46002960d00122304c314bdd
:10a4e80000f1ff3e861e00270ae003eb400585f8d1
:10a4f800c08085f8c1709960511c624544d20a46f3
:10a50800551e616801f00701012915d09868d3f834
:10a518000c80411cd3f81090494528bf002188457c
:10a5280033d01ef80280656805f00705012ddcd0e0
:10a53800184480f8c080dee79868d3f80c80411c86
:10a54800d3f81090494528bf002188451dd01ef832
:10a55800128016f8125045ea0825d4f8048008f04d
:10a568000708b8f1010f05d0edb2184480f8c050c3
:10a578009960c1e75ffa85f903eb400888f8c09055
:10a588002d0a88f8c150f3e7154620f01bfd10b1dd
:10a59800034b01229a752846bde8f8830d46f4e777
:08a5a8000010004050190120d1
:020000040000fa
:020000040102f7
:10a5b000f8b5044616461d46324b5b68034493f8d3
:10a5c0005030dbb2022b02d00f46069bebb91ef0d7
:10a5d00037ff3db12b4b5b6804f1120203eb8203a2
:10a5e0005b682b60274b5b68234493f85030dbb2e9
:10a5f000022b3dd00025234b5b682344002283f8c7
:10a60000502021f079fb2846f8bd21f043fb1ef0d5
:10a6100017ff1c4b5b68234493f85030dbb2022bce
:10a6200021d018494b6803eb8403da6c22ea070255
:10a63000da644b682344012783f8507021f05cfbf7
:10a640003946069802f022fcf8f78efc0028bed1ad
:10a650004ff0e0234ff08052c3f8042dbff34f8f2b
:10a66000bff36f8fb3e721f047fbf8f77dfcaee750
:10a67000044b5b6803eb8403da6c22ea0602da64bb
:08a680000125b8e7c81c012008
:020000040000fa
:020000040102f7
:10a688002de9f047884690b10646016879b14068df
:10a6980008f1ff370744b7fbf0f796f90850002d8b
:10a6a80047dd4ff0000cffb24ff0010a22e0274bc4
:10a6b8001b68002b45d040469847bde8f0875cb240
:10a6c800002c0ddd0cf10805354406f10802624442
:10a6d80022442c462b441d1b04f8015f9442fad1f6
:10a6e80009fb0010e9e794460cf1010c4ffa8cfcc9
:10a6f800ac451eda06eb0c0393f90930b3f1ff3fc2
:10a70800f2d16545f0dde1460cf1080eb64462462b
:10a71800534600bf1ef9014fb4f1ff3fe3d1bb42de
:10a72800cdd0013252b20133dbb2aa42f2d1ac46eb
:10a73800dae7074b1b6833b14146064898470020c3
:10a74800bbe70020b9e70020b7e700bf6c20012075
:08a7580018210120bc4c000196
:020000040000fa
:020000040102f7
:10a760002de9f04188b01446421e12f1030f56d86d
:10a7700006460f461d468368002b52d0012c0ad096
:10a78000022c50d10e9b7f2b4fd8b37843b90120b8
:10a7900008b0bde8f0810e9b1f2bf6d90220f7e729
:10a7a0003346244a0021012018f0fffa8046002891
:10a7b0003dd0b5b1012c1dd00df10c0c64462868bc
:10a7c0006968aa68eb680fc40e9b8df81c301123d2
:10a7d0000193cdf800c009233c22394640460df0d4
:10a7e00057fd4146b06817f07ffb80f00100c000c4
:10a7f000c0b2cde70e9bc3f120034ff0ff3098406d
:10a8000020f0bcfc2b68039304900823019303aa57
:10a8100000922822394640460df03afde1e7022039
:10a82000b6e70220b4e70220b2e72046b0e70820ee
:08a83000aee700bf191d030192
:020000040000fa
:020000040102f7
:10a838002de9f04383b00446013810f1030f4cd8da
:10a848000f4616461d46a368002b48d0a278002a5a
:10a8580047d0d3f85833002b47d1012947d8002ec9
:10a8680047d06b1edbb2012b45d82346254a002171
:10a87800042018f096fa804600283ed04ff00009d0
:10a88800cdf800903346032201211ff0adfccdf82e
:10a898000090012f14bf002301230a220221404601
:10a8a8001ff0a2fc012d4b46cdf8009014bf0623e3
:10a8b80004230322114640461ff096fc012140461e
:10a8c80015f057fc4146a06817f00afbb8b1a36819
:10a8d8000a9ac3f85823484604e0022002e00220fe
:10a8e80000e0012003b0bde8f0830f20fae7022062
:10a8f800f8e70220f6e70220f4e70820f2e708204c
:08a90800f0e700bfd3c4040115
:020000040000fa
:020000040102f7
:10a9100073b50023022904461546adf8063054d11c
:10a9200016f07ffc002852d16d78012d4dd894f897
:10a930003b6094f838305eb9012b0ed12946204691
:10a940001bf03cf9182384f83860e37402b070bd42
:10a95000204613bb2db91df027f9204613f0eaff5e
:10a96000f4e71cf091ff054678b90df10601204689
:10a9700012f09afa054640b920460ff07ffa0546d4
:10a9800020461df011f9002de7d0ebb2bdf80620ee
:10a990001821204607f0d6f8d8e735b91df004f99c
:10a9a000294620461bf00af9d0e71cf06dff05464a
:10a9b00078b90df10601204612f076fa054640b945
:10a9c000032384f838300121ebe70425dde7122565
:10a9d000dbe7204602211bf0f1f8002384f8383031
:08a9e00020461df0e1f8d0e76c
:020000040000fa
:020000040102f7
:10a9e8002f4b70b500251d702e4b80241c802e4bdc
:10a9f8001d802e4b302628464ff6ff711e8016f01c
:10aa080085ff4ff6ff71012016f080ff4ff6ff71aa
:10aa1800022016f07bff264b03f5d952118864f308
:10aa28000f011180918865f30f01918003f5d952c8
:10aa3800118966f30f01118103f5d9514ff6ff72a1
:10aa4800088a62f30f00088203f5d951888a62f3f5
:10aa58000f00888203f5d95103f5d853088b62f3a8
:10aa68000f000883998962f30f019981114bd2076e
:10aa7800c3f88020bff34f8fbff36f8f83f81f4356
:10aa8800c3f880211a600122c3f88420bff34f8fd6
:10aa9800bff36f8f83f82043c3f884215a6070bdd9
:10aaa800d729012056090120d6150120ca250120e1
:08aab8000024014100e100e06f
:020000040000fa
:020000040102f7
:10aac000f0b585b0137801932f4b0093064604230d
:10aad000ee200f461546c0210222fef7c9fb304684
:10aae0001cf0c4f8044658b9284b0093024601965e
:10aaf0000423c621ee20fef7bbfb012005b0f0bd0c
:10ab000003a90df10b00039522f04af99df80b30d3
:10ab1000013bdab20d2a04d90821204608f054fc82
:10ab2000ebe71b4ad25cba4201d00a21f5e7194a89
:10ab300052f8233013b103992046984794f85930be
:10ab4000002bdad0e36d002bd7d093f8ea20002a4f
:10ab5000d3d01b789342d0d1e37813b92046f0f7d5
:10ab6000e1fbe36d5b7913b9204605f0ebfbe36d88
:10ab7000002583f8ea50e06d10b122f0adffe565e5
:10ab80000123a370b9e700bf153004012c30040184
:08ab90002cce04017445040100
:020000040000fa
:020000040102f7
:10ab98002d4b1a886ff307021a802c4a138843f04a
:10aba800ff0313802a4b1a886ff307021a80294a79
:10abb800136843f0ff03136000bb274b1a68d005e6
:10abc80041d511b101290ad0704724490a8842f0b9
:10abd80001020a801a6842f001021a60704720498f
:10abe8000a8842f001020a8001f521610a8842f4cc
:10abf80080720a801a6842f00202eee7012822d128
:10ac0800184b1a68d2051ed511b101290ad0704710
:10ac180012490a8842f001020a801a8842f00102a9
:10ac28001a8070470e4a138843f00103138002f517
:10ac38002162138843f480731380a2f57e7213682f
:10ac480043f0020313607047003a0141043a01419e
:10ac5800083a01410c3a0141203a014104340141ca
:08ac680008340141283a0141c2
:020000040000fa
:020000040102f7
:10ac7000f8b54ff088431b6c03f44053b3f5805f85
:10ac80001b4b0cbf41f2850244f685029a60447862
:10ac90000323b4fbf3f303eb4302a41a14f0ff0401
:10aca00024d1ddb2861c2746af4214d1104da86acc
:10acb000010cc0f3072013f08bfde86a010cc0f310
:10acc000072013f085fd286b010cc0f3072013f05b
:10acd0007ffd2046f8bdb178737816f8030b03ebbf
:10ace0000121013713f074fdffb2dde70124f0e725
:10acf000003e0144f8b544780323b4fbf3f303ebbf
:10ad00004302a41a14f0ff0412d1ddb2861c2746b8
:10ad1000af4201d12046f8bdb378717816f8030b25
:10ad200001eb032189b2013717f058f8ffb2efe7c2
:10ad30000124efe7014608b51020e1f741fbb0fa26
:08ad400080f0400908bd00bfce
:020000040000fa
:020000040102f7
:10ad480000285ed0024600295dd00b7803f0f0039e
:10ad5800202b5ad110b54b7813f00f0f0ad18b78ee
:10ad68000f2b54d8c87803eb4304c3ebc403113347
:10ad780098424edc4b78c3f3031353704b78c3f3fc
:10ad8800030313704b7813f00f0f1bd18b7893705c
:10ad9800cb78d3704b68536000209060d06010610e
:10ada80050619061d061d1f808e0d1f80cc00c690d
:10adb8004b69c2f808e0c2f80cc0146153610b7efd
:10adc800137610bd00209060d060106150619061d2
:10add800d061d1f80230d1f80640d1f80ae0d1f8b4
:10ade8000ec09360d460c2f810e0c2f814c0d1f865
:10adf80012309361b1f816c00b7ea2f81cc093778d
:10ae0800dfe70120704701207047012070470120cb
:06ae1800d7e70120d5e799
:020000040000fa
:020000040102f7
:10ae1e0073b5c588032d04460e4617d1837a0c2bc5
:10ae2e0005d003f0fd03082b01d080200ce0236831
:10ae3e000df1070059681ef06cfc0028f5d123684f
:10ae4e009df807209b681a8002b070bd22f06df944
:10ae5e00854239d1a0881bf08af8054608b9002032
:10ae6e00f2e7a37a0c2b1bd1236880889a89511c98
:10ae7e00884234d2218999b1296c002931d0586881
:10ae8e0020f0fdfb236821899b89aa885b1a013378
:10ae9e009a42e4d3286c22f018fe00202864d3e7ef
:10aeae004ff4827022f00ffe0028bed0a27aea7410
:10aebe0085f83d2015220270a288828004211cf0a4
:10aece0080fe01233370cae7e58822f034f985420b
:10aede00abd123685c680ff0f4fe6070bfe70b2007
:06aeee00b2e70e20b0e700
:020000040000fa
:020000040102f7
:10aef40070b5adf5027d0546b0f1ff3f4fd0084671
:10af0400164600294dd0fa2243a9eff779fd041e15
:10af14004bdddd238df80030631d8df80130fa23fd
:10af24008df802300b238df80330bc238df80430e8
:10af34000d238df805308df80660224643a90df1e6
:10af4400070020f0a1fb0734a4b24ff48271184823
:10af54001bf0a6fc064698b10388a34215d32246eb
:10af64006946043020f090fb74803246052128465f
:10af740009f07afb70b90f4821f092f9012011e031
:10af84000d4821f08df900200ce00c4821f088f9df
:10af9400002007e00a4821f083f9002002e00020a5
:10afa40000e000200df5027d70bd0020fae700bf2f
:10afb400c41b012034430001004300011443000179
:04afc4002443000121
:020000040000fa
:020000040102f7
:10afc80038b5c368dc68a36ae169226a8a60e16906
:10afd800516004f118015a688a4204bf226a5a6013
:10afe8000022a2621a68013a1a60294bd3f8f43099
:10aff800002b3cd16369a168e2688a60a16851604e
:10b00800201d5a68824204bfe2685a6000226261c9
:10b018001a68013a1a60e26a1d4b1d6801219140c5
:10b028002943196002eb820203eb8202d268a26014
:10b038009168e16048609060e26a03f1080102eb00
:10b04800820001eb8001616103eb80018b680133b1
:10b058008b601df0edf80e4b5b68e26adb6a9a4282
:10b0680083bf01200a4bc3f80001002038bd084bfc
:10b07800d3f8d820e261906820624160916003f1c2
:10b08800d402a262d3f8d4200132c3f8d420e2e774
:04b09800c81c0120af
:020000040000fa
:020000040102f7
:10b09c002de9f341044641200f4622f015fd0546eb
:10b0ac0050b92f4b009302460423c821ee20fef723
:10b0bc00d9f802b0bde8f081064604f1120806f892
:10b0cc00017be37800f121076bbb2022414630461f
:10b0dc0020f0d6fae16d2022eb31384620f0d0fa80
:10b0ec00e06d412200f5b873294600f5c070eff70a
:10b0fc0095fbe16d2022eb31304620f0c1fa202285
:10b10c004146384620f0bcfae06d412200f5d87378
:10b11c00294600f5e070eff781fb284602b0bde848
:10b12c00f04122f0d3bce16d2022eb31304620f00f
:10b13c00a7fa20224146384620f0a2fae06d4122bf
:10b14c0000f5b873294600f5c070eff767fb2022b5
:10b15c004146304620f094fae16d2022eb31d0e7e5
:04b16c007cc004019e
:020000040000fa
:020000040102f7
:10b170002de9f04387b004468946904603938368df
:10b18000013b027f12f0010f06d008f10407bb4219
:10b1900006d2002303932de0434528bf43461f46b4
:10b1a000039b3bb304a81ef00bf900261ef048f9e0
:10b1b00020461ef065f90546874218d9216a3046b7
:10b1c00018f090fe21f0fefe606120f095fd039bdb
:10b1d0000093334632463146206afff7e9f966614b
:10b1e00003a904a80cf032ff0028dfd001e020f012
:10b1f00083fd1db920461ef043f9054600972b46f6
:10b2000042464946204614f047f8054618b92846f4
:10b2100007b0bde8f083204621f0d4f8e3689842f7
:10b22000f5d320f037fd236943b12069002600964d
:10b2300033463246216af9f7d1ff2661f7f794fecb
:02b24000e5e740
:020000040000fa
:020000040102f7
:10b24200002865d070b586b01446054652b18068b4
:10b2520040b153881679b3f5306f05d040f601320c
:10b26200934249d006b070bd022efbd1d0f83833dc
:10b27200002bf7d0137c082b15d0092b2fd00223db
:10b282000df10602194604f11800fbf732fbab6818
:10b29200d3f838430021c3f83813bdf806300a4604
:10b2a2002846a047dee7538a042be8d853691b6877
:10b2b2000293012602230df10602194604f1180039
:10b2c200fbf717fbab68d3f838430022c3f83823e7
:10b2d200bdf80630324602a92846a047c2e7538a83
:10b2e200102bccd853690df1080c186859689a686c
:10b2f200db68ace80f00dde7d0f83843002cb1d0b2
:10b302000021c0f838130b460a462846a047a9e791
:02b31200704782
:020000040000fa
:020000040102f7
:10b314002de9f04f83b00d46411e11f1030f4dd8b6
:10b32400044691469846d0f808b0bbf1000f47d0c8
:10b334003121284620f0d4fb0646302842d881210a
:10b34400484620f0cdfb074680283fd840f2011143
:10b35400404620f0c5fb8246b0f5807f38d8a378fc
:10b36400c3b39bf86832012b01d008202be0f119fc
:10b3740023461a4a0144032017f015fd834658b3a7
:10b3840000962b46052203211ef0dcfe00974b4657
:10b394000522042158461ef0d5fecdf800a04346f0
:10b3a4000522114658461ef0cdfe5946a06816f0f7
:10b3b40099fd80f00100c000c0b204e0022002e068
:10b3c400022000e0022003b0bde8f08f0220fae77b
:10b3d4000220f8e70120f6e70820f4e769f9020102
:020000040000fa
:020000040102f7
:10b3e4002de9f8430446013810f1030f4dd888467f
:10b3f40017461e46a368002b49d0a278002a48d0dd
:10b40400032904d11fb193f83033022b45d02346ce
:10b41400264a0021012017f0c6fc814600283ed0b0
:10b424003946204610f034fb0546002839d1e7b1ef
:10b4340008f1ff31c9b2484617f058f84946a068e8
:10b4440016f050fd78b3a368c3f83463b8f1020f63
:10b454000dd0b8f1030f0fd0b8f1000f1ad1a368c3
:10b46400002283f83023454614e00146e3e7a3684d
:10b47400012283f830230de0a368022283f83023ed
:10b48400a368012283f8312304e0022502e00225a7
:10b4940000e001252846bde8f8830025fae70825e1
:10b4a400f8e70825f6e70825f4e700bf272e04018e
:020000040000fa
:020000040102f7
:10b4b4002de9ff412c4e2d4c2d4b2268009333680f
:10b4c40003922c4a02930192002b38d0236833b99b
:10b4d4004ff4487022f0fcfa2060002835d0264d45
:10b4e4002b68a84623b9102022f0f2fa286060b332
:10b4f400336802930021236803930df1040c02ae18
:10b504006c460f46d8f800300b44c3e900730020a2
:10b51400bcf8002082421cdc083110290cf1020c1a
:10b5240006f1040604f10204ecd1144b1a4600217e
:10b5340042f8081fc3e90013da60012006e09020f6
:10b5440022f0c6fa30600028c0d1002004b0bde863
:10b55400f0813568228800fb025201305760176081
:10b564005d682a605a60d3e7dc280120d4280120d2
:10b574000c0028000c001400d828012050270120ba
:020000040000fa
:020000040102f7
:10b584002de9f0418ab01d462f4b019007460093e8
:10b59400ec200e469046012302224b21fdf766fe65
:10b5a40038461df05bfa002848d0046820461cf099
:10b5b400cdfcf8b194f8ed30db0741d53368c4f81d
:10b5c400ff307368c4f80331a4f808812b68c4f809
:10b5d400223104f591726b685360ab689360eb6839
:10b5e400d360204618f012f960b3002420460ab054
:10b5f400bde8f081336828686968cdf80e30736857
:10b60400cdf8123006ab03c3a868e968adf80c7036
:10b6140003c31c22204603ab0521adf8168011f0ac
:10b6240093f904460028e0d0084b009301940123c9
:10b634000022ff21ec20fdf719fed7e70224f3e7ef
:10b644001a24f1e70724efe7687004018470040109
:020000040000fa
:020000040102f7
:10b6540038b5d0f8a8410546002c32d0012380f833
:10b66400b03123790a2b0bd8dfe803f0062c3035f0
:10b674003c0a40464d0a5200a368188807f012fe9f
:10b68400254b1b680bb120469847244b1b680bb114
:10b694002046984795f8b031012b0fd1d5f8a83141
:10b6a4001b68c5f8a8311bb905f5d473c5f8ac31ce
:10b6b400a06822f00ffa204622f00cfa002385f845
:10b6c400b03138bda068f9f76ffcd9e7a3681888d2
:10b6d40009f0a6f9d4e7a3689a885988188802f073
:10b6e40083facde7a068f1f737f9c9e7a368997839
:10b6f4001888fcf7d5f8c3e7a368da78997818882e
:10b70400faf7eeffbce7a368187804f0c5fdb7e7c5
:10b71400a06802f0abfdb3e70c2901201029012039
:020000040000fa
:020000040102f7
:10b724002de9f04f00252f462c4600bf4ffa85f82f
:10b73400984512db4fea430909f1ff3a4ff000083c
:10b744005ffa88f606eb030e4ffa8efed64528db29
:10b75400484400f8014cbde8f08f4ff0000c02ebb8
:10b764000509e64611f80ca019f8016944ea072412
:10b774000afb06f616fa84f4a4b20cf1010ca642f4
:10b7840088bf0ef1010e4ffa8cf6b0454fea14272c
:10b794005ffa8efee4b2e5da44553c46013577465d
:10b7a400c4e701363d4676b2002700bf4ffa86fc57
:10b7b400634505dc00f80e4008f101082c46bfe79c
:10b7c40002eb0e0cc6f1000b44ea05251cf80bb085
:10b7d40011f806c00bfb0cfc1cfa85f5adb2ac45a8
:10b7e40088bf0137ecb2ffb201362d0adee700bf95
:020000040000fa
:020000040102f7
:10b7f4002de9f04fd2f80080d0f800a0c2f800a0e4
:10b80400d0f804b0c2f804b00368002b4edd061d66
:10b81400151d4ff0000c6346e64600bf56f8047f42
:10b82400a7fb0174ff184eeb040445f8047f23467c
:10b834004ff0000ee1460cf1010c07686745eddca2
:10b8440054b1882f2fd00af1010313600af1020ac0
:10b8540042f82a4009f1020ce04510ddbcf1870fe3
:10b864000ddc0cf1010302eb8303002143f8041ff8
:10b874000cf1010ce04502d0bcf1880ff6d113683d
:10b884007bb1991c02eb8101013b51f8040d18b9fd
:10b894001360002bf8d19b46c2f804b00020bde829
:10b8a400f08f9b46f8e74ff0ff30f8e7b8f1000f50
:0cb8b400c8bf4ff0000cd4dce1e700bf7f
:020000040000fa
:020000040102f7
:10b8c00070b582b0adf80610002850d015461c4661
:10b8d00006468bb2002b4dd0bdf81c30002b4bd050
:10b8e000bdf82030b3f5b86f48d8099b0133b3f5e4
:10b8f000803f45d80a9b002b44d00b9bb3f5b86f13
:10b9000001d9002034e040f6066105f047ff002829
:10b910003ad002230df1060203213046fcf720fa4b
:10b92000069b22462946304618f031f9022307aa21
:10b9300003213046fcf714fa022308aa03213046fb
:10b94000fcf70efa099bb3f1ff3f09d10b9b0a9a52
:10b9500006213046fcf704fa304606f05bfb07e0b0
:10b96000042309aa02213046fcf7faf9eee7002089
:10b9700002b070bd0020fbe70020f9e70020f7e7e8
:0cb980000020f5e70020f3e70020f1e7cd
:020000040000fa
:020000040102f7
:10b98c002de9f7432a4bd3f8008018ea000f044640
:10b99c0038d1002836d0083463071cbf24f00704c4
:10b9ac000834002c2ed0234b1e68a642994629d36e
:10b9bc00214b1d686a68a24202d22a68002a34d13f
:10b9cc001e4a1268aa421dd02a681f681a606b684a
:10b9dc001b1b102b07f1080704d9281943606c6056
:10b9ec0014f086f816496a680868b61a864248ea5e
:10b9fc0002024ff00003c9f8006038bf0e606a60a5
:10ba0c002b6077b90f4b1b680bb1002098470e4b7e
:10ba1c0000930194052300220221ef20fdf722fc64
:10ba2c000027384603b0bde8f0832b461546c1e726
:10ba3c00c4280120c8280120fc270120d02801207f
:0cba4c00cc280120b4280120d4b3040150
:020000040000fa
:020000040102f7
:10ba58002de9ff4705460e4614461cf0bdfd00279c
:10ba6800294b98461a689200fcd428686968274bc5
:10ba7800dff8a0a0dff8a09003c3a868e96803c3b3
:10ba880030687168dc3b03c3b068f16803c315f024
:10ba980081ffd8f8003043f00063c8f800301bf08d
:10baa80053ff00bfd8f800309b00fbd4daf8003011
:10bab800c3f3400353b9164a03ca2060616003ca3e
:10bac800e160e27ba06042b1184619e0b9f80030a5
:10bad80043f02003a9f80030d9e72fb110222146fe
:10bae80068461df015fb58b1206861686b4603c3b2
:10baf8000137a068e168ffb2052f03c3b0d1012068
:10bb080004b0bde8f08700bf30340141dc340141a6
:0cbb1800203401418c340141c43401414f
:020000040000fa
:020000040102f7
:10bb24002de9f7432e4fdff8c09080460b25013de9
:10bb340015f0ff0550d004210deb010009f01afbac
:10bb44003b68db6e002b3dd13b689b6e002b3ed1e6
:10bb5400019c20461af038f90528e8d8e0431af089
:10bb640033f90528e3d884ea09001bf00ff801280b
:10bb7400ddd9e6b2c4f307239e4206d1c4f30743da
:10bb84009e4202d1b6eb146fd1d0202120461bf087
:10bb94002dff1828cbd80621a00e1bf027ff012863
:10bba400c5d930461af0f2ff0228c0d91021a0b23c
:10bbb4001bf01cff0b28bad8019bc8f8003003b057
:10bbc400bde8f083019898470028bdd0afe70198fd
:10bbd40098470028bcd0aae7024b0193ece700bfca
:0cbbe4002c290120f6782b9dd6be898efe
:020000040000fa
:020000040102f7
:10bbf00073b50e4605682b4c14f06ef9f4f71afa7b
:10bc0000294b1a886ff3cf321a80b5f88c10687ef2
:10bc100019f030fb2368062262f313432360236884
:10bc200062f317532360214b1a687f2161f30f02df
:10bc30001a601a6861f31f421a6001a9d5f8cc0096
:10bc40001ff0a0fc019a1a4b042ec2f3472214d114
:10bc5000202129751749088862f3070008801a888f
:10bc600042f001021a80236843f010032360236826
:10bc700043f00203236002b070bd012129750e4913
:10bc8000088862f307000880226842f002022260fe
:10bc90001a8842f010021a801a8842f001021a80b3
:10bca000e9e700bf203a01416c380141103a0141f7
:0cbcb000283a0141083a0141003a0141e4
:020000040000fa
:020000040102f7
:10bcbc00002855d00346002954d04a780f2a53d86f
:10bccc000a780f2a52d852b98a780f2a50d8c878d5
:10bcdc0002eb420cc2ebcc02113290424adc00b5b2
:10bcec001a78022060f3071260f303021a705a7874
:10bcfc00487860f307125a70087860f303025a70a0
:10bd0c000a78b2b98a789a70ca78da704a685a6036
:10bd1c00d1f808e0d1f80cc008694a69c3f808e00a
:10bd2c00c3f80cc018615a610a7e1a7600205df8bf
:10bd3c0004fb8a68d1f80ce0d1f810c04869c3f84c
:10bd4c000220c3f806e0c3f80ac0c3f80e008a69e3
:10bd5c00c3f81220888b8a7fd8821a760020e6e7f7
:10bd6c000120704701207047012070470120704767
:08bd7c0001207047012070470f
:020000040000fa
:020000040102f7
:10bd8400431e13f1030f51d870b58cb00446836879
:10bd9400002b4dd08278002a4cd01a68b2f1ff3fb4
:10bda4004bd093f87b20002a49d193f87c200132b0
:10bdb40083f87c20836893f87c20224800789042a2
:10bdc40027d9c3f80413a368d3f8043333b31d4d40
:10bdd40001a9204603f062fa30bba36893f87c10f3
:10bde4000131d3f8046301ab2a78c9b22046b047c5
:10bdf400b0b1a26892f87c30013382f87c30a36839
:10be040093f87c102a789142e2d30022c3f80423e9
:10be14000ae0013a83f87c2005200ce000200ae0c7
:10be2400a3680022c3f80423002004e00220704722
:10be3400022000e001200cb070bd0120fbe70320cc
:08be4400f9e700bf58090120d5
:020000040000fa
:020000040102f7
:10be4c00002849d0f0b583b00c46164607460029a9
:10be5c0044d08368002b43d0c969f1b194f8280011
:10be6c0094f92830002b18dbc0f18005edb2236a61
:10be7c009d4288bfddb229302a4620441ff000fcc9
:10be8c00e3692b44e361236a5b1b236294f828204b
:10be9c00154484f8285003b9e36194f82810636ab8
:10beac00994221d0802923d006bb012003b0f0bddc
:10bebc00227e0132d2b222764ff0ff33019394f8f6
:10becc002830009304f12903a18806f0e9f82946eb
:10bedc00b86816f003f8e9e7002070470020e5e7a2
:10beec000020e3e70120e1e7802901d00029f9d007
:10befc003b46044a012016f052ff05460028d7d1d4
:08bf0c000020d3e7250e01011e
:020000040000fa
:020000040102f7
:10bf14002de9f04782b01f46431e13f1030f4bd89f
:10bf240005460c4616468268002a47d0002e47d0a4
:10bf34004b1edbb2012b45d801f1ff3901f1290376
:10bf440012f83330002b3fd0d2f8a4311bb10a20b1
:10bf540002b0bde8f08703461e4a0021781c16f0a3
:10bf640022ff824690b30122019200230093022310
:10bf740021460cf05bfd7fb1b04606eb470600bfdf
:10bf840038f8023b012201920093022321465046d5
:10bf94000cf04cfdb045f3d15146a86815f0a2ff52
:10bfa400b0b1ab6803ebc903c3f854a1ab680a9af8
:10bfb400c3f8a4210020cbe70220c9e70220c7e789
:10bfc4000220c5e70220c3e70220c1e70820bfe73b
:08bfd4000820bde729d301019b
:020000040000fa
:020000040102f7
:10bfdc0010b586b00023032904468df8013038d102
:10bfec000df10200511c21f043f9204615f013f914
:10bffc00002831d102aa01a9bdf8020019f0a8fd50
:10c00c0000283fd0029b5b68d3e90112107820f026
:10c01c0079fc019a0346d27b2088012103f046fb70
:10c02c0080b2c8b901998b7b9a0723d52388adf8c8
:10c03c001030bdf802300391adf81230adf8140099
:10c04c000a230df1010103a88df816300df0dcfe6a
:10c05c0002e0adf8023004209df8013043b998b9e4
:10c06c0001998a68496812880b23204610f054fb0a
:10c07c0006b010bd9b06efd5bdf8022020461af085
:10c08c008ffce9e70120e7e7c3b2bdf802200a21e3
:08c09c00204605f051fdebe721
:020000040000fa
:020000040102f7
:10c0a40038b5214c214d21782846222300f8013b44
:10c0b400023121f011fd42f68831e81c21f00cfd1b
:10c0c40023781b4a1b4802eb0311c1e900051a48f7
:10c0d40088601a48c860591cc9b202eb011118489b
:10c0e400086018484860184888601848c860991c57
:10c0f400c9b202eb01121649116016495160164982
:10c10400164891601649d1600333027c1549dbb2ad
:10c1140023709bb221f8223001eb82010224013208
:10c124004c800274c38138bd550901205b2801206d
:10c13400b01e0120bcdb040184db04010500000106
:10c1440077db0401e8ff01208cdb04011800020303
:10c154009edb0401822201208adb040118270120ce
:08c1640002002033a028012095
:020000040000fa
:020000040102f7
:10c16c002de9f04385b00d689df8003095f81a90d4
:10c17c0069f300038df800302b461446174653f82c
:10c18c001b2fcdf801200e469b88adf8053080465c
:10c19c00684606f015fb3279224917f8023b8a5c97
:10c1ac0062f3030343f02003237095f8342000322c
:10c1bc0018bf0122dbb262f386132370dbb258b3d3
:10c1cc0043f08003237095f822308df80a3095f8ef
:10c1dc0024308df80b3095f838308df80e303379db
:10c1ec008df808800c2b0abfeb6b95f837301b8a47
:10c1fc003a4608bfc3f38013314602a88df80f30be
:10c20c00edf745ffa378c3f30502337a13440133ea
:10c21c00637005b0bde8f083b9f1000fd0d169f3bc
:08c22c00c713cfe740cc040169
:020000040000fa
:020000040102f7
:10c23400f7b52e4b019004460f46009302220123ca
:10c244001121ec20fdf712f820f0d0fb00283ed19c
:10c254001f2c47d834b12046fff796fb002843d063
:10c2640018f0e4fd224b1868f021043021f04cf85a
:10c27400054654b32046fff787fb0646d5f8ac00c5
:10c2840020b118f0d3fd0023c5f8ac3034b1c5f8a3
:10c29400ac602246394630461ff0f6f995f8fe3078
:10c2a400a5f8b040db0744bf012385f8fd3095f8bd
:10c2b400f8301bb1022128461bf05cfb012020f062
:10c2c4007dfb0024204603b0f0bd2646d6e70c24af
:10c2d400084b0093019401230022ff21ec20fcf77a
:10c2e400c5ffefe71224f3e70724f1e7c6b9040119
:08c2f400042901201c7f040154
:020000040000fa
:020000040102f7
:10c2fc00f7b52e4b019004460f4600930222012302
:10c30c001221ec20fcf7aeff20f06cfb00283ed194
:10c31c001f2c47d834b12046fff732fb002843d0fe
:10c32c0018f080fd224b1868f021043020f0e8ff53
:10c33c00054654b32046fff723fb0646d5f8bc0050
:10c34c0020b118f06ffd0023c5f8bc3034b1c5f82e
:10c35c00bc602246394630461ff092f995f8fe3003
:10c36c00a5f8c0409b0744bf012385f8fd3095f824
:10c37c00f8301bb1022128461bf0f8fa012020f0fe
:10c38c0019fb0024204603b0f0bd2646d6e70c244a
:10c39c00084b0093019401230022ff21ec20fcf7b1
:10c3ac0061ffefe71224f3e70724f1e790ad0401f6
:08c3bc00042901201c7f04018b
:020000040000fa
:020000040102f7
:10c3c40073b54ff4de7100200af0b8fe054600286c
:10c3d4004ed004684ff4de72002120461ff0ecfebc
:10c3e40004f1c803c4f8cc3004f1d003c4f8d43049
:10c3f40004f5ba73c4f8783104f5be73c4f8803117
:10c4040004f5c273c4f888311b4ba5601a68002672
:10c414002660916861600c6094601a681378013337
:10c4240013703146182204f5c6701ff0c5fe134b75
:10c43400c4f898511822c4f89431314604f5d270e6
:10c444001ff0bafe0e4bc4f8b051c4f8ac31012150
:10c454000df1070008f08efe9df807102522b1fbb0
:10c46400f2f302fb131384f85230064b6b6025463b
:10c47400284602b070bd00bf04290120000101005c
:08c48400010103005df1030159
:020000040000fa
:020000040102f7
:10c48c002de9f8430446008921f00afb002855d019
:10c49c0026893046d4e9037919f06afd80460028d4
:10c4ac004ed0fa2021f010fb044600284ad020f090
:10c4bc003dfe2080182060803b686360251d7b68f2
:10c4cc006b60bb68ab60fb68eb60d9f800306361f4
:10c4dc00d9f80430a3611d2384f8f830b8f804307f
:10c4ec00834223d8013b6380d8f840701fb921f0f8
:10c4fc00ebfa074600b330462146f2f7b7fa064688
:10c50c0080b93b4605f1180255f8041b43f8041b8f
:10c51c009542f9d1c8f84070204621f0d7fa304640
:10c52c00bde8f883384621f0d1faf5e730462146cc
:10c53c00f2f79cfa0646efe70226ede70426eee753
:08c54c000326ece70226eae7f2
:020000040000fa
:020000040102f7
:10c55400304bd3f8842f6ff31f62c3f8842fd3f8c2
:10c56400882f6ff30702c3f8882fd3f8882f6ff34f
:10c574000f22c3f8882fd3f8882f6ff31742c3f81c
:10c58400882fd3f8882f6ff31f62c3f8882fd3f84e
:10c594008c2f6ff30702c3f88c2fd3f88c2f6ff313
:10c5a4000f22c3f88c2fd3f88c2f6ff31742c3f8e4
:10c5b4008c2fd3f88c2f6ff31f62c3f88c2fd3f812
:10c5c400902f6ff30702c3f8902fd3f8902f6ff3d7
:10c5d4000f22c3f8902fd3f8902f6ff31742c3f8ac
:10c5e400902fd3f8902f6ff31f62c3f8902fd3f8d6
:10c5f400942f6ff30702c3f8942fd3f8942f6ff39b
:10c604000f22c3f8942fd3f8942f6ff31742c3f873
:08c61400942f7047002401413e
:020000040000fa
:020000040102f7
:10c61c0070b590f84740052c01d8032c18d1a9b956
:10c62c0000eb8200036f1fe000eb830200eb430181
:10c63c00126fb1f888401168013364f3de31116078
:10c64c00dbb290f894209a42eed870bd0023f8e744
:10c65c0014f0fd0327d109bb00eb8200036f1a68ad
:10c66c0061f3de321a60c36f1a6861f3de321a604e
:10c67c00ebe71ab200eb820100eb42020c6fb2f84e
:10c68c008860256866f3de352560c96fb2f88e4088
:10c69c000a68013364f3de320a60dbb290f894204e
:10c6ac009a42e6d8d1e7042ccfd10029b8d0002388
:10c6bc000de000bf00eb830200eb4301126fb1f8f9
:10c6cc0088401168013364f3de311160dbb290f8fd
:08c6dc0094209a42eed8b8e761
:020000040000fa
:020000040102f7
:10c6e400f0b5d0e9037585b000891af0bdfa0446a7
:10c6f400002854d0c16d002951d090f85730002b38
:10c704004dd007b13db92046082106f05bfe044632
:10c71400204605b0f0bd2b68c1f86f306b68c1f8d6
:10c724007330ab68c1f87730eb68c1f87b30c36d08
:10c7340001229a70412021f0cbf9064688b30023e8
:10c7440000f8013be16d2022eb311ef09dffe16d0d
:10c754002022eb3106f121001ef096ff41223146e2
:10c7640028466b46eef75ef81022694638461cf000
:10c77400d1fc78b9e37853b9e16d204601f5e07155
:10c7840010f0bdfb0446304621f0a4f9c0e70623af
:10c79400a370f7e70421204606f014fef2e7012413
:06c7a400b6e70224b4e731
:020000040000fa
:020000040102f7
:02c7aa007047d6
:020000040000fa
:020000040102f7
:10c7ac0070b504461cf046fe002c3fd0251d2846d3
:10c7bc001cf037fa78b9e26a02eb8201284b03ebe2
:10c7cc0081039b683bb926480368012101fa02f2f8
:10c7dc0023ea02030360a36a1bb104f118001cf0e6
:10c7ec0020fa1f4bd3f8ec200132c3f8ec205a6826
:10c7fc00d3f8e8300bb1a2421bd0194ad2f89030d2
:10c80c00013bc2f890301bf011fd1ff06ffa206b4a
:10c81c0005f0aefb204605f0abfb114bd3f8e8302e
:10c82c001bb10f4b5b68a3420fd070bd0c4b5c6807
:10c83c00bce70b4e294606f17c001ef0b6ffb36f29
:10c84c000133b3671ff052fae7e74ff0e0234ff0e4
:10c85c008052c3f8042dbff34f8fbff36f8fe4e703
:04c86c00c81c0120c3
:020000040000fa
:020000040102f7
:10c8700038b504461cf0e4fd8cb3251d28461cf099
:10c88000d6f978b9e26a02eb8201284b03eb810307
:10c890009b683bb925480368012101fa02f223eaab
:10c8a00002030360a36a1bb104f118001cf0bff976
:10c8b00029461f481ef07fff94f85030dbb2012b51
:10c8c00004bf002384f850301ff016fa174bd3f83a
:10c8d000e8303bb9154b5b68a3420ad038bd134b17
:10c8e0005c68cae71cf0acfd1bf0a6fc1ff004fa64
:10c8f000f0e70e4bd3f8e83053b14ff0e0234ff0a0
:10c900008052c3f8042dbff34f8fbff36f8fe5e75d
:10c91000064bd3f89020d3f898309a4203d1034bba
:10c9200000225a60dae703f0c5f9d7e7c81c0120f6
:04c93000601d012065
:020000040000fa
:020000040102f7
:10c93400f0b583b00d46411e11f1030f42d80446f1
:10c944001e468368002b3fd0002d3fd02b78002b50
:10c954003fd0002a3fd0002e3fd08378002b3ed01a
:10c96400eb69002b3dd1ab6a13b92b7e002b3ad176
:10c974000223ab70ea6185f82460089b2b6213b133
:10c984000023089a13602346194a0021012016f057
:10c994000afa074648b32b7e63b9a9884ff0ff32e1
:10c9a4000192009305f080fb3946a06815f09afacd
:10c9b40000200ce00133dab22a76b3b2a9880cf075
:10c9c400e8fff1e7022002e0022000e0022003b0c9
:10c9d400f0bd0220fbe70220f9e70220f7e701207f
:10c9e400f5e70f20f3e70820f1e70020efe700bfa9
:04c9f400250e01010a
:020000040000fa
:020000040102f7
:10c9f80070b5d0f8ac301e7b182e044602d038d85b
:10ca0800012e38d8182ee56802d1b3f80f3093b349
:10ca18006b7983b320f0c4fca18fb4f85030b4f81c
:10ca28005c20052801fb03338cbf12210c2101fb7c
:10ca38000323012eab6030d0f6b1182e16d194f82e
:10ca4800e220d4f8ac1002f0ef02032a02d1d4f8a5
:10ca5800b4210ab9d4f8b8219bb29380a1f80f3059
:10ca6800d4f8442112b10733a2f8153000236b71b2
:10ca780001e0272e19d070bd94f8e220d4f8ac104c
:10ca8800112a01d0032a02d1d4f8b4210ab9d4f862
:10ca9800b8219bb2d382cb82e8e7d4f8ac20d4f893
:10caa800b4119bb2cb805382e0e7c36f43f001031c
:04cab800c367e0e789
:020000040000fa
:020000040102f7
:10cabc0070b52c4c2268157815f0040551d15178bd
:10cacc00294b49001e68c9b261f307061e605178f4
:10cadc001e6801314900c9b261f30f261e605178fe
:10caec001e6802314900c9b261f317461e605178c5
:10cafc001e6803314900c9b261f31f661e6053788a
:10cb0c00043353702368821c22f070425a63174a14
:10cb1c001188c0b260f307011180a2f5e4721168ac
:10cb2c0065f34d31116012490a8842f001020a8006
:10cb3c005a78272a0ad95d702368da781979013a6c
:10cb4c00914202bf1a7842f004021a702368da8dff
:10cb5c00013ada855a7901325a711a7842f0200278
:10cb6c001a7070bda0290120503c0141003a0141ce
:04cb7c00243a014115
:020000040000fa
:020000040102f7
:10cb800070b52c4c2268157815f0040551d15178f8
:10cb9000294b49001e68c9b261f307061e6051782f
:10cba0001e6801314900c9b261f30f261e60517839
:10cbb0001e6802314900c9b261f317461e60517800
:10cbc0001e6803314900c9b261f31f661e605378c5
:10cbd000043353702368821c22f070425a63174a50
:10cbe0001188c0b260f307011180a2f5e8721168e4
:10cbf00065f34d31116012490a8842f001020a8042
:10cc00005a78272a0ad95d702368da781979013aa7
:10cc1000914202bf1a7842f004021a702368da8d3a
:10cc2000013ada855a7901325a711a786ff345124e
:10cc30001a7070bda0290120543c0141083a0141fd
:04cc40002c3a014148
:020000040000fa
:020000040102f7
:10cc4400902910b50fdc7f2913dd8039102910d805
:10cc5400dfe801f02b2b360f110f0f0f200f0f0ff2
:10cc64000f0f0f0f3600c02944d0f02942d0a0295d
:10cc740021d000200de019682ab10a1d1a60b1f90b
:10cc84000030da1702e00c1d1c600b88c0e900328a
:10cc9400012010bd196822b10a1d1a6091f90030f3
:10cca400efe70c1d1c600b78f0e71968f2b10a1d60
:10ccb4001a600b68e5e71a68111d19601368e0e74c
:10ccc400196852b1073121f0070101f108021a6015
:10ccd400d1e90023c0e90023dae7ca1d22f00702e4
:10cce40002f108011960d2e90023f3e70c1d1c606e
:10ccf4000b68cbe71a68111d1960136803600023e1
:04cd04004360c5e7dc
:020000040000fa
:020000040102f7
:10cd080053ec102bc3f30a512de9f04140f2fd70aa
:10cd18004c1e84429e4641d8a1f2ff30002833dbe6
:10cd280033282ddc264c4ff0ff3cc0f12006154679
:10cd3800a1f21f4104fa06f22cfa00fc4cea020c9c
:10cd480024fa01f24cea020cc44003ea040805ea9a
:10cd58000c0757ea080725ea0c0223ea04030fd058
:10cd6800002b0dda4ff4801404fa06f624fa01f1c8
:10cd78000e43b61824fa00f444eb03043246234663
:10cd880043ec102bbde8f081002b03db9fed080b73
:10cd9800bde8f0819fed080bbde8f0810029efd1d7
:10cda8000a4603f0004343ec102bebe7aff3008097
:10cdb8000000000000000000000000000000f0bfbc
:04cdc800ffff0f005a
:020000040000fa
:020000040102f7
:10cdcc0070b52e4bd3f8d420d3f8b410c3f8b010f0
:10cddc00002a45d09368b3f5004f39d3274bd3f8cd
:10cdec00b440002547f6ff73e4186d41234ed6f886
:10cdfc00a4309b6998474ff0000c01466346d6f867
:10ce0c00b020824205d94ff6ff73c2184cf10003d3
:10ce1c0011461a4ad2f8c020501843f1000384423c
:10ce2c0075eb030325d2154bc3f8bc00134bd3f899
:10ce3c00bc309bb21bb9114b0122c3f8bc200f4b69
:10ce4c00d3f8bc00d3f8a4305b6980b2984770bdae
:10ce5c0093680a4ad2f8b4400025e4186d41c5e73e
:10ce6c00064bd3f8b440002547f6ff73e4186d4128
:10ce7c00bce7024bc3f8bc40d8e700bfd01d012073
:020000040000fa
:020000040102f7
:10ce8c002de9f04104460d462c4b1e6f5f6fd3f815
:10ce9c0094805a68002182f85110586804301bf0b5
:10ceac00c0fe40b9254b59681a68c86a01218140f7
:10cebc0022ea01021a60b4f1ff3f0dd034441f4b3b
:10cecc005b685c60a64220d91c4b59680431404613
:10cedc0018f099fabde8f08115b3184bd3f89c20e3
:10ceec0059688a6059689068c86059680431416013
:10cefc005968043191605a6803f198015161d3f873
:10cf0c0098200132c3f89820e4e70c4d696804318d
:10cf1c00384618f078faeb6ea342dbd9ec66d9e709
:10cf2c00731e064a526853609e42cdd8034c61680a
:10cf3c000431384618f067fae36ecbe7c81c0120c1
:020000040000fa
:020000040102f7
:10cf4c00002856d070b50446c36a2b4a5268d26a80
:10cf5c00934245d28269002a05db274a5268d26a7d
:10cf6c00c2f10502826103eb8303244a02eb8303c3
:10cf7c0062699a4205d0204b5b68db6ae362012050
:10cf8c0036e0251d28461bf04cfe38b91a490b68b3
:10cf9c00e06a0122824023ea02030b60164b5a68b6
:10cfac00d26ae2621e68012000fa02f13143196074
:10cfbc0002eb820203eb8202d268a2609168e1600c
:10cfcc004d609560e26a03f1080102eb820501eb0a
:10cfdc008501616103eb85018b6803448b6007e07d
:10cfec00054b5b68406cdb6a98422cbf002001202b
:10cffc0070bd0020704700bfc81c0120d01c012050
:020000040000fa
:020000040102f7
:10d00c00f8b504460d462d4b5b6800f1120103eb9d
:10d01c0081035b680bb91646dab91cf00bfa274b87
:10d02c005b6804f1120203eb82035e683eb1002dd3
:10d03c003bd0224b5b6803eb820300225a601f4bf0
:10d04c005b682344002283f850201ef04ffe3046cc
:10d05c00f8bd1ef019fe1cf0edf9184b5b6804f1dd
:10d06c00120203eb82035b6823b11ef03ffef5f75f
:10d07c0075ffd2e7114b5b682344012783f850708e
:10d08c001ef034fe39463046fff7fafef5f766ff20
:10d09c000028c2d14ff0e0234ff08052c3f8042d8a
:10d0ac00bff34f8fbff36f8fb7e7044b5b68721ef4
:10d0bc0004f1120103eb81035a60c0e7c81c012084
:020000040000fa
:020000040102f7
:10d0cc002de9f04383b01f46431e13f1030f45d8df
:10d0dc0004460d4616468368002b41d04a1ed2b238
:10d0ec00012a3fd803eb011393f82031002b3dd0dc
:10d0fc0067b1002e3cd0412130461ef0edfc80463d
:10d10c00402837d8a37833b901202ce0002ef2d177
:10d11c004ff00008f6e72346184a4021022015f08c
:10d12c003efe814640b30023019300970a23292237
:10d13c0029460bf03ffc46b1cdf804800096052340
:10d14c000622294648460bf035fc4946a06814f0e7
:10d15c00c5fe80f00100c000c0b204e0022002e075
:10d16c00022000e0022003b0bde8f0830220fae7c1
:10d17c000220f8e70220f6e70820f4e729d30101a2
:020000040000fa
:020000040102f7
:10d18c002de9f0418cb04b7906930b790593cb7854
:10d19c0004938b7803934b7802930b780193264b73
:10d1ac0000930c460646002501232621ec209046d0
:10d1bc0002228df82650fcf755f89df828308df892
:10d1cc00275006f0010666f300038df8283023681b
:10d1dc00cdf829300df12701a388adf82d300aa820
:10d1ec0011f056fa0746c8b99df8283066f30003cb
:10d1fc008df828302368cdf829300df12601a3884d
:10d20c00adf82d300aa811f043fa41469df82600de
:10d21c001cf0b0fb38460cb0bde8f081074b019018
:10d22c000093c8f80050a8f8045001232a46ff21a7
:10d23c00ec20fcf717f8ede74b620401b6b40401df
:020000040000fa
:020000040102f7
:10d24c0030b52a4b2a4c1b68b4f90020588585b0a0
:10d25c00998582b1274b1d78d2b2ad1a1d705d78bd
:10d26c00ad1a5d709d78ad1a9d70dd78ad1add70cc
:10d27c001d79aa1a1a710028ccbf431d431f4ff009
:10d28c000a02ccbfb3fbf2f393fbf2f300291bb2ff
:10d29c002380c8bf4a1d4ff00a04d6bf4a1fb2fbf9
:10d2ac00f4f292fbf4f2144c12b2228083b1114ac4
:10d2bc001478dbb21c44147054781c445470947869
:10d2cc001c449470d4781c44d47014792344137186
:10d2dc000a4b0093cde90101012302222b21ec2002
:10d2ec00fbf7c0ff002005b030bd00bf2c2901208a
:10d2fc00c829012000270120c6290120907a0401a9
:020000040000fa
:020000040102f7
:10d30c00f8b5294b294c1a8842f008021a801a8861
:10d31c0042f002021a80236803f00f03072b3cd162
:10d32c00082018f06af9224a224e11684ff68c3305
:10d33c000b4043f0080313601568176830683168b8
:10d34c003368c5f3c005c7f38007c0f380003d43c5
:10d35c0013f06063c1f3c00140ea050041ea00012b
:10d36c0018bf01230b431cd1134d144a23681b0710
:10d37c00fcd1166816f01f06f8d1eb6a43f00103d6
:10d38c00eb62032018f039f9eb6a66f30003eb62e9
:10d39c000320bde8f84018f030b9082bc3d10420a5
:10d3ac00bfe700bfc8e700bf303a01415c3801411c
:10d3bc00283a0141203a01410024014158380141e9
:020000040000fa
:020000040102f7
:10d3cc0038b50468a36fd90505462bd51a0525d5a4
:10d3dc00f2f72afe294bda6a42f40032da62da6a90
:10d3ec006ff35142da62da6c42f40032da64da6cce
:10d3fc006ff35142da64da6c42f48022da64da6c4c
:10d40c006ff39242da6494f96d30002b0bdb637d81
:10d41c0001336375204618f083fe15e01af03dfecb
:10d42c000028d5d038bda36f1b0605d5e37d012b95
:10d43c001ad128461bf044fb14f0aafaa36f23f070
:10d44c004003a3671af07efae37d012b06d1237dfe
:10d45c0013f0180f02d0284613f008fe28460021be
:10d46c00bde83840ddf746b814f092faa36f23f00c
:10d47c008073a3671af066fadee700bf002401414f
:020000040000fa
:020000040102f7
:10d48c00434f4e4e3a41636c5478446f6e653a4844
:10d49c00646c3d3078253034782c6c656e6774681c
:10d4ac003d257800434f4e4e3a4374726c50647570
:10d4bc005263763a48646c3d3078253034782c4f82
:10d4cc0070436f64653d3078257800434f4e4e3a7b
:10d4dc004c4c206465736320616c6c6f63206661d7
:10d4ec00696c3a2530327800434f4e4e3a446174a1
:10d4fc00615263763a48646c3d3078253034782c30
:10d50c006c656e6774683d256400434f4e4e3a411e
:10d51c00434c206465736320616c6c6f632066619f
:10d52c00696c3a2530327800416e63686f72204d19
:0fd53c006f76653a48646c3d307825303478005e
:020000040000fa
:020000040102f7
:10d54c002de9f04383b004460e4617469946037ff7
:10d55c0013f0010f05d113f0040f29d0d0f80c8073
:10d56c0001e04ff00408b9f1000f3cd01bf062ff52
:10d57c0020461ef021ff054680451cd21ef0b6fb4e
:10d58c002b463a463146204611f0a7fe054690b38d
:10d59c001ef07afb636943b160690026009633463e
:10d5ac003246216af7f714fe6661f5f7d7fc22e0e4
:10d5bc004ff00008d7e7216a002016f08dfc1ff011
:10d5cc00fbfc20611ef092fbcdf8009000231a4664
:10d5dc001946206afcf7e6ff0023236120461ef063
:10d5ec00ebfe054603e020461ef0e6fe05464545eb
:0ed5fc0098bf0025c4d8284603b0bde8f083d0
:020000040000fa
:020000040102f7
:02d60a00704767
:020000040000fa
:020000040102f7
:10d60c00072857d870b506460c462b4dd1f8170095
:10d61c00d1f81b10d4f81f20d4f823300fc5d4f840
:10d62c0027002860b4f82b2094f82d30aa80ab7119
:10d63c0006f500500830dbf7cfff08b9012070bdac
:10d64c00143d05f1240c20686168a268e368ace81d
:10d65c000f002069ccf80000a28aa37dacf804204e
:10d66c008cf80630d4f82e20d4f83230d4f83600aa
:10d67c00d4f83a10c5f83b20c5f83f30c5f8430044
:10d68c00c5f84710d4f83e20d4f84230c5f84b20ea
:10d69c00c5f84f30b4f8462094f84830a5f853201c
:10d6ac0085f8553006f50050dbf796ff80f0010049
:0cd6bc00c0b2c4e70320704730220120f8
:020000040000fa
:020000040102f7
:10d6c800f8b52c4e2c4c01271ae0226a32b3616a55
:10d6d800236a38469847a36a0133226b934228bfce
:10d6e80000231be0a26ae8b204eb420181f8400083
:10d6f800c5f3072581f84150a36294f83430dbb9ab
:10d70800337e13f0040f34d0b56aa36a0133226b59
:10d71800934228bf0023e26a9a42d6d0e26a9a422c
:10d72800eed0726802f00702012adbd0a26aedb2dd
:10d73800224482f84050dfe71df050fc0e4b1b6a74
:10d74800002bddd00c4b596a93f83c3043b10a4b9f
:10d758009b6b9842d4d3084b1b6a00209847cfe7ad
:10d76800054b9b6b9842cbd1034b1b6a0020984713
:0cd77800c6e7f8bd001000405019012069
:020000040000fa
:020000040102f7
:10d784002de9f843044690461d46eff311864ff009
:10d79400200383f31188bff36f8fbff34f8f826b26
:10d7a400c36b9a4206d3022d04d0002086f311885d
:10d7b400bde8f88394f845707fb2d4f838902a46cf
:10d7c40020460af0e1fab7f1ff3f21d1a36c7bb107
:10d7d400022d02d1b9f1000f24d120460ff0c6fc6e
:10d7e40010b3b8f1000f21d00120c8f80000dde724
:10d7f400636a0bb90120d9e704f12400fdf7e2fbc9
:10d80400b0b1b8f1000f15d00120c8f80000cde781
:10d814001ff0d0fb87420fd201377fb284f84570e6
:10d824000120c3e70120c1e70120bfe70120bde7d4
:0cd834000120bbe70120b9e70120b7e7a5
:020000040000fa
:020000040102f7
:10d840002de9f0430c6803689c42b8bf1c4613687e
:10d850009846882ba8bf4ff088081460002c45dd3f
:10d86000051d01f1040e171d4ff000094e46cc4670
:10d87000484600bf55f8043f5ef8041f5b1840ebb4
:10d88000000113eb090346eb010147f8043f894609
:10d8900006460cf1010c6445ecd129b1882c1dd051
:10d8a000a31c42f8231001341460a0450bdd631c57
:10d8b00002eb8303111d01eb8801002043f8040fe4
:10d8c0008b42fbd174b1a31c02eb8303013c53f8e0
:10d8d000041d31b91460002cf8d103e04ff0ff3083
:10d8e00002e0546854600020bde8f083002111601c
:0cd8f0008b42d8bf0c46f5dd0024d8e7c1
:020000040000fa
:020000040102f7
:10d8fc002de9f04fd2f800a00c6805681560002cdb
:10d90c004bdd00f104090f1d02f1040800239c46b5
:10d91c001e469e4659f8041f57f804bfb1eb0b0185
:10d92c006eeb0e0bc91a6beb0c0b48f8041f0bf0cb
:10d93c000103f4460136b442ecd10168a14215dd75
:10d94c00661c00eb860702eb86064ff0000e00bf4c
:10d95c0057f8041fc91a6ceb4c0346f8041f03f06c
:10d96c000103f44601340168a142f1dca24508dd53
:10d97c00631c02eb8303002143f8041f0134a2450e
:10d98c00fad17db1ab1c02eb8303013d53f8041dae
:10d99c0039b91560002df8d104e000239c461c46d3
:0cd9ac00cbe755685560bde8f08f00bf68
:020000040000fa
:020000040102f7
:10d9b8002de9f04f836843f300080b68002b4fdd17
:10d9c8000f1d061d02f1040b4ff0000ce1466446e2
:10d9d800e64600bf56f8043f05686545d8bf0023f2
:10d9e80057f804af08ea0a0a13eb0a034eeb0e0acb
:10d9f80013eb09034bf8043f44eb0a0974460cf196
:10da0800010c0b686345e5dc012b2ddd02f10804f0
:10da180000232068013354f8045f400840eac570c9
:10da280044f8040c086801388342f2db02eb8300f7
:10da380081684feac97949ea51018160591c11602e
:10da48000020506049b1033302eb8303013953f8d6
:10da5800040d10b911600029f8d10020bde8f08f3d
:0cda68004ff000094b46e1e70023dfe728
:020000040000fa
:020000040102f7
:10da740030b503780e2bc3b0044622d00f2b3ed012
:10da8400062b1bd100250ce009238df8083004eb8c
:10da9400850302a8db88adf80a3011f07df9013561
:10daa400edb22379ab42efd8002204340192009402
:10dab400222313214ff4827018f0b8ff012043b0e1
:10dac40030bd03798df80a300025411d20220df167
:10dad4000b008df808501df0d7fd04f1250120221c
:10dae4000df12b001df0d0fd043402a81af0c2fc85
:10daf4000195009441232a4640f63e01dae70123ca
:10db0400411d20228df8083003798df80a300df17b
:10db14000b001df0b9fd02a81af0acfc043400227d
:0cdb240001920094212340f63e11c3e75b
:020000040000fa
:020000040102f7
:10db300003297fb5044615464cd113f072fb00282b
:10db400049d1e3789a074dd413f0100f264b1b6888
:10db500005f101010df10a0014bf1e8a5e8a1ff053
:10db60008dfbbdf80a30162b9cbf1723adf80a3089
:10db7000bdf80a30b34228bf3346a38003201ff00c
:10db800019ff0546b0b100f11003032103a8039368
:10db90001ff080fb314603a81ff082fb0423009393
:10dba0002a4600230321208817f014fd10b12846cf
:10dbb0001ff080ff4ff482701ff08cff40b10e22e7
:10dbc000027022888280a288c28004211af000f8a4
:10dbd00004b070bd0420c3b200220221204603f02d
:0cdbe000b1fff5e70620f6e79c280120c5
:020000040000fa
:020000040102f7
:10dbec00f0b587b02b4b0190cde90212074600939c
:10dbfc00ec200e461546012302225021fbf732fb86
:10dc0c0038461af027ff00283dd0046894f8ed3010
:10dc1c009a063ad520461af095f9d8b10c20fdf7a2
:10dc2c00affe94f8ee30c4f8b4011b07a4f85861a9
:10dc3c0004d440f648039d4228bf1d46fb23a4f89c
:10dc4c005a51038020461ef07dfc00b30024204670
:10dc5c0007b0f0bd204604ab06220321adf81070ce
:10dc6c00adf81260adf814500ef06afe04460028b0
:10dc7c00ecd0094b0093019401230022ff21ec20ee
:10dc8c00fbf7f0fae3e70224f3e71a24f1e70724a1
:0cdc9c00efe700bff9570401ba7904015a
:020000040000fa
:020000040102f7
:10dca80030b52c4d2b685a79013a5a719a78272a3f
:10dcb80089b0294622d900249c702a681379013337
:10dcc800dbb21371d2789a4218d801200ef04effb9
:10dcd8002b681a781c7164f382021a702b681a7800
:10dce80064f301021a702046f2f734f823462246fc
:10dcf800194901200cf02efc09b030bd0b681a78c8
:10dd080002f00702022af7d1da8d5ab102ab1422c7
:10dd1800002118461ef04efa002200920fc8faf7aa
:10dd28007dffe9e759790029e6d1182202a81ef0fb
:10dd380041fa01200ef01aff9df8083043f0020363
:10dd48008df8083002a801238df80a30f2f702f89e
:0cdd5800d2e700bfa02901200007010154
:020000040000fa
:020000040102f7
:10dd64002de9f04106460d4690461f461df090fff2
:10dd740034685fbb2c4214bf0123002363bb069ba2
:10dd840083b3b8f1000118bf012109060fb141f0b6
:10dd94008061069a2943301d14f0e8f9f5f7e2f89a
:10dda40048b94ff0e0234ff08052c3f8042dbff37d
:10ddb4004f8fbff36f8f1df067f9044610f0007f9b
:10ddc40013d024f07f442046bde8f08135ea0403f3
:10ddd4000cbf01230023d1e7b8f1000f02d024eadd
:10dde40005053560f5f7bef8ede71bf027fb346851
:10ddf4006fb9254214bf012300232bb1b8f1000fe2
:10de040002d024ea050535601df074ffd9e735ea30
:0ade140004030cbf01230023efe715
:020000040000fa
:020000040102f7
:02de1e0070474b
:020000040000fa
:020000040102f7
:10de200000b5c3b0284b1b78abb1012b3bd110f030
:10de3000fdfd012201a925481ef08efa98b39df838
:10de40000430b3b3022b39d0032b2cd11ff022fcaa
:10de500004f05aff27e04ff0884308225a601bf075
:10de60009ef91b4b1b8813f0020f1fd012f064fbae
:10de700019f0c6fa1ff00efcf2f71eff15f052ff64
:10de80001ff008fce8f742f81ff004fc04f03cff28
:10de900003f026f815f0def80e210e48fcf71cfb07
:10dea000094b01221a7043b05df804fb1cf096f890
:10deb000dce70df1050014f09bf8f4e71ff0eafb36
:10dec000e8f724f8efe700bfcc270120d027012096
:08ded00000000142284100019d
:020000040000fa
:020000040102f7
:10ded800f8b52b4b03f0004318432bd00e461546dc
:10dee800037a022b2cd109f08dfb044670b318f08d
:10def800e5ff002830d086b17db1238d042b14bff7
:10df08001c2710272b68bb4288bf2f602a6804f1a2
:10df1800280130461df0b6fb2f60237a022b21d052
:10df2800237843f00803237020461df00bf924f0f2
:10df38000040f8bd134b09221a604ff0ff30f8e794
:10df4800104b7a221a604ff0ff30f2e70d4b0b228c
:10df58001a604ff0ff30ece70a4b0e221a604ff0c0
:10df6800ff30e6e72046f4f7c3f90028d8d1204669
:10df78001df0e8f8034b0c221a604ff0ff30d8e789
:08df880080200120b4290120d2
:020000040000fa
:020000040102f7
:10df9000002858d070b582b00c46154606468368f6
:10dfa0003bb332b301230df107020a212846f8f7eb
:10dfb000a1fca4f11e0104291bd8dfe801f0031c19
:10dfc00026303a00b36893f85c229df8071061f39d
:10dfd000820283f85c22b26892f85c3243f001035b
:10dfe00082f85c32b26892f85c3223f0020382f865
:10dff0005c3202b070bdb36893f85c229df80710e4
:10e0000061f3c30283f85c22f3e7b36893f85c2200
:10e010009df8071061f3041283f85c22e9e7b36806
:10e0200093f85c229df8071061f3451283f85c2297
:10e03000dfe7b36893f85c229df8071061f386125e
:08e0400083f85c22d5e770476c
:020000040000fa
:020000040102f7
:10e0480030b50378152bc3b0044623d1851d037959
:10e0580040798df80a30294619f0eafb63898df872
:10e068000b00d4f806000390adf8103002a80d2379
:10e078008df80830043410f08dfe002201920094cf
:10e08800082341f23e314ff4827018f0cdfc012094
:10e0980043b030bd1b2bfad140791cf093f901280d
:10e0a800134b05d801228240187820ea0200187024
:10e0b800187840b90f4b1a68137823f008031370c7
:10e0c800032118f043fc237a8df80e3054f8042ffe
:10e0d800cdf80a20122302a88df8083010f05afe55
:10e0e8000022cde90042062341f23e21cbe700bfe2
:08e0f800512801208c280120b1
:020000040000fa
:020000040102f7
:10e100002de9f04f047a14f00704034618bf0124e8
:10e11000274850f8346084467eb900ebc4051e6081
:10e1200040f834306b60234840f82430002a3cd05b
:10e130000846bde8f04f05f027b8d3f804a04ff02b
:10e14000000eaaeb010bb0463746f146bbf1000fbb
:10e150001ffa8ef5786807db401a002816daddb959
:10e160001e604cf83430dee7b9f1000f0ed1401ad2
:10e17000002809db38680135adb20ef1010eb84652
:10e180000028ecd00746e1e74ff001097868a0ebe2
:10e190000a000028eedde2e7d8f800201a6012b984
:10e1a0000cebc4046360c8f80030bde8f08f00bf1a
:08e1b000702701200c2801205a
:020000040000fa
:020000040102f7
:10e1b80038b51f4b1f4a5a604ff401701ff086fc98
:10e1c8001d4c1e4d20604ff4017200211df0f2ff1e
:10e1d80088201ff07bfc8822002128601df0eaffc0
:10e1e8002068043014f078fe0446f8b914481ff08b
:10e1f800cbf814481ff0cef813481ef035fc13482e
:10e208001ff0b6f812481ef047fc124920461ff0ce
:10e2180085f82b68104a9a65104ada66104a1a6718
:10e22800104a9a6710f0e6f807f078fa204638bde9
:10e23800802401203d24030104290120082901200c
:10e248006198040131a7040125870401712804019c
:10e258004987040181980401a58101010d03020188
:08e2680095fb0301a1980401dc
:020000040000fa
:020000040102f7
:10e2700030b5044687b000881af0f2fb00284bd076
:10e28000e2880568a38802fb03336a8f53436289df
:10e29000b3eb820f42da95f8f13003f06003602ba4
:10e2a0003ed1284619f054feeb6f10b31a0722d561
:10e2b0001420fdf76bfbc5f8b40163880380a388c5
:10e2c0004380e38883802389c38063890381284650
:10e2d0000ff0f4fc002814bf00240724114b009316
:10e2e000022201235b21ec20faf7c2ff204607b08f
:10e2f00030bd1b0702d4288806f094fb20686168b3
:10e3000003ab03c3a06818600c2203ab0a212846a4
:10e310000ef01cfb0446e1e70224dfe71224dde7f0
:08e320001a24dbe7dcb904015b
:020000040000fa
:020000040102f7
:10e3280038b50468294a94f8f430126823f00303d6
:10e3380084f8f4300023c4e96d33a4f8e230c4f85b
:10e34800e43084f8f2301178c4f8ee30204b84f8c9
:10e35800ed10c4f85831137ad90754bf537a0723fc
:10e3680084f84231137a9b0754bf937a072384f8c1
:10e378004331184bc4f854310546014640f2026255
:10e3880004f5b0701cf027fd40f20362294604f53d
:10e39800bc701cf020fd40f20462294604f5c870e8
:10e3a8001cf019fd94f86e306ff3410384f86e3059
:10e3b80004f5d4720023c4f84431c4f85031c4f8c9
:10e3c800a831c4f8ac2184f8b03138bd2429012023
:08e3d800fb009042b80bdc05cc
:020000040000fa
:020000040102f7
:10e3e00070b5d0f8443193f921307f2b92b00446b8
:10e3f00043d00426012500bfd4f844319b7f1d4241
:10e4000032d028461df0fefdd4f844311a1893f896
:10e4100021301371d4f844311a18db7f1373d4f808
:10e4200044311a7c92071fd541f22102adf8002039
:10e4300000228df804202288adf806200122104425
:10e440008df809008df8082093f821208df80a2016
:10e45000da7fc2f301028df80b2093f820308df89b
:10e460000c30684616f0b4fd013e6d0016f0ff0654
:10e47000edb2c1d1012012b070bd4ff48153adf89f
:10e4800000300388adf8043068464ff6ff73adf8ee
:08e49000063016f09dfdede7da
:020000040000fa
:020000040102f7
:10e498002de9f0418ab00468294b0993236f5b0288
:10e4a800039340f20113adf80230638f15465a000a
:10e4b80040f27123534306464ff0000820460f46aa
:10e4c80005938df800801bf0b7fa628f049040f234
:10e4d800e24353438df80170cde90638089645bbf1
:10e4e800adf80450029504f1cc016846f8f77af9c2
:10e4f800237e122b16d1e37da3b994f83700658fdc
:10e5080003f2e24358435d431af013fe00220d4b19
:10e518001ff014fa1af00cfb2a4681b2d4f8cc008a
:10e5280012f03efcd4f8cc00f5f72cfc0ab0bde89c
:10e53800f0812b68adf804306b680293d3e700bf15
:08e5480019cb03010088834098
:020000040000fa
:020000040102f7
:10e550007fb590f85040064634bb294d2b68d3f860
:10e56000583283b11bf02cf9296891f860220346d8
:10e570005ab13246d1f858122046aff300802b68ca
:10e580000022c3f8582204b070bd012081f8600257
:10e590000092d1f858220393cde901266b46102250
:10e5a00018490bf0dbffeae7012cecd1144d2b6886
:10e5b000d3f85c32002be6d0002918bf02241bf0f0
:10e5c000fff8296891f86022034652b13246d1f82b
:10e5d0005c122046aff300802b680022c3f85c2257
:10e5e000d1e7012081f860020094d1f85c22039306
:10e5f000cde901266b46102202490bf0afffebe795
:08e60000382901200d01000181
:020000040000fa
:020000040102f7
:10e6080030b5c36d85b00446002b3ad04ff4f8728c
:10e618000021e06d1df0cefde06dbc301cf0befeab
:10e6280068461ff0bdf9e26d0098c2f8cc0002f10f
:10e63800cc03bdf804109df80620998025469a71f0
:10e6480035f80b0b02a91bf017f8ddf80930c4f8f0
:10e658000b30bdf80d30ab809df80830e26d00330b
:10e6680018bf01236374022382f82c30e26d82f80c
:10e678002d30104b1b68587810f001000ad105b0f6
:10e6880030bd4ff4f8701ff021fae0650028bdd1c5
:10e698000120f4e7e26d92f82c3043f0010382f890
:10e6a8002c30e26d92f82d3043f0010382f82d30c2
:08e6b8000020e4e740290120e5
:020000040000fa
:020000040102f7
:10e6c00070b52a4d2a4c1de004eb430292f8c0209d
:10e6d00062f30706b6b204eb4302013292f8c0209f
:10e6e00062f31f26013322699a4298bf0023e36038
:10e6f0006b6803f00703012b1abff3b2ab62ae6283
:10e70000237da3b92b7e13f0010f2dd0a268e368ff
:10e710009a4226d06a6802f00702012ad4d0e21891
:10e7200092f8c02062f30706b6b20133dbe71df0b2
:10e730007ffa2368002be5d06168237f43b10c4b3f
:10e740009b699842ded30a4b1b6803209847d9e7a0
:10e75000074b9b699842d5d1054b1b68032098470e
:10e76000d0e7024b01221a7570bd00bf00100040b7
:04e77000501901201b
:020000040000fa
:020000040102f7
:10e7740038b50c4615462a4b1a7842f001021a7035
:10e7840093f800c02cf0020c83f800c0002119603b
:10e7940019711a7861f384021a7093f801c0012286
:10e7a40062f3830c83f801c0d0f8f430182b1cd02a
:10e7b400202b27d0102b0ad1194a537823f00303b6
:10e7c400537090f8893123f0030380f889310146ae
:10e7d40012f0a0fe124a137843f002031370294684
:10e7e40020460af041fd002038bd0d494b78012236
:10e7f40062f301034b7090f8893162f3010380f8ee
:10e804008931e4e706494b78022262f301034b7035
:10e8140090f8893162f3010380f88931d7e700bfaa
:04e8240000040042aa
:020000040000fa
:020000040102f7
:10e828002de9f04fadf50d7d8946c3f10008d0f80c
:10e8380000b00b688bea030303ea080a171e41dde0
:10e8480000f1040e01f1040c03ac0137ba0000eb2f
:10e858008707264665467346cdf804b0bb4600bf19
:10e8680053f8041f55f8047f794001ea080146f877
:10e87800041f5b45f4d1ddf804b08bea0a0303609a
:10e88800104421465ef8043f51f8045f6b40cef80f
:10e8980000308645f6d1d9f8003083ea0a03c9f872
:10e8a8000030043a4a4461465cf8043f54f8040fc7
:10e8b8004340ccf800309142f5d100200df50d7d94
:10e8c800bde8f08f8bea0a0303600b6883ea0a034a
:04e8d8000b60f2e7f8
:020000040000fa
:020000040102f7
:10e8dc00002853d0002953d0282a01d80020704793
:10e8ec002de9f04300f1100500f10e0c4ff0010e74
:10e8fc004ff000093a241fe007f130031fbb4f46cd
:10e90c0024e003f1300843bb3fbb0b4629e006f182
:10e91c00300106b90fb103f8011b527802f00f0257
:10e92c00092a8cbf573230321a70604520d0991c9e
:10e93c005c70023085421cd0024603781f099f2b65
:10e94c00dad907f1570301f8013b7746137803f046
:10e95c000f03092bd5d903f157080b4603f8018b8c
:10e96c00774651780e099f29d1d906f15701d2e784
:10e97c00591c00230b700120bde8f0830020704768
:04e98c0000207047b0
:020000040000fa
:020000040102f7
:10e990002de9f04182b0451e15f1030f40d8044621
:10e9a000884617461e468568002d3bd0002b3bd07d
:10e9b0008378002b3ad0d5f84833002b3ad105f1b3
:10e9c0007f0140461af0a8fb18b995f87e30bb428b
:10e9d0001dd00021a5f89c102346194a012014f0ef
:10e9e000e4f9054640b30097434605220a211bf08f
:10e9f0000dfc2946a06813f077faf8b1a368c3f8b4
:10ea00004863a368012283f8882000200fe07e3548
:10ea1000009501231a4619462046b047002006e01b
:10ea2000022004e0022002e0022000e0012002b007
:10ea3000bde8f0810a20fae70820f8e70820f6e7a9
:04ea4000d53b0101c0
:020000040000fa
:020000040102f7
:10ea4400f7b5047a082c4cd8c5680023a5f1280131
:10ea54002820dab294423ed8254f3b681e78002e17
:10ea640041d1304613f042fe15f032fc3f6807f105
:10ea740034034ff4a072314618461df09dfb87f80d
:10ea8400324094b304eb8402d20029461cf0fcfd0e
:10ea9400284612f0f9fe95f82720012a0fd12b7889
:10eaa4008df800302b46684653f8011fcdf801104d
:10eab4009b88adf805308df8072016f09df90136d6
:10eac400f6b2b44205f12805e2d1012013f00efe9e
:10ead400002003b0f0bd013300fb03f28a5c012a7d
:10eae400b7d90320f5e70520f3e72046f1e700bf97
:04eaf4008c28012049
:020000040000fa
:020000040102f7
:10eaf8001f4b204a204810b59a601ef0e5fb1f48be
:10eb08001f4c1ef0e7fb1f4903201df03dff1e4967
:10eb180004201df039ff1d4907201df035ff1c4852
:10eb28001ef0defb214606201df036ff2146194c5b
:10eb380007201df031ff214608201df02dff21463a
:10eb4800154c09201df028ff21460a201df024ff3e
:10eb580021460b201df020ff0ef0cefe0f481ef0c0
:10eb680043fc0f481ef0e6fb1df006fb002010bd1d
:10eb780080240120b56a04011b640401a9e3030190
:10eb8800017b010149640401ed6304016fb90401cb
:10eb980099410101c9320101d1c40001315e03016b
:04eba800619503016f
:020000040000fa
:020000040102f7
:10ebac0013b502460c461df07dff002847d0262adf
:10ebbc002ad0292a35d0202a43d1234bf1b11b6806
:10ebcc00da7812f0300f3cd01a7942f001021a7147
:10ebdc0000241e4b0093022201232d21ec20faf776
:10ebec0041fb44b11a4b0093019401230022ff21f5
:10ebfc00ec20faf737fb204602b010bd1a681379e7
:10ec0c0023f001031371e4e70f4b1a68137929b150
:10ec1c00980616d543f040031371d9e723f040034f
:10ec2c00f0e7094b1a68537929b1d90709d543f094
:10ec3c0002035371cce723f002035371c9e70c2490
:10ec4c00c7e71124c5e700bf2429012047c20401ee
:04ec5c00b6b4040145
:020000040000fa
:020000040102f7
:10ec600030b5c278837885b004462abb0c2b0bd113
:10ec7000c06d102200f5c8701af04efa054628b192
:10ec80000b21204604f0a0fb05b030bdadf8040018
:10ec9000cde90200204614f015fee36d2088a03374
:10eca00001aa02a917f046fbe36d2a46a0332946c4
:10ecb000204601f02bffe7e7082be5d1c56d1022b8
:10ecc00005f5e8701af028fa0028d9d16b78042be2
:10ecd00016d101232b71e36d9a78002ad4d01871d4
:10ece000e36d9870e16d01f5c87120460ef036f9bc
:10ecf000204614f0e7fde36d0022a0331146d7e76c
:10ed0000012b02d105f5c871efe7022bfad0032bd6
:04ed1000bad1f7e796
:020000040000fa
:020000040102f7
:10ed140073b50468638fd4f84451f02b94bf94f90d
:10ed24002c3094f92b3095f913209a4206460edcc8
:10ed340094f92c3095f911209a4208dbb4f85c3030
:10ed4400d4f844210133a2f8153002b070bdaa7c76
:10ed54000121d21a204652b214f0fef8002a1edd18
:10ed64002b181b7b9907e9d4144b009693f91530a3
:10ed74009a42b8bf1a46002a08da284490f90430a7
:10ed840099181031bcbfc3f1f00252b28df80420bf
:10ed94006b4605220a4901200bf0defbcee7cdd0fd
:10eda40029180b7bdb07c9d42b7c03f03003202b01
:10edb400c4d091f904300f33c0dbd5e7002701201c
:04edc400050601013e
:020000040000fa
:020000040102f7
:10edc80084b030b587b00aac84e80f00274c2268bd
:10edd800137803f0030102293cd19df830506ff3fa
:10ede8008203137000200df0c1feddb918222946f8
:10edf80068461df0dff923681978012262f30101e2
:10ee0800197023689978597023685d719df80030ee
:10ee18008df8022043f002038df800306846f0f7c1
:10ee280099ff17e02368032d1a7819d1012565f396
:10ee380001021a7023689a785a7023680020587162
:10ee4800f0f788ff0a9b009304226b46084928467e
:10ee58000bf080fb002007b0bde8304004b07047dd
:10ee68006ff301021a700020d9e700bfa029012022
:04ee78000407010189
:020000040000fa
:020000040102f7
:10ee7c00f8b50446008a1ef013fe00284dd0208af7
:10ee8c00a768a67ce56817f073f80446002846d0fe
:10ee9c004fb345b33b7843727b78837205eb8606a0
:10eeac000023e27a9a4211d998002a4609e0e168d7
:10eebc0017880144b1f800c0bc4504bf57884f8087
:10eecc0004329642f3d10133dbb2eae7637adb0713
:10eedc0005d54ff6ff72012120780df04bfc237afb
:10eeec0043f001032372012304f1540584f83c30f0
:10eefc0028461cf015fd78b128461df01bfd054673
:10ef0c0042680189204606f08dfe68681ef0defd21
:10ef1c0028461ef0dbfd0020f8bd0420fce7032092
:02ef2c00fae702
:020000040000fa
:020000040102f7
:02ef2e0070472a
:020000040000fa
:020000040102f7
:10ef300070b5c2b0044640881ef0d0fb002846d011
:10ef40000546628861681cf0a1fb2678042e02d178
:10ef50002b78122b14d040f20112002101a81df0d1
:10ef60002df98df805606388adf80730cdf80950ac
:10ef7000002201a919481cf01ffe012827d023e018
:10ef8000a87a80001ef0aafb064610b3aa7a920067
:10ef900069681cf07bfb6e6040f20112002101a841
:10efa0001df00cf923788df805306388adf8073033
:10efb000cdf80950002201a908481cf0fdfd0128e8
:10efc00005d030461ef08efb28461ef08bfb42b06b
:10efd00070bd28461ef086fbf9e700bfd027012050
:020000040000fa
:020000040102f7
:10efe00010b5274c4ff47a43e3604ff483732361e9
:10eff0005e2363611ef0b1fc00f5fa70214ba3fba8
:10f00000003080094ff0ff33b3fbf0f3a36100231e
:10f01000e36123621ef0a1fcb0f5fa4f12d34ff06a
:10f0200088431b6c03f44053b3f5005f1dd01ef002
:10f0300094fc00eb40008000134ba3fb0030400b1e
:10f040000f4bd8610e4c0123237200210f481df095
:10f0500077ff002222704ff0e0231a619a614ff689
:10f06000ff125a6107221a6110bd1ef076fc1623aa
:10f0700000fb03f3044aa2fb03235b0b2362e1e7db
:10f08000cc250120d34d62105917b7d169bb0401bb
:020000040000fa
:020000040102f7
:10f0900001380e2809d8dfe800f0350b0e111417df
:10f0a0001a1d202326292c2f32009fed180a7047a5
:10f0b0009fed170a70479fed170a70479fed160adc
:10f0c0007047b6ee000a70479fed140a70479fed37
:10f0d000140a70479fed130a70479fed130a70479b
:10f0e000b7ee000a70479fed110a70479fed100ab6
:10f0f00070479fed100a70479fed0f0a7047b7eefb
:10f10000080a70479fed0d0a704700bf000000001d
:10f11000cdcc4c3e9a99993ecdcccc3e9a99193f94
:10f120003333333fcdcc4c3f6666663fcdcc8c3f0e
:10f130009a99993f6666a63f3333b33fcdcccc3d19
:020000040000fa
:020000040102f7
:10f1400038b50c461546294b1a7842f001021a7060
:10f1500093f800c02cf0020c83f800c000221a6063
:10f160001a71197862f38401197093f801c062f37f
:10f17000830c83f801c0d0f8f430182b1cd0202b5e
:10f1800027d0102b0ad1194a537823f00303537068
:10f1900090f8893123f0030380f88931014612f099
:10f1a000bbf9124a137843f0020313702946204634
:10f1b0000af05cf8002038bd0c494b78012262f35c
:10f1c00001034b7090f8893162f3010380f88931b3
:10f1d000e4e706494b78022262f301034b7090f892
:10f1e000893162f3010380f88931d7e700040042d6
:020000040000fa
:020000040102f7
:10f1f0000246002853d0012180f83810002380f8ff
:10f20000393080f83c3080f86830c366fd2082f8e1
:10f210007000536782f8783082f8793082f87a305b
:10f2200082f87b3082f89e3082f8143382f85c33a7
:10f2300082f85d334ff0ff30c2f8a00082f8ac30a6
:10f2400082f8aa30a2f8ae1002f1b00302f5987c61
:10f250000146002019609872d98110339c45f9d17c
:10f26000002382f8303182f8403182f8a831012140
:10f2700082f86812c2f86432c2f80433c2f8083364
:10f28000c2f81033c2f83833c2f80c33c2f83c333a
:10f29000c2f8543253629362d3621363536370476c
:020000040000fa
:020000040102f7
:10f2a000431e13f1030f45d88368002b44d0002977
:10f2b00044d08278002a43d01a68b2f1ff3f41d08f
:10f2c00093f87c20214b1b7893423dd910b51f4bfe
:10f2d0002b2000fb02f29818c47881f8284090f99e
:10f2e000014081f82940807881f82a00141d1819fe
:10f2f0001c59c1f8214084888079a1f8254081f803
:10f3000027000b32134403f1200400bfd3f800e0c0
:10f31000d3f804c09868da68c1f800e0c1f804c006
:10f320008860ca6010331031a342efd11b780b7094
:10f33000002010bd02207047022070470220704755
:10f3400001207047012070470420704758090120b0
:020000040000fa
:020000040102f7
:10f350002de9f04383b01f46431e13f1030f3dd840
:10f3600004460d4616468368002b39d0002a39d052
:10f370004a1ed2b2012a37d803eb011393f8203189
:10f38000b3b3212130461cf0adfb8046202831d894
:10f39000a3780bb9012028e02346184a2021022037
:10f3a00013f003fd814638b30023019300970a232d
:10f3b0002822294609f004fbcdf804800096052395
:10f3c00001222946484609f0fbfa4946a06812f096
:10f3d0008bfd80f00100c000c0b206e0022004e016
:10f3e000022002e0022000e0022003b0bde8f0832a
:10f3f0000220fae70220f8e70820f6e729d3010106
:020000040000fa
:020000040102f7
:10f4000038b5254d254903201bf0c0ff2b682c463d
:10f4100033b950201ef05efb286060b9022538e049
:10f420000025236803eb8503d86a08b112f060fb5e
:10f430000135082df5d15022002120681cf0befeb8
:10f440002368174803221a70236809225a70226819
:10f4500010210023917053712268d37116f05efd64
:10f460000546b0b90f4816f071fd054688b90e4a39
:10f47000052101201bf0baff0c4906201af080f983
:10f480002268936903f0f80343f0011343f4a06387
:10f490009361284638bd00bf4029012001c90401fd
:10f4a000e5f10101bd7a0301bd850301c1aa020195
:020000040000fa
:020000040102f7
:10f4b00070b583780a2b044641d1c06d4022eb30f1
:10f4c0001cf0e4f894f853308bb9022017f0e4fbf9
:10f4d00000283bd11f4d2b68da786ab11e494022c3
:10f4e00004f112001cf0d2f8022384f853302046b5
:10f4f000bde87040f7f784bbe278012a0ad1e26ddb
:10f500005278032a06d1996821b191f850300bb195
:10f510004022e5e711481df03bfb064680b928680c
:10f52000022384f853301030f9f7acf92b6883f8d4
:10f5300028609b680bb183f850600b23a37070bdeb
:10f5400020460821bde8704003f03ebf012384f847
:10f550005330f2e740290120302a0401791b0401cd
:020000040000fa
:020000040102f7
:10f5600070b50d461446114618f09cfe1f2d11dc97
:10f5700015f01f0e1ad12368002b43d0981c04eb02
:10f580008000013b50f8042d002a3ad12360002b63
:10f59000f7d137e02946002db8bf05f11f01491109
:10f5a000204607f079f80028e2d02de06b4205f004
:10f5b0001f0503f01f0358bf5d42c5f120052668f3
:10f5c000002ed8dd211d0022104600bf51f8043f57
:10f5d000844623fa05f003fa0ef363440b6001320c
:10f5e000b242f3d140b1872e06dc731c2360023691
:10f5f00044f826002368c1e7882ebcd14ff0ff30c5
:0cf6000002e063686360002070bd00bf82
:020000040000fa
:020000040102f7
:10f60c00002852d030b587b014460546aab183689d
:10f61c009bb15388117941f6015293420fd041f6b8
:10f62c000252934239d0b3f5e85f06d1002211465d
:10f63c0016f04cfe284609f0ebfe07b030bd04294d
:10f64c00fbd104230deb0302032104f11000f7f7a7
:10f65c004bf9042302aa032104f11800f7f744f92b
:10f66c00012303aa032104f12000f7f73df99df8cb
:10f67c000c30022b0ad0638d8df81030e36a0593a1
:10f68c0001aa0021284616f021fed6e704aa032180
:10f69c0004f12800f7f728f9f2e70022012116f00f
:0cf6ac0015fe284609f0b4fec7e77047c1
:020000040000fa
:020000040102f7
:10f6b80073b51e4600230d4614468df806308df8a6
:10f6c800073016f057fc10b90f2002b070bd2c425d
:10f6d80004d1012d0cbf02200320f6e7012d04d12f
:10f6e80014f00e0f1cd10020efe714f0e00ffad051
:10f6f800102d09d1610620d50df107030df1060281
:10f70800032100880af059ff9df8073003bb14f065
:10f71800ee0fe8d09df80630b342e4d20c20d4e7cf
:10f728006507e9d4a2070ad414f0080fecd00df14c
:10f7380007030df106020121e3e7a30605d50df144
:10f7480007030df106020221dbe714f0800fede755
:0cf75800012bb9d0022bc6d10520b6e76a
:020000040000fa
:020000040102f7
:10f7640010b51af08fff214b1b685b071fd5204a89
:10f774004ff088411368096c01f44051b1f5005f02
:10f784000cbf0a3b043b13601a4b1a8842f0010277
:10f794001a801a68d407fcd4174b184a1b681268dd
:10f7a4009b1a012b03d9bde8104018f05fbf144c1d
:10f7b40001232370134b596841f400015960596abd
:10f7c400c906fcd518f052ffbc2015f01aff1af038
:10f7d40059ff2378002be6d00b4a138e43f08003a5
:10f7e4001386084b1a6ad203fcd5dce7203e01419c
:10f7f400343e0141143e0141083e0141e02801200c
:0cf80400d22901200040014100240141f4
:020000040000fa
:020000040102f7
:10f8100038b5244d24492c68302204f138001af000
:10f82000eff8224bb4f839201a8094f83b201a7173
:10f830002b6894f838201a72224652f83c1fc3f8fd
:10f8400002109288da802b68b4f84e209a8494f8db
:10f85000422083f82620164ab4f846101180154a33
:10f86000b4f848101180b4f94c205a85b4f94a20f4
:10f870009a85114bd4e918011b68c3e91601224689
:10f8800032f8501f198192789a7294f84320da72f4
:10f8900094f844201a73d4e9182313430cbf1e2094
:10f8a000002038bd2c2901200842014400270120f6
:0cf8b000c8290120c629012024290120bc
:020000040000fa
:020000040102f7
:10f8bc0073b50468636f628fdb6899889142064662
:10f8cc0007d1a08fd988884203d1e08f198988424b
:10f8dc000ad0032184f8aa10998891421fbf0122f3
:10f8ec0022650022a4f858201a7884f837205a8808
:10f8fc0022879a886287da88a2871b89216fe3871f
:10f90c00204601220af054fca36f628f23f00103fe
:10f91c00a367e38f00252046c4f88850db00b3fbb7
:10f92c00f2f3c4f8903000f06ef8b4f8bc300093e9
:10f93c006a46d4f8c03001930c213046fef7a6fd80
:10f94c0094f86d3065f3041384f86d30a36f23f0d5
:0cf95c00040343f00803a36702b070bd71
:020000040000fa
:020000040102f7
:10f96800002851d070b584b014460546022b08d043
:10f97800032b22d0012b02d110461df0affe04b09c
:10f9880070bd089b002bfad08368002bf7d0089a2b
:10f99800118840f606029142f1d1089a5288002a4d
:10f9a800edd0d3f8b862002ee9d0d3f8bc12022308
:10f9b800009300232246b047e1e7089b002bded0e6
:10f9c8008368002bdbd0089b5a8840f606039a42ce
:10f9d800d5d1089b1b79012bd1d102230df10e0241
:10f9e800194608981030f6f781ffab68d3f8b8626b
:10f9f800002ec4d0d3f8bc1200230093bdf80e30fb
:0afa080022462846b047bae77047cf
:020000040000fa
:020000040102f7
:10fa120070b5054619f0a3ff6b8fb5f8604040f250
:10fa2200e2465e43ab7e122b2bd0222b2dd0112b24
:10fa320030d100ebc404e6346b7eb5f86400122bbf
:10fa42002dd0222b2fd0112b32d104ebc004e6345f
:10fa520019f085ffb44224f00042a4eb00004ff0fd
:10fa6200000394bf341b002496422cbfb61a1e46d4
:10fa7200c5f8a400c5f89c40c5f8a060c5f8983048
:10fa820070bd00eb8404c234d6e700eb041404f525
:10fa92001974d1e700eb841404f26634cce704eb6a
:10faa2008004c234d4e704eb001404f51974cfe7e0
:0afab20004eb801404f26634cae786
:020000040000fa
:020000040102f7
:10fabc002de9f04182b00378032b43d0074668460a
:10facc001bf016fc00283fd14ff4005442f20806fc
:10fadc0013e04046d9f7f1fe58b1072269461b489e
:10faec0019f014fbe8b104e0791c194805f0b2f9df
:10fafc0020bb0134a4b2b4421ed0e5b22046d9f7e3
:10fb0c00b9fe0028f5d02046d9f7d7fe0028f0d052
:10fb1c0004f108081ffa88f84046d9f7abfe002814
:10fb2c00d7d13b78022bdfd006220a49781c19f07a
:10fb3c00edfa0028ddd101e00135edb2284602b026
:10fb4c00bde8f0810825f9e70825f7e73022012008
:08fb5c00572201205122012073
:020000040000fa
:020000040102f7
:10fb64002de9f0410746884616461d4613f006fb6c
:10fb7400002841d0224b93f9a030022b06d04ff03d
:10fb8400ff3417f0effc2046bde8f081b8f1000f18
:10fb94002cd0b8452dd30024194b1a7832b1013436
:10fba4002033052cf9d14ff0ff34eae701221a7013
:10fbb40000225a701a755a759df818209a70c3f865
:10fbc4000480de601d61a8eb07079f600d4a128860
:10fbd400a4b244ea0244dc61531c9bb24ff6ff72a8
:10fbe400934208bf0123074a1380cae74ff0ff344a
:10fbf400c7e74ff0ff34c4e74ff0ff34c3e700bf5b
:08fc0400d01d01200c2b012092
:020000040000fa
:020000040102f7
:10fc0c0038b5264b5b68834209d0044638b119f0ed
:10fc1c0011fc6269224b9a4202d01cf067f838bd85
:10fc2c00a36a204a9342f8d0002bf6d194f85030b6
:10fc3c00dbb2012bf1d0251d284618f0f2ffe36a48
:10fc4c00164a1068012199400143116003eb8303ac
:10fc5c0002eb8303db68a3609968e1604d609d60f3
:10fc6c00e36a02f1080103eb830001eb800161619f
:10fc7c0002eb80018b6801338b605368da6ae36aac
:10fc8c009a42cad24ff0e0234ff08052c3f8042db1
:10fc9c00bff34f8fbff36f8fbfe700bfc81c0120ae
:08fcac00601d01209c1d0120d8
:020000040000fa
:020000040102f7
:10fcb40008b5284bd3f8f43023b1264b0122c3f8fe
:10fcc400002108bd234b0022c3f800215a68116ba0
:10fcd4005a685b6812681b6b9a4203d90b68b3f1cc
:10fce400a53f24d01b4b5968586834311cf0fcfaea
:10fcf400184a1368b3fa83f3dbb2c3f11f0303ebaf
:10fd0400830102eb8101c8684068c86003eb83018a
:10fd140002eb81021032904216d00e4a03eb8303a9
:10fd240002eb8303db68db6853605368c9e74b6805
:10fd3400b3f1a53fd6d18b68b3f1a53fd2d1cb683f
:10fd4400b3f1a53fced1d3e7024a02eb8102516958
:08fd5400d160e2e7c81c0120a8
:020000040000fa
:020000040102f7
:10fd5c00f8b5064614461f460d1e12dd904218d00b
:10fd6c002146304618f098fa1f2d19dc6b4205f02d
:10fd7c001f0103f01f0358bf5942204602f002fe38
:10fd8c001ae0114618f088faafb338461bf0d6ffcc
:10fd9c0031e0002be4d01a462946f6f711fbdfe7d9
:10fdac002946002db8bf05f11f01491120460af064
:10fdbc00fffc15f01f0f14d1a64205d027b13a460f
:10fdcc0029463046f6f7fcfa23689bb1981c04ebe5
:10fddc008000013b50f8042d5ab92360002bf8d158
:10fdec0008e06b4205f01f0103f01f0358bf594296
:08fdfc00c3e763686360f8bd12
:020000040000fa
:020000040102f7
:10fe0400002846d02de9f8430c460646002942d086
:10fe1400002101f0c1fc804600283ed0a279e77998
:10fe2400336a53b1336943b147ea0227fd1c25f015
:10fe34000305adb2f38aab4208d2194b1b680bb170
:10fe44001848984700203061bde8f88307f1080995
:10fe54004a4621461bf018fcaf4213d333692b44a6
:10fe64003361f38a5b1bf382f26993882b4493809a
:10fe7400337b06eb83035a6a2a445a62304602f003
:10fe8400c7f8e1e7ea1b002108eb09001cf094f92c
:10fe9400e4e7002070470020d6e70020d4e700bf45
:08fea4001821012004480001af
:020000040000fa
:020000040102f7
:10feac0010b582b00093adf80610adf80420002810
:10febc003dd004468bb2002b3cd092b240f2b453ee
:10fecc009a4239d8009b0133b3f5803f36d8049b56
:10fedc00b3b340f2b453059a9a4201d9002027e0fb
:10feec0040f6056101f054fc60b302230df10602eb
:10fefc0003212046f7f72eff022301aa03212046f7
:10ff0c00f7f728ff009bb3f1ff3f09d1059b049a3b
:10ff1c0006212046f7f71eff204602f075f807e091
:10ff2c0004236a4602212046f7f714ffeee700206f
:10ff3c0002b010bd0020fbe70020f9e70020f7e736
:08ff4c000020f5e70020f3e7b7
:020000040000fa
:020000040102f7
:10ff5400002850d070b586b01446054662b1866854
:10ff640056b15388127904f11000b3f5c85f05d077
:10ff740041f601118b422bd006b070bd032afbd190
:10ff8400d6f85833002bf7d004236a460221f6f73b
:10ff9400affc237e082b0ad0092bedd1102302aa33
:10ffa400092104f11800f6f7a3fc022307e0042357
:10ffb40002aa082104f11800f6f79afc01238df82f
:10ffc4000430d6f8583301aa009928469847d3e755
:10ffd400012ad1d1d6f85833002bcdd004230deb10
:10ffe40003020221f6f784fcd6f858330022019963
:08fff40028469847c0e770475a
:020000040000fa
:020000040102f7
:10fffc00431e13f1030f41d8f0b583b004460e46ef
:020000040103f6
:10000c0015468368002b3bd0002a3bd08278002a0f
:10001c003ad0d3f8483313b10a2003b0f0bd0346ed
:10002c001c4a0021022012f0bafe074670b3022ec1
:10003c0019d0012e1ed100260096334632460a21d5
:10004c001af0def80096334632460c2138461af088
:10005c00d7f83946a06811f041ffc8b1a368c3f8be
:10006c0048530020d9e70022009213460b211af0c6
:10007c00c7f8eee71cf0d6ff0820cee70220704749
:10008c000220cae70220c8e70120c6e70820c4e71f
:08009c000820c2e7d53b010179
:020000040000fa
:020000040103f6
:1000a40010b5274c206890f82130032b8cb01ad15e
:1000b40022301bf0b5fe206890f82130012b02d9c4
:1000c400223014f0cdf823680020d3f87431984717
:1000d4002068038e2bb11b4900f5f2705943f4f7e5
:1000e4000bfc0cb010bd022be5d1032104a805f0d4
:1000f40041f80d2200210df113001cf05df89df86c
:10010400123003f07f0343f0400368468df8123049
:100114001bf046f908aa04a96846fbf79bfc236870
:10012400bdf820109df82220598483f82420bdf8be
:1001340010109df81220a3f8251083f82720bae7a1
:080144008c28012040420f004d
:020000040000fa
:020000040103f6
:10014c002de9f047d0f850310446884653b990f861
:10015c00f23043f0200380f8f2300520fbf710fc5e
:10016c00c4f85001d4f8501100293bd0d1e90063f8
:10017c00002003f01f074ff000094ff0000a4ff06a
:10018c00010cc0f3850545444fea400e6d780ef026
:10019c00060e45fa0ef5ab0711d4a0f12005c0f1ff
:1001ac00200e2cfa0efe0cfa05f545ea0e050cfa9b
:1001bc0000fe4eea090e45ea0a05f146aa46013050
:1001cc002528ded1ba450fbfb14594f8f20040f0b6
:1001dc00200084f8f200c1f80090d4f850314feab6
:0801ec0019121a71bde8f08739
:020000040000fa
:020000040103f6
:1001f4002de9f0418cb04b7906930b790593cb78bc
:1002040004938b7803934b7802930b780193204be0
:1002140000930c46054601232521ec20904602223a
:10022400f9f724f89df8283005f0010565f300037b
:100234008df828302368cdf829300027a3888df85d
:1002440027700df127010aa8adf82d300ef024fa1d
:10025400064698b99df8283065f300038df82830d8
:100264002368cdf829304146a388adf82d300aa87b
:1002740011f0e6fc30460cb0bde8f081054b01906e
:1002840000933a460123ff21ec20f8f7effff1e752
:08029400a4640401b6b40401e6
:020000040000fa
:020000040103f6
:10029c002de9f347264e336807461d7bf8b9db7a08
:1002ac00ab4201d90135edb2224b1c684ff000086e
:1002bc004ff00109ccb9b9f1000f2cd033682046ae
:1002cc001d733268137b0bb9012f2ed0d27a9a4250
:1002dc0002d1002f08bf432002b0bde8f0870128ef
:1002ec00e2d1002de0d0013ddde7a268137a043b9a
:1002fc00012b0bd8d2f800a050461bf095fb38b957
:10030c00d4f80880814650461bf078fb2468d1e76e
:10031c0033681d73f7e78df8047001ab02220821d6
:10032c00d8f800000cf00cfbcbe74320d4e700bf5f
:08033c00242901202c280120d6
:020000040000fa
:020000040103f6
:1003440073b505460df10101684619f027fa9020ae
:100354001df0befb0446002844d0e96d00f10806f8
:10036400442201f596714c301bf08ef9e96d44225c
:10037400a03130461bf088f995f857305bb194f8fa
:10038400663043f0010384f8663094f8223043f079
:10039400010384f8223095f856305bb194f8663046
:1003a40043f0020384f8663094f8223043f00203e9
:1003b40084f8223095f8522094f8663062f387036b
:1003c40084f8663095f8522094f8223062f387035b
:1003d40084f82230052323702b88a38021469020a3
:0803e4001df046f902b070bde6
:020000040000fa
:020000040103f6
:1003ec00072870b54cd8274d041d2b6853f8246092
:1003fc00002e45d096f84e301bb106f15c00f8f794
:10040c003bfab37c1d2b03d106f17400f8f734fad8
:10041c002b6853f82430d86808b11df057fb2b68b3
:10042c0053f82430986c08b11df050fb2b6853f82e
:10043c00240054301bf074fa68b12b6853f8240074
:10044c0054301cf077fa064628b140681df03efb8c
:10045c0030461df03bfb2b6853f8240017f09efb35
:10046c002b6853f82430186c08b11df02ffb2b6847
:10047c0053f824001df02afb2b68002243f824209b
:08048c0070bd00bf44290120ee
:020000040000fa
:020000040103f6
:1004940073b5254e254c336825491d7f18692022e4
:1004a400adbb1bf0f1f8b4f8a430214943f01003bc
:1004b400a4f8a430b4f8a43065f3c713a4f8a430a6
:1004c400b4f8a43043f00203a4f8a43033681869e4
:1004d400202210441bf0d8f8b4f8a43065f341038b
:1004e400a4f8a430b4f8ac3065f38613a4f8ac30a7
:1004f4000020eff731fc00246b4605220d498df8ee
:10050400044001200af028f8204602b070bd1bf018
:10051400bbf8b4f8a4306ff34103a4f8a430b4f8e2
:10052400ac306ff38613e1e7242901200024014154
:080534006029014101050101ec
:020000040000fa
:020000040103f6
:10053c0070b5054619f00efa6b8fb5f8604040f2b5
:10054c00e2465e43ab7e122b2ad0222b2cd0112bf1
:10055c002fd100ebc404e6346b7eb5f86400122b8b
:10056c002cd0222b2ed0112b31d104ebc004e6342d
:10057c0019f0f0f924f00043b442a4eb000094bf4e
:10058c00341b00249e4234bf0023f61ac5f89c404d
:10059c00c5f8a40034bfc5f89c30c5f8a06070bd88
:1005ac0000eb8404c234d7e700eb041404f519748f
:1005bc00d2e700eb841404f26634cde704eb80043c
:1005cc00c234d5e704eb001404f51974d0e704eb3e
:0805dc00801404f26634cbe741
:020000040000fa
:020000040103f6
:1005e40030b5244b048e1a68418e64f30f021a60ee
:1005f4001a68214c61f31f421a60204a13686ff392
:100604004d3313602368b0f85c1061f30f0323606b
:10061400136843f080031360194b19686ff30f01db
:10062400196019686ff31f41196016490d686ff35b
:1006340004050d60156845f04005156015686d06e4
:10064400fcd415686d00fcd5056c1d600b6890f832
:10065400440060f304030b60136843f04003136029
:1006640013685906fcd413685b00fcd52068c0f3fa
:10067400054030bd60340141b0340141543401417e
:08068400583401415c340141ce
:020000040000fa
:020000040103f6
:10068c002de9f347044600891df00afa002848d0ea
:10069c002789384616f06ef9064600283dd0c378f7
:1006ac00002b3ad01c20b4f80aa0b4f80c90b4f883
:1006bc000e80248a1df008fa054680b300f1100361
:1006cc00122101a801931cf0dffdf1794b1cf37191
:1006dc0001a81cf0d9fd082101a81cf0dbfd514636
:1006ec0001a81cf0d7fd494601a81cf0d3fd4146da
:1006fc0001a81cf0cffd214601a81cf0cbfd2a4619
:10070c000c21384615f03efe044610b128461df06b
:10071c00ddf9204602b0bde8f0870124f9e7022498
:06072c00f7e70424f5e7e5
:020000040000fa
:020000040103f6
:1007320001292de9f0470546894615d021b1022944
:1007420017d000231b81ffde00f1c80700f1a804c7
:10075200a7b9002628462681494606f07cfb20469a
:10076200bde8f04719f022bb00f1d00700f1b80450
:10077200eee7c46b04f134072434e9e7d7f80080cc
:100782000026b8f1000f1fd1002ee2d0606818b128
:1007920014f04dfbc4f804803046fbf7f6f88246ad
:1007a20060600028d5d03f684ff00008002fd1d0fc
:1007b2003a7bb9680aeb08001af067ff3b7b3f6897
:1007c20098441ffa88f8f1e798f80c30d8f80080be
:0607d2001e44b6b2d5e79b
:020000040000fa
:020000040103f6
:1007d80010b58cb024481cf0cffcfef70dfe02f0db
:1007e80087fc002019f0a4fe18f0f6fc1f4818f04a
:1007f80003fd1f4a02ab07ca03c31a8002a90a20d5
:1008080019f00afe00248df82040adf822408df83a
:1008180024408df82e408df82f4008a81af052fd7c
:10082800adf802408df8044003238df80030092309
:100838008df80130684613f04dfc01238df81e3009
:100848008df81c300623adf814304ff44863adf82a
:100858001630adf8184040f2f313adf81a3005a879
:100868001af063ff0cb010bd31ef0201ff7a0101ed
:040878003841000102
:020000040000fa
:020000040103f6
:10087c0038b541f000410160c46803694168826881
:10088c008a60416851605a68824204bf82685a602b
:10089c00002202611a68013a1a6017f0c7fc6369fa
:1008ac00a168e2688a60a1685160201d5a68824282
:1008bc0004bfe2685a60002262611a68013a1a6049
:1008cc00e36a134a1568012199402943116003eb2f
:1008dc00830302eb8303db68a3609968e1604860e3
:1008ec009860e36a02f1080103eb830001eb8001dd
:1008fc00616102eb80018b6801338b605368e26aa3
:10090c00db6a9a4203d9024b0122c3f8002138bd9d
:04091c00c81c0120d2
:020000040000fa
:020000040103f6
:100920002de9f041254c04f00044044324d00f4647
:1009300016461d4601b3fab1204616f0c3fa08b3b5
:10094000a3882bb36db304f10c08b8f800305bb387
:1009500040461af05af905463368834288bf306032
:100960003268414638461af091fe356020461af04a
:10097000edfb0020bde8f081114b0e221a604ff014
:10098000ff30f7e70e4b0e221a604ff0ff30f1e711
:1009900020461af0dbfb0a4b5f221a604ff0ff3053
:1009a000e8e704f12808d0e720461af0cffb044b13
:1009b00086221a604ff0ff30dce700bf8020012064
:0409c000b429012035
:020000040000fa
:020000040103f6
:1009c40073b5054600230df1020101a8adf802300c
:1009d40015f09af995f85230012b18d1019aab6da4
:1009e400bdf802101a44b5f854300b449bb240f2df
:1009f400e1418b42c2f31602019285bfa3f2e243a6
:100a04000132adf80230adf8023088bf0192134bc9
:100a1400bdf802101a68124e92f8403203f58e7334
:100a240040f2712032f8134004eb910404f59c74f5
:100a34006400b4fbf0f4019804443440ec610021f8
:100a44002846e0f7c9fb6b7820443040e86143f066
:100a540004034002e8656b7002b070bd38290120c0
:040a6400ffff7f0011
:020000040000fa
:020000040103f6
:100a680020200001ffffffffffffffffffffffff49
:100a7800000000000000000000000000010000006d
:100a8800ffffffff512563fcc2cab9f3849e17a775
:100a9800adfae6bcffffffffffffffff000000000d
:100aa800ffffffff96c298d84539a1f4a033eb2d7c
:100ab800817d0377f240a463e5e6bcf847422ce168
:100ac800f2d1176bf551bf376840b6cbce5e316bac
:100ad8005733ce2b169e0f7c4aebe78e9b7f1afe70
:100ae800e242e34f4b60d2273e3cce3bf6b053ccbc
:100af800b0061d65bc86987655bdebb3e7933aaa58
:040b0800d835c65abc
:020000040000fa
:020000040103f6
:100b0c002de9f7430546a420884691461e461cf065
:100b1c00dbff044678b30127af70a42200211bf041
:100b2c0047fb002020702b88a38084f8068084f873
:100b3c000790b8f1000f21d13268c4f8092072680f
:100b4c00c4f80d20b268c4f81120f268c4f815205e
:100b5c00eb6d63b15b7953b927728df8043085f86e
:100b6c0058702b88adf8063001a81cf003f821460c
:100b7c00a4201cf079fd03b0bde8f08395f8533048
:100b8c00022bf4d109f0dcf90028f0d0436803f013
:100b9c00f802034b134343600ff074ffe7e700bf09
:040bac00010502003d
:020000040000fa
:020000040103f6
:100bb0002de9f843264d00242a6802eb84021169ce
:100bc00000293fd0002691f80b80cf68ce721069c3
:100bd00004f066fd334607eb8800261d2a6852f8ac
:100be0002620d27a9a4221d94fea830c3a464ff016
:100bf000000e16e0296851f82610c9686144a1f872
:100c000002e02968b2f8008051f82610c9686144f2
:100c1000b1f80090c14504bfb2f80280a1f802808b
:100c200004329042e6d10133dbb2d7e717b1384640
:100c30001cf052ff2b6853f82600037adb0701d51e
:100c400010f0deff0134082cb6d1bde8f88300bff8
:040c50004429012012
:020000040000fa
:020000040103f6
:100c54002de9f041064600200f4617f0d1fc054669
:100c6400012017f0cdfc0446022017f0c9fc804691
:100c74002eb345f4605189b2002017f0d3fc97f8e5
:100c8400473013f0fd0f01d0042b0fd144f01001b5
:100c940089b2012017f0c6fc6fea08516fea1151be
:100ca40089b20220bde8f04117f0bcbc97f81931b5
:100cb4001bb10f4b1b78002be8d02146e9e74ff618
:100cc400ff71304610f024fe4ff6ff71012010f042
:100cd4001ffe4ff6ff71022010f01afe294630461f
:100ce40017f0a0fc2146012017f09cfc4146d8e7f0
:040cf400e4290120ce
:020000040000fa
:020000040103f6
:100cf8002de9f041d2e900230c4686b005465feaab
:100d0800d378d1e901060968e76805913fd05242d6
:100d180063eb4303002808db21f002010591b8f1d9
:100d2800000f02d10599480722d5711e05a8029027
:100d38000a20cde90010204606f0e8ffb8f1000fc0
:100d48001ad001382d233b542269059b0093013aa0
:100d58003346121a3918284606f024fb6b68db055f
:100d680003d563689842b8bf184606b0bde8f0815d
:100d78000807dad43146d9e7059b590702d5013867
:100d88002b23e0e71a07dfd501382023dbe700280b
:040d9800c2dac7e70d
:020000040000fa
:020000040103f6
:100d9c0000284dd070b584b0144605462ab186683b
:100dac001eb15388b3f5b05f01d004b070bd137998
:100dbc00042bfad102230df10602194604f110009e
:100dcc00f5f792fd01230df10502022104f1180043
:100ddc00f5f78afd062302aa0b2104f12000f5f792
:100dec0083fd012301aa022104f12800f5f77cfd03
:100dfc0001238df80e309df8053043b9b6f8ae20be
:100e0c00bdf806309a42d0d106f1a00106e002a945
:100e1c00284602f093f801460028c6d09df904201c
:100e2c000a73d6f81033002bbfd028469847bce77e
:020e3c007047fd
:020000040000fa
:020000040103f6
:100e3e00f8b500ebc1060446d6f874710d469fb3a3
:100e4e0099bbd0f8a00013f0ecffc4f8a0503846c0
:100e5e001cf03bfe04ebc503002703f5ba7304eb4d
:100e6e008505c6f87471c6f87831d5f8e00018b16a
:100e7e0013f0d7ffc5f8e070d5f8ec0020b113f0f1
:100e8e00d0ff0023c5f8ec30d4f8dc0020b113f00d
:100e9e00c8ff0023c4f8dc30d4f8d80020b113f01a
:100eae00c0ff0023c4f8d830f8bd012907d1d0f80f
:100ebe00a40013f0b6ff0023c4f8a430c7e702293c
:100ece00c5d1c36bd86b13f0acffe36b0022da63b2
:020ede00bde76e
:020000040000fa
:020000040103f6
:100ee00010b586b0214b1b7b93b300238df80c30db
:100ef000adf80e308df8103001208df81200adf8ed
:100f000014308df8163003aa022118f0e9fb20bb3b
:100f1000164b1c6954b11cf043f8024600230093a1
:100f2000012120460ff0bcfb01281ad10f4b5c6950
:100f30008cb11cf035f802460023009301212046b5
:100f40000ff0aefb012806d009481bf0a2f902e021
:100f500008481bf09ef906b010bd07481bf099f930
:100f6000f9e706481bf095f9e0e700bf901a012069
:100f700058420001fc4100011042000134420001ce
:020000040000fa
:020000040103f6
:100f8000002847d038b50446436c994238bf19460b
:100f9000c36a8b4202d0826c012a00d038bdc16284
:100fa0008269002aa4bfc1f10501816103eb8303bb
:100fb000194a02eb830342699a42efd1051d284684
:100fc00017f035fe38b915490b68e06a01228240f6
:100fd00023ea02030b60e26a104b1868012191407a
:100fe0000143196002eb820203eb8202d268a26025
:100ff0009168e1604d609560e26a03f1080102ebdf
:10100000820001eb8001616103eb80018b68013399
:101010008b60c3e7704700bfd01c0120c81c0120b3
:020000040000fa
:020000040103f6
:1010200030b50b68146863b300eb040c10f804e0ef
:10103000012b36d9bef1200f0cd1c0f1010500bf44
:1010400005eb0c041cf801ef013b012b29d0bef18c
:10105000200ff5d0bef10d0f26d1651c023b455d7a
:1010600002340a2d18d06ff0990009e0013410f80d
:1010700001cfbcf1200f1fd1013bf7d16ff08300ee
:1010800030bd6ff08300fbe76ff08300f8e76ff08f
:101090009900f5e70134013b002bf5d010f804e08e
:1010a00005e0bef10d0ff2d0bef10a0ff2d0bef195
:1010b000200f08bf0019dfd00b6014600020dfe7ad
:020000040000fa
:020000040103f6
:1010c0002de9f04383b01546421e12f1030f33d8c9
:1010d00004460f461e46836883b38db383788bb373
:1010e000012901d01c2931d1812128461af0fafcae
:1010f0008046431e7f2b2bd82346184a01460220e8
:1011000011f053fe814628b3022300933346032295
:10111000114619f00bf843462a463946484608f06e
:1011200041fd4946a06810f0dffea8b1a3680a9a05
:10113000c3f83c23002006e0022004e0022002e085
:10114000022000e0012003b0bde8f0830220fae7ae
:101150000220f8e70820f6e70820f4e78bc4040132
:020000040000fa
:020000040103f6
:10116000431e13f1030f3cd8f0b583b004460d467f
:101170008368002b37d0002937d08278002a36d0f8
:1011800093f85c3213f0040f34d103461b4a00215c
:10119000042011f00afe064670b3012700972b7851
:1011a0000a221f2119f032f800976b780a222021b9
:1011b000304619f02bf80097ab780a2221213046ef
:1011c00019f024f80097eb780a222221304619f012
:1011d0001df83146a06810f087fe7840c000c0b20c
:1011e00006e002207047022002e0022000e0012019
:1011f00003b0f0bd0820fbe70820f9e7d53b01016b
:020000040000fa
:020000040103f6
:101200002de9f0410c4600258046d1f8ac008f68ee
:1012100013f00efec4f8ac50a4f8b050d4f8bc00e3
:1012200013f006fee66bc4f8bc50a4f8c05026b11b
:10123000b06a13f0fdfdb562b5850021204605f0ca
:101240000bfe0121204605f007fe0221204605f095
:1012500003fe00212046fff7f2fd01212046fff7a3
:10126000eefd20460221fff7eafde06b08b11cf01d
:1012700033fcd4e900236ab15360d4e900231a6037
:10128000064b1a681378013b13703846bde8f041ed
:101290000ff0f6bdc8f80430efe700bf04290120c5
:020000040000fa
:020000040103f6
:1012a00037b50b7b01930d46234b00930446012376
:1012b00002221321ec20f7f7dbff2b7b023b212bd3
:1012c00025d8dfe803f02e15241521241524152b2d
:1012d000112415152424152415241515241524244a
:1012e000241524242424241594f8e230022b0ed152
:1012f00094f8f230114943f0040384f8f23004f515
:10130000b070f3f7fbfa02e0e37d002bf0d0294642
:10131000204603b0bde830401af0adbbe37d012ba1
:10132000e5e794f8f23043f0040384f8f230e38ff9
:1013300042f210715943e2e71dab0401005a620208
:020000040000fa
:020000040103f6
:10134000ffffffffffffffffffffffff00000000a9
:10135000000000000000000001000000ffffffff90
:10136000fcffffffffffffffffffffff000000008c
:10137000000000000000000001000000ffffffff70
:101380004b60d2273e3cce3bf6b053ccb0061d6539
:10139000bc86987655bdebb3e7933aaad835c65ac2
:1013a00096c298d84539a1f4a033eb2d817d0377ff
:1013b000f240a463e5e6bcf847422ce1f2d1176b9a
:1013c000f551bf376840b6cbce5e316b5733ce2b6d
:1013d000169e0f7c4aebe78e9b7f1afee242e34f9c
:020000040000fa
:020000040103f6
:1013e000f7b5044617f0fcf8a4b36378db0731d5f2
:1013f0002046f8f793f828b301221046214602f060
:101400007ffe01ab042207210220019409f0a6f817
:101410004ff0807194f85000184d16f089fb94f845
:1014200050602b68012e1ad1d3f85c7218f0c8f9fd
:10143000224603463946304601f098f82b680022d0
:10144000c3f85c22a06808b1f8f768f8206908b111
:101450001cf042fb20461cf03ffb03b0f0bdd3f86c
:10146000586218f0adf9224603463146002001f0db
:101470007df82b680022c3f85822e3e738290120c1
:020000040000fa
:020000040103f6
:10148000f0b5244e244c0346006830609a889b795e
:10149000b371b280b4f86c3f43f00203a4f86c3f20
:1014a000d4f8683f5a008bb00f4631d5d4f8945f1a
:1014b000d4f8683fc5f3026565f31243c4f8683f8a
:1014c0002722314668461af0e1f89df8003007f00f
:1014d000010767f341032722694630468df8003043
:1014e0001af0d4f8d4f8683f43f48013c4f8683f86
:1014f000d4f8683fdb02fbd4084b1b68272202fbb1
:1015000005350020eb7a67f34103eb720bb0f0bdb9
:101510000220fbe7703301410024014154290120de
:020000040000fa
:020000040103f6
:101520002de9f047dff894a088b080460e4691463a
:101530001f460025daf800301a78ea40d20737d57e
:10154000272404fb0534b8f1000f2fd022340e22db
:1015500000210df102001af031feb6f80320737974
:10156000adf80020694604aa20468df80230faf74b
:1015700073fae8b9032204a9304617f0cdfdb8b9d3
:10158000daf8002027235d432a440c35d37ac3f3cd
:10159000000389f80030daf800301d4401202b6880
:1015a0003b60ab88bb8008b0bde8f0871234cee763
:1015b0000135082dbed10020f5e700bf54290120d8
:020000040000fa
:020000040103f6
:1015c000f7b50568ec68064644b3ab6f234f43f4a8
:1015d0008053ab67a388f3b9e2790abbab6f1a07f4
:1015e0000ad5012323716b46082239460120cde933
:1015f000006408f0b3ff0ee043f40053ab67b5f8a6
:101600005c30a268db4313441bb2002b03dc214691
:10161000284619f023fa2468002cdbd103b0f0bd72
:10162000a368b5f85c105b1a1bb2002bf3dc012336
:101630009a4223710dd0182aedd121462846f7f79a
:10164000d9fb2846fef77affab6f43f40013ab6774
:10165000c9e72146284617f02cfdc4e7a004010184
:020000040000fa
:020000040103f6
:1016600000284bd010b582b0012b1ed0032b1fd108
:10167000049bebb18468dcb15b88b3f5985f17d14c
:10168000049b1b79022b13d101230df107020221c8
:1016900004981030f5f72ef99df80730023b032b24
:1016a00006d8dfe803f00710192210461cf01af8dc
:1016b00002b010bd022304f18c02194604981830c0
:1016c000f5f718f9f4e7022304f18e02194604989d
:1016d0001830f5f70ff9ebe7012304f18902022135
:1016e00004981830f5f706f9e2e7012304f18a02bd
:0e16f000022104981830f5f7fdf8d9e770478d
:020000040000fa
:020000040103f6
:0216fe00704733
:020000040000fa
:020000040103f6
:1017000000b5a0f1060c1ffa8cfc40f67a4ef445a9
:101710002fd8a1f1060c1ffa8cfcf4452cd8b2f599
:10172000fa7f2bd2a3f10a0c1ffa8cfc40f6764efe
:10173000f44525d8884225d802f1010c1cfb01fc98
:101740004fea4c0c1ffa8cfcbcebc30f1cd8124b9d
:101750001b68b3f822c0844518d3188c884217d868
:10176000d98c914216d3988c90428cbf00200120d6
:1017700000e000205df804fb0020fbe70020f9e713
:101780000020f7e70020f5e70020f3e70020f1e76d
:0c1790000020efe70020ede72c00012016
:020000040000fa
:020000040103f6
:10179c0038b538b304460569002d2ad0027b437b4b
:1017ac009a422dd2c38a072b32d9c3691d600562b8
:1017bc0000232b70026a080a5070226a9170226a08
:1017cc005371236908332361e38a083be382e3699d
:1017dc0008229a80e269937943f040039371256a59
:1017ec00284638bd0d4b1b68abb10d4898470025fa
:1017fc00f6e70a4b1b68002bf2d00a489847efe734
:10180c00064b1b680bb10848984700252561e7e794
:10181c0000250561e4e70025e2e700bf182101205f
:0c182c0074470001ac470001dc470001dc
:020000040000fa
:020000040103f6
:1018380030b589b0244b1d68002d41d014464ff0b7
:10184800ff330493cdf8173000238df8123099b385
:1018580080238df812300b788df8153012b188235b
:101868008df8123074238df81130030e03f07003d5
:10187800c0f3c13213439df8122013438df8123080
:10188800c3098df8133040008df8140005210df1bf
:1018980011001cf0fbf840f001008df816000b2237
:1018a800694604a8a84768b114b19df809302370a7
:1018b8009df8080009b030bd00238df81530d1e738
:0c18c800ff20f7e7ff20f5e7882801204b
:020000040000fa
:020000040103f6
:1018d40013b50321846801a803f04cfc9df805307e
:1018e4009df804201f4820491b0243ea02439df847
:1018f40006201343b3fbf1f201fb1232b3fbf0f108
:10190400b2fbf0f200fb1131303242f2107022705f
:10191400b1fbf0f1b3fbf0f2303100fb12324ff4c3
:101924007a706170b2fbf0f2b3fbf0f1303200fb7d
:1019340011316420b1fbf0f13031a270e170b3fbde
:10194400f0f20a2100fb1232b2fbf1f230322271c2
:10195400b3fbf1f201fb123330330020637102b0a8
:0c19640010bd00bfa086010040420f0033
:020000040000fa
:020000040103f6
:1019700010b592b0d0f8d8308df8042001228df83f
:10198000082090f803218df8092000f58272adf847
:10199000061041f20a0411689288adf80040cdf8b3
:1019a0000a10adf80e20da8aadf81c201a8badf8bb
:1019b0001e205a8badf8202093f82130c3f3421338
:1019c0008df8223000f585731a689b88adf81a30bf
:1019d000437ecdf81620012b08d800230493adf8e0
:1019e0001430684613f0f4fa12b010bd90f8343099
:1019f000012bf2d190f82d305b06eed5034653f85b
:0c1a0000280f04909b88adf81430eae732
:020000040000fa
:020000040103f6
:101a0c0070b58ab00b7806934b7805938b7804935a
:101a1c00cb7803930b7902934b7901931c4d1d4b9f
:101a2c000093064601230c4602221d21ec20f7f7f9
:101a3c0019fc2b68d3f88c30984750b10c24164bfa
:101a4c000093019401230022ff21ec20f7f70afcfc
:101a5c001ae02b68d3f8903098470028eed12b6809
:101a6c00d3f8943098470028e8d10df1270221468d
:101a7c00304607f0b3fe30b93146204606f090f8f8
:101a8c0008b90724dbe7002420460ab070bd00bf6c
:0c1a9c002c2901208e710401b6b4040155
:020000040000fa
:020000040103f6
:101aa8002de9f0411f4f3b68002b39d01e4b1c68b5
:101ab800984614b90020bde8f081ff20f9f762ffcd
:101ac800054650b9194b1c78002cf3d1012218494e
:101ad80018481a70f2f70effece7627b2169284676
:101ae8000ff016f93e68627b217de08a2b46b047ed
:101af800114b1e6896b90c481af053fd237b43f02e
:101b0800040323730df05efad8f80040002ce4d1ea
:101b1800284613f089f9002ed4d1cbe70126f7e740
:101b28000220c8e73029012014280120dd290120de
:0c1b3800a0860100d026012034290120e5
:020000040000fa
:020000040103f6
:101b440012292de9f34104460e4690461f462ad138
:101b5400838a0bb10023838205201bf029ff0546ed
:101b6400002839d000f11003012101a801931bf0d2
:101b74008ffb314601a81bf08bfb414601a81bf0eb
:101b84008dfb394601a81bf083fb20462a4605211c
:101b940018f074f9044610b128461bf089ff20465a
:101ba40002b0bde8f08116290ad190f83930013b22
:101bb400dbb280f83930002bced180f83830cbe757
:101bc4001829c9d190f83830032bc5d115f0eaff94
:0c1bd400002384f83830bfe70224e0e76b
:020000040000fa
:020000040103f6
:101be00010b500bb214b1868c40513d520480488e4
:101bf000d2b262f30704048003290bd8dfe801f0b6
:101c0000060f020b1a6842f010021a601a6842f0be
:101c100001021a6010bd1a6842f010021a601a68b8
:101c200042f00202f5e70128f4d1124b1868c00512
:101c3000f0d511480488d2b262f307040480032966
:101c4000e8d8dfe801f0060f020b1a8842f0100214
:101c50001a801a8842f001021a80dbe71a8842f0e3
:101c600010021a801a8842f00202f5e7203a014178
:0c1c7000003a0141283a0141083a0141c4
:020000040000fa
:020000040103f6
:101c7c0038b5224c2368022262f35a63236023682e
:101c8c0043f000632360032013f0b7fc1c4b1a686d
:101c9c0042f400621a601a681105fcd423686ff3d1
:101cac005a632360032013f0a8fc23686ff3db63f3
:101cbc002360144b1a685207fcd11a6812f0380fc3
:101ccc00f8d1114d2b6813f0606f00d138bd23682b
:101cdc0043f000632360032013f08ffc23686ff341
:101cec00db632360032013f088fc23682268c3f3b2
:101cfc004163013363f35a622260e3e70c3a01411a
:0c1d0c00583e0141703e0141203a014167
:020000040000fa
:020000040103f6
:101d1800002849d030b595b00446022b08d0032bd3
:101d280023d0012b02d110461bf0d8fc15b030bdd2
:101d3800189b002bfad08368002bf7d0189b5d887e
:101d4800002df3d01b88b3f5106fefd16a46189bae
:101d5800d968587a0df02cfd0028e7d02b460022d0
:101d68006946204604f000ffe0e7189b002bddd011
:101d78008368002bdad0189b5b88b3f5106fd5d138
:101d8800189b1b79022bd1d16a46189bd968587abf
:101d98000df00efd0028c9d00023189a10326946ac
:0a1da800204604f0e1fec1e7704799
:020000040000fa
:020000040103f6
:101db20010b50468204619f060fb04f5b070f6f720
:101dc20060fd94f8f430d4f8b80123f0030384f8ea
:101dd200f43020b113f02bf80023c4f8b831d4f852
:101de200b40120b113f023f80023c4f8b431d4f8bd
:101df2004431b3b1d3f8220060b113f018f8d4f82b
:101e02004431002283f8222083f8232083f82420ff
:101e120083f82520d4f8440113f009f80023c4f80c
:101e22004431d4f8500120b113f001f80023c4f872
:101e32005031002384f8e23084f8e43084f8e6304c
:0a1e42002046bde8104014f08cbeed
:020000040000fa
:020000040103f6
:101e4c002de9f043a3b079b30746884660b3082860
:101e5c003cd84e1e14ad002401a916f8010ff6f75c
:101e6c00c1fa814658bb9df80430012b2bd8019840
:101e7c002860bdf808209df80a30aa80ab710134a7
:101e8c00e4b20735a742e7d114a9204618f0d0fade
:101e9c008146104b1d682246414605f1210019f080
:101eac00effb85f820400ae00021084618f0c0fa44
:101ebc00814620b9074b1b68002283f82020484636
:101ecc0023b0bde8f0834ff00309f8e74ff00309a6
:081edc00f5e700bfcc1d012059
:020000040000fa
:020000040103f6
:101ee40038b5044619f0d4fe204603f05ffd0228fd
:101ef40004d00024f1f736f8204638bd251d2846c5
:101f040016f093fe17f09afaa36a33b104f118009d
:101f140016f08bfe012384f8513019f0ebfee36ace
:101f2400144a1068012199400143116003eb8303b3
:101f340002eb8303db68a3609968e1604d609d60f8
:101f4400e36a02f1080103eb830001eb80016161a4
:101f540002eb80018b6801338b605368e26adb6ab1
:101f64009a4204d90124034bc3f80041c2e7012477
:081f7400c0e700bfc81c0120fa
:020000040000fa
:020000040103f6
:101f7c00002846d038b5044650f8043c002b00db52
:101f8c0038bd50f8082c002afad1a0f1080523f02e
:101f9c00004340f8043c19f077fe54f8041c194b2c
:101fac001a690a441a611a461b689d42fbd850688c
:101fbc0002eb000c65450fd054f8040c29188b4229
:101fcc0013d02b60aa4218bf15600e4a93690133d7
:101fdc009361f0f7c3ffd3e7014451600846114405
:101fec008b4201d01360f0e71546064989688b4295
:101ffc0005d05b6803446b6013681b68e1e70b4614
:08200c00dfe77047100000201f
:020000040000fa
:020000040103f6
:1020140010b5002830d00446026a002a33d0036980
:10202400002b30d0037b00eb83035b6a1b0a9371a4
:10203400026a037b00eb83035b6ad371c269937901
:1020440063f07f039371027b00eb82014b6a0833d8
:102054009b084b6201320273c26902f10803c36137
:10206400816909688b424ff000033dbf9360c269e8
:102074009380c361012010bd084b1b685bb1084805
:1020840098470020f7e7054b1b680bb105489847b4
:1020940000202061efe70020ede700bf18210120b8
:0820a40074470001ac47000184
:020000040000fa
:020000040103f6
:1020ac0030b583b00092adf8061000283dd01c4628
:1020bc00054611460131b1f5807f39d8079b0133b4
:1020cc00b3f5803f01d9002030e040f20171fff7f9
:1020dc005ffb78b3bdf806301bb92846fff794ffb9
:1020ec0024e002230df1060203212846f5f732fe07
:1020fc00009bb3f1ff3ff0d004236a46022128462f
:10210c00f5f728fe002ce8d0069b2246062128462f
:10211c00f5f720fe079bb3f1ff3fded0042307aa9f
:10212c0002212846f5f716fed7e7002003b030bd94
:08213c000020fbe70020f9e799
:020000040000fa
:020000040103f6
:1021440010b582b00191009200283bd004464a1c8d
:10215400042a0dd9092911dda1f10b031c2b34d854
:102164001c4a22fa03f313f0010f08bf00202ad0ff
:10217400009b0133022b05d9002024e00729f7dc5a
:10218400002020e040f60b012046fff705fbf0b1ec
:10219400019bb3f1ff3f03d12046fff739ff12e063
:1021a40004230deb030202212046f5f7d7fd009b23
:1021b400b3f1ff3ff0d004236a4602212046f5f72d
:1021c400cdfde9e7002002b010bd0020fbe70020b0
:0821d400f9e700bf4170d019ca
:020000040000fa
:020000040103f6
:1021dc00431e13f1030f34d82de9f04182b00446ad
:1021ec000d461646836873b37ab30139c9b2012917
:1021fc002dd803eb051393f8203163b3212110463e
:10220c0019f06afc0746202827d8a3780bb90120bf
:10221c001ee02346134a2021012010f0c0fd804609
:10222c00e8b10197009605230222294606f0c2fb6d
:10223c004146a0680ff052fe80f00100c000c0b211
:10224c0006e002207047022002e0022000e002209b
:10225c0002b0bde8f0810220fae70220f8e708207e
:08226c00f6e700bf29d30101d0
:020000040000fa
:020000040103f6
:10227400431e13f1030f34d82de9f04182b0044614
:102284000d461646836873b37ab30139c9b201297e
:102294002dd803eb051393f8203163b321211046a5
:1022a40019f01efc0746202827d8a3780bb9012073
:1022b4001ee02346134a2021012010f074fd8046bd
:1022c400e8b10197009605230822294606f076fb1b
:1022d4004146a0680ff006fe80f00100c000c0b2c5
:1022e40006e002207047022002e0022000e0022003
:1022f40002b0bde8f0810220fae70220f8e70820e6
:08230400f6e700bf29d3010137
:020000040000fa
:020000040103f6
:10230c00431e13f1030f34d82de9f04182b004467b
:10231c000d461646836873b37ab30139c9b20129e5
:10232c002dd803eb051393f8203163b341211046ec
:10233c0019f0d2fb0746402827d8a3780bb9012007
:10234c001ee02346134a4021012010f028fd804650
:10235c00e8b10197009605231a46294606f02afb98
:10236c004146a0680ff0bafd80f00100c000c0b279
:10237c0006e002207047022002e0022000e002206a
:10238c0002b0bde8f0810220fae70220f8e708204d
:08239c00f6e700bf29d301019f
:020000040000fa
:020000040103f6
:1023a40070b50c46182190b001fb04010023022ce7
:1023b400d1f83061adf81a3018bfd1f834311c4966
:1023c4000c960546095d8df81910b4fa84f095f859
:1023d40019110d9340098df8180001b3fcb9d5f813
:1023e4003811d5f8200101440b91cde903630b9b0f
:1023f4000a91a968cde901430e4b0093cde90e1271
:10240400012302229021ec20f6f730ff04f15a0157
:1024140005eb810106a8f4f7e7f910b070bd1821a7
:1024240001fb0451d1f820010b90d1f82411dce711
:082434005dc60401b02804019b
:020000040000fa
:020000040103f6
:10243c00f8b51d4d2b685c6806466cb9012e1bd097
:10244c00214628684ff4017219f0b2fe2868bde8e5
:10245c00f840043010f03ebd04f5c6702768f6f75e
:10246c000bfa04f5d270f6f707fa28682146043007
:10247c00fef7c0fe3c46e0e728681bf027fb2c600b
:10248c000a4d28681bf022fb094b2c601c60094b81
:10249c001c60094b1c60094b1c60094b1c60094bf0
:1024ac001c602046f8bd00bf04290120082901202a
:1024bc0070290120782901207c29012088290120fc
:0824cc008c2901208029012068
:020000040000fa
:020000040103f6
:1024d40030b41f4b19681f4b1a881b7981f83b30a5
:1024e4000b46a1f8392053f8022fca639b88a1f840
:1024f40040300b7a81f838308b8ca1f84e3091f84b
:10250400263081f84230144b1b88a1f84630134b17
:102514001b88a1f848304b8da1f84c308b8da1f865
:102524004a300f4b1b68d3e91645c1e918451a46d2
:10253400383132f8080f088392788a76da7aca72c8
:102544001b7b0b733022074830bc17f057ba00bf0f
:102554002c29012000270120c8290120c629012097
:08256400242901200842014472
:020000040000fa
:020000040103f6
:10256c007fb515461e460446b0b91e4b0093022398
:10257c0001911a467f21ec20f6f774fe029695f82d
:10258c0051300193184b009302231a467f21ec2003
:10259c00f6f768fe04b070bd01280ed1134b009302
:1025ac00022301911a467f21ec20f6f75bfe02967e
:1025bc0095f8513001930e4be5e70228ead10b4b0d
:1025cc000191024600937f210346ec20f6f74afe68
:1025dc00029695f851300193064b00932246234600
:1025ec00d4e700bf4e9003015e900301739003018a
:0825fc00839003019f9003018d
:020000040000fa
:020000040103f6
:1026040038b5244c2368d3f80c325bb198681d6844
:102614002368d3f80832834201d12b46f5e716f03c
:10262400f9f9fae72368d3f8143263b92368d3f8c5
:102634002032b3b198681d682368d3f80832834206
:102644000cd12b46f5e798681d682368d3f8083247
:10265400834201d016f0def92b46e6e716f0daf9ec
:10266400efe72368d3f828324bb92368d3f808027c
:1026740008b116f0cff9f4f7bdf9002038bd986819
:102684001d682368d3f80832834201d016f0c2f9da
:082694002b46e9e7382901207b
:020000040000fa
:020000040103f6
:10269c00f8b590f85030234e012b05bf90f851300f
:1026ac0032683368313314bfd3f8f04152f83340f9
:1026bc00054604b9f8bd0ff06bf9276815f042f91f
:1026cc00a3689d422cd10ff063f995f85030012b83
:1026dc00d4e900231ed10ab1536006e095f85110dd
:1026ec00326802ebc102c2f88c31d4e900231a60c3
:1026fc0095f850203368134493f8f821013a83f885
:10270c00f82100232b7015f01df92046bde8f84088
:10271c0011f096b8002adfd13268c2f8f431e4e740
:08272c003c46c6e738290120f4
:020000040000fa
:020000040103f6
:102734007fb5044607201bf03bf9054600283fd02f
:10274400204e00f11003022103a803931af0a0fd08
:10275400336803a819781af09bfd336803a85979e4
:102764001af096fd336803a859781af091fd33687e
:1027740003a899781af08cfde36d03a893f82c1044
:102784001af086fde36d03a893f82d101af080fd6e
:10279400062300932a4600230721208812f018fffd
:1027a400064648b994f8573023b10a23a37030463b
:1027b40004b070bd0523f9e728461bf079f9f6e764
:0827c4000226f4e74029012080
:020000040000fa
:020000040103f6
:1027cc0030b522490346006808609a889b798b7162
:1027dc001f4b8a80b3f86c2f42f00202a3f86c2fc7
:1027ec00d3f8684fc4f380748bb034b3d3f8942f00
:1027fc00d3f8680fc2f3026262f31240c3f8680f99
:10280c00d3f8945f2722684618f03affc5f30265a7
:10281c00002300bf0deb0302d27982b90133102bd8
:10282c00f8d101220b4b1b681b78eb4013f0010312
:10283c0007d11c4620460bb030bd0025f1e7002225
:10284c00f0e7002cf6d082f00104f3e7703301417d
:08285c00002401415429012070
:020000040000fa
:020000040103f6
:1028640010b582b08df807108df806208df805306c
:10287400b0b30446d3b2022b35d8cbb29df80520b1
:102884001343012b31d8079b8bb340f60601fef7a7
:1028940083ff70b301230df1070203212046f5f7ee
:1028a4005dfa01230df1060203212046f5f756fadd
:1028b40001230df1050203212046f5f74ffa069b8b
:1028c400059a9df81010204611f05ff9089b079aad
:1028d40005212046f5f742fa2046fff799fb00e070
:1028e400002002b010bd0020fbe70020f9e7002023
:0628f400f7e70020f5e704
:020000040000fa
:020000040103f6
:0228fa00704725
:020000040000fa
:020000040103f6
:1028fc0008b5204b1b6b13f4806336d01e4b05229e
:10290c001a701e4b5b6813f0040f13d01a4b042281
:10291c001a70184b4ff0ff325a63184b00221a6092
:10292c001a605a605a6011f02ffa03460120144abb
:10293c00136008bd114b5b6813f4807f03d00e4b02
:10294c0001221a70e5e70d4b5b6813f0080f03d0fa
:10295c00094b02221a70dce7084b5b6813f0100f6e
:10296c00d7d0054b03221a70d3e70020024a10700f
:10297c00dde700bf000a00446f280120001001426f
:04298c007c28012082
:020000040000fa
:020000040103f6
:1029900070b50d1e43dd04461f2d2cdc2846216832
:1029a00000293cd0c0f1200604eb81050435013933
:1029b00036d44ff0ff3e0efa00fe6fea0e0e4ff0d7
:1029c000000c2b68624603ea0e0cc340b24013436e
:1029d00045f804390139b1f1ff3ff2d12368ebb179
:1029e0009a1c04eb8202013b52f8041da9b9236032
:1029f000002bf8d112e02946002db8bf05f11f01c8
:102a0000491107f0dbfe6b4205f01f0003f01f03c6
:102a100058bf58420028c2d101e06368636070bdae
:042a20002368dde763
:020000040000fa
:020000040103f6
:102a2400012870b5204c214d0cd1206812f0fef91c
:102a340000262868266012f0f9f92e6019f058fb78
:102a4400002070bd2368186920b112f0eff92368e3
:102a540000221a612368586920b112f0e7f923684b
:102a640000225a612368186c20b10ef007fa23681b
:102a740000221a642268002393642a6813702a6867
:102a840053702a68c2f8023028681372d3800c305d
:102a940043830377f5f7f4fe02f006f8044b0121b3
:102aa400186810f02bffcbe7242901202c290120e2
:042ab4004c29012088
:020000040000fa
:020000040103f6
:102ab80010b51478082c0b46114630d006d8012cd6
:102ac80022d0dcb1032c25d0022421e0182c2bd0f5
:102ad80005d80a2cf8d1013b5c425c4118e0272c50
:102ae80027d0282cf0d1164a126892f90420002a1f
:102af800eada042be8d114f007fb03e00c2b07d12a
:102b08000cf010fa012403e0082b17d114f010f888
:102b1800204610bd172b11d112f0eefdf2e7092b5c
:102b28000cd1f0f781f9ede7052b07d113f032f955
:102b3800e8e70b2b02d10df0fafbe3e70024e7e707
:042b4800242901201b
:020000040000fa
:020000040103f6
:102b4c0001292de9f843804604d9ff2922d0002021
:102b5c00bde8f8831d4edff878903768002500bf7c
:102b6c0027fa05f000f00304012c0fd105eb450109
:102b7c0006224944404616f0c9fa38b9032303fa31
:102b8c0005f527ea050535600120e1e70235102d32
:102b9c00e6d1dce70d4b987810f00100d8d01c681a
:102bac00002000bf24fa00f101f00302032a08d12f
:102bbc00824024ea02021a609a786ff300029a703b
:102bcc00e2e702301028edd1f6e700bf50290120d2
:042bdc000033014180
:020000040000fa
:020000040103f6
:102be00030b4d0f87431ff2273b1d0f89c409c42cd
:102bf0002dd81d7adc68042d25d0052d23d02dbbc2
:102c00002268c2f3411212bbc0f8983090f89410b9
:102c1000ff2380f8543000f164020023994207d06a
:102c200052f8044bd0f89850a5421cd180f854308b
:102c30000f4b90f854201b789a4217d8ff2201219d
:102c400030bcf9f7ebbc2268c2f341122ab11b6811
:102c5000cae731b11b68002bd6d01a7a022af8d8fd
:102c6000d2e7203bf7e70133dbb2d7e730bc704750
:042c7000e629012030
:020000040000fa
:020000040103f6
:102c7400002845d070b596b01c460546012b2cd0d3
:102c8400022b2dd11a9b5bb383684bb31a9a11881c
:102c940041f20122914223d1d3f8083303b31a9ba2
:102ca400587ae8b15e8802aad9680cf083fdb8b1fd
:102cb40004230deb0302022102a8f3f719fe019b82
:102cc40083b9ab68d3f80833002e14bf0322002263
:102cd4004ff0ff312846984702e010461af000fdf5
:102ce40016b070bd012bfbd1ab68d3f80833002eae
:102cf4000cbf224603224ff0ff3128469847efe7e6
:022d0400704716
:020000040000fa
:020000040103f6
:022d0600704714
:020000040000fa
:020000040103f6
:102d0800214b00221a7000283cd030b5c3b0fa22fb
:102d180003a9e7f773fe041e2edd1b48837a621da4
:102d280080f83820162280f83920fa2280f83a20d4
:102d3800ff2280f83b200d2280f83c2080f83d30af
:102d480000f13805224603a93e3018f09bfc012308
:102d58008df8003003238df8013000238df8023000
:102d6800a01dadf804000295684618f093fa28b93a
:102d7800054a937a0133937243b030bd034819f082
:102d880084faf9e7704700bf901a0120a4420001b5
:020000040000fa
:020000040103f6
:102d980000b587b0002302930393049305931b495e
:102da80002aa0878107018b1013101320133f8e72e
:102db80018330deb0302002302f8103c144a019269
:102dc80000934ff4807202a91248e8f769fc0128c1
:102dd80004d0114b1b6807b05df804fb0ff0a4fa90
:102de8000128f6d14ff0200383f31188bff36f8fca
:102df800bff34f8f094b4ff0ff32da660122c3f859
:102e0800e82000221a670bf085fee2e7644700011c
:102e1800b81d012089f6030154da0401c81c0120f9
:020000040000fa
:020000040103f6
:102e28002de9f04105460f461646984618f02eff44
:102e38002c683946284607f0f4fa3c4336ea04037e
:102e480006d0b8f1000f08d12c68f0f789f815e022
:102e58002b6823ea06032b60f7e7424646f0a06199
:102e6800281d0ff081f9f0f77bf850b118f00af936
:102e7800044610f0007f0fd024f07f442046bde8c0
:102e8800f0814ff0e0234ff08052c3f8042dbff3d8
:102e98004f8fbff36f8fe9e716f0cefa2c6836ea4a
:102ea800040304bf24ea06062e6018f021ffe3e7b6
:020000040000fa
:020000040103f6
:102eb800f0b5adf2544d046884b10f4615461e4670
:102ec8001368442b39dc4b68012b0bd03346ddf7f4
:102ed800e5fb044620460df2544df0bd002118f0e4
:102ee8009dfcf7e70146684617f07efe29468aa84a
:102ef80017f07afe00238b936a468aa96846d8f7aa
:102f080035fb04460028e5d100237b6033462a467a
:102f180039466846ddf7c2fb0446b7421cbf0123a9
:102f28007b600028d6d16b68012bd3d13246294665
:102f380030460df065f80446cce74ff0ff34c9e79a
:020000040000fa
:020000040103f6
:102f48002de9f041431e13f1030f3dd80e46876863
:102f5800002f36d041b18b79002b37d007f1b4045c
:102f680000254ff0060818e007f1b003002203e03f
:102f780001321033082a0ad01968b1f1ff3ff7d19e
:102f8800997a0029f4d10b3207eb021719e037467a
:102f980017e001351034082d12d0204654f8043caf
:102fa800b3f1ff3ff5d0a379002bf2d0424631466a
:102fb80016f0aef80028ecd10b3507eb051700e04a
:102fc80000273846bde8f0810027fae70027f8e730
:020000040000fa
:020000040103f6
:102fd800f0b583b01646421e12f1030f31d80446ed
:102fe8000d4682687ab30139c9b201292dd802eb9e
:102ff800051292f8201159b3817859b3c2f82461a7
:10300800826802eb0512c2f828310346134a0021f0
:1030180001200ff0c6fe0746f0b100230193f61a0f
:1030280018bf0126009602231422294605f0c4fc85
:103038003946a0680ef054ff80f00100c000c0b20d
:1030480004e0022002e0022000e0022003b0f0bd0c
:103058000220fbe70120f9e70820f7e729d301015f
:020000040000fa
:020000040103f6
:103068002de9ff478a461646994613f085fc054622
:1030780020b90125284604b0bde8f0871ffa86f874
:1030880008f1060738461af091fc04460028f0d0eb
:1030980000f11003012103a803931af0f7f8a979a6
:1030a80003a81af0f3f808f1020103a81af0f4f8db
:1030b800514603a81af0f0f826b13246494603985b
:1030c80018f0e0fa28882246394613f05df90546db
:1030d8000028cfd020461af0fbfc044b00930022b6
:1030e80004235121ee20f6f7bff8c3e7ccaa040168
:020000040000fa
:020000040103f6
:1030f80038b51849184c022018f044f9174b184aeb
:103108001a602368254633b930201af0dffc2060a6
:1031180048b902201ce0002420460134e4b215f02e
:10312800cbf9082cf8d130220021286819f042f890
:103138000c4812f0effe0c4b0c4a1b685a600c4a04
:103148005a612b680b4a5a600b4a9a600b4ada603c
:1031580038bd00bf4dbe040194280120ec27012092
:10316800bcd80401dd650201a8280120417f0201c5
:1031780039be0401f1c80401b1da04019d840401d7
:020000040000fa
:020000040103f6
:1031880010b51f4a1368002b30d059680b1a48bf76
:1031980001f18053516848bf1b1a31b349680c1ab2
:1031a80044bf01f180510c1a1b1b002bd4bf002314
:1031b800012352f823201349134c08682370134b3a
:1031c800cab11c6814f0040f546812d020f0704083
:1031d800844209d018886ff38200188052680a6008
:1031e8001a8842f004021a8010bd012383f00103fb
:1031f800dfe70c60f4e7198862f382011980f3e7ce
:103208000c280120343e0141d8290120203e0141eb
:020000040000fa
:020000040103f6
:10321800f0b5214b0a691b6820491b7b0578447867
:1032280013f01f0f4368d0780cbf012600268b428d
:1032380095bf1e214ff49671b3fbf1f3b3fbf1f385
:1032480095bfc3f30c03c3f30c030027012710f049
:10325800010f14bf0721012110f0020f18bf06311a
:10326800000744bf0231c9b20a4405f03f05d178ce
:10327800137165f3050166f3861167f3c711d17001
:10328800517921f01f0104f0070441ea132364f384
:1032980047135371f0bd00bf24290120c3bf0300a9
:020000040000fa
:020000040103f6
:1032a8007fb5204b01900546009302220123582147
:1032b800ec20f5f7d9ff284615f0cefb064678b383
:1032c8000468204614f040fe0146a8b194f8f23094
:1032d8001b070ad503ab042213490396032007f002
:1032e80039f90024204604b070bd204618f093fb3d
:1032f8000028f6d1072409e0204603ab0222adf8e6
:103308000c5009f01ffb04460028ead0074b009335
:10331800019401230022ff21ec20f5f7a5ffe1e746
:103328000224f3e75c91040108060101ba7904015b
:020000040000fa
:020000040103f6
:1033380008287fb50c4603d00d281bd004b070bdfb
:103348000e6820791d4c8a6801233146def73efe5f
:103358002368d3f85c52002df0d016f02dfa3246cf
:10336800034629460220fff7fdf823680022c3f828
:103378005c22e3e7d4e90223087849680393cde99e
:1033880001128df80300fff7edf80c4b1b680022c3
:1033980083f86022aff300800028cfd103ab02aae4
:1033a80001a90df10300aff30080dde902230199c3
:1033b8009df80300fff7d6f8ece700bf3829012095
:020000040000fa
:020000040103f6
:1033c800f0b5064685b002200f461af0effa05461a
:1033d800c8b91e4b00930224024601940423c72156
:1033e800ee20f5f741ff06f16000f5f747fa3046a1
:1033f80000233a460121fdf785fb0023204686f885
:10340800533005b0f0bd00f11003052103a8039364
:1034180019f03cff394603a819f038ff062300933a
:103428002a4600230221308812f0d0f804460028ea
:10343800d9d0064b0190009300220423c721ee2027
:10344800f5f712ff28461af031fbcce7c68b0401ca
:020000040000fa
:020000040103f6
:103458007fb5054607201af0a9fa044600283ad095
:103468001e4e00f11003012103a8039319f00eff6b
:10347800336803a8197819f009ff336803a8597944
:1034880019f004ff336803a8597819f0fffe336870
:1034980003a8997819f0fafeeb6d03a893f82c109d
:1034a80019f0f4feeb6d03a893f82d1019f0eefe59
:1034b80006230093224600230721288812f086f865
:1034c800064620b90323ab70304604b070bd2046d1
:1034d8001af0ecfaf8e70226f6e700bf40290120c7
:020000040000fa
:020000040103f6
:1034e800f8b5214c214926684ff4bc7206f5ba702c
:1034f80016f082fa236896f874211a70002520685d
:103508000378eb40db0723d5272202fb05f303f101
:103518000b0706f27f111944384418f0b3f82068f5
:10352800294638440cf016fc236806f277122b441f
:10353800525dda70062202fb05f1236801f243129c
:10354800134406f2b7220a441168196092889a80d7
:103558000135082dd3d196f8750116f01dfa2368a8
:1035680096f876219a70f8bd5429012088420144c2
:020000040000fa
:020000040103f6
:10357800224b1a686ff31f721a601a6812286ff3c9
:103588001b621a601a461cd002d8112804d0704752
:103598002138022824d9704712290cd002d81129c1
:1035a80003d07047213902290ad81368142161f31e
:1035b8001743136070471a68162161f317421a609f
:1035c8007047122909d002d8112903d07047213930
:1035d8000229f5d813681821e9e71a681b21ece7d6
:1035e800122909d002d8112903d07047213902299c
:1035f800e6d813681021dae71a68dee76834014173
:020000040000fa
:020000040103f6
:10360800f0b50468a36fdb0585b005460e4617467e
:103618000ed50bf093f8ecf709fd0ef0bbf9a36f8c
:1036280023f48073a36714f08ff90020ecf792fb62
:10363800812e11d0822e13d0802e05d10ef0aaf93a
:103648004023237614f080f9d4f8cc3063b12846af
:1036580017f00efa05b0f0bd0ef09cf94123f0e723
:103668000ef098f94223ece703953fb1009703abbe
:103678000422064901200af073fbebe703ab04229e
:103688000249012006f066ffe4e700bf14040101c7
:020000040000fa
:020000040103f6
:10369800002840d038b50d460446c36b002b3cd0fb
:1036a800026ca2fb03230bb1002037e015f0c4fe27
:1036b8002268216ce36b01fb03f3d018a0600020a3
:1036c800a06362605b1a1a44e260ff2384f8443006
:1036d80084f84530b5b923691bb918f009fb0120f6
:1036e8001ce004f11000f7f76bfc0028f5d04ff050
:1036f800e0234ff08052c3f8042dbff34f8fbff380
:103708006f8feae704f1100018f046f804f124007e
:0e37180018f042f8e1e700207047002038bdad
:020000040000fa
:020000040103f6
:023726007047ea
:020000040000fa
:020000040103f6
:103728002de9f04106460f4615461c469df81c80bb
:103738000ff022fda8b3b8f1000f00d14cb130460c
:103748000ef0b2fc064620b32db3bd4205d20124cb
:1037580022e013f005ff012420e007f097fe002384
:103768003375737586f802807560ed1bb560f4607b
:10377800069b33610c4b93f8d03033b9304608f0d0
:103788005dfe01237370002406e0304602f0c6fe99
:10379800f7e7012400e0012413f0e2fe2046bde82b
:0c37a800f0810124fae700bfd01d0120d1
:020000040000fa
:020000040103f6
:1037b40070b504460d460ff0e1fc002835d085b302
:1037c40020460ef073fc014668b3437813b31a4bda
:1037d400d3f8d440d4b1a0421ad00023a268134431
:1037e400a4690cb1a142f9d1a6681e44124bd3f8c6
:1037f400a4309b69984717f017fc864217d3361af2
:1038040063689e4288bf002305d812e00023ebe7db
:103814000023e9e700232b60002413f0a3fe2046d5
:1038240070bd0124f9e70124f7e70124f7e7636891
:0c38340000269b1befe700bfd01d012009
:020000040000fa
:020000040103f6
:103840004b1e082b33d830b587b00023009301936b
:103850000293039304930593044601eb810101eb6a
:1038600081014518207816f049f9052821d806abc2
:1038700003eb800050f8183c013340f8183c193431
:10388000ac42efd1009b022b16dc019b012b15dc17
:10389000029b102b14dc039b012b13dc049b012bdc
:1038a00012dc05980128d4bf0020012002e001208d
:1038b0007047012007b030bd0120fbe70120f9e788
:0c38c0000120f7e70120f5e70120f3e705
:020000040000fa
:020000040103f6
:1038cc00f0b597b005460778d7b950221c4902a825
:1038dc0017f0d6fe6b680193eb780093ab7800225f
:1038ec00697802a815f010f9ec1d1835154e00bfbb
:1038fc0014f8011f304615f007f9ac42f8d11ae064
:10390c0002ac114e0fce0fc40fce0fc496e80300bd
:10391c0044f8040b21703a46697802a815f0f4f8c3
:10392c00ec1d1e35074e00bf14f8011f304615f074
:10393c00ebf8ac42f8d10a2019f06cf917b0f0bdd5
:0c394c00f4450001ec4500014446000178
:020000040000fa
:020000040103f6
:1039580000283cd070b50446836c013b8364c16a7f
:10396800426c914235d00bb1002070bd051d284630
:1039780015f059f938b918490b68e06a01228240f4
:1039880023ea02030b60636ce362c3f10502a261e0
:10399800114a1668012000fa03f13143116003eb64
:1039a800830302eb8303db68a3609968e1604d60e1
:1039b8009d60e36a02f1080103eb830501eb8501d1
:1039c800616102eb85018b6803448b60cde70020c1
:0c39d80070470020c9e700bfc81c012098
:020000040000fa
:020000040103f6
:1039e400f8b5eff311854ff0200383f31188bff38b
:1039f4006f8fbff34f8f836bc26b9a4228d90446f3
:103a04000e4690f845707fb201338363b7f1ff3ff0
:103a140014d1836c33b109f0a9fbe8b1f6b10120ec
:103a2400306016e0436a0bb9012012e02430f7f746
:103a3400c9faa8b1b6b1012030600ae019f0bafaa7
:103a4400874211d201377fb284f84570012000e02b
:103a5400002085f31188f8bd0120fae70120f8e77a
:0c3a64000120f6e70120f4e70120f2e762
:020000040000fa
:020000040103f6
:103a700030b583b000928df80710a0b31c46054600
:103a8000c9b20239c9b2022930d813460132042a18
:103a900001d9142b2cd114b1069b202b2ad84ff41a
:103aa000e0612846fdf77afe30b301230df10702ed
:103ab00003212846f4f754f9009bb3f1ff3f03d1eb
:103ac0002846fef7a7fa0fe004236a46022128469b
:103ad000f4f746f9002cf3d0069b22460521284630
:103ae000f4f73ef9ece7002003b030bd0020fbe71f
:0c3af0000020f9e70020f7e70020f5e7d0
:020000040000fa
:020000040103f6
:103afc0030b589b0204b1d68bdb30c46b9b34ff03f
:103b0c00ff330493059306938df81c3045238df8f1
:103b1c00113000238df81230030c8df81330030a8a
:103b2c008df814308df8150005210df1110019f0e8
:103b3c00abff40f001008df816000d22694604a879
:103b4c00a847b0b19df809209df80a301b0443ea40
:103b5c0002639df80c2013439df80b2043ea0223cb
:103b6c0023609df8080009b030bdff20fbe7ff2063
:0c3b7c00f9e7ff20f7e700bf88280120d0
:020000040000fa
:020000040103f6
:103b8800f8b5431e13f1030f34d804460f46154603
:103b98000668731e13f1030f2ed8014630460df048
:103ba800fbfc58b3c6f8105396f87a30022b01d0b4
:103bb8000820f8bd9db12346134a002101200ff0cb
:103bc800f0f80546f0b1e1890ff0ccf82946304607
:103bd8000ef086f9002814bf0a200820e9e794f9b6
:103be8000c301bb967b13b700020e2e7002ffad117
:103bf8000820dee70220dce70d20dae70820d8e716
:0c3c08000820d6e70820d4e767c40401b8
:020000040000fa
:020000040103f6
:103c140000f1ff3c1cf1030f32d82de9f04182b0d2
:103c240004460f4616461d4683685bb361b382782b
:103c340062b3d3f854321bb10a2002b0bde8f0815c
:103c44000346154a002101200ff0adf88046f8b173
:103c5400384617f025fd00903b4632460321404686
:103c6400fff704ff4146a0680ef03cf990b1a36849
:103c7400c3f85452a368089ac3f858220020dce71a
:103c8400022070470220d8e70220d6e70120d4e7bb
:0c3c94000820d2e70820d0e7250e01012f
:020000040000fa
:020000040103f6
:103ca0002de9f04383b00446013810f1030f2ad800
:103cb0000e461d46a36843b349b3a3784bb3012a0c
:103cc0001dd0022a29d110274ff009092346164a90
:103cd000394601200ff069f8804600b300230093b5
:103ce0003b463246494609f085f84146a0680ef049
:103cf000fbf8b0b1a368c3f8385300200ae00427ea
:103d00004ff00809e2e7022004e0022002e002206e
:103d100000e0012003b0bde8f0830220fae70820ac
:0c3d2000f8e70820f6e700bf29090401bd
:020000040000fa
:020000040103f6
:103d2c00f0b5214c2368197885b0002937d1c568c6
:103d3c00067a7db16a881a86684610222f1d18f003
:103d4c0037fa10223946684615f0e0f910b13846ba
:103d5c0017f02efbb6b12b789a1e012a21d8688851
:103d6c00421eb2f5e16f1cd2022b01d10ef0dafc2f
:103d7c0023682a7883f821202368002083f8336095
:103d8c0005b0f0bd2068213019f008fe206890f8cd
:103d9c002130012bf0d1223010f05efaece7052037
:0c3dac00eee70320ece700bf8c280120ac
:020000040000fa
:020000040103f6
:103db8002de9f84f9946204b0a9f1b681d688846d5
:103dc800164604464ff6ff7a0db92c4630e0aa890c
:103dd800a2420ed942450bd92d68f5e7102e1ce0fa
:103de8005445f9d001340bf11003a4b23b6008e04c
:103df8001446eb89a342efd36b68a21a03eb0212b5
:103e08003a60eb89a342e7d34445e5d8d7f800b038
:103e18009bf80e305b07e1d4022ee1d132464946c9
:103e2800dbf8000015f074f90028d9d10b9b1d6050
:0c3e38002046bde8f88f00bf9c28012048
:020000040000fa
:020000040103f6
:103e4400f7b50446c07a15460023dab2904201d889
:103e5400802022e09e00e268925baa4203f1010303
:103e6400f3d10df1060019f007fa6b1e0d2b16d8cd
:103e7400284615f073fcbdf80630022be8d80bb1c8
:103e84000342e5d0e26816447380207a10f0010002
:103e940003d020460df0b2fe002003b0f0bd0a4b63
:103ea4001b6818680028e6d0017c0023dab291422e
:103eb40001d80068f6e7826802eb830201331788b1
:0c3ec400af42f3d15088d6e79c280120c3
:020000040000fa
:020000040103f6
:103ed00038b5174d174c28462178022300f8013bce
:103ee000194419f0fbfd42f6f531e81c19f0f6fd16
:103ef0002378114a114802eb0311c1e9000510486b
:103f000088601048c860104840f201110180591cb7
:103f1000c9b202eb01120d49c2e900100c499160cf
:103f20000c49d16002330c4adbb2d381237038bd17
:103f30006028012055090120b01e0120bcdb0401ce
:103f400086db040105000001ca27012079db04019a
:0c3f50008edb0401020002011827012092
:020000040000fa
:020000040103f6
:103f5c0010b5232192b0044601f0a4ff00283bd0f9
:103f6c00d4f84431d87d18f047f8ff282cd0d4f879
:103f7c00443193f919207e2a2cd07f2a15d0d87d74
:103f8c0018f03af8d4f8443118445b7e037194f875
:103f9c00e230062bd4f844310cbfff2200225a77b2
:103fac002046ebf71ffe12b010bd4ff48153adf855
:103fbc0000302388adf8043068464ff6ff73adf837
:103fcc00063010f0ffffe2e72022232120460cf000
:0c3fdc000dfee8e71e22f8e70120e4e7f4
:020000040000fa
:020000040103f6
:103fe80070b588b00b7806934b7805938b7804935b
:103ff800cb7803930b7902934b790193184c194ba7
:104008000093064601230d4602221e21ec20f5f7f7
:104018002bf92368d3f88c30984760b10c24124be5
:104028000093019401230022ff21ec20f5f71cf9ed
:10403800204608b070bd2368d3f890309847002810
:10404800ecd12368d3f89430984704460028e5d18a
:1040580031462846fef776fd0028e9d11224dee72e
:0c4068002c290120af730401b6b4040140
:020000040000fa
:020000040103f6
:1040740038b50d4604460df08ffc012d1e4b2ad198
:104084001a6892f84032012b11d094f8501092f82b
:104094001c3292f81d0281b961698c420dd194f8e9
:1040a4005210034439b9012b01dd82f84052bde8b6
:1040b400384013f04bbc022bf6e7e16e034411b910
:1040c40061698c4205d0022bf1dd012382f8403274
:1040d400ede7012bf8e71b6893f84022002ae6d0ad
:1040e40093f81c2293f81d120a44012adcbf002213
:0c40f40083f84022dbe700bf38290120e0
:020000040000fa
:020000040103f6
:104100007fb5034610461f4a1268d41894f8f84148
:1041100014b3012b22d102f5f475002402f5c0720c
:104120002e6806b1b468a4b1cde901430391667865
:10413000b6070ed4a37813f0040f4ff00c0201abb6
:104140001bd0114918b9012006f008fa04e0032039
:10415000fae7083d9542e3d104b070bdd2f8f021f2
:10416000002af9d09268002af6d05478a407f3d434
:10417000cde90123039101ab0c2208210028e3d0f3
:0c4180000220e1e73829012008010001bd
:020000040000fa
:020000040103f6
:10418c0010b50c461e490346006808609a889b7956
:10419c008b711c4b8a80b3f86c2f42f00202a3f88f
:1041ac006c2fd3f8680fc0f380708ab0c8b1d3f805
:1041bc00942fc2f302622270d3f8680f62f312409c
:1041cc00c3f8680f2722684617f05afa002300bf7d
:1041dc000deb0302d07938b90133102bf8d10ab0aa
:1041ec0010bdff232370fae7074a1268272101fb51
:1041fc000323d87ac0f3400080f00100c0b2eee790
:0c420c00703301410024014154290120bd
:020000040000fa
:020000040103f6
:1042180084b070b504ac84e80f001f4bb3f8a42039
:104228006ff34102a3f8a420b3f8ac206ff3861211
:10423800a3f8ac20b3f8a4206ff30002a3f8a420dd
:10424800002014f0dbf90646012014f0d7f90546e2
:10425800022014f0d3f94ff6ff71044600200df048
:1042680055fb4ff6ff7101200df050fb4ff6ff7123
:1042780002200df04bfb3146002014f0d1f92946fd
:10428800012014f0cdf92146022014f0c9f9bde847
:0c4298007040002004b070470024014179
:020000040000fa
:020000040103f6
:1042a40038b51c4c237813f0010530d143f00103d9
:1042b40004202370f7f768fbe06010b9072528464f
:1042c40038bd0420f7f760fb20610028f6d00a20ef
:1042d400f7f75afb60610028f0d0e3681d70e368cb
:1042e4005d70e3689d70e368dd700b4ba1891a680b
:1042f40061f30f021a600949062019f0cbf8084a45
:10430400084b1360084a136018f030fbd7e7002508
:10431400d5e700bfe826012080340141f3c504013c
:0c43240094290120dfdb0401982901200e
:020000040000fa
:020000040103f6
:1043300008b5204b198821f4e06141f4c0611320d5
:1043400010f050f91c4b03f59b52a020116960f34b
:104350008901116103f599520620516841f04071bd
:10436000516003f59a52516860f39951516003f519
:104370009a520420916860f39851916091684c20a2
:1043800060f35f61916003f59a523d20116960f31b
:104390000e211161d168432060f31641d160136989
:1043a000322161f31a5313611369382161f3060353
:0c43b000136108bdce290120002401414a
:020000040000fa
:020000040103f6
:1043bc0070b5054615f03ef895f8454064b2002cf2
:1043cc0019dd05f1240608e06b6aa3b13046f6f757
:1043dc00f5fd68b9013c64b26cb1ab6c002bf3d049
:1043ec00284608f0bffe0028f4d018f09bf9f1e73e
:1043fc0018f098f9eee7ff2385f8453017f076fcb6
:10440c0015f018f895f8444064b2002c0fdd05f156
:10441c00100602e0013c64b24cb12b693bb1304652
:10442c00f6f7ccfd0028f5d018f07cf9f2e7ff2365
:0a443c0085f8443017f05afc70bdfb
:020000040000fa
:020000040103f6
:1044460070b584b01c468df8071005238df80f3023
:104456008df80e3080b315460646cbb2032b01d934
:10446600142b2cd16db3202c01d9002025e04ff45c
:10447600e0613046fdf78ff928b301230df10f02f5
:1044860003213046f3f769fc01230df107020321ee
:104496003046f3f762fc01230df10e02032130468c
:1044a600f3f75bfc23462a4605213046f3f755fc15
:1044b6003046fdf7acfd00e0002004b070bd0020e2
:0a44c600fbe70020f9e70020f7e70c
:020000040000fa
:020000040103f6
:1044d0002de9f043c3681f887a1eb2f5fa7f85b0d4
:1044e00039d25c88621eb2f5fa7f34d29e88b6f566
:1044f000fa7f30d2dd88b5f5fa7f2cd2b3f8089078
:10450000a9f10a039bb240f67642934223d8a74210
:1045100021d806fb0443b3f5fa7f1cdcac421ad960
:10452000b0f80880b8f5706f15d2404611f0cefa99
:1045300088b101a8adf80480adf80670adf8084068
:10454000adf80a60adf80c50adf80e900ff052fec9
:0a45500005b0bde8f0830320fae790
:020000040000fa
:020000040103f6
:02455a007047a8
:020000040000fa
:020000040103f6
:10455c0008b5194b9847194b9847eff3108172b671
:10456c00174ad2f8883043f47003c2f88830bff38e
:10457c004f8fbff36f8f01b962b6124a936823f065
:10458c0001039360d36813f0010ffbd10d4b242270
:10459c005a6001229a6010f0cffe0b4b23f07f0380
:1045ac00074a9360094b9847094b9847094b984722
:1045bc0018f056fb00befee75d580401ab980201f3
:1045cc0000ed00e0002000410000000089cc030158
:0845dc00ab980201ab9802014b
:020000040000fa
:020000040103f6
:1045e4000b68012b2ddd30b50138131800208446eb
:1045f4001d460cf1020451f8244024fa00fe03f88d
:1046040001ef00f10804182808bf0cf1010c04f0b4
:104614001f000c6804f1ff3ee645e9dcc2f102002c
:1046240028440cf1020c51f82c304bb1013811180c
:10463400084601f8013f1b0afad1c2f102021044f4
:1046440030bd4ff0000c0cf1020c51f82c3053b17a
:1046540001381118084601f8013f1b0afad1c2f1ca
:08466400020210447047704788
:020000040000fa
:020000040103f6
:10466c00f8b5431e13f1030f1fd804461646836892
:10467c00ebb18378ebb111f0050522d0dab103462a
:10468c00184a718801200ef08afb0746a8b173887e
:10469c00321d294609f060fc3946a0680df01efc5d
:1046ac0080f00100c000c0b2f8bd0220fce702207f
:1046bc00fae70120f8e70220f6e70820f4e70820e3
:1046cc00f2e70346074a002101200ef068fb07467b
:1046dc000028f4d000231a461946384609f03cfc51
:0846ec00dae700bfafc40401ce
:020000040000fa
:020000040103f6
:1046f4002de9f04182b01d46431e13f1030f2ad861
:1047040004460f46164683683bb341b3837843b3ec
:10471400f5b1089b002b08bf00252346154a0899cc
:10472400314401200ef03ffb8046f0b1089b00931a
:104734002b463246394607f06afd4146a0680df023
:10474400d1fba0b1a368012283f8fc22002009e078
:1047540000230893e1e7022004e0022002e00220a3
:1047640000e0012002b0bde8f0810820fae708204b
:08477400f8e700bf69f902013a
:020000040000fa
:020000040103f6
:10477c00431e13f1030f37d8f0b583b004460e4631
:10478c001546836893b3531edbb2012b02d902206a
:10479c0003b0f0bd83780bb90120f9e70346154a45
:1047ac00002101200ef0fbfa074608b3012d11d0b1
:1047bc0010230193099b009309233e22314603f0f9
:1047cc0061fd3946a0680df089fb80f00100c00046
:1047dc00c0b2dde704230193099b0093082329222f
:1047ec00314603f04ffdece7022070470220cfe783
:0847fc000820cde7191d03019f
:020000040000fa
:020000040103f6
:10480400002834d02de9f04182b00e461546074603
:10481400816871b37eb31a44b2f5702f2dd2b1f80a
:104824002a13494282ea050008421cbf0a40531b6e
:10483400b3f5806f28bf4ff480631c463b46114a92
:10484400214601200ef0affa8046c0b100943346f1
:10485400a2b2294603f054fd4146b8680df042fb6c
:1048640080f00100c000c0b202b0bde8f0810220b7
:1048740070470220f8e70220f6e70220f4e7082058
:08488400f2e700bf9994010165
:020000040000fa
:020000040103f6
:10488c002de9f04182b00d46411e11f1030f2dd8d8
:10489c00044616461f46806850b3691ec9b20129ea
:1048ac0028d805f1290310f833302bb3d0f8a431f4
:1048bc001bb10a2002b0bde8f0812346114a002149
:1048cc0001200ef06cfa8046c0b1002301930093d6
:1048dc007a1c294604f0a6f84146a0680df0fefab1
:1048ec0070b1a368c3f8a4610020e3e70220e1e7fc
:1048fc000220dfe70220dde70220dbe70820d9e712
:08490c000820d7e729d30101bf
:020000040000fa
:020000040103f6
:104914002de9f84f067ad0f80c9090f810a00c20ee
:1049240019f0d6f8054610b90220bde8f88f194fe2
:104934003b68d3f800801ffa86fbb8f1000f04d15e
:10494400284619f0c7f80320efe7d8f804309a682e
:1049540012885a4506d132464946586814f0dafba3
:10496400044610b1d8f80080e7e7304619f0b0f8f3
:10497400a8600028d8d0324649462e7116f084fe2d
:10498400386885f805a00830294617f0dffa204674
:08499400cbe700bf9c280120c5
:020000040000fa
:020000040103f6
:10499c0070b51f4b1c6890f847302376037e637606
:1049ac0090f82130a376437ee376837e237703460b
:1049bc00054653f81b2fc4f81d209b88a4f8213002
:1049cc00b0f8b02004f10c062ab1d0f8ac1004f108
:1049dc00240016f055feb5f8b03084f82330b5f845
:1049ec00c0202ab1d5f8bc1004f20b1016f048fe0a
:1049fc00b5f8c03084f80a3195f8943084f8f13168
:104a0c0031464ff4fc720348bde8704014f0f2bf1d
:084a1c000429012010400144af
:020000040000fa
:020000040103f6
:104a24007fb51f4b019006460093ec200123022220
:104a34004d21f4f71bfc304614f010f868b30568f8
:104a4400eb7d012b19d195f8ed3013f0080f14bf4d
:104a540000241a24284613f079fa80b1284613f06a
:104a6400cbfea8b907240f4b009301940123002225
:104a7400ff21ec20f4f7fafb0ce00024eae7022221
:104a840003ab11462846adf80c6007f05dff044601
:104a9400002ce8d1204604b070bd0224e3e700bf37
:084aa40090870401ba790401b6
:020000040000fa
:020000040103f6
:104aac0038b51f4d1f4c18f089fb2b684ff4617201
:104abc009a842368ff221a702368f9225a7023689b
:104acc0001229a7023680822da7010f061fa2a68c1
:104adc00136bdb075fbf21680b7943f00e030b717f
:104aec0023680c2183f844104ff0ff301f21c3e9d9
:104afc001601c3e9180140f20771a3f8091000214f
:104b0c0082f82e104ff08842126c02f44052b2f52b
:104b1c00005f14bf07220a46da721a7338bd00bf51
:084b2c002c290120242901209d
:020000040000fa
:020000040103f6
:104b340052433a53746172745265712050726565c0
:104b44006d7074203078253032782c7072696f72f1
:104b54006974793a25642c636c6b3d307825303464
:104b6400780052433a5374617274526571204e6fe7
:104b7400726d616c203078253032782c7072696fd8
:104b8400726974793a25642c636c6b3d30782530f6
:104b940034780052433a46617220616e63686f72e2
:104ba4002c204e6f773a30782530347820616e6b44
:084bb4003a3078253034780016
:020000040000fa
:020000040103f6
:104bbc0038b51d4c2368254633b94ff4107018f0e6
:104bcc0083ff206060b938bd00242b6804f1880293
:104bdc0053f8220008b118f079ff0134082cf4d1f5
:104bec004ff410720021286817f0e2fa2c680f4974
:104bfc000f4a04f5bc7304f5ce7500bf43f8041bd3
:104c0c009d42c3f88020f9d14822002104f5da70c6
:104c1c0017f0cefa0023c4f89c316b60ab60054be7
:104c2c00c4f874310120cee78c2801202ddb04015f
:084c3c0099db04019bdb04017c
:020000040000fa
:020000040103f6
:104c440070b51b4b1c6853f8045f210609d5194b3a
:104c54001b6824f0800403b19847174b1b6803b109
:104c64009847e20509d5154b1b6824f4807403b1f9
:104c74009847134b1b6803b19847ab0613d5114ae9
:104c8400136843f008031360138943f00803138186
:104c940018f0cafb46684eb12b462246b4460021a2
:104ca400bde87040604754ea0503f1d170bd00bf10
:104cb400143f014160290120682901206429012051
:084cc4006c290120203a014196
:020000040000fa
:020000040103f6
:104ccc0038b505460c46def703fed1f7fbfa054b6b
:104cdc0005481d80054b0c221c801421bde8384072
:104cec0016f026b9a0260120a4290120a226012015
:104cfc0030b5044685b00d46ac4201d905b030bd87
:104d0c0069462046d4f7b6fcd8b1bdf8021041b9bb
:104d1c004ff0200383f31188bff36f8fbff34f8fd6
:104d2c00fee700222046d1f77ffb10f0fd0f08d0e4
:104d3c004ff0200383f31188bff36f8fbff34f8fb6
:084d4c00fee70134a4b2d7e731
:020000040000fa
:020000040103f6
:104d54008446002837d012f4805f06d03f2934d827
:104d640012f4006f1cd10120704712f4006f2ed092
:104d7400402915d100f1400101e061450ed011f840
:104d8400013da3f13002d2b2092af6d923f020035f
:104d9400413bdbb2052bf0d900207047012070475e
:104da400a1f10803dbb2372b13d80139c9b2ff29ab
:104db40007d01cf80130203bdbb25e2bf5d9002074
:104dc4007047012070470020704700207047012081
:064dd4007047002070474b
:020000040000fa
:020000040103f6
:104dda0000000100020101000100050106010200b4
:104dea000801010001000b010c010d010e01010077
:104dfa00010003000300130101000100010001008a
:104e0a00180101001a01010001000100010001005e
:104e1a000100010001000100010001000100010080
:104e2a0001000100010001000100010001002f0141
:104e3a000100010001000100010001000100010060
:104e4a0001000100010001003c013d0101000100d7
:064e5a000100010042010d
:020000040000fa
:020000040103f6
:104e600010b5fab00c46103072ab0df5ec7c00bffb
:104e700010f8012d03f8012b9c45f9d172a9684661
:104e800015f075fe10b100207ab010bd00237693a6
:104e9000779378938df8e43163798df8e531237950
:104ea0008df8e631e3788df8e73176ab72aa102100
:104eb000684617f009fa90b9a3788df8d83163786d
:104ec0008df8d93123788df8da31032276a90df2e5
:104ed000d51014f021f9b0fa80f04009d4e7002091
:044ee000d2e700bf56
:020000040000fa
:020000040103f6
:104ee4001e4ad36823f4e0631b041b0c43f0bf6326
:104ef40043f40033d360bff35f8f62b6e02182f8de
:104f04002310174b83f800130120186083f8011352
:104f14000220186083f803130820186083f80d1327
:104f24004ff40050186083f813134ff400201860f6
:104f340083f81d134ff000511960536a43f4802322
:104f44005362536943f010035361536a43f40033cb
:104f54005362536a43f480335362704700ed00e0b8
:044f640000e100e088
:020000040000fa
:020000040103f6
:104f680070b51e4ad36a946a8e46a1b38446a3429a
:104f780008bf00202cd00120194d18491ae001eb78
:104f8800430292f84060acf1020202f8106001ebb3
:104f9800430292f841600cf1ff3202f810600133cd
:104fa8000a6b9a4298bf0023864510d9421ca34237
:104fb8000ed010466a6802f00702012adfd0ca182c
:104fc80092f840600cf1ff3216540133e8e71c46b2
:104fd800024bdc6270bd1c460846f9e750190120f7
:044fe8000010004075
:020000040000fa
:020000040103f6
:104fec00dfed1e7ab4eee70af1ee10fa2adadfed05
:104ffc001c7ab4eee70af1ee10fa25daf3ee097a30
:10500c00b4eee70af1ee10fa20daf2ee047ab4ee1e
:10501c00e70af1ee10fa1bdaf0ee087ab4eee70ac2
:10502c00f1ee10fa16daf7ee007ab4eee70af1eeca
:10503c0010fa11dab5eec00af1ee10faccbf062068
:10504c0000207047002070470120704702207047f5
:10505c00032070470420704705207047000016435a
:04506c0000003442ca
:020000040000fa
:020000040103f6
:1050700030b583b08df807108df8062068b31c4654
:105080000546cbb2022b2bd8d3b2012b2ad85cb366
:10509000079b5bb340f60701fcf780fb40b301239d
:1050a0000df1070203212846f2f75afe01230df104
:1050b000060203212846f2f753fe069b22460521ed
:1050c0002846f2f74dfe089b079a05212846f2f77d
:1050d00047fe2846fcf79eff00e0002003b030bded
:1050e0000020fbe70020f9e70020f7e70020f5e7c4
:0450f0000020f3e7c2
:020000040000fa
:020000040103f6
:1050f4002de9f04385b005466846884616f050f918
:105104001a4b1b4ed3f8009099f83270af4283bf0c
:10511400282303fb05954b356d460024a0451fd07d
:105124007378ff2b1cd01cb999f82130022b17d1ae
:10513400f1788f420dd9282303fb019110224b31c2
:10514400284613f0e7ff58b905b0bde8f083012401
:10515400e4e72cb910226946284613f0dbff10b1ae
:105164000136002cf3d02046eee700bf8c28012046
:04517400512801209d
:020000040000fa
:020000040103f6
:1051780070b505460e460cf00dfc174bb3f8a0456c
:1051880044f00104a3f8a045b3f8a04544f0020494
:10519800a3f8a0451c4600bfd4f8a0359b07fbd454
:1051a800324628460d4916f06dfa0d4b1a680d4b1c
:1051b8001a600d4a12685a600c4a12689a600c4ac2
:1051c8001268da60b4f8a0356ff30003a4f8a035cc
:1051d800bde8704012f0b8bb00240141902901419c
:1051e8008029014100400144842901418829014165
:0451f8008c290141bc
:020000040000fa
:020000040103f6
:1051fc002de9f34107689df80030be7e66f300038d
:10520c008df800303b46054653f81b2fcdf8012096
:10521c009b88adf8053068460c46fdf7d1fa2a7923
:10522c00134923788a5c62f30303237080460e20b3
:10523c0015f0befa237860f34513237097f83420e9
:10524c00003218bf0122dbb262f386132370dbb28b
:10525c00b8f1000f07d043f0800323706b796370b3
:10526c0002b0bde8f081002ef5d166f3c713f4e768
:04527c0040cc04011d
:020000040000fa
:020000040103f6
:105280007fb506460d4613f0ebfb70b30268d2f80b
:10529000443163b3d3f8221059b3097ac90728d52a
:1052a000197c65f3861119742db3d2f84431d3f803
:1052b0002220137a43f01803137200240f4b00933b
:1052c000cde90165012302225621ec20f3f7d0ff3e
:1052d00044b10b4b0093019401230022fd21ec20eb
:1052e000f3f7c6ff204604b070bd0224e6e71a2497
:1052f000e4e70c24e2e72c46e0e700bf004f04019e
:0453000078650401c7
:020000040000fa
:020000040103f6
:1053040037b51e4b019005460093ec200c46012353
:1053140002225c21f3f7aaff284613f09ffb48b34f
:105324000068c37d012b0cd00c24154b0093019411
:1053340001230022ff21ec20f3f798ff204603b05d
:1053440030bd2368c0f8223100f591726368536060
:10535400a3689360e368d36090f8e430213b012ba9
:10536400e2d890f8e530032bded114f0d7fa18b95f
:105374000724dae70224d8e70024dfe7607d04018c
:04538400797d04012a
:020000040000fa
:020000040103f6
:1053880000293ad04b0716d5b0f86030b0f8621053
:105398009a0102f5747292b291422cd2a1f57473fb
:1053a800c3f387131a2b2bd9b0f86020934200d986
:1053b800d3b218467047ca070dd5b0f86030b0f8b8
:1053c8006210da00703292b2914214d2a1f17003e5
:1053d800c3f3c703e6e78b0712d5b0f86030b0f81f
:1053e80062109a003c3292b2914204d2a1f13c037d
:1053f800c3f38703d6e7dbb2d4e790f86030d8e789
:045408001b23d6e7a5
:020000040000fa
:020000040103f6
:10540c0038b50546682018f05ffb164b164c186033
:10541c006822002116f0ccfea02018f055fb0021cc
:10542c00a022206016f0c4fe104b114a1a602368ab
:10543c001d63fff735fb23685a6902f0f8010d4a2a
:10544c000a435a6100229a610b4ac3e91e22c3e93e
:10545c002022c3e92222c3e92422084b084a5a61bc
:10546c0038bd00bf242901202c29012080240120d3
:10547c00252a03010101000509db0401f0250120a7
:04548c00c9df010172
:020000040000fa
:020000040103f6
:10549000f7b51c4f3b681e78e6b91b4c13f0a0f81b
:1054a000206820211d30fff767fe4020f6f76efad6
:1054b000054628b323681e773b6801221a702368cb
:1054c000186104f047fe044628b13b6828461e7068
:1054d0000ff0aefc0c240d4b00930222012333216c
:1054e000ec20f3f7c5fe44b1094b0093019401236e
:1054f0000022fd21ec20f3f7bbfe204603b0f0bdf7
:105500000724e8e72c290120242901204cc60401a6
:04551000807a040198
:020000040000fa
:020000040103f6
:1055140008b50b4611461278102a2fd007d8052a51
:105524001ed00e2a25d0042a14d0022008bd192a20
:105534001ad006d8172af8d1032b29d114f0cef9a2
:105544000ce0262a1fd0292aefd10b2b20d1faf701
:10555400fbfd03e00d2b1bd115f032fc0120e5e728
:10556400013b58425841e1e7032b11d113f068f98c
:10557400f4e7092b0cd1edf759fcefe7182b07d111
:1055840004f071faeae70b2b02d10ff059f9e5e7c1
:045594000020cbe741
:020000040000fa
:020000040103f6
:1055980070b504460e4690f850000821154612f0e2
:1055a800c3fa2378032b32d0022b13d10cf0f2f973
:1055b800174b1a6894f8503002eb8303d3f8fc11a8
:1055c800a1424ff0000108bfc3f8fc11c2f8041251
:1055d80012f0baf9a26e1ab9637862f382036370a3
:1055e800002323701eb12946204613f0f8fca36e51
:1055f8006bb1a3789b060ad4204614f010fc204611
:1056080012f07efa2046bde87040e5f719b870bd83
:04561800382901200c
:020000040000fa
:020000040103f6
:10561c0090f85720c36d30b51c4c42b122685279ba
:10562c0012b993f8e52032b103225a7029e02268ae
:10563c005279002af5d193f8e620510705d4226857
:10564c005278520701d40122efe72468c578104a3a
:10565c0093f8e41024786db901eb81010a44125dd2
:10566c005a7090f85720c36d62b15a78062a06d149
:10567c000422dae704eb84042244525cf0e7052aa6
:10568c00f6d030bd5a7822f00402cee74029012032
:04569c0093ae0401c4
:020000040000fa
:020000040103f6
:1056a0002de9f8431e4d2a681468804698f80b309f
:1056b00064b9980043b118f00dfac8f80c0018b19d
:1056c0002b681f6825464fbbbde8f883227c134436
:1056d00088f80b302468e9e7bb89012b24b2d8f89d
:1056e0000c3013d0ba6832f8262023f82420d8f8da
:1056f0000c3003eb8404013600236380f6b23b7c5c
:105700007419b342e4b2e7d83f68dbe7304603ebf5
:10571000840917f01dfda9f80000e8e70026eee770
:045720009c280120a0
:020000040000fa
:020000040103f6
:1057240038b5154b154d00241c60154b4ff0ff3256
:105734001a601f221a71134b1c60134b1c60134b0d
:105744001c70134b1c60134b1c60134b1c60134bdd
:105754001c6015f011f9c0f307134ff4b470b0fbdb
:10576400f3f0286016f0a6f90d492860204617f0da
:1057740091fe204638bd00bf702901207429012004
:105784006a280120782901207c290120e3290120ad
:10579400882901208c2901208029012084290120c5
:0457a40031ea0001e5
:020000040000fa
:020000040103f6
:1057a800dff87cc0f0b5dcf800400346002c35d0ab
:1057b8000022214615461046d1f800e00e699e45a4
:1057c80009d12ab1166101f11000f0bd3146f3e7a5
:1057d800ccf80060f7e705d9e8b10768be453cbfdb
:1057e800154608460a46002ef0d10028edd001469d
:1057f800066951f8102bd21a102a05d903600b44f8
:10580800103a1e611a601e4684420cbfccf8006034
:105818002e610846d9e715460846e3e72046d4e74f
:04582800b029012082
:020000040000fa
:020000040103f6
:10582c0030b585b0043205460c46039211f0a2f84f
:10583c0038b10c2c07d000231a4619462846fdf720
:10584c000dfc05b030bdc378012bf4d003a901a821
:10585c0016f071f803a90df1060016f06cf803a907
:10586c0002a816f068f803a90df10a0016f063f807
:10587c00204618f029f901460028e2d000230370d5
:10588c00bdf804308380bdf80630c380bdf8083005
:10589c000381bdf80a3043814580204617f0a3fef2
:0258ac00cfe744
:020000040000fa
:020000040103f6
:1058ae004348433a63684d706d3a2530325825307f
:1058be003858004348433a63684d7073323a253086
:1058ce00325825303858004348433a63684d707358
:1058de00333a2530325825303858004348433a433e
:1058ee004820496e6420432c2564004348433a63a4
:1058fe00684d703a253032582530385800434843a9
:10590e003a434820496e6420502c25640043484396
:10591e003a63684d7073313a253032582530385815
:01592e000078
:020000040000fa
:020000040103f6
:1059300002380a2807d8dfe800f027090c0f1215f3
:10594000181b1e2124009fed120a70479fed110abb
:1059500070479fed110a70479fed100a70479fed49
:10596000100a70479fed0f0a70479fed0f0a7047ae
:10597000b3ee0e0a7047b2ee040a7047b0ee080aa2
:105980007047b7ee000a70479fed080a704700bfe6
:1059900000b09046008067450080e744008067447f
:1059a00066e60a44333339433333b9420000f445e1
:020000040000fa
:020000040103f6
:1059b0002de9f8431c4b5b6883422ad0044613f060
:1059c0003ffd6669a76a184dd5f87480d5f89490a4
:1059d00016f092f9d435af421ed046451ed04e4542
:1059e0001ed0a5f13c039e4207d0104b9e4219d019
:1059f000002e14bf012004200ce0a36a0bb102208a
:105a000008e094f85030dbb2012b14bf03200220d1
:105a100000e00020bde8f8830120fbe70220f9e761
:105a20000220f7e70420f5e7c81c0120441d0120ef
:020000040000fa
:020000040103f6
:105a3000f0b50d68064656f8082b8c464cf8082b36
:105a400002f1804e0ef1ff3e06eb8e060ceb8e0e41
:105a5000013a0fd4002700bf56f804493b4604f032
:105a60000107db0743ea54034ef80439013ab2f167
:105a7000ff3ff1d10b680ceb8302ab4205da002447
:105a800042f8044b01339d42fad144680b6863b17c
:105a90009a1c01eb8202013b52f8040d18b90b600d
:105aa000002bf8d11c464c60f0bd1c46fbe700bf44
:020000040000fa
:020000040103f6
:105ab000f8b5431e13f1030f2bd804460e461546c6
:105ac000836843b3827842b311f0800f27d15b6fb4
:105ad0000bb10a2022e00346144a002101200df0f8
:105ae00064f90746e8b131460af08efe3946a068ef
:105af0000cf0faf9b8b1a3685d67a368fe2283f8d9
:105b00007020a368311e18bf012183f8781000208f
:105b100004e0022002e0022000e00120f8bd0220a3
:105b2000fce70820fae70820f8e700bf8d1501011f
:020000040000fa
:020000040103f6
:105b3000431e13f1030f31d8f0b583b004460d4670
:105b400083686bb371b3837813b9012003b0f0bde0
:105b50000346164a002103200df027f9064618b324
:105b6000002700972b680222012114f06bfb00979d
:105b70006b6802221146304614f064fb0097ab6854
:105b800002220321304614f05dfb3146a0680cf080
:105b9000abf980f00100c000c0b2d7e70220704727
:105ba0000220d3e70220d1e70820cfe7272e040107
:020000040000fa
:020000040103f6
:105bb00070b5c568008911f059f80446a0b3c66de8
:105bc00096b390f857207abb25b90821bde87040fc
:105bd000fdf7fabb2b68c6f86f306b68c6f87330f8
:105be000ab68c6f87730eb68c6f87b30c36d01212f
:105bf0009970c378c16d53b96f31eaf765f9e16dfa
:105c000001f5d8712046bde8704005f0b9bacb78ef
:105c100063b1ca70c36d9a70c16d6f31eaf754f900
:105c2000e16d01f5b871ede7012070bd1846fce7a4
:020000040000fa
:020000040103f6
:105c30002de9f04190f83c8006460d461746b8f134
:105c4000000f1cd1184b1b689b8adb0717d50c2053
:105c500017f040ff044628b3284617f03bff60606a
:105c600000b33946c4f8008025812a4615f00efda0
:105c7000214606f15400bde8f04116f069b93978c3
:105c80000a4a002312f83300884208d102ebc3030a
:105c900029463a4630465b68bde8f0411847013373
:105ca0000c2befd1bde8f0819c28012014bc03012e
:020000040000fa
:020000040103f6
:105cb0002de9f8431d4e038937683d684ff0000811
:105cc0000db9012010e0aa899a421dd1bc684ff09d
:105cd00000095cb930684246294614f03bf8287c3c
:105ce00010b1faf765ff0020bde8f8836b682279f0
:105cf000996809788a4204d15968a06813f00cfaaf
:105d000028b1a1462468e4e7a8462d68d8e707f142
:105d100008004a46214614f01df8a06808b117f0a3
:105d2000dbfe204617f0d8fed4e700bf9c280120f8
:020000040000fa
:020000040103f6
:105d300005000000080001000c0002001000050032
:105d400013000600300007005700200086001f00e7
:105d50000110080002100a000310090004101100cd
:105d600005100b0006100c0007100d0008100e00a7
:105d700009100f000a1013000b1016000c1012006f
:105d80000d1010000e1017000f1018001010190041
:105d900011101a0012101b0013101500141014001b
:105da00020101d0021101c0023101e000000000008
:020000040000fa
:020000040103f6
:105db000f8b5079c07469df8180092b91b4e601e67
:105dc0003d4620eae07422463021284616f0f6f9d6
:105dd0003146281917f090fb3846bde8f84015f019
:105de00061bc00b30a2b1ed1002a1cda3d462d20cf
:105df00005f8010b5242601e01396e180021317006
:105e00000cb10028ddddb2fbf3fc03fb1c210929ea
:105e100088bf07313031934206f8011d00f1ff3091
:105e2000cfd86246ece720463d46e5e755f503014d
:020000040000fa
:020000040103f6
:105e300070b58ab003790593c3780493837803938c
:105e40004378029303780193164b00930446022390
:105e50001a468b21ec20f3f70bfa2068237908907f
:105e60008df82430002607ab09220f49079602203f
:105e700004f074fbc5b28db123790593e3780493e4
:105e8000a37803936378029323780193074b0093dd
:105e9000324601238c21ec20f3f7eaf928460ab0b8
:105ea00070bd00bfd0b3030102000100fab30301cb
:020000040000fa
:020000040103f6
:105eb00070b5c57d04460a468dbb90f8e230a3f16b
:105ec0002106012e18d8b0f8e23040f221118b42a1
:105ed00003d001f201318b4208d10323002084f862
:105ee000e63084f8e72084f8e40070bd3d212046c8
:105ef00012f07af80020f8e790f8e42003ea0206ae
:105f0000f50613d593420cbf23222a220af074fe11
:105f10000028ead001212046f1f73efdeae7012df5
:105f200004d190f8e430213b012bdfd90120dce7dc
:020000040000fa
:020000040103f6
:105f3000022838b50d4618d0032827d0012813d1e0
:105f4000194c236893f8263043b914f045fc2068b7
:105f50001649838c0c305943eef7d0fc236893f834
:105f60002610294383f8261038bd0f4b186890f887
:105f700026100029f8d021ea050180f82610002912
:105f8000f2d10c30bde83840f2f77cbc064b186803
:105f900090f82630002be7d0838c04490c3059430d
:105fa000bde83840eef7aabc2c29012040420f0082
:020000040000fa
:020000040103f6
:105fb00037b50d46144612f053fdc0b9ff232b70c0
:105fc00023700224184b0093022201233721ec2076
:105fd000f3f74ef944b1154b0093019401230022cd
:105fe000fd21ec20f3f744f9204603b030bd0268f0
:105ff000937e122b10d002d3213b022b0ed901230a
:106000002b70537e122b0bd002d3213b022b09d9cc
:10601000012323700024d5e70223f1e70323efe7f0
:106020000223f6e70323f4e74fcc04018e91040129
:020000040000fa
:020000040103f6
:10603000f8b51e4e90f85020336803ebc2030446b7
:10604000d3f80c7267bb0ff051ff054684600bf06c
:10605000a5fc2f6094f85020336803ebc202d2f8fd
:1060600010226a6094f8502003ebc203d3f8103278
:106070001d6094f85020336803ebc202c2f810523e
:1060800094f85020134493f81c22013283f81c2208
:1060900011f05efc20460121bde8f840fdf7eabfa3
:1060a000bb689c42f6d03f68cce700bf382901208e
:020000040000fa
:020000040103f6
:1060b00008b5002112200ef095fa1c4b03f5a152f1
:1060c00091696ff3cf31916191696ff38e31916175
:1060d00003f5a75211886ff38a21118003f59b52b3
:1060e00091686ff3c301916003f59851886840f09f
:1060f00002008860886840f001008860116841f003
:106100000071116003f5985103f59b5348686ff3d4
:106110001e50486091682b2060f34e2191605a68b0
:10612000242161f315425a6008bd00bf00240141db
:020000040000fa
:020000040103f6
:1061300030b51b4b91f845401a6864f30c221a6085
:106140001a68047864f305021a601a686ff34d3216
:106150001a60144a4588146865f30f041460124ce1
:106160000d6c256091f8445010490c6865f30404e7
:106170000c6019686ff3c7111960196841f040018c
:10618000196019684c06fcd419684900fcd51268de
:10619000c2f3054242711b68c3f30563037130bd4e
:1061a00054340141b0340141583401415c3401415f
:020000040000fa
:020000040103f6
:1061b00008b51c4b132019880ef014fa1a4b1878e6
:1061c0001a4b03f59b52116960f38901116103f5c4
:1061d000995251686ff31961516003f59a525168f1
:1061e0006ff39951516003f59a5291686ff398518a
:1061f00091609068062161f35f60906003f59a52a8
:1062000010696ff30e201061d06861f31640d06002
:1062100013696ff31a531361136961f30603136172
:1062200008bd00bfce290120ea2901200024014138
:020000040000fa
:020000040103f6
:1062300030b50c4689b0054620220021684615f08d
:10624000bdff2078b0b163786bb1013c012000bf85
:1062500014f8013f83b928460124034610f8012ba6
:10626000c2b9581b06e02b461a4601331178814209
:10627000fad0501b09b030bd5a0908a901eb8202bf
:1062800003f01f0352f8201c00fa03f30b4342f8fb
:10629000203cdde751090df1200c0ceb810102f0ef
:1062a0001f0251f8201c04fa02f20a42d5d1d8e7a5
:020000040000fa
:020000040103f6
:1062b0002de9f041eff311854ff0200383f31188ae
:1062c000bff36f8fbff34f8f866b26b9002085f326
:1062d0001188bde8f0810446174690f844804ffad3
:1062e00088f811f0bbff013ea663b8f1ff3f0cd167
:1062f00023690bb90120eae704f11000f4f764fe0a
:1063000078b187b101203860e1e716f055fe80458d
:106310000bd208f101084ffa88f884f84480012074
:0e632000d5e70120d3e70120d1e70120cfe728
:020000040000fa
:020000040103f6
:10632e0070b50546836800219868f3f716ffa968d3
:10633e00d1f8644254b191f86832012b06d001f5c0
:10634e001b730122d1f8b4122846a047a968d1f8d0
:10635e0008331bb391f87920cab1b026002403e0ac
:10636e0001341036082c19d0a96801eb0413d3f8a8
:10637e00b020b2f1ff3ff3d093f8ba30002befd03c
:10638e00d1f808330022314428469847e8e791f8bf
:0e639e007a201ab10022a0312846984770bd1f
:020000040000fa
:020000040103f6
:1063ac0010b509210446002012f0f5fd68b3142342
:1063bc000373193b437300238373b4f85831a0f86b
:1063cc001130b4f85a3144f29022934281bf6ff0ed
:1063dc006f03c3744223037598bfa0f8133094f86d
:1063ec00ee3088bfa4f85a211b070fd56ff06f034e
:1063fc00c37342230374d4f8b43144f2902201469f
:10640c005a802046faf746ff012010bd4823c3737b
:0e641c0008230374d4f8b43140f64802efe7c9
:020000040000fa
:020000040103f6
:10642a00c1f30a5240f21e439a1a14da203224ddca
:10643a00cb17c90241ea5051c00241f00041d14193
:10644a00d04048409140d14048400133a3b940422e
:10645a0063eb01017047cb17c90241ea5051c002f0
:10646a0041f00041202a28bf202231fa02f0190007
:10647a0008bf70474042894170474b00004218bf2d
:10648a0043f0010313f5001f88bf21f000410020eb
:0e649a0011f000415cbf6ff00041c04370473d
:020000040000fa
:020000040103f6
:1064a8001b4b1c4a1a604ff6a0029a814ff44032e7
:1064b8005a601a46d369002bfcd1154a136843f079
:1064c80002031360d369002bfcd1134b00221a621c
:1064d8009a62da6283f8342083f83c209a63da8778
:1064e8001a609a60da601a751a779a61084b5b68c5
:1064f80003f00703012b084b14bf802240221a63c4
:106508001a61034b80229a7504229a75704700bf5e
:0c65180000100040040110405019012048
:020000040000fa
:020000040103f6
:10652400002836d070b505461b4bd3f8d4208468b8
:1065340012b3936800269c4224d33346b446916830
:10654400cb184cf100018c46964692693ab190689a
:10655400c01841f10001844276eb0101efd2aa6137
:10656400cef818500020e41aac60ab691bb1a968de
:106574009a68521a9a6070bd8460074bc3f8d400bd
:106584000120f8e7044bc3f8d40082610023012002
:0c659400e9e70020704700bfd01d012087
:020000040000fa
:020000040103f6
:1065a00050b3f8b50e4614461f460546f02a26d8c5
:1065b000d0f8183113f1020f05d0202a22d800f5a7
:1065c000b47015f063f8a4f11002102a1dd8124b14
:1065d000d34013f0010f1bd0c5f8f440a3080633d5
:1065e000c5f8f03022463146284615f04ff83946b6
:1065f00028460af06ffff8bd6ff0ac0070476ff0ef
:10660000ac00f8e76ff0ac00f5e76ff0ac00f2e734
:0c6610006ff0ac00efe700bf01010100db
:020000040000fa
:020000040103f6
:10661c000368872b36dc2ed0f0b50f688c464cf80f
:10662c00083b86465ef8083b002b15dd66460025c8
:10663c002a4600bf5ef8044b2b46e50f43ea4403a1
:10664c0046f8043b013203689342f3dc25b1012385
:10665c0033600b6801330b600b680ceb8302bb429d
:10666c0005da002442f8044b01339f42fad1436807
:10667c004b600020f0bdd0f82422002accda4ff079
:0c668c00ff3070474ff0ff30704700bf38
:020000040000fa
:020000040103f6
:1066980070b506687318882b30dc5a1e0360914267
:1066a80013dcc1f1020e9e4400eb8e0e9c1c00eb25
:1066b80084044d1e944600bf5ef8041d44f8041d72
:1066c8000cf1ff3cac45f7d1921b002a0adb0332e0
:1066d80000eb820200f10804002100bf42f8041d0b
:1066e800a242fbd173b19a1c00eb8202013b52f823
:1066f800041d31b90360002bf8d103e04ff0ff30df
:0c67080002e043684360002070bd00bf49
:020000040000fa
:020000040103f6
:1067140030b58e461546034628b11a7862b39ef802
:106724000010184609e02ab31368002bf5d1184667
:106734002be000bf10f8012f02b339b1f4460b4629
:106744009342f7d01cf8013f002bf9d1027804469c
:10675400cab1044603e000bf14f8012f9ab100291e
:10676400fad0f4460b4693420ad01cf8013f002ba2
:10677400f9d1f1e7104608e0002006e0002004e02b
:0c678400002304f8013b05b12c6030bd7f
:020000040000fa
:020000040103f6
:1067900010b582b0adf80610adf804208df80330c6
:1067a00058b304468bb25bb393b25bb39df803302e
:1067b0000a2b01d9002021e040f60161faf7eeff33
:1067c00010b302230df1060203212046f1f7c8faa7
:1067d000022301aa03212046f1f7c2fa9df80330f3
:1067e0001bb92046fbf716fc08e001230df103025c
:1067f00003212046f1f7b4faf3e7002002b010bd00
:0c6800000020fbe70020f9e70020f7e78c
:020000040000fa
:020000040103f6
:10680c00431e13f1030f31d870b582b004460d4608
:10681c0083686bb3827812b9012002b070bdc3f8e3
:10682c0054130346144a002102200cf0b8fa064611
:10683c0000b3002d0cbf0023072300250195009306
:10684c0003231522294601f01dfd01950095032314
:10685c0016222946304601f015fd3146a0680bf092
:10686c003dfb80f00100c000c0b2d6e702207047ab
:0c687c000220d2e70820d0e78d150101b2
:020000040000fa
:020000040103f6
:10688800431e13f1030f29d8f0b585b004460d4611
:1068980083682bb331b3837833b32121284615f0ad
:1068a8001df90646202822d82346134a0021012034
:1068b8000cf077fa0746e0b102960195052300939c
:1068c80000231a4603210bf06ffd3946a0680bf030
:1068d80007fb80f00100c000c0b206e0022070474c
:1068e800022002e0022000e0012005b0f0bd0220f5
:0c68f800fbe70820f9e700bf8d15010147
:020000040000fa
:020000040103f6
:10690400431e13f1030f2ad8f0b585b004460d4693
:10691400836833b339b383783bb32121284615f018
:10692400dff80646202823d82346134a00210120f5
:106934000cf039fa0746e8b10023029301930323cc
:10694400009333462a4605210bf030fd3946a068f2
:106954000bf0c8fa80f00100c000c0b206e00220cb
:106964007047022002e0022000e0012005b0f0bde3
:0c6974000220fbe70820f9e78d15010167
:020000040000fa
:020000040103f6
:10698000f0b583b00446013810f1030f29d80e4644
:106990001546a3683bb3a3783bb3022928d8234606
:1069a000154a002102200cf000fa074610b300231c
:1069b000009333460322642113f0aafb45b93946fc
:1069c000a0680bf091fa80f00100c000c0b20de0a9
:1069d000002300932b4603226521384613f098fbd1
:1069e000ede7022002e0022000e0012003b0f0bd4c
:0c69f0000220fbe70820f9e78d150101eb
:020000040000fa
:020000040103f6
:1069fc00c0b310b50446b9b300f1040c007980b3f0
:106a0c00b4f802e000239e452ad981420cd004330d
:106a1c009cf8012012fa83f39bb21a1d04eb020cb2
:106a2c00a05c0028efd11ce0aef1040e9cf8012014
:106a3c00aeeb020ea4f802e09cf80110181d22889f
:106a4c00d21a521a08331944043a2144204414f03f
:106a5c0017fe638804331c4400202070607000e033
:0c6a6c00002010bd022070470220fae755
:020000040000fa
:020000040103f6
:106a78002de9f04182b00446013810f1030f28d8ff
:106a88000f4616461d46a3682bb302b12db3b7f5c2
:106a9800803f24d2a3781bb9012002b0bde8f08161
:106aa8002346114a089901200cf07bf98046c0b1b1
:106ab800089b00932b4686f00102b9b202f09cffb6
:106ac8004146a0680bf00cfa80f00100c000c0b28b
:106ad800e3e70220e1e70220dfe70220dde702200a
:0c6ae800dbe70820d9e700bf9dc40401d3
:020000040000fa
:020000040103f6
:106af4002de9f04182b00446013810f1030f28d883
:106b04000f4616461d46a3682bb3a2782ab3d3f8c2
:106b140054321bb10a2002b0bde8f0812346124a68
:106b2400002101200cf03ff98046c0b100230093fe
:106b34003a460221fcf79aff4146a0680bf0d2f9cd
:106b440078b1a368c3f85462a368c3f8585200200c
:106b5400e1e70220dfe70220dde70120dbe7082090
:0c6b6400d9e70820d7e700bf250e01018b
:020000040000fa
:020000040103f6
:106b700000283ad0f0b587b00c4616461d460746a9
:106b8000a9b18368d3f844338bb101230df113020b
:106b900002212046eff7aefe042305aa194604f1b0
:106ba0000800eff7a7febdf81430022b01d007b0a4
:106bb000f0bd3eb1062303aa0b2106f10800eff752
:106bc00099fe03aeba682b1e18bf0123db000093a9
:106bd000d2f84443334601229df913103846a047aa
:0c6be000bb680022c3f84423e1e77047c3
:020000040000fa
:020000040103f6
:106bec002de9f84304460d4690461f4610f08ef9e9
:106bfc00064648bba368b3f828335a1e954220d8e2
:106c0c0005eb08029a421edc2346134a00210120a0
:106c1c000cf0c5f88146d0b14246294604f024fd5b
:106c2c004946a0680bf05af998b1a368012283f881
:106c3c001423a368c3f81873a368002283f83c20bc
:106c4c0002e0022600e002263046bde8f883082662
:0c6c5c00fae70826f8e700bf9994010150
:020000040000fa
:020000040103f6
:106c680073b50446019168460d4601a914f065fe06
:106c780001a90df1020014f060febdf80230019a7e
:106c8800062b1ad8dfe803f00b040b190d111500b9
:106c9800114b1b681b68bdf800102046984702b0ce
:106ca80070bd0d4b1b689b68f5e70b4b1b685b6859
:106cb800f1e7094b1b68db68ede7074e33682946a7
:106cc8005b69204698470128e9d0336829461b6943
:0c6cd80020469847e3e700bfa8280120f1
:020000040000fa
:020000040103f6
:106ce40073b51b4b019006460093022201230c212d
:106cf400ec20f2f7bbfa15f071fee0b9154d2868e7
:106d04003146043016f000fb00b390f8f83093b924
:106d140090f8f9407cb928683146043016f0f4fa4a
:106d24002b680146181dfaf769fa012015f04efe8a
:106d3400204602b070bd0c24074b0093019401233c
:106d44000022ff21ec20f2f791faf1e74224f3e765
:0c6d5400cc9d040104290120906d040175
:020000040000fa
:020000040103f6
:106d600073b51b4b0093022201230d21ec20f2f797
:106d70007ffa15f035fef8b9164b1d686c6823468e
:106d80000bb9043510e093f8f820aab993f8f9206c
:106d900092b91b68f4e7237c2668f02b03d02146c8
:106da0002846faf72dfa3446002cf4d1012015f0cc
:106db0000ffe204602b070bd0c24074b00930194d7
:106dc00001230022ff21ec20f2f752faf1e700bf85
:0c6dd000aecd040104290120906d0401e7
:020000040000fa
:020000040103f6
:106ddc0073b51c4b01910d4600930446012302220e
:106dec009521ec20f2f73efa0c2d174e13d1d4f866
:106dfc0084311bb102212046faf71bf8e26b336891
:106e0c0051781b69204698472946204602b0bde8b8
:106e1c007040ebf723b9d4f874311bb10021204634
:106e2c00faf707f8d4f87c311bb101212046faf7a8
:106e3c0000f83368052d94bfdb689b6820469847a3
:0c6e4c00e2e700bf4ca704010829012068
:020000040000fa
:020000040103f6
:106e580002292de9f04105460f4603d1c66b96b9c4
:106e6800bde8f08141b10129fad110f1d00615d160
:106e7800002385f8c430f3e710f1c8060ed10023cb
:106e880085f8b430ece7343608d1002ff7d0022f5c
:106e9800e6d1eb6b002283f83020e1e7346814b9bf
:106ea800012ff2d1e4e7a068d4f8008016f010feb4
:106eb800d4e9002342b15360d4e9002320461a6084
:0c6ec80016f006fe4446eae77360f5e7aa
:020000040000fa
:020000040103f6
:106ed40013b50388019304461a4b0093ec20012355
:106ee40002224e21f2f7c2f9208811f0b7fd10b347
:106ef40000686288d0f8b8311a80a2885a80e28883
:106f04009a802289da8062891a81a2895a8190f84a
:106f1400e430112b11d115f049fd80b907240a4b37
:106f24000093019401230022ff21ec20f2f79ef943
:106f3400204602b010bd0224f1e70c24efe7002440
:0c6f4400f6e700bfb4870401ba7904012d
:020000040000fa
:020000040103f6
:106f5000d3b5194b01681b681a46f2e916679965a3
:106f600001791171d3e9160202f01f01c3e916017c
:106f7000124b1c6844b1124b1c692cb1b94208bfba
:106f8000b04216d0a04704460e4b009302220123c4
:106f90001f21ec20f2f76cf944b10b4b00930194e4
:106fa00001230022fd21ec20f2f762f9204602b015
:106fb000d0bd0024e8e700bf24290120a02901203a
:0c6fc000b4240120687a0401807a0401e6
:020000040000fa
:020000040103f6
:106fcc0070b50d4616460446b8b34ff0006190f804
:106fdc00500010f0a7fd00212046f7f7b3fa1db9b9
:106fec00637843f0100363702378a580012b18d8c5
:106ffc00637843f002036370204603f00df92046da
:10700c0000f01afd204611f0effc94f850004ff000
:10701c00007110f087fd20460021bde87040f7f7a5
:10702c0091baa37843f00103a37036b12046002235
:0c703c000421bde8704008f013b870bdde
:020000040000fa
:020000040103f6
:1070480052433a41646452657120507265656d70af
:1070580074203078253032782c7072696f726974b8
:10706800793a25642c706572696f646963616c3a5a
:1070780025642c636c6b3d3078253034780052439e
:107088003a416464526571204e6f726d616c2030b4
:1070980078253032782c7072696f726974793a2564
:1070a800642c20706572696f646963616c3a256449
:0c70b8002c636c6b3d3078253034780080
:020000040000fa
:020000040103f6
:1070c40038b505460ef010ff856004460af064fcee
:1070d40095f850300022012b174b22601a6823d1f7
:1070e40095f8511002ebc101d1f88c11616095f84b
:1070f400511002ebc102d2f88c21146095f85110a2
:107104001a6802ebc102c2f88c4195f850201b6842
:10711400134493f8f821013283f8f82101232b70ea
:10712400bde8384010f012bcd2f8f421626014605b
:0c7134001a68c2f8f441e8e7382901208d
:020000040000fa
:020000040103f6
:10714000f8b506460c200f4616f0c4fc0446c8b13c
:1071500000258560056045600672384616f0bafc69
:10716000206078b129463a4615f028f80c2016f030
:10717000b1fc054660b9206816f0aefc204609f067
:107180007ffe03e0204609f07bfe00252846f8bd7f
:10719000043e084b6360012e846002d820460cf048
:1071a00073fb00232b60044b5a686a6015605d60b6
:0c71b0002546ebe797db04012c280120aa
:020000040000fa
:020000040103f6
:1071bc0030b4c47882780346fcb9082a14d1c56d62
:1071cc000a68c5f8802105f5c0744a6862608a684f
:1071dc00a260ca68e26090f8572052b190f8532030
:1071ec00022a03d107229a7030bc704730bcedf7ed
:1071fc0039b9184630bce0f717b9062af4d1c56d79
:10720c000a68c5f8c02105f5e0744a6862608a68ae
:10721c00a260ca68e26090f85720002ae9d090f882
:0c722c005320022aded030bceff762bc19
:020000040000fa
:020000040103f6
:107238002de9f0471b4b1c6804f5ba7904f10b07dc
:1072480004f2431604f1080a254600bf94f80080aa
:107258002b1b28fa03f3db070ed52722394607f53f
:10726800ba7014f00ffaeb7885f877313368c6f8fe
:107278007431b388a6f878310135554507f12707e9
:1072880006f10606e2d1b4f8013084f87481a4f856
:10729800753149464ff4bc720348bde8f04712f017
:0c72a800abbb00bf542901208842014408
:020000040000fa
:020000040103f6
:1072b40030b5c4b285b0012c019222d01cb1022c8d
:1072c4002cd000241ae001a902a811f0adfd01a9f7
:1072d40003a811f0a9fd039b9b040fd5012011f015
:1072e4008ff94ff6ff71044601200af011fb214685
:1072f400012011f097f9f9f7cbf80446204605b0c0
:1073040030bd084d0024204601342946e4b212f071
:1073140035fb082c05f10605f5d1d2e7024814f037
:0c73240079fecee7182501204b2801203f
:020000040000fa
:020000040103f6
:1073300038b590f86c301b4d13f02003044629d06b
:107340000ff0f7ff184b94f8f5101a6861f3070275
:107350001a601a6894f8f61061f30f221a601a681e
:1073600094f8f71061f317421a601a6894f8f8104d
:1073700061f31f621a605a6894f8f91061f307020a
:107380005a602b6843f000732b6094f8210004309e
:10739000c0b238bd2a6863f359622a6090f82100b0
:0c73a000f7e700bf303401419034014198
:020000040000fa
:020000040103f6
:1073ac002de9ff471d460c9b13f0010806460f46be
:1073bc00144601d195420bd82246394630460cf082
:1073cc002ffba54204d82546284604b0bde8f0871b
:1073dc00a5eb04094a46102a28bf10222021684632
:1073ec00ca4614f0e5fe00bfbaf10f0f0ed809f033
:1073fc000f02694630460cf013fbb8f1000fe3d1d5
:10740c002246394630460cf00bfbdde7102269466c
:0c741c0030460cf005fbaaf1100ae5e771
:020000040000fa
:020000040103f6
:1074280098b370b50d46044689b30b78192b30d143
:107438004978a81cfcf700fa68bb237863f00f03af
:10744800022262f3030323702b7863706b78a370b6
:107458006b78fbb1e31caa188446146851689668d7
:10746800d2f80ce01c6059609e60c3f80ce0146907
:1074780051691c615961117e19760cf1010c19339f
:10748800193269786145e8dc04e001207047012081
:0a74980000e0012070bd0120fce7b8
:020000040000fa
:020000040103f6
:1074a200002836d0f0b583b00c460546002932d00c
:1074b2000b7813f0600310d0402b0cbfb1f874307e
:1074c20000230a7a022a1ed04a7a042a1ed0062ae9
:1074d20040f2c65718bf002701e000273b460026ae
:1074e2000196009303236522a188284602f0cfff6c
:1074f2000196009703236622a188284602f0c7ff5f
:10750200012003b0f0bd40f2da57e8e740f2d2576b
:0a751200e5e7002070470020f3e7d2
:020000040000fa
:020000040103f6
:10751c002de9f04182b004460e4615469846037f8d
:10752c0013f0010f14bf171d174611f0a3ff0346ec
:10753c0000972a463146204607f0a8fe054618b9a2
:10754c00284602b0bde8f081204614f035ffe36810
:10755c009842f5d3eff311864ff0200383f3118893
:10756c00bff36f8fbff34f8f236953b12069cdf8f1
:10757c000480002700973b463a46216aeaf7faff57
:08758c00276186f31188dbe79b
:020000040000fa
:020000040103f6
:1075940038b5184b93f9000000b138bd1c461d1dc9
:1075a40030220021284614f007fe65635b23237113
:1075b4004cf20103a38128460f4b9847626b138951
:1075c400002bfdd111690d4b994204d04ff0ff30cf
:1075d400084b1870e1e79169094b994202d06ff0aa
:1075e4000100f5e7d269074b9a4214bf6ff002001d
:1075f4000120ede7482401205500000200010704a2
:08760400d2dd706e4fd6c825df
:020000040000fa
:020000040103f6
:10760c00034650b3027812f0010f27d0027a022af7
:10761c0002d0c188fd2923d1197811f0020f01d1b4
:10762c000020704712498b421cd01439097d11f08f
:10763c00010f19d00f49097d11f0080f16d10d4912
:10764c00097f914201d000207047da89094b5b8c8d
:10765c009a42074818bf00207047704700207047b7
:10766c0000207047002070470020704700207047b2
:08767c00802001206c20012098
:020000040000fa
:020000040103f6
:1076840038b548bb1a4b9b684bb3194a12784ab3b6
:10769400174a92784abb164c1c60a36840f2ff72ea
:1076a400a3f89820002583f89a50012183f89010bc
:1076b400a3f89c20c3f80453c3f80853c3f8105329
:1076c400a1700c4a2046f8f797fc2a462946204622
:1076d400eff712fc204638bd4ff0ff34fae74ff0c5
:1076e400ff34f7e74ff0ff34f4e74ff0ff34f1e7ee
:0876f400d8150120e74804014c
:020000040000fa
:020000040103f6
:1076fc0078b3f8b50d4616461c46074659b3b3f198
:10770c00ff3f22d0dbb2052b01d902201ce0154b28
:10771c0033f8142012f4c05f1fd031462846fdf711
:10772c0013fbe0b13c707b7823f003037b70be70dd
:10773c00033740220021384614f03afd32462946e0
:10774c00384613f09dff0020f8bd042441f6611269
:10775c00e3e7022070470220f6e70220f4e702205c
:08776c00f2e700bf3cd004016c
:020000040000fa
:020000040103f6
:10777400431e13f1030f26d870b504460d468368e3
:107784001bb382781ab393f86832042b21d0022bee
:1077940021d0032b01d008201ae00346114a00210e
:1077a40001200bf000fb0646b8b1294601f092fd1a
:1077b4003146a0680af096fb88b1a368042283f8d6
:1077c4006822002004e002207047022000e001202b
:1077d40070bd0020fce70a20fae70820f8e708203b
:0877e400f6e700bf69f902019c
:020000040000fa
:020000040103f6
:1077ec00f0b5074685b0412016f06ef9054678b322
:1077fc000646002306f8013b164c236898681021b6
:10780c004030fdf7b3fc236840223946986813f0ea
:10781c0037ff236820229968304613f031ff266821
:10782c002022b16805f1210013f02affb0686b46e5
:10783c00412229464030e2f7f1ff284616f046f97e
:10784c0023689b68012283f85020684607f030fcbf
:08785c0005b0f0bd4029012038
:020000040000fa
:020000040103f6
:1078640073b51a4b1a4e0190022204460093ec2081
:1078740001230d460021f1f7f9fc3068214604305c
:1078840015f042fd0246a8b130682146043015f0d7
:107894003bfd012280f840202a68c0f8412090f87e
:1078a400f840aa88a0f845206cb1022110f062f8d3
:1078b400002408e0074b0093422401940123ff2194
:1078c400ec20f1f7d3fc204602b070bd736d0401c7
:0878d40004290120906d04015c
:020000040000fa
:020000040103f6
:1078dc007fb51b4b1d680646002425b3ab681a7a8e
:1078ec00042a12d11c68012120460bf05bf870b100
:1078fc000820f4f745f8c4f8b40133680360337911
:10790c000371204606f0fff904462d68e5e7306860
:10791c00337902908df80c30204602ab05220921f8
:10792c0005f00ef8044644b1064b00930194012374
:10793c000022ff21ec20f1f795fc204604b070bd2d
:08794c002c28012084700401c5
:020000040000fa
:020000040103f6
:10795400f8b5194e346807465cb3ff20f4f714f801
:10796400054650b9154b1a781abb01221a701449ee
:107974001448bde8f840ecf7bfbf627b2169284694
:1079840009f0c8f92a46617b3846e5f7b9f888b1a9
:10799400094814f008fe237b43f00403237307f023
:1079a40013fb3468002ce8d128460df03ffa002c74
:1079b400d8d1f8bd0124f7e71c280120dd290120d6
:0879c400a0860100d02601207d
:020000040000fa
:020000040103f6
:1079cc0052433a436c656172526571204e6f726d11
:1079dc00616c203078253032782c73746174653d7d
:1079ec0025642c636c6b3d30782530347800524321
:1079fc003a436c656172206120636f6e74696e75b9
:107a0c0065205265710052433a436c656172526550
:107a1c007120507265656d707469766520307825bb
:107a2c003032782c73746174653d25642c636c6bf7
:087a3c003d307825303478005c
:020000040000fa
:020000040103f6
:107a4400f8b51c4e90f85020336803ebc20305468a
:107a5400d3f80c42f4b109f09fff27680ff076ffca
:107a6400a3689d4224d109f097ffd4e90032bbb149
:107a74005a60d4e900231a6095f8502033681344ff
:107a840093f81c22013a83f81c220ff05fff204672
:107a94000bf0dafe28460021bde8f840fcf7e8ba0e
:107aa40095f85010336803ebc103c3f81022e0e7e4
:087ab4003c46cfe73829012010
:020000040000fa
:020000040103f6
:107abc0070b50378054613b1012b11d070bd194e6a
:107acc003368db68002bf9d0847824b903309847ed
:107adc003368dc60f2e72046bde870400af082bff4
:107aec0002200ff0d3f8044688b1ae78b6b9c06d59
:107afc002022e91c2f3013f0c3fda37884f85360c7
:107b0c00072b04d1e37820462bb9ecf7abfcbde88e
:107b1c0070400af009b8eef7ebfff8e730460af0d0
:087b2c0061fff4e7402901208c
:020000040000fa
:020000040103f6
:107b340007280cd8dfe800f0040c12181e242a30a1
:107b4400184bd3f8642f61f31042c3f8642f7047c5
:107b5400144bd3f8642f61f35142f6e7114bd3f879
:107b6400642f61f39242f0e70e4bd3f8642f61f374
:107b7400d342eae70b4bd3f8642f61f31452e4e7e2
:107b8400084bd3f8642f61f35552dee7054bd3f865
:107b9400642f61f39652d8e7024bd3f8642f61f354
:087ba400d752d2e70024014191
:020000040000fa
:020000040103f6
:107bac00012970b506460d4603d9ff2921d00020c6
:107bbc002ae0084608f0a6f80728f8d8134a062346
:107bcc0013fb002332681a60b2889a802946fff7ab
:107bdc00abff0f4a0521092313fb00131344316833
:107bec00196000ebc0041444b18899802571012000
:107bfc000ae0084b9b78db07f9d4084608f082f8ba
:107c0c0007288cbf0020012070bd00bf003301414c
:087c1c0028230120502901205a
:020000040000fa
:020000040103f6
:107c240007280bd8dfe800f0040b11171d23292fb8
:107c3400184bd3f8643fc3f300430b707047154be4
:107c4400d3f8643fc3f34043f7e7124bd3f8643fe0
:107c5400c3f38043f1e70f4bd3f8643fc3f3c0434e
:107c6400ebe70c4bd3f8643fc3f30053e5e7094b50
:107c7400d3f8643fc3f34053dfe7064bd3f8643fc4
:107c8400c3f38053d9e7034bd3f8643fc3f3c05322
:087c9400d3e700bf0024014109
:020000040000fa
:020000040103f6
:107c9c00438b222b04bf23238376428b40f2231386
:107cac009a420ad122238376164b1a8842f0030299
:107cbc001a801a8842f0100212e0837e122b12d026
:107ccc0004d8112b4ff0010006d07047222bebd0bb
:107cdc00232b0ed0012070470a4b1a8860f3010247
:107cec001a8000207047074b1a88022161f30102a9
:107cfc00f6e7044b1a8842f003021a801a886ff3d5
:087d0c000412ede7c03401414f
:020000040000fa
:020000040103f6
:107d14002de9f84f0446dde90a9a6668d4f80c8028
:107d240024690c9f013c1946002e4ff00003d7f83c
:107d340000b008f804301046b8bf01264d460123b0
:107d4400002c03dcdbb12046bde8f88f50ea0102c9
:107d540009d1a6eb09022a44002a04dc002df1dd36
:107d64001bf0020feed052464feaea730ef03cfad3
:107d7400013c1346303208f80420013de0e73b683b
:087d840023f010033b60dee771
:020000040000fa
:020000040103f6
:107d8c0070b504461546866b026c5ab903681bb174
:107d9c0000200136a66370bd8068fbf7d7fd002379
:107dac00a360f6e76db9406813f06afc6368226c57
:107dbc0013446360a268934219d323686360284616
:107dcc00e7e7c06813f05cfc226c5142e3689b1a35
:107ddc00e3602268934202d2a3680b44e360022d55
:107dec0001d00020d5e726b1013e0020d1e728467e
:067dfc00cfe70020cde7f7
:020000040000fa
:020000040103f6
:107e0200f8b504460e46084610f021ff10f01f0f89
:107e120011d0434200f01f0503f01f0358bf5d421b
:107e22003168012909dd05eb4111213920460df0a8
:107e3200ecfd013d0ae02025f2e70121204613f086
:107e4200f0fc0125f5e70135202d12d02146204610
:107e5200fef7e3fb074660b93146204606f0d5fe41
:107e6200b0f1ff3fefd0224631462046f5f745fdff
:067e7200e9e73846f8bd07
:020000040000fa
:020000040103f6
:107e780038b5431e13f1030f2bd804461546836803
:107e88004bb3aab1a27842b35a6f42bb93f97020a0
:107e9800002a11db29b1b3f8702093f872300a80f8
:107ea8008b70f5b1a16870312046a847002015e015
:107eb8000029e7d1022011e012f1030f03d0a368d3
:107ec8005d670a200ae0002211462046fdf7ecfd16
:107ed800f5e7022002e0022000e0012038bd0a2078
:067ee800fce70020fae7b0
:020000040000fa
:020000040103f6
:107eee00f8b50c461f460646154611f062fc40f6e4
:107efe00c4139c4211d003f2e2439c420fd040f2d5
:107f0e00e2418c420cbf04210021052fb38a08d117
:107f1e0001eb830101390844f8bd0821f5e70c2176
:107f2e00f3e7b5f5ab7f12d007d8a5f1fa025542ab
:107f3e00554101eb8301491bede7b5f5517f08d0a3
:107f4e0040f2e66295420cbf06250025f1e70225b8
:067f5e00efe70325ede74b
:020000040000fa
:020000040103f6
:107f640038b5d1f730fc0446cff7aafdf4b948b9c7
:107f740015f0f1fc04460bf00bff0146204606f019
:107f840083ff38bd012013f0fefb054601200cf0f1
:107f940081ff04462946012013f0eefd002ce7d0b2
:107fa400012c13d10120cff7a5fd0fe0012013f020
:107fb400eafb054601200cf06dff0446294601202a
:107fc40013f0dafd002cd3d0d1f706fc00200cf01e
:047fd40061ffcde795
:020000040000fa
:020000040103f6
:107fd800b8b32de9f0418046002480f8d64213f06a
:107fe80041fe88f8d74208f1170013f03bfe88f8e5
:107ff800d84208f130000bf01dff08f5367508f17e
:10800800700408f53a77002605f8016f204614f049
:1080180083fb2034bd42f7d1002488f8e94208f5f3
:108028001c7013f029fe88f8ea4208f5247010f055
:10803800edf888f8eb4208f5307014f0adf9bde8ba
:04804800f08170470c
:020000040000fa
:020000040103f6
:10804c0070b504460d4611f0f5f9194b196f6268bd
:10805c005b6893f851304bb1154b5b68002283f889
:10806c005120012413f042fe204670bd2b68b3f161
:10807c00ff3f1ad00e48d0f8fc002668864205d087
:10808c008a4203d800232b600124ebe7881a834231
:10809c0003d800232b600124e4e75b1a13442b6004
:1080ac00204613f005fe0024dce70024dae700bfcd
:0480bc00c81c0120bb
:020000040000fa
:020000040103f6
:1080c000f8b5074613f0e6fd194b1b682bb3184aa9
:1080d00091688b4226d04ff0ff36002425460135ab
:1080e0005a68944238bf1446964228bf16461b6809
:1080f0008b42f4d1eaf738ff7c60be60fd6011f07e
:108100009ff90b4b1a693a605a697a619a69ba61a8
:10811000db683b6113f0f0fdf8bd4ff0ff36002443
:108120002546e7e74ff0ff3600242546e2e700bf8b
:04813000100000201b
:020000040000fa
:020000040103f6
:108134002de9f043e9b0719d40b30f4690461c46cb
:10814400814631b343b355b36ff00102002102a855
:1081540012f03ffd064618b1304669b0bde8f08321
:10816400012300932b46709a214602a8fef716fac3
:10817400064618b102a812f0c3ffede743463a469b
:10818400494602a8eff71efa0646f3e76ff0ac067d
:10819400e2e76ff0ac06dfe76ff0ac06dce76ff008
:0481a400ac06d9e765
:020000040000fa
:020000040103f6
:1081a8002de9f843184b1c7c1cb307460e461546b0
:1081b8005c7cf4b19b691bb3134a526912b3d8b102
:1081c800a946002e08bf0025dff83c8008f11c01f5
:1081d8000e489847d8f814802b4632464946384608
:1081e800c0470b4d4ff0ff31284614f096f8002891
:1081f800f8d02046bde8f8834ff00109024fe0e7c8
:108208000024f6e70024f4e7202601206dd80401b5
:048218003c260120df
:020000040000fa
:020000040103f6
:10821c0070b582b0019170b315461c46064601f14b
:10822c00010cbcf1010f29d8ff21104612f07cff84
:10823c0010b34ff480613046f9f7aafa00b3019bf2
:10824c00b3f1ff3f03d13046f9f7defe14e004230f
:10825c000deb030202213046eff77cfd002df2d02e
:10826c002946304610f010fd079b069a21463046f1
:10827c000bf087fce7e7002002b070bd0020fbe7a5
:04828c000020f9e7ee
:020000040000fa
:020000040103f6
:1082900070b582b0019170b315461c46064601f1d7
:1082a000010cbcf1020f29d8ff21104612f042ff49
:1082b00010b34ff410613046f9f770fa00b3019b28
:1082c000b3f1ff3f03d13046f9f7a4fe14e00423d5
:1082d0000deb030202213046eff742fd002df2d0f4
:1082e0002946304610f0d6fc079b069a21463046b8
:1082f0000bf04dfce7e7002002b070bd0020fbe76b
:048300000020f9e779
:020000040000fa
:020000040103f6
:1083040030b583b00191adf8022040b31c46054658
:10831400b1f5702f26d291b2013989b2b1f5806fcf
:1083240022d21cb341f60251f9f736fa00b3042302
:108334000deb030203212846eff710fd02230deb9a
:10834400030203212846eff709fd069b2246062176
:108354002846eff703fd2846f9f75afe00e000200f
:1083640003b030bd0020fbe70020f9e70020f7e769
:048374000020f5e709
:020000040000fa
:020000040103f6
:108378007fb50689b6f5706f30d2c46821888b1f27
:108388009bb240f67a40834228d86288931f9bb2fa
:10839800834223d8914221d8a388b3f5fa7f1dd20e
:1083a800e3880a3b9bb240f67642934216d83046a1
:1083b8000df088fb054688b1837c8bb9adf8006069
:1083c8002368cdf802306368cdf8063068460bf0b4
:1083d800d5fe08b90123ab7404b070bd0320fbe7d8
:0483e8000120f9e790
:020000040000fa
:020000040103f6
:1083ec0070b5867a012e31d800890ef039fc05461d
:1083fc0070b3c16d61b34b785b0729d526b10c21e5
:10840c00bde87040faf7dabfc3782bb901f5e87113
:10841c00bde8704004f09cbd0c79a4b10e71c16d27
:10842c0001f5c87104f094fd044640b9eb6d0246a9
:10843c00a03301462846f8f763fb204670bd33464f
:10844c0032460121f6e701238b70f6e70324f4e7ab
:04845c000124f2e71e
:020000040000fa
:020000040103f6
:1084600073b50c460df08afd054678b323888088e5
:10847000023383422cd8eb7c082b29d115f09afad1
:10848000064608b300f11003092101a8019314f076
:1084900001ffa17801a814f0fdfe2146019831f8f2
:1084a000032b15f01ffb21880231324689b2284682
:1084b00011f0e6fc044618b9e874204602b070bd1d
:1084c000304615f0f7faf8e70224f6e70324f4e75c
:0484d0000124f2e7aa
:020000040000fa
:020000040103f6
:1084d4002de9f04387b004ad914698460e46074611
:1084e400039503f055fc0446014603a8adf8087053
:1084f4008df80a6014f0ccfe394603a814f0cefec1
:10850400314603a814f0c4fe99f8001003a814f02f
:10851400bffe98f8001003a814f0bafe02ab009353
:1085240001950423062242f2760140f201100ef076
:108534007dfa034b33f8140007b0bde8f08300bfa5
:04854400da4d030108
:020000040000fa
:020000040103f6
:1085480037b5194b194c01900093054601230222b7
:108558002721ec20f0f788fe2368db6f9847b8b92d
:108568002368d3f88030984790b92368d3f88430cb
:10857800984768b92368d3f888309847044638b9cb
:10858800012d08bf284611f007fa204603b030bd78
:108598000c24074b0093019401230022ff21ec20b7
:1085a800f0f762fef1e700bfa09a04012c29012030
:0485b800b6b4040150
:020000040000fa
:020000040103f6
:1085bc0010b5c288012a10d014b214b1022a2ad0e4
:1085cc0010bd00890ef04cfb0028f9d02346224642
:1085dc000221bde81040f8f793ba02200ef056fbca
:1085ec000f4b1b68da6804465ab115f055fa00288f
:1085fc00e6d0002ce4d020460821bde81040faf764
:10860c00ddbe0028dcd0c06dd978eb3015f046fa11
:10861c000028d5d0efe7bde8104009f085ba00bfbf
:04862c0040290120c0
:020000040000fa
:020000040103f6
:1086300030b50d4619490346006808609a889b7951
:108640008b71174b8a80b3f86c2f42f00202a3f8ab
:108650006c2fd3f8684fc4f380748bb0c4b1d3f8d7
:10866000942fd3f8680fc2f3026262f31240c3f88a
:10867000680f2722684613f009f800230deb030268
:10868000d07940b90133102bf8d12c700bb030bd2c
:1086900002200124f9e700242046f6e77033014167
:0486a0000024014170
:020000040000fa
:020000040103f6
:1086a400f7b500eb81060546b36993f80431144627
:1086b400a3b901aa694660890df04efa70b1009a17
:1086c400a3899789b069bb4201d9072304e0e289f1
:1086d400d118b94209dd0d2380f8043195f83b30f7
:1086e400013385f83b3003b0f0bdb3f5807fecd89f
:1086f400b1f5807fefdc04336168184412f0c4ffe5
:10870400a189e389b2690b4451888b42c8bf538065
:02871400e4e798
:020000040000fa
:020000040103f6
:1087160070b5037813f0010618bf062613f002059c
:1087260018bf06259a0813f0100418bf032402f098
:10873600020213f02000c3f3801343ea020303f19d
:10874600020333441d4418bf12202c444b7a2044a4
:10875600c0b253b10930c0b20b790a2b09d00ed37f
:108766000d2b0cd8c043c0b270bd022808bf012033
:10877600f2e70b6893f84730063b032bf1e700203e
:02878600f2e718
:020000040000fa
:020000040103f6
:1087880038b5837c1d2b04461cd1002383744ff419
:10879800827015f09bf9054648b1142303702388ad
:1087a80083800af051fe042128460ff00dfa04f1e7
:1087b8007400f0f763f84ff4827015f087f90546f6
:1087c80008b9208238bd0c23037023888380238a4c
:1087d800c380122b08d1002323820af035fe2846d5
:1087e800bde8384015f074b90421bde838400ff0f1
:0287f800ebb9db
:020000040000fa
:020000040103f6
:1087fa00f0b50c46d1e9011787b023680593002923
:10880a00a4bf23f00203059305abe668029308238d
:10881a00cde900730546d2e900232046fff775fa31
:10882a00059bd90642bf00f1ff3030233354059b24
:10883a001a0742bf00f1ff30202333542269059bf7
:10884a000093013a3b46121a31182846fef7a9fd51
:10885a006b68db0503d563689842b8bf184607b052
:02886a00f0bd5f
:020000040000fa
:020000040103f6
:10886c00c0f3c752d2f19e02202a0bd240004fea2d
:10887c00c01040f0004020fa02f0494024bf4042b2
:10888c00c9437047203210d941004feac11141f061
:10889c00004161fa02f021fa02f180ea010038bfce
:1088ac007047404261eb4101704702dd002000211e
:1088bc0070474300b3f17f4f88bf20f0004010f0a9
:1088cc0000414ff000005cbf6ff000416ff0000002
:0288dc007047e3
:020000040000fa
:020000040103f6
:0288de007047e1
:020000040000fa
:020000040103f6
:1088e00010b582b0002401940223009323464ff474
:1088f000806210491048e2f7d7fe019403230093e9
:1089000023464ff400720d490d48e2f7cdfe0128d1
:1089100000d0fee70b4b01930123009300234ff49b
:10892000a06209490948e2f7bffefaf735fa02b03a
:1089300010bd00bfac4400011d590401bc4400013e
:10894000bd85040180280120c044000111c7040135
:020000040000fa
:020000040103f6
:1089500010b582b08df807108df8062038b30446a4
:10896000cbb2013bdbb2012b24d8d3b213f0fb0f07
:1089700001d0062b20d14ff460612046f8f70eff9e
:10898000e0b101230df1070203212046eff7e8f9da
:108990009df806301bb92046f9f73cfb08e001239f
:1089a0000df1060203212046eff7daf9f3e7002084
:1089b00002b010bd0020fbe70020f9e70020f7e738
:020000040000fa
:020000040103f6
:1089c00070b582b08df8071058b315461c460646a0
:1089d000cbb2022b28d8ff21104612f0abfb08b314
:1089e0004ff488513046f8f7d9fef8b19df80730ba
:1089f0001bb93046f9f70efb14e001230df1070215
:108a000003213046eff7acf9002df2d0294630466d
:108a100010f040f9079b069a214630460bf0b7f854
:108a2000e7e7002002b070bd0020fbe70020f9e777
:020000040000fa
:020000040103f6
:108a300070b582b08df8071058b315461c4606462f
:108a4000cbb2022b28d8ff21104612f073fb08b3db
:108a500041f201113046f8f7a1fef8b19df8073058
:108a60001bb93046f9f7d6fa14e001230df10702dd
:108a700003213046eff774f9002df2d02946304635
:108a800010f008f9079b069a214630460bf07ff854
:108a9000e7e7002002b070bd0020fbe70020f9e707
:020000040000fa
:020000040103f6
:108aa0002de9f04182b00446013810f1030f24d8bb
:108ab0000f4616461d46a3680bb3a3781bb90120c9
:108ac00002b0bde8f0812346104a002101200af0df
:108ad0006cf98046a8b10023019300960a23012275
:108ae0003946fff79bfb4146a06809f0fdf950b1fc
:108af000a368c3f850530020e2e70220e0e7022019
:108b0000dee70820dce70820dae700bf79c40401cb
:020000040000fa
:020000040103f6
:108b1000431e13f1030f27d8f0b583b004460e4669
:108b20001546836813b3827812b3d3f8443313b174
:108b30000a2003b0f0bd0346104a002101200af0cc
:108b400034f90746b0b10023019300930222314665
:108b5000fff79efb3946a06809f0c6f960b1a3682b
:108b6000c3f844530020e4e7022070470220e0e706
:108b70000120dee70820dce70820dae7191d030101
:020000040000fa
:020000040103f6
:108b80002de9f04383b00446884617461d460ef093
:108b9000c3f9064618b1304603b0bde8f08323465a
:108ba000124a002102200af000f98146c8b10023d0
:108bb00000932b460322042111f036fb3a4641462e
:108bc000484604f0ddfb4946a06809f08df950b134
:108bd000a368042283f81423a3680a9ac3f818230d
:108be000d9e70826d7e70826d5e700bf9994010101
:020000040000fa
:020000040103f6
:108bf000421e12f1030f26d8f0b583b004460e468c
:108c0000836813b3837813b38121304612f06aff6f
:108c10000546431e7f2b1dd82346104a01460120de
:108c20000af0c3f80746b8b1009533460522032180
:108c300011f0a6fa3946a06809f056f980f0010053
:108c4000c000c0b204e002207047022000e0012012
:108c500003b0f0bd0220fbe70820f9e7e5c40401fa
:020000040000fa
:020000040103f6
:108c600030b50589b5f5706f85b02dd2c4682188ff
:108c70008b1f9bb240f67a40834225d86288931faf
:108c80009bb2834220d891421ed8a388b3f5fa7fc5
:108c90001ad2e3880a3b9bb240f67642934213d83d
:108ca00028460cf013ff78b1084bcdf80a30adf828
:108cb00000502368cdf802306368cdf8063068466e
:108cc00009f0f6fc05b030bd0320fbe710002000e2
:020000040000fa
:020000040103f6
:108cd000f7b50446008914f0e9fe78b326893046da
:108ce0000df04efe074628b31620648914f0f2fefc
:108cf000054608b300f11003132101a8019314f0f5
:108d0000c9fab97901a814f0c5fa022101a814f032
:108d1000c7fa214601a814f0c3fa2a4606213046b4
:108d20000df036fb044610b1284614f0d5fe20465f
:108d300003b0f0bd0124fae70224f8e70424f6e7c3
:020000040000fa
:020000040103f6
:108d400038b500890df092ff044668b38378022b92
:108d50002ad1f9f7effc054670b9204603f0e6fa90
:108d6000e26d5378022b15d1104b1b681b78022b38
:108d700004d1204608f0a8f8284638bd042b07d1b6
:108d800092f8e430022b2046f4d110f04ef9f3e7cc
:108d90002046fae7032befd194f85730002bebd1a4
:108da000204610f053f9e7e70325e5e740290120c5
:020000040000fa
:020000040103f6
:108db00013b5184b0093022201232321ec20f0f776
:108dc00057fa14f03ffb20b907f014f8002002b066
:108dd00010bd114c2368db6f984778b92368d3f82e
:108de0008030984750b92368d3f88430984728b921
:108df0002368d3f8883098470028e5d00c24074b27
:108e00000093ec20019401230022ff21f0f730fab7
:108e10002046dce74cd604012c290120b6b404011d
:020000040000fa
:020000040103f6
:108e200010b5174b024600681860918892799a71c4
:108e3000144a9980b2f86c3f43f00203a2f86c3fe9
:108e4000d2f8683fc3f38073c3b1d2f8940f0e49d0
:108e5000c0f3026083400a78db43dbb21a400a7039
:108e60000a4a11680c7823400b702723434310688b
:108e70000b33184408f008ff002010bd0220fce767
:108e8000703301410024014168330141542901201c
:020000040000fa
:020000040103f6
:108e900073b5044686680af08dfd94f8fa30012b0c
:108ea00012d1144b1a686ff300021a60a3f24c43fc
:108eb00021461a686ff3db6200201a60f7f7cafeda
:108ec00021460020ebf78af80b4b0c491b88adf8c4
:108ed000043000256b46082284f8fa5001200096e1
:108ee0008df8060001f03afb2846e6f737ff02b09e
:108ef00070bd00bf583e0141cc2901200000010196
:020000040000fa
:020000040103f6
:108f000038b590f8f430184d13f00203044625d01c
:108f10000ef00ffa154b94f8fa101a6861f3070275
:108f20001a601a6894f8fb1061f30f221a601a682d
:108f300094f8fc1061f317421a601a6894f8fd1057
:108f400061f31f621a609a8894f8fe1061f30702b9
:108f50009a802b6843f080632b6038bd2a6863f3e6
:108f60009a622a60f9e700bf30340141b43401410c
:020000040000fa
:020000040103f6
:108f7000902910b50fdc7f2911dd803910290ed81a
:108f8000dfe801f00f0f250d170d0d0d1e0d0d0d56
:108f90000d0d0d0d2500a02903d0c02901d0002002
:108fa00006e019680c1d1c600b6803601a60012044
:108fb00010bd19680c1d1c600b6803601a80f6e771
:108fc00019680c1d1c600b6803601a70efe71968c4
:108fd0000c1d1c600b680360d117c3e90021e6e794
:020000040000fa
:020000040103f6
:108fe0002de9f04182b005460e4617469846047fab
:108ff00004f00104a40013f0e5f9a04204d8002411
:10900000204602b0bde8f08103463a463146284684
:1090100006f069f904460028f2d0eff311864ff00c
:10902000200383f31188bff36f8fbff34f8f6b69fa
:1090300053b16869cdf80480002700973b463a4653
:0e904000296ae9f79dfa6f6186f31188d8e777
:020000040000fa
:020000040103f6
:10904e0052433a505f666c673d3078253038780071
:10905e0052433a7072693d25642c636c6b3d3078d7
:10906e00253034780052433a4e5f666c673d307857
:10907e00253038780052433a7072693d25642c636e
:10908e006c6b3d3078253034782c636f6e743d30c8
:10909e000052433a7072693d25642c636c6b3d300f
:0d90ae0078253034782c636f6e743d3100ee
:020000040000fa
:020000040103f6
:1090bc0010b54ff088440023c4f8b030144bc4f8fa
:1090cc00b03003f12b43a3f54b13a3f6ab43c4f819
:1090dc00b030f0f747ff236813f4404f03d02368f8
:1090ec0023f4404323604ff088434ff080529a643e
:1090fc00084b1a6842f400421a601a6842f40042a3
:10910c001a60054a136843f01003136010bd00bfca
:0c911c00556699aa00100142000a0044a8
:020000040000fa
:020000040103f6
:1091280068bb0eb410b583b0154b93f9083043b142
:10913800134bdb682bb14ff0ff31124813f0fff8e7
:1091480020b903b0bde8104003b0704706ab0193e7
:10915800059ac8210c4802f0f9ff0246431ec62ba7
:1091680009d8074b191800200875d9684c6903f10c
:1091780014011869a047034811f0d0fee1e77047d1
:0c918800901f0120941f0120a41f012053
:020000040000fa
:020000040103f6
:1091940010b58cb0864600230b930df1180cd0f853
:1091a4000100def80510def80920def80d30ace829
:1091b4000f00def81100ccf80000bef815209ef870
:1091c4001730acf804208cf80630ec460a4c0fcc6f
:1091d400ace80f0094e803004cf8040b2cf8021bd5
:1091e400090c8cf8001006aa9ef8001068460ff0cf
:0c91f4008ffc0cb010bd00bf6c460001e9
:020000040000fa
:020000040103f6
:1092000070b5c0b00446bc22174911a812f03efa4e
:1092100066782578e36a0e93a06a0cf0c7f8cde96a
:109220000c0194f825300b9394f824300a93206aab
:109230000cf0bcf8cde90801e0690cf0b7f8cde915
:109240000601638b0593238b0493d4e90423cde9b2
:109250000223d4e90223cde900233246294611a88e
:0c9260000ff058fc40b070bd84460001c7
:020000040000fa
:020000040103f6
:10926c0082b0184b0193f8b103460068164a90631c
:10927c005868906398689063db689363019a1378dd
:10928c0043f001031370104ad37913f0010ffbd094
:10929c0089b10d4b9a6b0a609a6b4a609a6b8a6023
:1092ac009b6bcb6002b07047074b00229a639a63aa
:1092bc009a639a63e2e7044b9a6b9a6b9a6b9b6b7b
:0c92cc00f0e700bf040400420004004270
:020000040000fa
:020000040103f6
:1092d80010b582b0019130b304464a1c012a0bd95b
:1092e800042909d0a1f18003192b1ed8124a22faa9
:1092f80003f313f0010f1ad040f608012046f8f7df
:1093080049fab0b1019bb3f1ff3f04d12046f8f709
:109318007dfe02b010bd04230deb0302022120469e
:10932800eef71afdf2e70020f3e70020f1e700204e
:0c933800efe70020ede700bf0f00f90395
:020000040000fa
:020000040103f6
:1093440010b582b00093adf806108df8052030b347
:1093540004468bb233b3d3b2013bdbb2022b01d947
:1093640000201de040f60761f8f716fae0b1022389
:109374000df1060203212046eef7f0fc01230df166
:10938400050203212046eef7e9fc04236a46022184
:109394002046eef7e3fc2046f8f73afe00e0002012
:0c93a40002b010bd0020fbe70020f9e73c
:020000040000fa
:020000040103f6
:1093b00010b582b00093adf806108df8052030b3db
:1093c00004468bb233b3d3b2013bdbb2022b01d9db
:1093d00000201de040f60861f8f7e0f9e0b1022353
:1093e0000df1060203212046eef7bafc01230df130
:1093f000050203212046eef7b3fc04236a4602214e
:109400002046eef7adfc2046f8f704fe00e0002011
:0c94100002b010bd0020fbe70020f9e7cf
:020000040000fa
:020000040103f6
:10941c0038b5431e13f1030f23d80446836813b3e6
:10942c00827812b3002283f83c20836893f868306a
:10943c000bb1002038bd03460f4a0021012009f072
:10944c00aefc054698b1002113f0b4f92946a0688a
:10945c0008f044fd68b1a368012283f8682000205d
:10946c00e8e70220e6e70220e4e70120e2e7082033
:0c947c00e0e70820dee700bf8d150101cd
:020000040000fa
:020000040103f6
:10948800431e13f1030f29d882684ab351b3837876
:1094980053b310b592f83c302bb9fff7bbff08283f
:1094a80018bf0a2019e002f13c035c321c68d3f8ab
:1094b80004e0d3f808c0d8680c60c1f804e0c1f82b
:1094c80008c0c860103310319342efd118685a6849
:1094d8009b6808604a608b60002010bd02207047be
:0c94e800022070470220704701207047ee
:020000040000fa
:020000040103f6
:1094f40070b583681888a0f1200292b243f6e07434
:10950400a24224d85988a1f1200292b2a2421ed8c4
:1095140088421cd81e79042e19d81d7b6a1e062a7f
:1095240015d85c7b032c12d80a4a1080518016711e
:1095340055719471084a53f8050f1168886201f156
:10954400280299889b7993719180002070bd032033
:0c955400fce700bfe42701208c28012068
:020000040000fa
:020000040103f6
:1095600030b58bb003790593c37804938378039364
:109570004378029303780193114b0093044602232e
:109580001a468d21ec20eff773fe206823790890ae
:109590008df82430002507ab09220a4907950220df
:1095a00000f0dcffc4b23cb1074b00932a46012314
:1095b0008e21ec20eff75cfe20460bb030bd00bfe3
:0c95c000680b040102000100940b040180
:020000040000fa
:020000040103f6
:1095cc0030b5172185b0054600200ff0e4fc0446a9
:1095dc0050b30c2101a8fbf7c9fd01ab03cb05f57a
:1095ec008572039bc5f80a015160c5f81a312946ea
:1095fc000323237351f8ff3fc4f80d304b68c4f8b4
:10960c001130b5f80831a4f815301368c4f81730c8
:10961c005368c4f81b30d5f81a31c4f81f302846eb
:0c962c002146f7f737fe012005b030bde5
:020000040000fa
:020000040103f6
:1096380038b50024124b0546214624221148c3e9b7
:10964800004312f0b7fd104b104a1c60104b01216b
:109658001c70104b08461c7011f0c4fe0e4813f025
:10966800b5fd2869fbf7cefe04f0c0ff07f094fcb7
:1096780011f0c6f921466868bde838400af03cb9df
:109688002c280120f02501202829012049d7030191
:0c969800d9290120da2901209d4f04018e
:020000040000fa
:020000040103f6
:1096a40030b5174d02682b68c3f802208288da802f
:1096b4002b68012289b01a729b6f0446984710b137
:1096c4002b685b6f984700231a460e49022000f06e
:1096d40043ff6379069323790593e3780493a3788e
:1096e40003936378029323780193074b0093022238
:1096f40001231a21ec20eff7b9fd002009b030bd99
:0c9704002c290120020701002c5e04014a
:020000040000fa
:020000040103f6
:10971000f8b50e460746154612f088fc002811469b
:1097200030460cbf002409240af036f8f8b9bcb959
:10973000104b20460a2200bf02fb00f131f803c0a3
:10974000bcf5706f0ed15a180331178096700b4418
:109750002a681a60aa889a80074a1378013313701e
:109760002046f8bd01300828e6d11f24f8e70b2475
:0c977000f6e700bfd8220120db29012011
:020000040000fa
:020000040103f6
:10977c0070b5184d2c6824bb302014f0a5f9286066
:10978c0008b9002070bd3022214612f011fd124c98
:10979c0026684eb9182014f097f920600028f0d0f4
:1097ac001822314612f004fd22680023136022684f
:1097bc00c2e90133d3602a680120c2e90133d360c6
:1097cc00e0e7002420460134e4b2f6f709fe082c49
:0c97dc00f8d1dce7442901209c28012082
:020000040000fa
:020000040103f6
:1097e800ff282de9f84f80468a4617464ff00005b6
:1097f800144b05d11570987800f00100bde8f88f7a
:10980800d3f80090104e680029fa00f000f0030425
:10981800012c5ffa85fb0cd106225146701d0ff012
:1098280077fc30b93379434503d187f800b0204637
:10983800e4e70135082d06f10906e4d107233b705a
:0c9848000020dbe750290120282301202c
:020000040000fa
:020000040103f6
:1098540010b5194b03f5a7510a8842f480620a80b7
:1098640003f59b5291686ff3c301916003f598511e
:1098740003f598538c6844f002048c608c6844f0bf
:1098840001048c60116841f0007111609168916865
:109894006ff34e2191609168342464f34e2142f8b1
:1098a400081f5a685a686ff31e525a605a6860f368
:0c98b4001e5243f8042f10bd0024014197
:020000040000fa
:020000040103f6
:1098c000034b10b9034a5a657047034afbe700bfd0
:1098d000003e01440041010011410100064ab2f876
:1098e000ba3420b943f00203a2f8ba34704723f027
:1098f00002031b041b0cf7e700200141044b5a68cc
:1099000018b922f400725a60704742f40072fae704
:1099100000400141044b5a6818b922f480725a6021
:0c992000704742f48072fae700400141f9
:020000040000fa
:020000040103f6
:10992c00f0b585b005460c460af0d8ff0646284629
:10993c000bf076ff2eb3074628b32388adf808301a
:10994c006388adf80a30a388adf80c30e388adf825
:10995c000e3002a9284610f0d1fcb0f58d7f04d052
:10996c0008b90123f37005b0f0bdbb78012bfad117
:10997c00e3880093a3886288218828460cf019fd9f
:0a998c00eee70320efe70320ede70c
:020000040000fa
:020000040103f6
:1099960010b582b0adf806108df80520adf802308e
:1099a60030b304468bb20bb9002022e040f20171bd
:1099b600f7f7f1fef8b102230df106020321204666
:1099c600eef7cbf901230df1050203212046eef750
:1099d600c4f9bdf802301bb92046f8f718fb08e0b9
:1099e60002230deb030203212046eef7b6f9f3e757
:0a99f600002002b010bd0020fbe7c6
:020000040000fa
:020000040103f6
:109a000030b583b0adf806108df8052030b31c4694
:109a100005468bb22bb3d3b2012b01d900201ee037
:109a20004ff4d851f7f7bafee8b102230df1060260
:109a300003212846eef794f901230df105020321d5
:109a40002846eef78df92cb1069b224606212846c2
:109a5000eef786f92846f8f7ddfa00e0002003b0bb
:0a9a600030bd0020fbe70020f9e70d
:020000040000fa
:020000040103f6
:109a6a000f2a38b505460c4626d190f8e43013bbc8
:109a7a003020f1f786ffc5f8b801e0b1b4f801303b
:109a8a000383b4f803304383b4f805308383b4f80e
:109a9a000730c383637a80f8203063894384a389bb
:109aaa008384e389c384238a0385638a4385a38adb
:109aba008385e38ac38538bd90f8e230112b01d043
:0a9aca00032bf8d1d5f8b401d7e75b
:020000040000fa
:020000040103f6
:109ad400037a4bb3428803889a421ed3c188b0f8f4
:109ae40004c08c4519d8052b17d9b2f5486f14d882
:109af400b1f5fa7f11d20f4b1b68012283f82a209b
:109b040002881a8442885a8482889a84c288da84b1
:109b1400027a83f8282000207047064b1b68002235
:109b240083f82a2003207047024b1b68002083f827
:089b34002a0070472c000120fb
:020000040000fa
:020000040103f6
:109b3c0038b505460c4612f0a7f8164b186f2a6874
:109b4c001444824209d9a24202d82c60002411e0ac
:109b5c00a04209d32c6000240ce0a24204d8a042fd
:109b6c0002d32c60002405e02c600021201af3f7ae
:109b7c0087f90124e9f7f2f948b94ff0e0234ff0e7
:109b8c008052c3f8042dbff34f8fbff36f8f204665
:089b9c0038bd00bfc81c012008
:020000040000fa
:020000040103f6
:109ba40070b582b08df8071028b314461d460646da
:109bb400cbb2012b03d01c2b01d0ff2b1ed1fcb147
:109bc400802d01d9002017e040f201513046f7f70b
:109bd400e3fdb8b101230df1070203213046eef78e
:109be400bdf82b46224605213046eef7b7f830463d
:109bf400f8f70efa00e0002002b070bd0020fbe789
:089c04000020f9e70020f7e75a
:020000040000fa
:020000040103f6
:109c0c00431e13f1030f24d8f0b583b004460e465f
:109c1c0015468368fbb18378fbb10346114a0021da
:109c2c00012009f0bcf80746c8b10023019305f0e8
:109c3c000105009502230a223146fef723fb394623
:109c4c00a06808f04bf980f00100c000c0b203b06e
:109c5c00f0bd022070470220f9e70120f7e7082049
:089c6c00f5e700bf191d03011b
:020000040000fa
:020000040103f6
:109c740030b3f8b50d46064683681bb3b2f5806f62
:109c840028bf4ff480621446b1f5702f1cd28b1894
:109c9400b3f5702f1ad203460e4a0021012009f0b1
:109ca40082f80746a0b1a2b2294601f011fd394657
:109cb400b06808f017f980f00100c000c0b2f8bd28
:109cc400022070470220fae70220f8e70220f6e7b4
:089cd4000820f4e79994010156
:020000040000fa
:020000040103f6
:109cdc0070b50e46054638b104f0e6f90446c0b935
:109cec00014601200cf030fe284608f09bfc04468f
:109cfc0078b9104b19680a786db922f001020a7014
:109d0c00186800f5da70eef7b7fd214620460cf026
:109d1c001bfe204670bd42f001020a70002ef8d0e6
:109d2c00186842f21071714300f5da70eaf7e0fd41
:089d3c00efe700bf8c280120b5
:020000040000fa
:020000040103f6
:109d4400fdd0040111d6040111d6040111d6040179
:109d540011d60401fdd00401fdd0040111d6040183
:109d640011d6040111d6040111d6040111d604013f
:109d740011d6040111d6040111d6040111d604012f
:109d840011d604012d58030197110401fdd00401db
:109d9400fdd00401fdd0040111d6040111d6040143
:089da40011d6040111d60401df
:020000040000fa
:020000040103f6
:109dac0070b5164d2e68b3682c463bb12268d3783b
:109dbc0073b11348fdf714fd002070bd512013f052
:109dcc0083fe2b68b0609b68002befd10220f4e778
:109ddc009268022082f850300cf058ff054658b9b2
:109dec0020681030eef748fd2368064883f82850a9
:109dfc00bde8704012f0c6be0720dee74029012006
:089e0c00302a0401ed77030187
:020000040000fa
:020000040103f6
:109e1400f8b500260e70c3885a1e0d2a05460f4653
:109e240003d8bde8f840f0f7f8bf103b072b03d880
:109e3400bde8f840e1f7f2bd4ff4827013f048fe3c
:109e44000446b8b1a8880cf097f890b1ab7ac37403
:109e54000a232370ab88a380eb88e380ab7a237258
:109e64002b896381204604210df0b0fe01233b7051
:089e74003046f8bd8020fce738
:020000040000fa
:020000040103f6
:109e7c0073b50546044600f12006a3692bb301aa6d
:109e8c00694618880bf064fee0b1a369194631f8f5
:109e9c00042b032a1cd05a88009b586811f0f0fb45
:109eac00009ba2699b6852881a80009b9b7b9b0637
:109ebc0005d5a169284631f8042bf9f7bdffa06937
:109ecc0013f004fe0434b442d7d1002002b070bdac
:089edc0098780cf040fae8e769
:020000040000fa
:020000040103f6
:109ee40037b50446008913f0dffd38b32089e568ef
:109ef4000cf042f8044618b32b78132b08d1c37c1a
:109f0400122b1fd106f0a6f900b9e07403b030bdde
:109f1400172b0bd1c37c162b14d1a988eb886a8824
:109f2400009105f1080100f003ffede7192b09d1b9
:109f3400c37c182b06d104f0fbfce5e70420e5e71d
:089f44000320e3e70120e1e73f
:020000040000fa
:020000040103f6
:109f4c00202837b5054628d810f098fb144a042d64
:109f5c0098bf136812689dbf1b68b3fa83f35b0943
:109f6c00012302ebc302146844b12168116001b9ea
:109f7c0052601bb1237943f0400323710ef072fb46
:109f8c0044b9084b00930195052322460321ef2089
:109f9c00eff768f9204603b030bd0024fae700bfa4
:089fac00d828012078bf040150
:020000040000fa
:020000040103f6
:109fb40038b5174b17491c6805464ff4fc7204f179
:109fc4000c000ff01bfd237e85f84730637e2b7653
:109fd400a37e85f82130ff2385f82530e37e6b7658
:109fe400234653f81d2fc5f81b209b88a5f81f3066
:109ff400237fab7694f8f13185f89430627e22b1f8
:10a00400002b0cbf1e20002038bd1e20fce700bf23
:08a01400042901201040014461
:020000040000fa
:020000040103f6
:10a01c0038b5174b17491c6805464ff4fc7204f110
:10a02c000c000ff0e7fc94f8230050b1f1f7a8fcfa
:10a03c00c5f8ac0028b194f8232004f1240111f0e8
:10a04c001ffb94f82330a5f8b03094f80a0150b1f6
:10a05c00f1f796fcc5f8bc0028b194f80a2104f27b
:10a06c000b1111f00dfb94f80a31a5f8c03038bd76
:08a07c000429012010400144f9
:020000040000fa
:020000040103f6
:10a0840000b593b041f20303adf8003090f8f2301c
:10a094008df804106ff3000380f8f2300388adf8f4
:10a0a4000630a9b990f8e230112b01d0032b02d16c
:10a0b400d0f8b4310bb9d0f8b8319a8a1b6902933d
:10a0c400adf80c2068460af081ff13b05df804fb7c
:10a0d400d0f8b4315a88adf808209a88adf80a202f
:08a0e400db88adf80c30ede75c
:020000040000fa
:020000040103f6
:10a0ec0025292dd8dfe801f01313132c1f2c131383
:10a0fc002c132c1313132c2c13132c132c132c1375
:10a10c00132c2c2c2c2c132c2c2c2c2c131390f8b7
:10a11c00f2305a0714d56ff3820380f8f23000f551
:10a12c00b070eef7a9bbc37d53b990f8f230054976
:10a13c0043f0040380f8f23000f5b070eaf7d8bbb6
:08a14c00704700bf005a6202d7
:020000040000fa
:020000040103f6
:10a1540030b5164d8bb0042107202c68fcf7eeffb8
:10a164002b6820641a6cfab1114951601a6c136897
:10a174001a60104a0992002448f6b802cde9042274
:10a18400cde906444ff440622968009203941b68a9
:10a19400089348316846ecf727fb2b68986ce9f77d
:10a1a400f3fd20460bb030bd0720fbe72429012036
:08a1b400111d0401e90f040173
:020000040000fa
:020000040103f6
:10a1bc0070b50e4690f8371040f2e24304464b431c
:10a1cc00b2b12033c0f88c300025204601f06cfe73
:10a1dc004ff49c73b0fbf3f203fb1203c4e920327f
:10a1ec00e37d73b9023664232667c4f88c3070bde6
:10a1fc00058f03f282230035c0f88c3018bf01257f
:10a20c00e3e7d4f88c3040f27222761b02fb053562
:08a21c002667c4f88c50eae744
:020000040000fa
:020000040103f6
:10a22400f8b5184e90f8503032684433044652f86a
:10a23400337007bb0bf058fe0546846007f0acfb97
:10a244002f6094f85020336803ebc202d2f8242222
:10a254006a6094f8502003ebc203d3f824321d60e3
:10a2640094f85020336803ebc203c3f82452bde8ca
:10a27400f8400df06bbbbb689c4201d03f68d8e747
:08a28400f8bd00bf38290120dc
:020000040000fa
:020000040103f6
:10a28c0010b5184a047802f58453596964f30f2108
:10a29c0059615969447864f3174159615969847853
:10a2ac0064f31f61596102f58453c478996964f3ae
:10a2bc00070199619969047964f30f21996199698e
:10a2cc00447964f3174199619969847964f31f6146
:10a2dc00996102f58453c1799a8b61f307029a83d1
:08a2ec0010bd00bf0024014178
:020000040000fa
:020000040103f6
:10a2f4002de9f0479a46174b1c6814f80b6b074678
:10a3040088469146002500bf26fa05f3db0717d5da
:10a31400237803f00103bb4212d106224146601c9c
:10a324000ef0f8fe60b910224946e01d0ef0f2fe70
:10a3340030b91022514604f117000ef0ebfe38b18b
:10a344000135082d04f12704ded10020bde8f08793
:08a354000120fbe75429012060
:020000040000fa
:020000040103f6
:10a35c004741503a457674207263762c6e6f2061bb
:10a36c007661696c20636f6e6e2c2068646c3d3076
:10a37c0078253034782c2065767449643d30782506
:10a38c00303278004741503a457674207263762c0f
:10a39c006e6f206672656520636f6e6e2c2068642c
:10a3ac006c3d3078253034782c2065767449643dca
:07a3bc0030782530327800f3
:020000040000fa
:020000040103f6
:10a3c40030b595b004460d460bf02efa48b38278aa
:10a3d40012bb25b901a9807feef708f838b12046f1
:10a3e40010f086fc054690b1284615b030bd0fab81
:10a3f4000df13a020df1320120460ff04ff90546f6
:10a404000028f1d1012120460ff067fbece7002181
:10a4140020460ff062fbe7e7204610f069fc054692
:06a42400e2e70325e0e77a
:020000040000fa
:020000040103f6
:10a42a00f8b505460f4600f10c0611f02efc2c6912
:10a43a002b683b432b60a6421cd000270ee02968fc
:10a44a0032ea010108d113f0807f18bf1743296847
:10a45a0041f00071f6f70dfaa6420cd02046646866
:10a46a00036823f07f4213f0806fe8d129680a421b
:10a47a00e9d1f1e700272c6824ea07042c60e8f701
:06a48a006efd2046f8bd46
:020000040000fa
:020000040103f6
:10a4900070b582b0adf8061040b315461c460646ae
:10a4a000ff21104610f046fe08b340f60b6130461f
:10a4b000f7f774f9e8b1bdf806301bb93046f7f785
:10a4c000a9fd14e002230df1060203213046edf749
:10a4d00047fc002df2d0294630460ef0dbfb079bef
:10a4e000069a2146304609f052fbe7e7002002b009
:06a4f00070bd0020fbe737
:020000040000fa
:020000040103f6
:10a4f60058b3f8b50f4611461d4604463ab346888a
:10a5060003889b1b2a1d934223d30430237983b1ee
:10a516007eb14ff0000c4078043084441ffa8cfc66
:10a526000cf1040e04eb0e0014f80e300bb1664568
:10a53600f1d8077045702a46023011f0a4f80435a8
:10a5460063881d4465800020f8bd02207047022004
:06a55600fae70b20f8e714
:020000040000fa
:020000040103f6
:10a55c002de9f041074690b20e4615469846fff796
:10a56c00effc044628b30279c680330e63f3020273
:10a57c00330c0271437125b12a464146083011f063
:10a58c007ff8032f15d8dfe807f002080c102046df
:10a59c000bf06efb0020bde8f081204606f04efa71
:10a5ac00f8e720460bf07cfbf4e7204606f06afa4d
:06a5bc00f0e71f20efe7ad
:020000040000fa
:020000040103f6
:10a5c200f8b50e4617461d460cf04ffb044640b345
:10a5d20090f852303b700020012e28700bd194f875
:10a5e20059302bb994f858301bb902232b70002034
:10a5f200f8bd0123fae7022e08d194f85930002b56
:10a60200f0d094f85630002bf2d1eee7032eefd1c2
:10a6120094f85930002be5d094f85730002be4d051
:06a62200efe70320e4e76e
:020000040000fa
:020000040103f6
:10a62800434d443a53657445787441647650617279
:10a63800616d2c73657449643d2564004144563a44
:10a648004578742c65767442773d25642c696e7460
:10a65800766c3d2564004144563a707269506879b9
:10a668003d3078253032782c7365635068793d30f9
:10a6780078253032782c65767450726f703d30785a
:05a688002530347800cc
:020000040000fa
:020000040103f6
:10a68e004ff08843d3f8d03001280cd0022812d0d6
:10a69e00032815d0042818d005281ad113f0807f6e
:10a6ae0004d10120704713f0805f19d0072814bf22
:10a6be0000200120704713f0005ff7d10120704792
:10a6ce0013f0804ff2d101207047002beedb0120fa
:10a6de0070470628ead113f0007fe7d101207047ba
:04a6ee000120704790
:020000040000fa
:020000040103f6
:02a6f2007047af
:020000040000fa
:020000040103f6
:10a6f40038b505460c46154b1b7843b1fdb90cb370
:10a70400124b93f908305bb14ff0ff3038bd10485d
:10a7140010f0eefb01280fd10c4b01221a70ede76b
:10a72400a0680a4b18616268da60022119725368e2
:10a73400216898470020e9e74ff0ff30e6e74ff043
:10a74400ff30e3e74ff0ff30e0e700bf901f012048
:04a75400941f01202d
:020000040000fa
:020000040103f6
:10a7580070b505460c46164611f0f2fab6f5087fb4
:10a768001ddda6f50876344488232b604ff4087164
:10a7780001f108032b44214414f8012b03f8012d9f
:10a788008c42f9d12b6893b19a1c05eb8202013bec
:10a7980052f8041d51b92b60002bf8d107e031465f
:10a7a800f31c9b082b60002ee2dcebe76b686b6008
:04a7b800002070bd50
:020000040000fa
:020000040103f6
:10a7bc0038b505688d4226dd6b1a013100eb81023c
:10a7cc0000f1040c002100bf52f8044f4cf8044f68
:10a7dc0001319942f8d19d4209dd591c00eb8101f0
:10a7ec001a46002441f8044f01329542fad1036015
:10a7fc009a1c00eb8202013b52f8041d31b9036034
:10a80c00002bf8d103e011f099fa01e043684360a2
:04a81c0038bd00bf84
:020000040000fa
:020000040103f6
:10a8200070b582b0adf8061028b315461c46064632
:10a830008bb21bb3bdf81c300bb900201ce040f6f6
:10a840000261f6f7abffd8b102230df10602032136
:10a850003046edf785fa069b22462946304609f038
:10a8600096f9022307aa03213046edf779fa30461c
:10a87000f7f7d0fb00e0002002b070bd0020fbe73e
:04a880000020f9e7d4
:020000040000fa
:020000040103f6
:10a8840070b582b0adf8061028b315461c460646ce
:10a894008bb21bb3bdf81c300bb900201ce040f692
:10a8a4000361f6f779ffd8b102230df10602032103
:10a8b4003046edf753fa069b22462946304609f006
:10a8c40064f9022307aa03213046edf747fa30461c
:10a8d400f7f79efb00e0002002b070bd0020fbe70c
:04a8e4000020f9e770
:020000040000fa
:020000040103f6
:10a8e800f0b1034690f828200d2a1bd890f82000d4
:10a8f800202819d893f82720e2b110b403f12002d8
:10a908002633002412f801cf44ea0c049a42f9d104
:10a9180064b169b1003818bf01205df8044b704775
:10a928000020704700207047002070470020f4e79f
:10a938000120f2e719b1003818bf01207047012043
:04a94800704700bf95
:020000040000fa
:020000040103f6
:10a94c00431e13f1030f24d8f0b583b004460e4612
:10a95c0015468368fbb1837813b9012003b0f0bdb1
:10a96c0003460f4a0021012008f019fa0746a0b14e
:10a97c00042301930095082302223146fdf748fc7d
:10a98c003946a06807f0aafa80f00100c000c0b2f6
:10a99c00e4e7022070470220e0e70820dee700bf72
:04a9ac0079c4040165
:020000040000fa
:020000040103f6
:10a9b000431e13f1030f24d8f0b583b004460e46ae
:10a9c00015468368fbb1837813b9012003b0f0bd4d
:10a9d00003460f4a0021012008f0e7f90746a0b11d
:10a9e00004230193009508230a223146fdf716fc43
:10a9f0003946a06807f078fa80f00100c000c0b2c4
:10aa0000e4e7022070470220e0e70820dee700bf0d
:04aa100079c4040100
:020000040000fa
:020000040103f6
:10aa1400431e13f1030f24d8f0b583b004460e4649
:10aa240015468368fbb1837813b9012003b0f0bde8
:10aa340003460f4a0021012008f0b5f90746a0b1ea
:10aa4400002301930095022305223146fdf7e4fb20
:10aa54003946a06807f046fa80f00100c000c0b291
:10aa6400e4e7022070470220e0e70820dee700bfa9
:04aa740079c404019c
:020000040000fa
:020000040103f6
:10aa780000f1ff3c1cf1030f1cd810b58468dcb151
:10aa8800e1b10c78e4b1eab1f3b1cc69f4b991f869
:10aa98002840802c1cd084780cb901200fe00124b8
:10aaa8008c70ca610b620022f1f7ccf96040c000db
:10aab800c0b204e002207047022000e0022010bd6e
:10aac8000220fce70220fae70220f8e70f20f6e769
:04aad8000f20f4e770
:020000040000fa
:020000040103f6
:10aadc00f8b5431e13f1030f21d804460d468368c5
:10aaec00fbb101b383780bb90120f8bd084610f017
:10aafc00d3fd064623460e4a0146012008f04ff9c5
:10ab0c00074690b13246294609f045fe3946a06801
:10ab1c0007f0e4f980f00100c000c0b2e5e70220c4
:10ab2c00e3e70220e1e70220dfe70820dde700bfd2
:04ab3c0069f90201b0
:020000040000fa
:020000040103f6
:10ab4000431e13f1030f24d8f0b583b004460e461c
:10ab500015468368fbb103eb011383f82c210346f0
:10ab60000f4a0021012008f020f90746a8b101236f
:10ab700001930095022307223146fdf721ff394654
:10ab8000a06807f0b1f980f00100c000c0b203b0c6
:10ab9000f0bd022070470220f9e70820f7e700bf68
:04aba00029d30101b3
:020000040000fa
:020000040103f6
:10aba400431e13f1030f22d870b582b004460d463c
:10abb4008368f3b1837813b9012002b070bd0346f2
:10abc4000f4a0021012008f0eef8064698b1002251
:10abd4000092134614210ff017fb3146a06807f0ca
:10abe40081f950b1a368c3f84c530020e5e7022073
:10abf40070470220e1e70820dfe70820dde700bf17
:04ac0400d53b01013a
:020000040000fa
:020000040103f6
:10ac0800431e13f1030f23d870b582b004460d46d6
:10ac18008368fbb101b3837813b9012002b070bd1a
:10ac280003460f4a0021012008f0bbf80646a8b1e8
:10ac3800002300932b780a2228210ff0e3fa3146eb
:10ac4800a06807f04df980f00100c000c0b2e5e748
:10ac5800022070470220e1e70220dfe70820dde755
:04ac6800d53b0101d6
:020000040000fa
:020000040103f6
:10ac6c0013b5037a012b27d8447aef2c24d88df80e
:10ac7c000040ebb9032101200bf066fe6a4601216e
:10ac8c00022001f001fe88b920460ff099fb012843
:10ac9c0005d80a4a01238340107818431070084bda
:10acac001a68137843f008031370002002b010bd2b
:10acbc006a4601210320e4e70320f7e7512801202d
:04accc008c280120af
:020000040000fa
:020000040103f6
:10acd00070b5174b1b681e6801250eb9284670bd5c
:10ace0007468d4e90113187811f012fef289b18961
:10acf0000132521a92b2234604eb02129a4201d157
:10ad00003668eae7d97b11f0440f01d010280cd047
:10ad100011f0660f07d1012d03d111f0880f18bf74
:10ad200002251033eae70325fbe70425d6e700bf39
:04ad30009c2801203a
:020000040000fa
:020000040103f6
:10ad34002de9f7435d1dadb2074628468846914686
:10ad44001e4612f035fe044610b300f1100317211d
:10ad540001a8019312f09cfa494601a812f09efa48
:10ad6400bdf8281001a812f099fa3246414601981c
:10ad740010f08afc2946224638460ff07ff8054633
:10ad840010b1204612f094fe284603b0bde8f083cb
:04ad94000225f9e7b4
:020000040000fa
:020000040103f6
:10ad9800f0b50e468bb00968cdf80e107168cdf885
:10ada800121007465968adf80c0018681288adf8fb
:10adb800162006ac03c49868d96803c431463846df
:10adc800f0f7dcfb0df10b03019303ab8df80b00df
:10add800009300221c2342f2190140f201100bf0eb
:10ade80023fe9df80b20024b33f812000bb0f0bd88
:04adf800da4d03012c
:020000040000fa
:020000040103f6
:10adfc00f0b58bb003ae0c4607460496faf77cfa16
:10ae0c000546014604a812f03ffa394604a812f090
:10ae1c0041fa2368cdf816306368cdf81a30a36870
:10ae2c00cdf81e30e368cdf8223005ab00930196c7
:10ae3c001223032242f21a0140f20110adf81470f1
:10ae4c000bf0f0fd024b33f815000bb0f0bd00bf5a
:04ae5c00da4d0301c7
:020000040000fa
:020000040103f6
:10ae60002de9f04100f1200694b00d460a46314626
:10ae70008046eaf7e9fc03ac20278df80b003a4640
:10ae80004146204610f002fc3a4631460ba810f02d
:10ae9000fdfb0df10b03cde900430122412342f2fa
:10aea000260140f201108df84c500bf0c1fd9df8c9
:10aeb0000b20034b33f8120014b0bde8f08100bf43
:04aec000da4d030163
:020000040000fa
:020000040103f6
:10aec4002de9f341804617461c460af08dfe0646de
:10aed40018b32379a4f8068023f00f0343f0020388
:10aee40023716781204612f005fe054658b908f51e
:10aef40000510c340190024600943b4689b24ff451
:10af040081700bf093fd064b33f8150010b9b3783c
:10af14000133b37002b0bde8f0814ff48170f9e7fa
:04af240030c904012b
:020000040000fa
:020000040103f6
:10af280030b585b0154b0093cde9010105460c46b7
:10af3800ec20012302224f21eef796f928460df066
:10af48008bfda8b1006890f8e430112b12d121468e
:10af58000df062fc80b90724094b0093019401238a
:10af68000022ff21ec20eef77ff9204605b030bd26
:10af78000224f1e70c24efe70024f6e79c560401cd
:04af8800ba7904018d
:020000040000fa
:020000040103f6
:10af8c007fb5164b0093cde9010105460c46ec202c
:10af9c00012302225a21eef765f928460df05afddd
:10afac0088b10668214630460ff0f9fe054658b9bf
:10afbc00a6f854416408a6f85641304608f055fef0
:10afcc00284604b070bd0225054b00930195012362
:10afdc000022ff21ec20eef745f9f1e7ce560401f3
:04afec00ba79040129
:020000040000fa
:020000040103f6
:10aff00013b5144b144c0093022201231c21ec20a6
:10b00000eef736f92368d3f88c30984768b923688f
:10b01000d3f89030984740b92368d3f894309847d4
:10b0200018b90a4b186002b010bd0c24084b0093ed
:10b03000ec20019401230022ff21eef719f92046ac
:10b04000f1e700bfacb404012c29012050290120f4
:04b05000b6b404018d
:020000040000fa
:020000040103f6
:10b0540013b50c460df002fd28b3036893f84020a5
:10b06400227093f84120627093f84220a27093f802
:10b074004320e27093f84430237100240b4b009377
:10b08400022201233521ec20eef7f0f844b1084bfd
:10b094000093019401230022fd21ec20eef7e6f851
:10b0a400204602b010bd0224e8e700bf7d910401f0
:04b0b4008e91040174
:020000040000fa
:020000040103f6
:10b0b80070b58cb0134b0b9300230993124e079174
:10b0c80003f2712306930123029331680f4b089012
:10b0d8001b680a9305463c3102a8ebf783fb04463c
:10b0e80018b93368d86be8f74dfe094b0093019502
:10b0f80001230222d421ec20eef7b6f820460cb04a
:10b1080070bd00bfadf10301a02901209c290120d9
:04b118006dc20401ff
:020000040000fa
:020000040103f6
:10b11c002de9f0410646174600ebc205b94227da85
:10b12c00d5f800c04c1e06ebc1031868a0eb0c024e
:10b13c00520209d5013406ebc402d2e9008e10602c
:10b14c0058685060c3e9008e08339d42edd1631cf2
:10b15c0006ebc303d3e9000c2a681a606a685a60cc
:10b16c00c5e9000c22463046fff7d2ffa11cd5e7fb
:04b17c00bde8f081b9
:020000040000fa
:020000040103f6
:10b18000f0b5054685b011200e4612f013fc0446ba
:10b1900030b300f11003032103a8039312f07af8ef
:10b1a000039a3368136073685360b3689360f368fd
:10b1b000d3600627009700232246112128880af031
:10b1c00009fa064640b9eb7823b90523ab7030463f
:10b1d00005b0f0bdaf70fae7204612f06bfcf6e761
:04b1e0000226f4e768
:020000040000fa
:020000040103f6
:10b1e4004c32433a457674207263762c6e6f206637
:10b1f40072656520636f6e6e2068646c3d307825df
:10b204003034782c65767449643d30782530327852
:10b21400004c32433a457674207263762c6e6f206c
:10b22400617661696c20636f6e6e2c68646c3d306e
:10b2340078253034782c65767449643d307825302f
:03b244003278005d
:020000040000fa
:020000040103f6
:10b24700534d503a457674207263762c6e6f2066a4
:10b2570072656520636f6e6e2068646c3d3078257b
:10b267003034782c65767449643d307825303278ef
:10b2770000534d503a457674207263762c6e6f20da
:10b28700617661696c20636f6e6e2c68646c3d300b
:10b2970078253034782c65767449643d30782530cc
:03b2a700327800fa
:020000040000fa
:020000040103f6
:10b2aa00f8b504460d46b1f1ff3f05d010f0b5fae6
:10b2ba004ff0000c6046f8bd10f041fd0826042747
:10b2ca00224639462046f4f746f984460028f1d149
:10b2da00a36843ea1573a3602d012268531c2360f7
:10b2ea00013eedd15bb1033204eb8202013b52f81d
:10b2fa00041d19b92360002bf8d100e0636863606c
:02b30a00d8e782
:020000040000fa
:020000040103f6
:10b30c0073b5047a04b3c5680023e91fdab294421a
:10b31c001fd808f0bdff00262b78003318bf01237f
:10b32c008df800302b46013653f8012fcdf8012053
:10b33c009b88adf805306846f6b208f0fbf8b442cd
:10b34c0005f10705e8d101e008f0a2ff002002b0ea
:10b35c0070bd0133c3ebc3028a5c032ad6d9032028
:02b36c00f5e703
:020000040000fa
:020000040103f6
:10b36e00434d443a536574506174684c6f73735215
:10b37e0065706f7274696e67506172616d2c48648e
:10b38e006c3d307825782c686967685468726573ef
:10b39e003d25642c68696768487973743d25642c73
:10b3ae006c6f7754687265733d25642c6c6f7748ab
:10b3be007973743d25642c6d696e54696d653d25f8
:02b3ce00640019
:020000040000fa
:020000040103f6
:10b3d0004144563a4c4c204348432c43684d6170dd
:10b3e0003d253032785f253032785f253032785f06
:10b3f000253032785f25303278004144563a4f4f3d
:10b400004d284c4c2043684d617020557064617428
:10b41000652043684d61703d253032785f253032bc
:10b42000785f253032785f253032785f253032788a
:01b43000001b
:020000040000fa
:020000040103f6
:10b4320030b58bb084460c46c0f8b82180f8bc31d8
:10b442009df8383080f8bd310f9bc0f8c031bdf88f
:10b452004030a0f8c431bdf84430a0f8c631002510
:10b4620006950795089509950df1080e0868496833
:10b47200a268e368aee80f0000957346102202a9a5
:10b4820060460cf093fc401b18bf01200bb030bd8e
:020000040000fa
:020000040103f6
:02b49200704701
:020000040000fa
:020000040103f6
:10b49400164bd3f8d430fbb110b4024683421fd00c
:10b4a40019469b69d3b19a42fad1936923b194683e
:10b4b40098682044986039b193698b610020002317
:10b4c40093615df8044b7047084bd3f8d410896935
:10b4d400c3f8d4100120f2e7002070470020f0e701
:10b4e4008369002bf0d00021e1e700bfd01d0120cb
:020000040000fa
:020000040103f6
:10b4f4002de9d04183b007460e461146984603b95c
:10b50400f0b129b94ff0ff34204603b0bde8d08133
:10b514000d4bd3f8ac000d4a0023a0fb01010af047
:10b5240063fe0146cdf8008033463a460020f4f726
:10b5340017fb0446b0f1ff3fe6d001f093fde3e7cb
:10b544004ff0ff34e0e700bfd01d012040420f0060
:020000040000fa
:020000040103f6
:10b55400f2ee047ab4eee70af1ee10fa1ddaf0ee38
:10b56400087ab4eee70af1ee10fa18daf7ee007a88
:10b57400b4eee70af1ee10fa13dadfed0c7ab4ee6a
:10b58400e70af1ee10fa0edab5eec00af1ee10fa9f
:10b59400ccbf0120002080007047002070470120ac
:10b5a4007047022070470320704700bf9a99993e64
:020000040000fa
:020000040103f6
:10b5b400eff30980bff36f8f144b1a681ef0100f5e
:10b5c40008bf20ed108a20e9f04f10602de9090032
:10b5d4004ff0200080f31188bff34f8fbff36f8fbc
:10b5e400f4f766fb4ff0000080f3118809bc19687a
:10b5f4000868b0e8f04f1ef0100f08bfb0ec108ad6
:10b6040080f30988bff36f8f70470000cc1c0120c2
:020000040000fa
:020000040103f6
:10b614002de9f84302eb420940b30d46164698461d
:10b6240002f10907bf004feac909044607eb090202
:10b634008a4202d90020bde8f883002110f0bcfd45
:10b64400a582e319a361e36103eb0902a5eb0905f4
:10b654000021217366732261ed1b013de5821a60ae
:10b66400c4f80480089ba3602046e4e70020e2e7d6
:020000040000fa
:020000040103f6
:10b6740010b582b08df807108df8062008b3044683
:10b68400cbb2ef2b20d8d3b2013bdbb2ef2b01d9e5
:10b69400002017e041f60151f6f77ef8b0b101231e
:10b6a4000df1070203212046ecf758fb01230df1ad
:10b6b400060203212046ecf751fb2046f6f7a8fcce
:10b6c40000e0002002b010bd0020fbe70020f9e7f5
:020000040000fa
:020000040103f6
:10b6d40010b582b00191adf8022010b30446b1f563
:10b6e400702f21d293b2013b9bb2b3f5806f01d38b
:10b6f400002017e041f60451f6f74ef8b0b10423e8
:10b704000deb030203212046ecf728fb02230deb8b
:10b71400030203212046ecf721fb2046f6f778fcd0
:10b7240000e0002002b010bd0020fbe70020f9e794
:020000040000fa
:020000040103f6
:10b7340010b588b0154b1c681cb34ff0ff3304934d
:10b7440005938df8183048238df8113000238df8b7
:10b75400123001238df81430aa238df815300521f9
:10b764000df1110012f094f940f001008df816006b
:10b774000922694604a8a04728b19df8080008b02a
:10b7840010bdff20fbe7ff20f9e700bf8828012058
:020000040000fa
:020000040103f6
:10b79400431e13f1030f26d870b504460378e3b1b2
:10b7a40000234370104b984218d00f4d00221146cd
:10b7b400286a0ff0d5fc286a04f022f80b49286a9d
:10b7c40002f022fca86a11f08bff0026ae62286a00
:10b7d40008f0f8f985f82460a67070bd03f1ac0098
:10b7e4000ff07afbe1e77047d815012025330401f7
:020000040000fa
:020000040103f6
:10b7f400f8b51d46431e13f1030f1ed80446164622
:10b804008368e3b1eab183780bb90120f8bd03463c
:10b814000e4a2946012007f0c6fa074698b12b467e
:10b824003246002102f071f93946a06806f05afb4d
:10b8340080f00100c000c0b2e8e70220e6e7022081
:10b84400e4e70220e2e70820e0e700bf8d150101ec
:020000040000fa
:020000040103f6
:10b8540030b3034690f9002022b3d0b2811ec9b29e
:10b86400032921d810b593f801c0104c34f81220e4
:10b874001cf0010f0bd00338c0b2012804d9997809
:10b88400d81cf9f765fa10bd42f44072f7e71cf0d2
:10b89400020ff4d001299cbf22f4807292b2eee729
:10b8a4000020704701207047002070473cd00401fd
:020000040000fa
:020000040103f6
:10b8b400431e13f1030f22d870b582b004460d461f
:10b8c4008368f3b1837813b9012002b070bd0346d5
:10b8d4000e4a0021012007f066fa064698b10123ba
:10b8e40000932b460a2202210ef01efc3146a0686a
:10b8f40006f0f8fa80f00100c000c0b2e5e70220cb
:10b9040070470220e1e70820dfe700bf8bc4040191
:020000040000fa
:020000040103f6
:10b91400431e13f1030f22d870b582b004460d46be
:10b924008368f3b1837813b9012002b070bd034674
:10b934000e4a0021012007f036fa064698b100238a
:10b9440000932b460a2201210ef018fc3146a06810
:10b9540006f0c8fa80f00100c000c0b2e5e702209a
:10b9640070470220e1e70820dfe700bfe5c40401d7
:020000040000fa
:020000040103f6
:10b97400431e13f1030f22d870b582b004460d465e
:10b984008368f3b1837813b9012002b070bd034614
:10b994000e4a8021012007f006fa064698b10023da
:10b9a40000932b460a2202210ef0e8fb3146a068e0
:10b9b40006f098fa80f00100c000c0b2e5e702206a
:10b9c40070470220e1e70820dfe700bfe5c4040177
:020000040000fa
:020000040103f6
:10b9d40038b5431e13f1030f1cd804468368dbb14a
:10b9e4008278dab193f87930d3b103460f4a002153
:10b9f400012007f0d8f90546a0b1002104f071fb3d
:10ba04002946a06806f06efa70b1a368002083f896
:10ba1400790004e0022002e0022000e0012038bda9
:10ba24000820fce70820fae70820f8e7752c030152
:020000040000fa
:020000040103f6
:10ba3400431e13f1030f22d870b582b004460d469d
:10ba440002291ed8837813b9012002b070bd0346c1
:10ba54000e4a0021012007f0a6f9064698b10023fa
:10ba640000932b46032209210ef0b2fb3146a06855
:10ba740006f038fa80f00100c000c0b2e5e7022009
:10ba840070470220e1e70820dfe700bff7c40401a4
:020000040000fa
:020000040103f6
:10ba9400431e13f1030f22d870b582b004460d463d
:10baa4008368f3b1837813b9012002b070bd0346f3
:10bab4000e4a0021012007f076f9064698b10123c9
:10bac40000932b46022214210ef09efb3146a068ff
:10bad40006f008fa80f00100c000c0b2e5e70220d9
:10bae40070470220e1e70820dfe700bfd53b0101f2
:020000040000fa
:020000040103f6
:10baf400431e13f1030f22d870b582b004460d46dd
:10bb04008368f3b1837813b9012002b070bd034692
:10bb14000e4a0021012007f046f9064698b1012398
:10bb240000932b460a221e210ef06efb3146a068bc
:10bb340006f0d8f980f00100c000c0b2e5e70220a9
:10bb440070470220e1e70820dfe700bfd53b010191
:020000040000fa
:020000040103f6
:10bb5400034630b3026832b34ff08440026822f0e7
:10bb64000202026001b911491a68b1fbf2f1ff291e
:10bb740028bfff219a685868024342ea01224ff025
:10bb840084418a604a6822f47062db6813434b6024
:10bb940002230b600a46136a13f0020ffbd0012044
:10bba4007047002070470020704700bf40787d0137
:020000040000fa
:020000040103f6
:10bbb40038b500890bf058f8044610b90125284619
:10bbc40038bdc36d002bf9d1c378e3b9f2f71afd80
:10bbd4000028f3d1e36da27a83f858212346e26d5d
:10bbe40053f8041fc2f859119b88a2f85d3120460e
:10bbf400f7f730fc05460028e1d1044904f1600060
:10bc0400e8f77afedbe702f01dfdf3e7a064d1015b
:020000040000fa
:020000040103f6
:10bc14000200000031db020104000000110e0201e9
:10bc240006000000812a0201080000008557010176
:10bc34000a000000ddbf02010c0000003180020197
:10bc44001000000099bd010112000000c5d80401d4
:10bc5400520000009dbe04011600000019f9010104
:10bc64001800000011a902011e00000089870301c9
:020000040000fa
:020000040103f6
:10bc740070b5164d00242b6803eb84031a6992b146
:10bc8400d17881b1012656721b69188811f00cff16
:10bc940048b1221d2b6853f8223031464ff6ff720b
:10bca400187800f06bfd0134082ce4d14ff4827055
:10bcb40011f00eff40b11022027000228280012296
:10bcc400827104210bf082ff002070bd4429012001
:020000040000fa
:020000040103f6
:10bcd400f0b589b006ad16460f46adf80e000595d1
:10bce400faf764f90446014605a811f0d1fabdf843
:10bcf4000e1005a811f0d2fa397805a811f0c8fa87
:10bd0400317805a811f0c4fa0df10e0300930195e2
:10bd14000223052242f2300140f201100af086fead
:10bd2400024b33f8140009b0f0bd00bfda4d030133
:020000040000fa
:020000040103f6
:10bd3400134b70b54022134c134ec3f8842123686f
:10bd44001bb9bde870400ff05bbb0ef09bfc25688f
:10bd54002b68236003b964600cf088fc01236a79c2
:10bd640033700a4b284653f82230984795f904302b
:10bd7400002b02db284609f073f800233370dee75a
:10bd840000e100e050270120d129012004280120ee
:020000040000fa
:020000040103f6
:10bd940073b50c4616461d460cf060fef8b1611ee4
:10bda400c9b200680ff074fb0e4b307093f9013088
:10bdb4002b7000240c4b0093022201235221ec200f
:10bdc400edf754fa44b1094b009301940123002286
:10bdd400fd21ec20edf74afa204602b070bd0224a2
:10bde400e8e700bf002701205b65040178650401d2
:020000040000fa
:020000040103f6
:10bdf40013b5154b019004460093ec200123022255
:10be04008021edf733fa20460cf028fea8b1006833
:10be140090f8e430213b012b11d80bf04bfe80b994
:10be240007240a4b0093019401230022ff21ec20f4
:10be3400edf71cfa204602b010bd0224f1e70c24f1
:10be4400efe70024f6e700bf84a70401797d04012d
:020000040000fa
:020000040103f6
:10be5400bd1a3ccda6b8995899b740eb7b60ff4a10
:10be6400503f10d2e3b3c974385fc5a3d4f6493f39
:10be7400e69d350e480103ccdbfdf4ac1191f4efe3
:10be8400b9a5f9e9a7832c5e2cbe97f2d203b020a2
:10be94008bd28915d08e1c742430ed8fc245637605
:10bea4005c15525abf9a32636deb2a65499c80dc5b
:020000040000fa
:020000040103f6
:10beb40038b50146c07d30b391f82a000ff00cfb71
:10bec400114b1b680246187b0ff006fb4d8f104484
:10bed400684340f2e24404fb00f20c4cb2fbf4f081
:10bee40004fb102404b101304b7e212b40f271235a
:10bef40003fb05f308bf00f28d10a3f196029042f4
:10bf040028bfa3f1970038bd2429012040420f0027
:020000040000fa
:020000040103f6
:10bf140010b5144c226892f8383013b304281ad0a0
:10bf24001149096891f9041000291adaff2812d17d
:10bf3400002382f838300d48ecf7a2fc226813780d
:10bf4400d9060ed56ff3041313702368bde81040af
:10bf5400d86bf5f743ba013bdbb282f83830002bdb
:10bf6400e9d010bda029012024290120d0240120da
:020000040000fa
:020000040103f6
:10bf7400f8b5164d90f8502029684432064651f819
:10bf8400324004b9f8bd05f007fd27680bf0defc6c
:10bf9400a3689e4217d105f0fffcd4e9003253b1e7
:10bfa4005a60d4e900231a600bf0d0fc2046bde8a7
:10bfb400f84007f049bc96f850102b6803ebc10316
:10bfc400c3f82422ede73c46dbe700bf3829012013
:020000040000fa
:020000040103f6
:10bfd40073b5c36d0446a3b94388012b11d10191f4
:10bfe4000df1030001a910f0d9fe104b9df8035088
:10bff4001b689b793bb12b0705d403212046f7f737
:10c00400e1f902b070bd012684f8545084f85560fb
:10c01400082011f05dfd01460028f2d00670238847
:10c0240083808571082011f023fbeae74029012071
:020000040000fa
:020000040103f6
:10c03400f8b5134c134d144f002226462b685100bb
:10c04400cb4003f00303012b0cd1062303fb027343
:10c05400d0b21968c4f805109b88a4f80930211dd2
:10c06400fbf7defd0132082a04f10904e6d12b684e
:10c074003360502202490548bde8f8400df0bebccb
:10c084002823012050290120003301413842014472
:020000040000fa
:020000040103f6
:10c0940070b504460df092fc01460546204603f0b7
:10c0a4005bfe04f1170304f1270200bf13f8011b20
:10c0b400c9b99342fad101220c4e33682b4420466d
:10c0c400da7005f0dffd272230680b2312fb0533fd
:10c0d400184421460ff0d8fa32680123ab40157892
:10c0e4001d43157070bd0022e6e700bf54290120ee
:020000040000fa
:020000040103f6
:10c0f40037b50468a36f1b0405461ad405f04cfc3d
:10c10400a36f43f40043a3670bf020fcd4e924138a
:10c1140020465b1ad9b210f079fdd4f8903001951d
:10c124005b1ac4f89030042201ab08490120fef7e1
:10c1340013fa237d3bb105f02ffca36f43f080631a
:10c14400a3670bf003fc03b030bd00bfa1040101e1
:020000040000fa
:020000040103f6
:10c15400f0b59bb004460d46164600214c2207a8b4
:10c164001f4610f029f84ff0ff324ff48173cde9e8
:10c17400022304b901accde9044555b16b1e002d71
:10c18400069308da094b4f221a604ff0ff301bb0b8
:10c19400f0bd2b46f3e71cbf002323703a4631461b
:10c1a40002a8cde907440ef081fcf0e7b429012090
:020000040000fa
:020000040103f6
:10c1b40008b32de9f0410d4617461e460446e9b181
:10c1c40008460ff06dfa8046d8b120281cdcc4f86c
:10c1d4009471c4f818610026c4f81c61024629460b
:10c1e40004f5a2700ff050fac4f86481c4f84061f9
:10c1f4003046bde8f0816ff0ac0070476ff0ac00e2
:0ec20400f7e76ff08300f4e76ff08300f1e7d7
:020000040000fa
:020000040103f6
:10c21200f0b583b01c4626238df8073000b30f46d5
:10c2220015460646f9b140f60901f5f7b6fae0b14e
:10c2320001230df1070203213046ebf790fd2b4657
:10c242003a4605213046ebf78afd2cb1089b22467f
:10c2520005213046ebf783fd3046f5f7dafe00e0c4
:0ec26200002003b0f0bd0020fbe70020f9e74c
:020000040000fa
:020000040103f6
:10c2700010b588b004461822002102a80ff09effd6
:10c280000df1020101a80af0fffbbdf80220019b9d
:10c29000110423f07043019348bf03f1ff3304936b
:10c2a0009df8083058bfadf80c2023f00c0348bfb0
:10c2b00002f2e24243f00c0302a9204648bfadf867
:0ec2c0000c208df8083010f0a3fd08b010bd62
:020000040000fa
:020000040103f6
:10c2ce0070b540b300200cf096f9064601200cf034
:10c2de0092f9054602200cf08ef904464ff6ff71d6
:10c2ee00002005f010fb4ff6ff71012005f00bfb4f
:10c2fe004ff6ff71022005f006fb314600200cf0d0
:10c30e008cf9294601200cf088f921460220bde85f
:0ec31e0070400cf082b9044605460646dee784
:020000040000fa
:020000040103f6
:10c32c0038b5c16d91f82c3091f8e85004461d4099
:10c33c0091f8e90091f82d301840e378cbb9ea3147
:10c34c000bf018fce16d2e3128460bf013fc94f821
:10c35c0057306bb1e26d92f8ea3023f0030382f8a8
:10c36c00ea30e26d92f82e3023f0030382f82e307f
:0ec37c0038bd2e310bf0fefbe16dea31e4e737
:020000040000fa
:020000040103f6
:02c38a007047fa
:020000040000fa
:020000040103f6
:10c38c00c4c3030113000000e0c30301000000005c
:10c39c00a8c303019466040100000000acc30301b0
:10c3ac00694f0301e5af04011dbc0401d9a40201ce
:10c3bc00fdd6040131bc0401d9d00401f5b104014e
:10c3cc000db204017dd80401c1bd0401d5bd040129
:0cc3dc00c17704013d3b0201c1d0040107
:020000040000fa
:020000040103f6
:10c3e80008b5154b9b7dd3b1134a137edbb2927d02
:10c3f80012f0800f14d1104a137edbb2927d12f036
:10c40800010f02d013f0010f10d10b4a137edbb2db
:10c41800927d12f0040f02d013f0040f09d108bd69
:10c4280013f0800fe7d003f0dff8e4e7f2f744f900
:0cc43800ebe7f1f745f9f2e700100040d7
:020000040000fa
:020000040103f6
:10c444002de970430646144cd4f8a4309b699847f0
:10c45400c4f8b400d4f8b4000ef0e6fd054607f0c5
:10c46400b3fc11f051f9d4e9328915eb080249f112
:10c474000003c4e9322311f04bf93046faf750f8bf
:10c4840008b9bde8708311f03ff90446f0f79cfc4d
:0cc49400204611f03df9f4e7d01d012016
:020000040000fa
:020000040103f6
:10c4a0002de9d04183b007460e461146984603b9a0
:10c4b000f8b129b94ff0ff34204603b0bde8d08170
:10c4c0000d4bd3f8ac004ff47a720023a0fb0101ae
:10c4d00009f08cfe0146cdf8008033463a46002034
:10c4e000f3f740fb0446b0f1ff3fe5d000f0bcfda0
:0cc4f000e2e74ff0ff34dfe7d01d012031
:020000040000fa
:020000040103f6
:10c4fc002de9f041f0b10c468046e9b10b7803f020
:10c50c00f003f02b1ad14b78192b1bd18d782946bf
:10c51c00e01cf7f78ff90746b0b985b1e61c054664
:10c52c0031464046e7f7dcf901351936a378ab42c2
:10c53c00f6dc04e0012702e0012700e00127384681
:0cc54c00bde8f0810127fae70127f8e7bd
:020000040000fa
:020000040103f6
:10c558002de9f04106460d4614461f469df8188001
:10c568000a4600210ff026fe2846bd4228bf38465d
:10c57800b8f1000f0cd148b106f1ff3c221800bffa
:10c5880014f8013b0cf8013fa242f9d1bde8f08153
:10c598000028fbd006eb000c221800bf14f8013b62
:0cc5a8000cf8013d9442f9d1f0e700bf0f
:020000040000fa
:020000040103f6
:10c5b40058b32de9f04184b00746c4683cb9002360
:10c5c400fb603b6104b0bde8f081002cf7d0254648
:10c5d400a04624686b68002bf7d02b7b8df80c30b9
:10c5e4008df80d3007f18c0630460ef099fca868e2
:10c5f40003ab00936d68012342463946a8474ff0c8
:0cc60400ff3130460ff09dfedfe770476d
:020000040000fa
:020000040103f6
:10c6100010b588b0144b1c680cb34ff0ff33049373
:10c6200005938df818307b238df8113000238df899
:10c6300012308df814308df8153005210df11100f0
:10c6400011f028fa40f001008df816000922694621
:10c6500004a8a04728b19df8080008b010bdff202d
:0cc66000fbe7ff20f9e700bf882801205d
:020000040000fa
:020000040103f6
:10c66c0038b5431e13f1030f1bd804468368d3b1ae
:10c67c008278d2b193f87a30cbb103460e4a0021be
:10c68c00012006f08cfb054698b1002103f04afd11
:10c69c002946a06805f022fc80f00100c000c0b261
:10c6ac0004e0022002e0022000e0012038bd082056
:0cc6bc00fce70820fae700bff7c4040107
:020000040000fa
:020000040103f6
:10c6c80008b51149012010f007f9104b1a68d2f883
:10c6d800bc3103f0f80343f4c06343f00103c2f82c
:10c6e800bc310b4b4ff0082119604ff4e061998081
:10c6f80000219971074bc2f87831074bc2f8fc3119
:10c70800bde808400ff0d0bbeca204018c28012042
:0cc71800e4270120c583040161960401a0
:020000040000fa
:020000040103f6
:10c724002de9f341064680880f461446984611f0d9
:10c734003ff9054600b300f11003414601a80193f7
:10c7440010f0a6fdb388013b9c4288bf9cb224b183
:10c7540022463946019811f0c3f9611c2a4689b270
:10c7640030460df08bfb044610b1284611f0a0f9b9
:0cc77400204602b0bde8f0811124f9e776
:020000040000fa
:020000040103f6
:10c78000f8b50f46154609f0f9fb064600b3fa2046
:10c7900011f0a0f90446e8b10f4b40f8043b3946cc
:10c7a00011f09cf92946a01d11f098f91d2384f879
:10c7b000f83021463088e2f75ff9054618b9737af8
:10c7c00043f002037372204611f086f92846f8bd43
:0cc7d0000325fbe70225f9e71200040036
:020000040000fa
:020000040103f6
:10c7dc0030b5c5b00288adf81020828883788168a6
:10c7ec008df81230fb2a1346044628bffb2305a8fc
:10c7fc008df813300ef044ff2046daf739ff0df1b7
:10c80c000f0404ad8df80f00cde90054ff23012275
:10c81c0042f2370140f201100af004f92278024b7f
:0cc82c0033f8120045b030bdda4d0301b6
:020000040000fa
:020000040103f6
:10c8380070b50546c4b0dcf709fa2a88adf81020af
:10c84800aa88ab788df80f00fb2a0df10f068df83a
:10c858001230a968134604ac28bffb2305a88df83d
:10c8680013300ef00fffcde90046ff23012242f2fc
:10c87800380140f201100af0d7f83278024b33f849
:0cc88800120044b070bd00bfda4d030187
:020000040000fa
:020000040103f6
:10c894002de9f041e2b00c4617468046d0f7c2ffbe
:10c8a4008df80d4004eb44040df10b058df80b00dd
:10c8b4006200394603ae0df10e008df80c800ef0c7
:10c8c400e3fecde900654ff4be73012242f2390163
:10c8d40040f201100af0aaf82a78034b33f8120048
:0cc8e40062b0bde8f08100bfda4d030136
:020000040000fa
:020000040103f6
:10c8f00038b590f8e43004460d4633bb0c20eff712
:10c9000045f8c4f8b801b5f801300381d4f8b8315e
:10c91000b5f803205a81d4f8b831b5f805209a80cb
:10c92000d4f8b831b5f80720da80d4f8b831fb2252
:10c930001a8094f8ee3013f0080fd4f8b83114bf11
:0cc9400044f2902240f648025a8038bdb4
:020000040000fa
:020000040103f6
:10c94c002de9f84390f8b0510646894617469846ab
:10c95c00edb90c2011f0b8f8044640b17fb138465f
:10c96c0011f0b2f8a06020b9204611f0aff80725fd
:10c97c0011e02560d6f8ac311c60c6f8ac4184f8e7
:10c98c0004903a464146a0680ef07afe03e002237a
:0cc99c0080f8b03100252846bde8f88383
:020000040000fa
:020000040103f6
:10c9a80038b5044630b34ff0806190f850000bf072
:10c9b800bbf86378002523f0120363702046a58036
:10c9c800fff7d4fa2046f9f72ffb94f85330012be0
:10c9d800237808bf84f85350012b0bd1064b1b68f2
:10c9e800d3f8082232b9214694f85000bde83840ff
:0cc9f80010f0ebbf38bd00bf3829012053
:020000040000fa
:020000040103f6
:10ca0400f8b5124c1249134e134f502220460cf025
:10ca1400f5ff23683360002533686a00d34003f0d0
:10ca24000303012b0cd12246062303fb057352f8a2
:10ca3400051f196092889a802179e8b2fbf778f88b
:10ca44000135082d04f10904e6d1f8bd282301209d
:0cca540038420144502901200033014108
:020000040000fa
:020000040103f6
:10ca6000154b0178d3f8b02f61f31742c3f8b02ffc
:10ca7000d3f8b02f417861f31f62c3f8b02fd3f819
:10ca8000b42f817861f30702c3f8b42fd3f8b42f21
:10ca9000c17861f30f22c3f8b42f0179d3f8b42f12
:10caa00061f31742c3f8b42f4179d3f8b42f61f37f
:0ccab0001f62c3f8b42f7047002401413e
:020000040000fa
:020000040103f6
:10cabc00144b024600681860918892799a7133f889
:10cacc00042c998042f0020223f8042c53f8080c31
:10cadc00c0f38070a3f5776388b1d3f8943fc3f3a8
:10caec000263094a11680a781944c97830b122faec
:10cafc0003f010f0010018bf81f001007047002313
:0ccb0c00efe700bf703301415429012005
:020000040000fa
:020000040103f6
:10cb180084b01fb507ac84e80e000b46032809d87b
:10cb2800dfe800f0020d141a0b9b009394e80f0045
:10cb380009f0c8fa04b0bde8104004b070470b9b78
:10cb4800009394e80f000bf0a3f8f3e700221221fa
:10cb580018460ef073fdede7039103ab042202497a
:0ccb68000120fdf7f7fce5e713040101d4
:020000040000fa
:020000040103f6
:10cb740008b5134a136823f400731b041b0c1380b9
:10cb840078b900bf0cf03afe6ff4e173c3189bb29e
:10cb9400942bf7d9a0f2134080b29428f2d9e3f78a
:10cba40047faf9f703fb074b1b6800225a63064a4e
:10cbb4001b781168c3f3801363f34d31116008bd12
:0ccbc400243f0141a02901203838014124
:020000040000fa
:020000040103f6
:10cbd00010b544210620faf7b3fa0f4b1860c0b124
:10cbe0000e4b43600e4c0f4b02680f491a60082031
:10cbf00010f052fc0bf064f83422002120460ff0b4
:10cc0000ddfa10f0cffa4730207005f0c5f80020ab
:10cc100010bd0720fce700bf9c2901200d8d0201fb
:0ccc2000b4240120a02901205d61040162
:020000040000fa
:020000040103f6
:10cc2c0037b5144d2b68044673b10cf023ff0190fb
:10cc3c0001a80ef05cff0f30019920f00f000ef0f0
:10cc4c0037fd58b100232b60012c38bf01240f3461
:10cc5c0034f00f0405d1084b0c221a60002003b0ed
:10cc6c0030bd2046f8f79afd0028f8d040f8044c67
:0ccc7c00f5e700bf042b0120b4290120c3
:020000040000fa
:020000040103f6
:10cc88000e4a38b5002313600d4a0e4c13600e4a45
:10cc98000e4d13600e4a13600e4a13600e4a53621b
:10cca8001361012393600ff0bfff10f096ffac42b1
:10ccb80000d338bd54f8043b9847f8e7b829012059
:10ccc800842301200c410001802301201041000130
:0cccd800782301207c2301208823012008
:020000040000fa
:020000040103f6
:10cce40038b50d46044608b9002038bd43689b0694
:10ccf40007d5d0e905239a4216d80023c4e90533a1
:10cd0400a362d4e90f13994204d220680122c91afc
:10cd140010f02aff0023c4e90f33002de4d020686b
:10cd2400bde8384010f065be0022c36a114698473a
:0ccd34006369002be1d14ff0ff30d6e71f
:020000040000fa
:020000040103f6
:10cd4000f0b589b00e4615461c460746d8b1d0f856
:10cd500018010af0bdfcd0b14368dbb10223019396
:10cd6000029301230393049705960695079443685d
:10cd7000826801a90068984710f1ae0f08bf6ff4f0
:10cd8000877009b0f0bd002007f0e4f8e3e76ff426
:0acd90008770f6e76ff48770f3e791
:020000040000fa
:020000040103f6
:10cd9a00f0b589b00e4615461c460746d8b1d0f8fc
:10cdaa0018010af090fcd0b14368dbb10023039369
:10cdba000223019302930497059606950794436804
:10cdca00826801a90068984710f1ae0f08bf6ff496
:10cdda00877009b0f0bd002007f0b7f8e3e76ff4f9
:0acdea008770f6e76ff48770f3e737
:020000040000fa
:020000040103f6
:10cdf40028b3f8b50f4614461d4606469df818306c
:10ce040013f0fb0f01d0062b1bd14ff430613046d9
:10ce1400f4f7c2fcb8b12b4622463946304606f038
:10ce2400b4fe9df818301bb93046f5f7f1f8f8bd9b
:10ce3400012306aa03213046eaf790fff4e7002015
:0ace440070470020f3e70020f1e73b
:020000040000fa
:020000040103f6
:10ce4e0010b582b0adf806108df80520f0b104468d
:10ce5e008bb2f3b1d3b2022b01d9002017e040f60a
:10ce6e000461f4f794fcb0b102230df10602032124
:10ce7e002046eaf76eff01230df10502032120463d
:10ce8e00eaf767ff2046f5f7bef800e0002002b093
:0ace9e0010bd0020fbe70020f9e7bb
:020000040000fa
:020000040103f6
:10cea800f7b5002407460e460c800546ab69ebb182
:10ceb80001aa6946188808f04dfe38b90634802062
:10cec80057f824301b88338003b0f0bd009a937b59
:10ced800928913f0080fab69598805d18a4205d0a9
:10cee8001b8833800d20efe78a42f9d30134082ce0
:0acef80005f10405dad10020e6e799
:020000040000fa
:020000040103f6
:10cf02007fb5064611200d4610f053fd044610b3be
:10cf120000f11003042103a8039310f0baf9039a55
:10cf22002b6813606b685360ab689360eb68d360e7
:10cf320006230093224600231121308808f049fb82
:10cf4200054620b90823b370284604b070bd2046b8
:0acf520010f0affdf8e70225f6e746
:020000040000fa
:020000040103f6
:10cf5c007fb5064611200d4610f026fd044610b391
:10cf6c0000f110030d2103a8039310f08df9039a1f
:10cf7c002b6813606b685360ab689360eb68d3608d
:10cf8c0006230093224600231121308808f01cfb55
:10cf9c00054620b90c23b370284604b070bd20465a
:0acfac0010f082fdf8e70225f6e719
:020000040000fa
:020000040103f6
:02cfb6007047c2
:020000040000fa
:020000040103f6
:10cfb80038b5054606f0eafe114b1b78013bdbb29b
:10cfc800012b1ad80f4b1c68041b10f0c2fc024638
:10cfd800e30e6101091b63f100039b0043ea9173af
:10cfe8008900091943f10003dc000023c80044ea62
:10cff800517109f0f7f8281a38bd2846fce700bf38
:08d008006f2801207c280120a3
:020000040000fa
:020000040103f6
:10d0100038b504461d4631b101291bd000230360f9
:10d020004ff0ff301fe0012b01d900201be003224d
:10d030000021012002f0e2f8206080b1012d0ed124
:10d0400000231a461946e2f7fbfa012814bf002014
:10d05000012008e0294610460cf002fa2060206802
:08d06000003818bf012038bda3
:020000040000fa
:020000040103f6
:10d0680038b5044606f088f810b3204605f01cf8d9
:10d078000546c8b14378cbb983680bb94368836068
:10d088000c4b93f8d0305bb92846fff7d7f900244a
:10d098002c756c7501236b700af062fa204638bd56
:10d0a8002846f9f73bfaf2e70124f5e70024f3e70d
:08d0b8000124f3e7d01d012063
:020000040000fa
:020000040103f6
:10d0c00010b590b0864600238df83c300aacd0f8fd
:10d0d0000200def80610def80a20def80e300fc47b
:10d0e000def8120020600df1040c0a4c0fccace805
:10d0f0000f000fccace80f0023688cf800300aabaf
:10d100009ef800209ef8011001a80bf003fd10b05e
:08d1100010bd00bfe044000166
:020000040000fa
:020000040103f6
:10d1180010b590b0864600238df83c300aacd0f8a4
:10d128000100def80510def80920def80d300fc426
:10d13800def8110020600df1040c0a4c0fccace8ad
:10d148000f000fccace80f0023682cf8023b1b0c37
:10d158008cf800300aaa9ef8001001a80bf0d6fc43
:08d1680010b010bd40470001aa
:020000040000fa
:020000040103f6
:10d1700070b582b00190846ca26be36b9a4203d3ca
:10d180000025284602b070bd94f8456076b20022b2
:10d1900001a92046faf7fafd0546b6f1ff3f0ad18c
:10d1a000636a002bedd004f12400edf70dff002899
:10d1b00018bf0125e5e70ff0fffe8642e1d20136f8
:08d1c00076b284f84560dce75b
:020000040000fa
:020000040103f6
:10d1c80008b3f8b50e4614461f460546f02a1dd882
:10d1d800d0f8183113f1020f05d0202a19d800f51c
:10d1e800b4700ef04ffac5f8f440a3080633c5f83a
:10d1f800f0302246314628460ef044fa3946284691
:10d2080004f064f9f8bd6ff0ac0070476ff0ac0043
:08d21800f8e76ff0ac00f5e748
:020000040000fa
:020000040103f6
:10d22000531e27d410b58c184ff0000ce646026848
:10d23000724515dd0ef1020250f8222022fa0cf29e
:10d2400004f8012d0cf10802bcf1180f08bf0ef113
:10d25000010e02f01f0c013bb3f1ff3fe7d107e0e5
:10d2600001330b44002200bf03f8012d8b42fbd198
:08d27000002010bd00207047f2
:020000040000fa
:020000040103f6
:10d278002de9f04105460e46904608460ef00efa96
:10d28800d0b1074640451ad82c46a84404e000bf50
:10d29800a8eb04039f4214d8254614f8013b53b168
:10d2a80032789a42f4d13a46314628460bf030ff9c
:10d2b8000028edd100e000252846bde8f0810025d2
:08d2c800fae70025f8e700bfba
:020000040000fa
:020000040103f6
:10d2d00070b582b0adf80630f8b10c46154606467a
:10d2e000f1b140f60401f4f759fad8b12b462246c1
:10d2f00005213046eaf734fd02230df10602032131
:10d300003046eaf72dfd022306aa03213046eaf74c
:10d3100027fd3046f4f77efe00e0002002b070bd2d
:08d320000020fbe70020f9e703
:020000040000fa
:020000040103f6
:10d3280010b582b08df80710e8b10446cab2082ad1
:10d338001cd840f21713d34013f0010f18d04ff444
:10d34800b851f4f727faa8b19df807301bb9204661
:10d35800f4f75cfe08e001230df1070203212046e3
:10d36800eaf7fafcf3e7002002b010bd0020fbe763
:08d378000020f9e70020f7e7af
:020000040000fa
:020000040103f6
:10d3800010b582b001910092f8b10446b1f5702f4a
:10d390001ed2531eb3f5702f01d3002016e041f6c4
:10d3a0000351f4f7fbf9a8b104230deb03020321a9
:10d3b0002046eaf7d5fc04236a4603212046eaf713
:10d3c000cffc2046f4f726fe00e0002002b010bd9e
:08d3d0000020fbe70020f9e753
:020000040000fa
:020000040103f6
:10d3d800431e13f1030f1bd810b50468631e13f125
:10d3e800030f17d80146204604f0d6f8a0b194f8e8
:10d3f80079309bb923685a1e12f1030f10d89b7815
:10d4080083b194f87a00b0fa80f04009c00010bdea
:10d41800022070470d20fae70820f8e70e20f6e70b
:08d428000220f4e70120f2e705
:020000040000fa
:020000040103f6
:10d4300038b5431e13f1030f1bd804468368d3b1dc
:10d4400083780bb9012038bd03460e4a0021012024
:10d4500005f0abfc054680b1002102f08efe2946a6
:10d46000a06804f041fd50b1a3680020c3f8580340
:10d47000e9e70220e7e70220e5e70820e3e70820e4
:08d48000e1e700bfd3c4040181
:020000040000fa
:020000040103f6
:10d48800431e13f1030f1dd870b504460d4683687b
:10d49800d3b183780bb9012070bd03460d4a002132
:10d4a800012005f07efc064680b1012103f084f9d5
:10d4b8003146a06804f014fd50b1a368c3f80c53ba
:10d4c8000020e9e7022070470220e5e70820e3e7ab
:08d4d8000820e1e709c5040189
:020000040000fa
:020000040103f6
:10d4e000f8b50024124d134e04e0124b5f61013475
:10d4f000042c1cd004eb440305eb83031b89dbb233
:10d50000e1b28b42f3d173690127a7403b42eed0d1
:10d5100004eb4401064b03eb81031b68002be4d0b2
:10d52000034b03eb810148680b689847dde7f8bdc2
:08d53000e8240120000800407e
:020000040000fa
:020000040103f6
:10d538002de9f843064689469046002500f1180370
:10d5480053f82540efb23cb12288424515d100205e
:10d5580089f80070bde8f8834ff4837010f0b6facc
:10d5680006eb8505a86168b14ff4837221460ef079
:10d5780021feab69a3f80080e9e70135082ddfd16a
:08d588002f46e4e71120e3e760
:020000040000fa
:020000040103f6
:10d5900038b54389152b044620d1037c122b1fd1ab
:10d5a000008908f0ebfc08b9002038bd63681b78df
:10d5b000da0717d5037a0125db078572f4d54ff416
:10d5c000827010f087fa0028eed0112202702289b2
:10d5d0008280857104210af0fbfae5e7132be3d082
:08d5e0008020e2e71320e0e7e0
:020000040000fa
:020000040103f6
:10d5e8002de9f04186b002ad1746064688460395f8
:10d5f800f0f7f8fa0446014603a8adf81060adf854
:10d608001280adf814700ff041fe314603a80ff0f8
:10d6180043fe04ab009301950623032242f2220144
:10d6280040f2011009f000fa024b33f8140006b07a
:08d63800bde8f081da4d0301a9
:020000040000fa
:020000040103f6
:10d6400070b588b006ad0e46adf80e000595fdf735
:10d6500001fd0446014605a80ff01cfebdf80e10a2
:10d6600005a80ff01dfe314605a805220ef0b6fcf8
:10d670000df10e03009301950223082242f21501d9
:10d6800040f2011009f0d4f9024b33f8140008b04d
:08d6900070bd00bfda4d03017b
:020000040000fa
:020000040103f6
:10d698002de9f04186b003ad174606468846059544
:10d6a800e9f71cf80446014605a8adf810608df8a6
:10d6b80012808df813700ff0e9fd314605a80ff0c0
:10d6c800ebfd04ab009301950423032242f27a0197
:10d6d80040f2011009f0a8f9024b33f8140006b023
:08d6e800bde8f081da4d0301f9
:020000040000fa
:020000040103f6
:10d6f00030b585b0124b0093cde9010105460c46cb
:10d70000ec20012302225721ebf7b2fd28460bf053
:10d71000a7f988b1214600680ef02cff70b90724e4
:10d72000084b0093019401230022ff21ec20ebf72a
:10d730009ffd204605b030bd0224f1e70024f8e744
:08d740002a7f0401ba790401fb
:020000040000fa
:020000040103f6
:10d74800f0b5c488114b876885b0260a0093e4b207
:10d7580002231a460546cde901648121ec20ebf746
:10d7680083fd0b4b1b781bb1052e0dd1022c0bd161
:10d77800084b53f826303bb105f10c0239462046d8
:10d7880005b0bde8f040184705b0f0bd56d6040115
:08d79800da290120f02501202f
:020000040000fa
:020000040103f6
:10d7a0007fb5134b0190cde9021204460e46154693
:10d7b000009302223021ec200123ebf759fd2a4689
:10d7c000314620460df01aff78b90a4b9c74344458
:10d7d0002a0604ebd4744fea640454bf6d428022dd
:10d7e000dc741e7554bf5d755a7504b070bd00bf02
:08d7f000767f040100270120ef
:020000040000fa
:020000040103f6
:10d7f80073b5124b01900093044601230d4616465b
:10d8080032210222ec20ebf72ffd0d4b1b681b6f1a
:10d818008bb12046324629469847044640b1094b09
:10d828000093019401230022ff21ec20ebf71cfd5b
:10d83800204602b070bd0c24f1e700bf98c5040172
:08d848002c290120b6b40401f3
:020000040000fa
:020000040103f6
:10d8500000b5836fda0693b020d4027e422a12d13b
:10d8600090f829308df808300522adf8002000220c
:10d870008df804200288adf80620684607f0a8fb62
:10d8800013b05df804fb412a0ad01b040ad590f8b6
:10d89000e230032b0cbf16230823e3e73d23e1e727
:08d8a0001623dfe73e23dde75c
:020000040000fa
:020000040103f6
:10d8a80038b504461048eaf7e9ff012c11d10f4baf
:10d8b8001c78013ce4b21c704cb90d4d0ef0d0fb45
:10d8c8002868446003f0d8fa0a4b2c601c600020da
:10d8d80038bd084b4422002118680ef06bfc04f098
:10d8e80057fa0af0f9f8f2e7d0240120d9290120e3
:08d8f8009c290120a029012058
:020000040000fa
:020000040103f6
:10d9000010b50e4c23789bb9fff762f90c4b0d4a0a
:10d910005a605a6a02f0f8010b4a0a435a620b4bea
:10d920000b4a0c499a6207200ff0fcfc0af0d8f869
:10d93000237801332370002010bd00bfd9290120b6
:10d94000b424012080841e000101020780240120ec
:08d95000a9d80301a1ba0001ee
:020000040000fa
:020000040103f6
:10d95800144b1a686ff3c7121a601a686ff38612ad
:10d968001a601a686ff345121a601a686ff3041286
:10d978001a601a686ff341021a601a686ff300029e
:10d988001a601a686ff3c3021a601a686ff382028a
:10d998001a601a6842f008021a601a6842f0040213
:08d9a8001a607047203a0141aa
:020000040000fa
:020000040103f6
:10d9b00037b50546d0f88840d0f8cc0001a90df065
:10d9c000e1fd0198eb7d400ac4f31604a0428abf32
:10d9d000c0f50000241a2418012b09bf084b094880
:10d9e0001868c0f30e0002bf4ff49c73b0fbf3f055
:10d9f0000130a04234bf0020012003b030bd00bf81
:08da00006c380141ffff3f00fb
:020000040000fa
:020000040103f6
:10da080038b5036d04463bb1426d934204dc0023f4
:10da1800e3644ff0ff3038bd20460af075f900285e
:10da2800f5db236dd4e90f12a3b1656d5b1b551aa5
:10da3800ab420fdc013b0b44e36422b1636d521a25
:10da480001321344636511f8013c834218bf01f8a1
:08da5800010ce0e71346efe7c3
:020000040000fa
:020000040103f6
:10da60002de9ff41134ed1f80080b788adf80c7056
:10da700005463068029002acb0798df80e00002a9d
:10da800018bf1446d1e901671a461bb920460df0ac
:10da900009fe0246002e02dbb24228bf3246cdf814
:10daa00000803b4621462846f9f780fc04b0bde8db
:08dab000f08100bfd79a0401c8
:020000040000fa
:020000040103f6
:10dab80070b582b08df80730f0b10c4615460646b1
:10dac800e9b1dbb2022b01d9002016e040f60201d1
:10dad800f3f760fea8b12b46224605213046eaf747
:10dae8003bf901230df1070203213046eaf734f927
:10daf8003046f4f78bfa00e0002002b070bd002039
:06db0800fbe70020f9e735
:020000040000fa
:020000040103f6
:10db0e0070b582b08df80710e0b114461d4606467a
:10db1e00cbb2012b19d8d2b140f60111f3f737fe73
:10db2e00b8b101230df1070203213046eaf711f9ce
:10db3e002b46224606213046eaf70bf93046f4f71b
:10db4e0062fa00e0002002b070bd0020fbe700206a
:06db5e00f9e70020f7e7e3
:020000040000fa
:020000040103f6
:10db6400f8b518b30e460546047804b38b1edbb231
:10db7400012b01d900241ae000f18c074ff0ff318a
:10db840038460ef0defb012813d16b78032b01d04d
:10db9400032e04d06e7038460df0c2f907e0e96830
:10dba4000029f7d02846ebf7cffff3e700242046ff
:06dbb400f8bd0024fbe7b0
:020000040000fa
:020000040103f6
:10dbba00431e13f1030f1ad88368d3b1dab1e1b166
:10dbca008178e1b193f82410d9b100b5596ad3f834
:10dbda0028e0d3f82cc0186b1160c2f804e0c2f830
:10dbea0008c0d060596b116100205df804fb022067
:10dbfa0070470220704702207047022070470120b8
:06dc0a0070470a2070477c
:020000040000fa
:020000040103f6
:10dc1000431e13f1030f1ed870b504460d46e1b143
:10dc20000668731e13f1030f19d80146304603f03e
:10dc3000b7fcb0b1a37a33b996f87a30022b0cbf97
:10dc40000a20082070bd63682b602289a37aaa800d
:10dc5000ab710020f6e7022070470220f2e70d20aa
:06dc6000f0e70820eee7ea
:020000040000fa
:020000040103f6
:10dc660010b503460c46bab990f8012172b990f87e
:10dc7600ff1059b9002c14bf0122022280f801219d
:10dc8600d0f86c01224618b10bf057fe002010bdeb
:10dc96000146d3f86801f7e7d0f8001111f0ff113b
:10dca600f4d1002c14bf0122022280f80221224660
:06dcb600d0f87001e8e760
:020000040000fa
:020000040103f6
:10dcbc0010b5c37d04461bbbd0f8b431b0f85c1072
:10dccc001a88a0f846205a88a0f848209a88a0f80c
:10dcdc004a20da88a0f84c201a89a0f84e209981a5
:10dcec00598859815968c3f80e105a8202f0f8fa13
:10dcfc0008b9002010bd082384f8e2300120f9e7b0
:06dd0c0004f010fef4e734
:020000040000fa
:020000040103f6
:10dd120070b50821054600200bf042f9044600b315
:10dd22000ef097f90146c8b10126c6714671d5f8c1
:10dd3200b431c36028460ff0e0fd2673d5f8b43144
:10dd42001a68c4f80d201b79637428462146f3f73c
:10dd5200a6fa122385f8e230002070bd20460ff0ab
:06dd62007efc0720f9e73a
:020000040000fa
:020000040103f6
:10dd6800f8b5069c054624b32079e1800f0e67f3c9
:10dd780002002071080c607122b1194604f10800f4
:10dd88000df080fc032d14d8dfe805f002070b0f17
:10dd9800204607f06fff0020f8bd204602f050fe35
:10dda800f9e7204607f07efff5e7204602f06cfe13
:06ddb800f1e71f20f0e777
:020000040000fa
:020000040103f6
:10ddbe00f0b50c46d1e9011687b02368059300290a
:10ddce00a4bf23f00203059305abe76802930a2371
:10ddde00cde900630546d2e900232046f9f793ff0b
:10ddee002269059b0093013a3346121a39182846c8
:10ddfe00f9f7d5fa6b68db0503d563689842b8bfaf
:06de0e00184607b0f0bd4c
:020000040000fa
:020000040103f6
:10de1400f0b595b00746124b1b6893f82020cab1a1
:10de24000c4600250e4e2b4401a993f82100eaf775
:10de3400ddfa98b901982060bdf808209df80a30f1
:10de4400a280a371336893f8202001350734e9b226
:10de54008a42e8d83a70002015b0f0bd0120fbe7f3
:04de6400cc1d0120b0
:020000040000fa
:020000040103f6
:10de6800134b01221a801a46136913f0010ffbd1d4
:10de78000f4b4ff401421a801a46136913f4004fee
:10de8800fbd10b4b00221a621a46136913f0200fbc
:10de9800fbd1074b00225a621a46136913f0400f50
:10dea800fbd1034b4ff480725a815a60704700bf10
:04deb8000000014223
:020000040000fa
:020000040103f6
:10debc0009b330b583b00d4610b9012003b030bda5
:10decc000e4bd3f8ac1000240d4a0023a1fb00012b
:10dedc0008f086f901460094234622462046f1f7c5
:10deec003bfe2860b0f1ff3f01d10120e6e7fff7d0
:10defc00b5f82046e2e70120704700bfd01d012095
:04df0c0040420f0080
:020000040000fa
:020000040103f6
:10df10002de9f843eff311854ff0200383f31188c7
:10df2000bff36f8fbff34f8f036923b1002085f3d9
:10df30001188bde8f883044643690bb10020f6e779
:10df4000d0f81890d0f80880c768067f24220021f6
:10df50000ef034f9c4f81890c4f80880e76026770a
:04df60000120e4e7d1
:020000040000fa
:020000040103f6
:10df640070b582b0019110b9002002b070bd1446a2
:10df74001d4606464ff40c51f3f70efcc0b1019b4d
:10df8400b3f1ff3f05d104b15db93046f4f740f871
:10df9400ebe704230deb030202213046e9f7defe32
:10dfa400f1e72b46224605213046e9f7d7feece798
:04dfb4000020dae788
:020000040000fa
:020000040103f6
:10dfb8002de9f04100b30f46164605460478e4b152
:10dfc80000f18c084ff0ff3140460ef0b8f90128f7
:10dfd80016d1002305f1200151f833203ab101335d
:10dfe800052bf9d1002440460cf098ff05e005eb1d
:10dff800c3052f626e62f6e700242046bde8f08173
:04e008000024fae70f
:020000040000fa
:020000040103f6
:10e00c00f8b508b30e4605460478f4b100f18c0758
:10e01c004ff0ff3138460ef090f9012817d100234c
:10e02c0005f1200151f83320b24207d00133052b02
:10e03c00f8d1002438460cf06fff06e005ebc30561
:10e04c0000232b626b62f5e700242046f8bd002408
:04e05c00fbe700bf1f
:020000040000fa
:020000040103f6
:10e0600020b338b50c46054611b34279837943eaab
:10e0700002234b80407a087101f1100205f10a0178
:10e0800001f09afb88b16b7a7bb1002304f1140e86
:10e0900012349c4634f833205ef8331001f802c085
:10e0a0000133697adab29142f4d838bd0020704762
:04e0b0000020fae76b
:020000040000fa
:020000040103f6
:10e0b40030b5124c124d2379226885b08df80430a6
:10e0c4002b68009293f828000ff0eafb2b688df878
:10e0d400060053f8292fcdf807209b88adf80b30a4
:10e0e4000df10500b4f80530adf80d300cf088f9e9
:10e0f400684606f029f805b030bd00bfe4270120ca
:04e104008c28012042
:020000040000fa
:020000040103f6
:10e1080070b4806805886b1eb3f5fa7f1fd2438808
:10e118005a1eb2f5fa7f1ad28188b1f5fa7f16d263
:10e12800c488b4f5fa7f12d202890a3a92b240f64c
:10e138007646b2420bd89d4209d801fb0331b1f5ae
:10e14800fa7f04dca34202d970bc06f0f7b80320ba
:04e1580070bc7047e0
:020000040000fa
:020000040103f6
:10e15c0073b54d89032d06460c461cd10b7c03f080
:10e16c00bf03122b08d14968a07b08f0f4f8b8b9aa
:10e17c000025284602b070bd2a460df10701fff7b5
:10e18c00d5f905460028f4d122469df807103046f3
:10e19c00faf782faede70ef0c9ff01308542e7d0bd
:04e1ac008025e6e7fd
:020000040000fa
:020000040103f6
:10e1b00038b5134b044618680368d2b9a1894f29b2
:10e1c00001d8302919d13bb1a589d9898d420dd803
:10e1d000e1899b8999420ed2214609f07dfb0025f9
:10e1e000237c0bb1f2f7e4fc284638bd1a461b68c5
:10e1f000e9e70022e7e70125f2e70125f4e700bfa0
:04e200009c28012035
:020000040000fa
:020000040103f6
:10e2040070b586b004ad0e46adf80e00059501f06c
:10e214000bfd0446014605a80ff03af8bdf80e10b0
:10e2240005a80ff03bf8317805a80ff031f80df18f
:10e234000e03009301950223042241f2054140f2aa
:10e24400011008f0f3fb024b33f8140006b070bd64
:04e25400da4d03019b
:020000040000fa
:020000040103f6
:10e2580070b588b006ad0e46adf80e00059500f015
:10e268001df90446014605a80ff010f8bdf80e1078
:10e2780005a80ff011f8318805a80ff00df80df179
:10e288000e03009301950223052240f67b4140f2dc
:10e29800011008f0c9fb024b33f8140008b070bd38
:04e2a800da4d030147
:020000040000fa
:020000040103f6
:10e2ac00f0b5040b012c85b005460e4601d10af0e1
:10e2bc0091f9efb20d4b0093c5f30325cde9014560
:10e2cc000397042301220021ee20eaf7cbff084b31
:10e2dc0004f18044013c1b68324653f82430394623
:10e2ec0028469847308005b0f0bd00bf2e6504016c
:04e2fc00b028012025
:020000040000fa
:020000040103f6
:10e300004b0705d0cb1d23f007030844c01a19465c
:10e310000b4b002219605a600b18083b23f00703cf
:10e320000848c3e900225a1ac1e900320360064bcb
:10e330001a60064b1a60064b4ff000421a60704795
:10e34000fc270120d0280120cc280120c82801204a
:04e35000c4280120bc
:020000040000fa
:020000040103f6
:10e3540037b5124b0093022201230a210546ec2013
:10e36400eaf784ff0ef03afb044640b901200ef0b0
:10e374002dfb40f272632b80204603b030bd4ff674
:10e38400ff732b800c24064b00930194012300227d
:10e39400ff21ec20eaf76affeee700bf84b904012d
:04e3a400906d040173
:020000040000fa
:020000040103f6
:10e3a80010b590f8fc3004467bb9d4f8c830abb946
:10e3b800d4f8d00088b194f8c430022b03d10121dd
:10e3c8002046f2f7b2f9002007e0002380f8fc307d
:10e3d800074b1b6898470028e7d010bd94f8b43065
:10e3e800022be5d100212046f2f79ff9e0e700bfb4
:04e3f80000290120d7
:020000040000fa
:020000040103f6
:10e3fc0010b50e4c0e4900200ef0ccfa214601202f
:10e40c000ef0c8fa0b4902200ef0c4fa0a49032098
:10e41c000ef0c0fa214604200ef0bcfa07480ef0ac
:10e42c0063ff07480ef0a8ff002010bded7101013d
:10e43c00b92f0101792901018d1c0201f9e80101b3
:04e44c0041980401ee
:020000040000fa
:020000040103f6
:10e4500037b5114b00930222012310210546ec2011
:10e46000eaf706ff0ef0c4fa044648b90b4b93f9dd
:10e4700000302b7001200ef0a3fa204603b030bd0f
:10e48000ff210c24064b00932970019401230022e4
:10e49000ec20eaf7edfef0e7b0b904010027012017
:04e4a0001c7f0401d8
:020000040000fa
:020000040103f6
:10e4a4007fb506460d460af0d9fae0b10368b3f821
:10e4b40054312b8000242b88cde901630b4b00934e
:10e4c400022201235921ec20eaf7d0fe44b1084b83
:10e4d4000093019401230022ff21ec20eaf7c6fef9
:10e4e400204604b070bd0224e5e700bfc85704010c
:04e4f400ba790401ec
:020000040000fa
:020000040103f6
:10e4f80070b50321054600200af04ffd044600b31d
:10e5080017230373d5f8b81195f843310a78497879
:10e51800134095f8422183730a4042730146284606
:10e52800f2f7bafeee7d012e0ad1d5f8b831b5f86a
:10e5380060201a81617b2846f6f722ffa5f8600063
:04e54800012070bd81
:020000040000fa
:020000040103f6
:10e54c0030b50d2185b0054600200af024fd0446a7
:10e55c00f0b10c2101a8f6f709fe01ab03cb05f5d0
:10e56c008972039bc5f812015160c5f81e31042352
:10e57c0023731368c4f80d305368c4f81130d5f800
:10e58c001e31c4f8153028462146f2f783fe0120cf
:04e59c0005b030bdd9
:020000040000fa
:020000040103f6
:10e5a000042810b505d0104b1b6893f90430002bdc
:10e5b00013da0e4c236893f8380040b9196bfcf756
:10e5c0007bfd58b10a4841681c30e6f797f922688c
:10e5d00092f83830013382f8383010bd2268137851
:10e5e00043f010031370f2e724290120a029012031
:04e5f000b42401202e
:020000040000fa
:020000040103f6
:10e5f40010b5104c0021224608460cf0f5fe2246c8
:10e60400002101200cf0f0fe4ff419700ff060fab5
:10e61400094b1860e8f7eef900200ef0fdfd0ef04e
:10e6240001fe06480ef0ecfd0548bde810400ef072
:10e63400e1bd00bf3d51040138290120558a020182
:04e6440041cb0401c1
:020000040000fa
:020000040103f6
:10e6480030b5054685b002200ff0b0f90446e0b1b8
:10e6580000f110030b2103a803930ef017fe0c4bd7
:10e668001b6803a859780ef011fe0623009328882a
:10e6780000232246022106f0a9ff054610b12046d4
:10e688000ff014fa284605b030bd0225fae700bf9e
:04e6980040290120f4
:020000040000fa
:020000040103f6
:10e69c00124b024600681860908892799a7133f890
:10e6ac00042c988042f0020223f8042c53f8082c16
:10e6bc005200a3f577630ed5094ad3f8943f12683c
:10e6cc001278c3f30263da4012f0010f14bf00207a
:10e6dc0002200b70704702200023fae770330141cf
:04e6ec00542901208c
:020000040000fa
:020000040103f6
:10e6f00038b5002009f086ff0546012009f082ffa9
:10e700004ff6ff710446002003f004f94ff6ff7145
:10e71000012003f0fff84ff6ff71022003f0faf832
:10e7200045f4f04189b2002009f07eff44f0100169
:10e7300089b2012009f078ff30210220bde838407d
:04e7400009f072bfab
:020000040000fa
:020000040103f6
:10e7440070b5002009f05cff0646012009f058ff6f
:10e754000546022009f054ff4ff6ff7104460020dd
:10e7640003f0d6f84ff6ff71012003f0d1f84ff60d
:10e77400ff71022003f0ccf83146002009f052ff6b
:10e784002946012009f04eff21460220bde87040d1
:04e7940009f048bf81
:020000040000fa
:020000040103f6
:10e7980003040c4a43f08073136040f201110139fd
:10e7a8000dd1536813f0800307d05368c3f30723d0
:10e7b80083420abf53680b461b0c1846704700bfbc
:10e7c800ede700bf003e0144054b41ea00411960f6
:10e7d8005a681106fcd45a681206fcd5704700bf67
:04e7e800003e0144aa
:020000040000fa
:020000040103f6
:10e7ec002de9f041e8b00546884617461c466ff007
:10e7fc000102002102a80cf0e8f9064618b13046d7
:10e80c0068b0bde8f081002300936f9b6e9a21469f
:10e81c0002a8f7f7bffe064618b102a80cf06cfc74
:10e82c00ede73b464246294602a8e8f74dfe064670
:02e83c00f3e700
:020000040000fa
:020000040103f6
:10e83e0010b582b000928df80710e8b10446cbb245
:10e84e00013bdbb2022b01d9002016e04ff48051c0
:10e85e00f2f79dff98b101230df107020321204627
:10e86e00e9f777fa04236a4603212046e9f771fa9d
:10e87e002046f3f7c8fb00e0002002b010bd0020d8
:02e88e00fbe7a6
:020000040000fa
:020000040103f6
:10e8900030b330b583b0144605462ab183681bb146
:10e8a0005388b3f5f85f01d003b030bd1379012b65
:10e8b000fad104230deb0302032104f11000e8f761
:10e8c00019f8019a41f601739a42edd1ab68d3f879
:10e8d0003433002be8d041f6017128469847e3e72e
:02e8e00070477f
:020000040000fa
:020000040103f6
:10e8e20013b50489b4f5706f21d2817ac27a007ba4
:10e8f20041ea0203034333f0070318d1adf80040a5
:10e9020099b18df802302ab99df8023043f0020322
:10e912008df80230adf8060068468df803108df8c8
:10e92200042005f04afc02b010bd0123e9e70320f0
:02e93200f9e703
:020000040000fa
:020000040103f6
:10e9340037b590f83830032b054607d1fbf79cfa1e
:10e94400284609f02ff9002385f8383001200ff00c
:10e954002ff8044698b100f11003192101a801937e
:10e964000ef096fc2846224601210bf087fa054654
:10e9740010b120460ff09cf8284603b030bd0225a4
:02e98400fae7b0
:020000040000fa
:020000040103f6
:10e986002de9f04104680e46904625461db1ea6819
:10e99600424503d16d691cb9bde8f0812d68f5e7e4
:10e9a600237a022b0ed8e36843450bd36069401bdc
:10e9b6000df07ff8237ae768012b014604d01bb1de
:10e9c600022b01d02468e6e7304602f032faf860fe
:02e9d600f8e760
:020000040000fa
:020000040103f6
:10e9d80070b500239ab098420393a6bf00f1004394
:10e9e80003f1ff334ff0ff330d46119004900021df
:10e9f800044602a8164612930cf068fedde91e23b1
:10ea08003146cde9002302a80122d1f75dfc35b1da
:10ea1800dde911329b1a179a13441c442c601ab072
:02ea280070bdbf
:020000040000fa
:020000040103f6
:02ea2a00704733
:020000040000fa
:020000040103f6
:10ea2c00f8b5124b1b78e3b1104b00221a701f463d
:10ea3c001e1d00bf0cf0d0fa0146b0b1402928bf12
:10ea4c0040213046f6f78afa05460028f2d03c1de4
:10ea5c00254400bf14f8010bcaf758ffac42f9d19a
:10ea6c00e8e70cf0b9fa0028ded1f8bdc823012084
:020000040000fa
:020000040103f6
:10ea7c0008b583b2c3b9184603eb43020f4b03eb43
:10ea8c008203da689ab100eb40000c4b03eb800375
:10ea9c00526a1869904701280bd002280bd0003815
:10eaac0018bf0120404208bd4ff0ff30fbe70020ab
:10eabc00f9e70220f7e70120f5e700bf901f0120de
:020000040000fa
:020000040103f6
:10eacc0011b330b583b00d4610b9012003b030bd81
:10eadc000e4bd3f8ac1000244ff47a720023a1fb38
:10eaec00000107f07dfb0146009423462246204698
:10eafc00f1f732f82860b0f1ff3f01d10120e5e7d2
:10eb0c00fef7acfa2046e1e701207047d01d01204a
:020000040000fa
:020000040103f6
:10eb1c0038b54ff0e024d4f8203d43f47f03c4f81b
:10eb2c00203dd4f8203d43f07f43c4f8203d002520
:10eb3c00c4f81c5df0f74efa084b1d600df0ccf8d4
:10eb4c00d4f8343f43f04043c4f8343f08f07efd22
:10eb5c00f1f7aaf80af04efc284638bd002b01202c
:020000040000fa
:020000040103f6
:10eb6c00f8b505460ef016fa0446104b9b68834226
:10eb7c0005d800232b600d4b9c602046f8bd0b4b39
:10eb8c005b681a685ab14ff0ff37084edb6839469c
:10eb9c00186803f087fb73681a68002af6d1034ad9
:10ebac001168516013600123e4e700bf0c240120bd
:020000040000fa
:020000040103f6
:10ebbc003effffff3f3435363738393a3b3c3dff9b
:10ebcc00ffffffffffff0001020304050607080912
:10ebdc000a0b0c0d0e0f1011121314151617181911
:10ebec00ffffffffffff1a1b1c1d1e1f20212223ee
:10ebfc002425262728292a2b2c2d2e2f3031323351
:020000040000fa
:020000040103f6
:10ec0c0003680a68934217dc18dbb3f1010c18d4c3
:10ec1c00023300eb830001eb830100bf50f8042d9d
:10ec2c0051f8043d9a420ed80fd30cf1ff3cbcf1c5
:10ec3c00ff3ff3d100207047012070474ff0ff30a9
:10ec4c00704700207047012070474ff0ff3070472d
:020000040000fa
:020000040103f6
:10ec5c001001000000000000110100000200000083
:10ec6c000001000080000000100000000000000007
:10ec7c001100000002000000020000000200000071
:10ec8c00070000002000000004000000030000004a
:10ec9c0000800100010000000900001004000000c9
:020000040000fa
:020000040103f6
:10ecac00f8b504460d4617461e4608f02ff9e0b994
:10ecbc00e5b133463a4629462046f5f79dfda0b905
:10eccc00a368022283f81423a368069ac3f81823b6
:10ecdc00a368c3f81c53a368c3f82073a368c3f8d4
:10ecec002463a368002283f83c20f8bd0220fce7d3
:020000040000fa
:020000040103f6
:10ecfc00114a137843f001031370536813f0010f9a
:10ed0c00fbd10d4b4bf20202da6108221a6300218f
:10ed1c00596309221a61094a1181102191821184c7
:10ed2c00032191851a7842f002021a701a46536830
:10ed3c0013f0020ffbd1704700080040e8240120bb
:020000040000fa
:020000040103f6
:10ed4c0013b5114c88b9a378ff2b0ed02379ff2b68
:10ed5c000bd10e4b1b6893f8333033b168460df072
:10ed6c005bf86946a07800f077fe6078ff2808d041
:10ed7c00064b196891f82130012b02d9223100f091
:10ed8c006bfe02b010bd00bf512801208c28012061
:020000040000fa
:020000040103f6
:10ed9c0070b5124e05460024336803eb8403d3f898
:10edac009c310bb1284698470134032cf4d12b78b5
:10edbc00182b12d84ff480700ef086fe044660b10a
:10edcc0029464ff480720cf05bfc22464ff48071a4
:10eddc000120bde8704009f0a3bb70bd8c28012058
:020000040000fa
:020000040103f6
:10edec00f0b587b003ad06460f460495fcf796f8d0
:10edfc000446014604a8adf814608df816700ef0a8
:10ee0c0043fa314604a80ef045fa05ab0093019580
:10ee1c000423032242f2210140f2011007f002fe0a
:10ee2c00024b33f8140007b0f0bd00bfda4d0301fc
:020000040000fa
:020000040103f6
:10ee3c00f0b587b003ad06460f460495fcf7a0f875
:10ee4c000446014604a80ef01ffa314604a80ef041
:10ee5c0021fa05ab009301950423032240f67c4173
:10ee6c0040f20110adf81460adf8167007f0dafd41
:10ee7c00024b33f8140007b0f0bd00bfda4d0301ac
:020000040000fa
:020000040103f6
:10ee8c002de9f0410f4c2378074688461bb100242e
:10ee9c002046bde8f0810bf0f1fb05460af08afc38
:10eeac00094b1860094b01461e68207843463a46c8
:10eebc00b0470446284609f0d5fb002ce7d0f0f704
:10eecc004bfce5e7d2290120e0280120e4280120b1
:020000040000fa
:020000040103f6
:10eedc0030b585b0104b0093cde90101012302221e
:10eeec0005460c46ec201121eaf7bcf90df07afd31
:10eefc000a4b38b11868294604300ef001fa30b9c3
:10ef0c00422007e01868f02104300ef0f9f980f87f
:10ef1c00fe40002005b030bd1c6204010429012014
:020000040000fa
:020000040103f6
:10ef2c0038b590f8e230112b05460c4601d0032b76
:10ef3c0002d1d5f8b40130b995f8e430112b0fd1ca
:10ef4c00d5f8b80158b1637803736388c381a3887b
:10ef5c000382e3884382238983826389c38238bd19
:10ef6c00002bfcd13020ecf70bfdc5f8b801e9e71c
:020000040000fa
:020000040103f6
:10ef7c0037b5104b104d019000930446012302222b
:10ef8c003121ec20eaf76ef92b68db6f984720b93a
:10ef9c002b6883f82e4003b030bd0c24074b009334
:10efac00ec20019401230022ff21eaf75bf92046b3
:10efbc00f1e700bf169f04012c290120b6b404010f
:020000040000fa
:020000040103f6
:10efcc0038b5124c002023687bb11a6872b9c4e9b9
:10efdc0000241a7a5207a3f104050fd422681a6090
:10efec0042b962685a601360636038bd54601a6835
:10effc002260eee75c6023605360f6e7284606f07b
:10f00c007df828460ef062fd0120dce72428012063
:020000040000fa
:020000040103f6
:10f01c0010b5e6f79bfc0446b0b904f099fb0b4a1b
:10f02c00137899070ad443f0020313700849094b6b
:10f03c00094a0a480cf010fa0cf07afa06f062f958
:10f04c00044608b90cf08cfa204610bddc290120ce
:10f05c002dc00401119703019937040149a804013b
:020000040000fa
:020000040103f6
:10f06c0070b5436f88b004460e464bb103ad4ab140
:10f07c00cde903012b46082206210220fbf768fa92
:10f08c0008b070bd4ff4001190f8500008f04afd24
:10f09c00236f8df81460cde9033408ab13e903003a
:10f0ac008de80300022095e80e00646fa047e7e7a7
:020000040000fa
:020000040103f6
:10f0bc0010b5044624200ef007fd0146e0b10246cf
:10f0cc000a2302f8143b0d4b1b68986850f8403f1c
:10f0dc004b614368536083689360c368d360236853
:10f0ec004b6063688b60a368cb60e3680b61242082
:10f0fc00bde810400ef0b8ba10bd00bf4029012089
:020000040000fa
:020000040103f6
:10f10c002de9f84380460df003f8e8b90f4b1d6864
:10f11c002e46044616f8037b01204ff027092235b2
:10f12c0027fa04f3db070cd5335d53b910224146a3
:10f13c0009fb045009f0eaff00280cbf0120002055
:10f14c0002d10134082cebd1bde8f88354290120fd
:020000040000fa
:020000040103f6
:10f15c00f0b587b00f4602ac014601a81d46164615
:10f16c0001940ef09df8394601a80ef099f831463d
:10f17c0001a80ef095f8294601a80ef091f86b0441
:10f18c0042bf064b01221a704ff4803123461022e5
:10f19c000020fbf7ddf907b0f0bd00bfe22901202c
:020000040000fa
:020000040103f6
:10f1ac0084b01fb5022807ac84e80e000dd00328ec
:10f1bc0012d028b90b9b009394e80f00e9f72cfdb3
:10f1cc0004b0bde8104004b070470b9b009394e86a
:10f1dc000f00eff7f3fdf3e7079b0393042203ab58
:10f1ec0002490120fbf7b4f9eae700bf030701016c
:020000040000fa
:020000040103f6
:10f1fc0070b5e8b10c460646a1fb0023dbb901fb58
:10f20c0000f010f14d0f18d84c30e6f76bf80546ae
:10f21c0078b114b100f14c0300e003462b60ee63af
:10f22c002c6401212846f4f731fa0023ab6400e08a
:0ef23c000025284670bd0025fbe70025f9e7f8
:020000040000fa
:020000040103f6
:10f24a0070b504460d4616460af0f5f894f84430af
:10f25a005bb2b3f1ff3f04bf002384f8443094f853
:10f26a0045305bb2b3f1ff3f04bf002384f8453059
:10f27a000cf03dfda36b1bb12046f5f79af870bd63
:0ef28a003246294604f1240003f0edfff4e7bc
:020000040000fa
:020000040103f6
:10f29800f0b583b005460f4616461c464368027f04
:10f2a80012f0010f0dd00196089a944201d2002461
:10f2b8000be004220deb020102f096ff03463446f0
:10f2c80002e0b44228bf344614b9204603b0f0bd6a
:0ef2d80022463946284602f087ff6860f5e7b7
:020000040000fa
:020000040103f6
:10f2e600f0b583b005460f4616461c460368027ff6
:10f2f60012f0010f06d1b44228bf344674b9204635
:10f3060003b0f0bd04220deb020102f0a8fd034696
:10f31600019a964209d3043c1646ece72246394642
:0ef32600284602f09cfd2860e9e70024e7e796
:020000040000fa
:020000040103f6
:10f33400f8b505460f46012a1cd0022a14bf002244
:10f344000122940015f1260f16d805f12500e5f7e2
:10f35400cdff064688b1242200210cf02dff06f1d2
:10f364002403b3610135b560012f38bf0127f7606d
:0ef37400347702e00124e5e700263046f8bdbc
:020000040000fa
:020000040103f6
:10f3820070b582b002238df80730c8b10c4615461d
:10f392000646c1b14ff48051f2f7fff9a8b101233b
:10f3a2000df1070203213046e8f7d9fc2b4622462d
:10f3b20005213046e8f7d3fc3046f2f72afe00e09a
:0ef3c200002002b070bd0020fbe70020f9e73c
:020000040000fa
:020000040103f6
:10f3d00020b310b50446037813f0010f00d110bd1f
:10f3e000c16dd0f8800001f07bfa216fd4f8800065
:10f3f00001f076faa16dd4f8800001f071fae16ea7
:10f40000d4f8800001f06cfa04f184000bf07efd6a
:0ef410008822002120460cf0d1fee0e7704774
:020000040000fa
:020000040103f6
:10f41e0020b370b582b0144605462ab186681eb177
:10f42e005388b3f5106f01d002b070bd1379032b62
:10f43e00fad1d6f85433002bf6d001230df1070282
:10f44e00022104f11000e7f74efad6f85463638cec
:0ef45e00626a9df907102846b047e5e770473f
:020000040000fa
:020000040103f6
:10f46c00431e13f1030f1cd88268e2b18378e3b119
:10f47c0092f8503133b192f858310bb100207047eb
:10f48c00012300e0002303f12a014ff0010c02f8e4
:10f49c0031c0826802ebc1020021516003eb0c0009
:0ef4ac00704700207047002070470020704716
:020000040000fa
:020000040103f6
:10f4ba0000f5997200f5857110b5044600f5917052
:10f4ca00ecf7c5fa04f1f5020023c4f8f53013711c
:10f4da0004f1fa02c4f8fa301371e17d41b903f07c
:10f4ea007f0284f8fe2063f07f0384f8f93010bdb0
:0ef4fa0063f07f0284f8fe2003f07f03f5e745
:020000040000fa
:020000040103f6
:10f50800434f4e4e3a4c6c6370204c6f63616c20d5
:10f5180046696e6973682c50726f636564757265ad
:10f528003d3078257800434f4e4e3a4c6c6370203e
:10f5380052656d6f74652046696e6973682c5072e8
:0df548006f6365647572653d30782578004d
:020000040000fa
:020000040103f6
:03f5550030000083
:020000040000fa
:020000040103f6
:10f55800e8b138b50446104bd3f83004c8b14ff0c1
:10f56800ff31e2f7d9fc012801d0002038bd0a4d4f
:10f578004ff43c72294620460cf084f800231a46c2
:10f588001946d5f83004e0f757f80120eee70020d7
:0cf5980070470020eae700bf30000120af
:020000040000fa
:020000040103f6
:10f5a400f1b130b58c46104c04f12005a646bee8f6
:10f5b4000f00ccf80000ccf80410ccf80820ccf8ec
:10f5c4000c3074460cf1100cae45efd1def800009f
:10f5d400ccf80000bef80430acf80430002030bd94
:0cf5e4006ff0ac00704700bf84440001d1
:020000040000fa
:020000040103f6
:10f5f00008b5104b5b8b13f0070300d108bd0e4a12
:10f60000d3870c4b80221a7607225a831b7e13f075
:10f61000040f05d0074b9a6a1a7e12f0040ffad134
:10f62000054b1b6a002be9d0034b596a1b6a022069
:0cf630009847e3e700100040501901204b
:020000040000fa
:020000040103f6
:10f63c00f0b110b50446e9b14b780f2b1cd80b7800
:10f64c000f2b01d9012018e00223037043784a786c
:10f65c0062f30713437011f8022b62f30303437038
:10f66c00142202300df048ff0020e082207604e0e6
:0cf67c0001207047012000e0012010bdbb
:020000040000fa
:020000040103f6
:10f6880070b5114c4ff0e0264ff080550be0c6f8ee
:10f69800045dbff34f8fbff36f8f0ef017f807f0bd
:10f6a80087ff042805d800f0d3ffa368012beed804
:10f6b800f3e70cf0ebfa07f07bff042801d9d6f743
:0cf6c800e3fae3f74dfceee7c81c01205c
:020000040000fa
:020000040103f6
:10f6d40070b5144615680e68026833469642a8bf92
:10f6e40013469642acbf9b199b18872b12dc22460b
:10f6f400e5f798ff2368002b0bdb9d4209dd5a1cbc
:10f7040004eb8202002100bf42f8041f01339d4232
:0cf71400fad170bd4ff0ff30fbe700bfe2
:020000040000fa
:020000040103f6
:10f7200070b5adf50a7d05460c46164668460cf0e8
:10f730000bfb6b46002221462846d1f797f9054678
:10f7400048b9009b1bb1019a63689a4207d13146c0
:10f75000684608f0a7fd28460df50a7d70bd3246c3
:0cf760002146684600f050fc0546f4e726
:020000040000fa
:020000040103f6
:10f76c0000b3f8b50c4616461d460746ff21204649
:10f77c000bf0dafc00b9f8bd40f609013846f2f797
:10f78c0007f888b11cb93846f2f73efcf3e721467e
:10f79c00384609f079fa069b2a463146384604f079
:0cf7ac00f0f9f0e7002070470020e4e7cf
:020000040000fa
:020000040103f6
:10f7b8008c46e1b1eab1f0b102ebc0009cf8003030
:10f7c80013709cf802309cf8031041ea0321518021
:10f7d8000cf1040353609cf8013003f00303043375
:10f7e8000b449c4408329042e8d101207047002025
:0cf7f8007047002070470120704700bfe0
:020000040000fa
:020000040103f6
:10f8040038b50021eaf7aefc054608b9284638bdec
:10f814000b4c0c49d4f8a000fef7f6fb0a49d4f8c7
:10f82400a000fef7f1fb206902f080fed4f89c00f2
:10f8340008b163689847024b0022c3f8a020e5e7ab
:0cf844006c200120519f00013d240201b6
:020000040000fa
:020000040103f6
:10f85000431e13f1030f1bd870b504460d46837881
:10f860000bb9012070bd03460b4a0021012003f0b3
:10f870009cfa064670b12a460121fef7e0ff3146a8
:10f88000a06802f031fb80f00100c000c0b2e9e7df
:0cf89000022070470820e5e709c50401cc
:020000040000fa
:020000040103f6
:10f89c0010b584682078831e012b1ad9012806d153
:10f8ac0094f90630002b13da601c04f0d5fc0a4bdb
:10f8bc0021681a68c2f8211002f12103a2889a80eb
:10f8cc00a2799a71214611f8010b0af0bbfe0020b7
:0cf8dc0010bd0120fce700bf8c280120bb
:020000040000fa
:020000040103f6
:10f8e80010b5f9f747ffa8b103f0bef80a49044676
:10f8f80004200bf047fd094900200df099fd084b45
:10f90800084a1b685a60084b1b684ff0f7121a61c7
:10f91800204610bd0424fbe7e1c004018c34040137
:0cf9280044290120315c03019c280120cf
:020000040000fa
:020000040103f6
:10f93400012837b50c4614d9013801aa694680b2aa
:10f9440006f00af970b1009d0b492868022209f0fb
:10f95400e1fb70b96b68122c1b7805d113f0080f0a
:10f9640000d1032003b030bd522cfbd113f0040f9f
:0cf97400f6e70020f6e700bfbcdb040152
:020000040000fa
:020000040103f6
:10f9800070b586b003ad06468df812100595adf83a
:10f990001000f5f775fc0446014605a80df07afc49
:10f9a000314605a80df07cfc04ab009301950423bf
:10f9b000032242f2790140f2011007f039f8024bbc
:0cf9c00033f8140006b070bdda4d0301ee
:020000040000fa
:020000040103f6
:10f9cc0030b587b004adadf80e000595fcf70cfa18
:10f9dc000446014605a80df057fcbdf80e1005a80d
:10f9ec000df058fc0df10e03009301950223032238
:10f9fc0042f21b0140f2011007f014f8024b33f8ed
:0cfa0c00140007b030bd00bfda4d03014c
:020000040000fa
:020000040103f6
:10fa1800f0b585b002ad0e460746039506f0eaf943
:10fa28000446014603a80df031fc397803a80df00f
:10fa38002dfc317803a80df029fc002300930195d3
:10fa4800032242f24b0140f2011006f0edff024b97
:0cfa580033f8140005b0f0bdda4d0301d6
:020000040000fa
:020000040103f6
:10fa640030b50c4687b00546f7f7fafe2368cdf8a3
:10fa74001130a388adf815300df10f03019304abd9
:10fa84008df80f00009301221c2342f2350140f24d
:10fa940001108df8105006f0c9ff9df80f20024b9d
:0cfaa40033f8120007b030bdda4d03014a
:020000040000fa
:020000040103f6
:10fab00000b50f4a89b0106851686b4603c390685f
:10fac000d16803c3136904930a4b0b4a53f8010f1f
:10fad00005909b88cdf81a0004a96846adf8183047
:10fae000adf81e30ebf7b8ff09b05df804fb00bfbe
:0cfaf00064bf04014428012040270120cd
:020000040000fa
:020000040103f6
:10fafc0010b5104b1a68824219d35c6819198842e8
:10fb0c0001bf416818460919596041684418a2425e
:10fb1c0008d1094c2468a24204d052680a444260bd
:10fb2c001a6812680260984218bf186010bd13461c
:0cfb3c00e0e700bffc270120d0280120da
:020000040000fa
:020000040103f6
:10fb480037b5104b0093022201230b210546ec2008
:10fb5800e9f78afb0cf040ff044638b901200cf0a5
:10fb680033ff02232b70204603b030bdff210c2445
:10fb7800054b00932970019401230022ec20e9f73a
:0cfb880073fbf0e74cb40401906d040125
:020000040000fa
:020000040103f6
:10fb940010b5046894f8f8300bb900201ae000237b
:10fba40084f801310c4b1b685b687bb994f84710ef
:10fbb4002046f7f711f9d4f868010af089fed4f861
:10fbc4006c010028e9d00af083fee6e72046984756
:0cfbd4000028ebd010bd00bf0829012064
:020000040000fa
:020000040103f6
:10fbe00000b590f8e230082b93b001d0032b02d17e
:10fbf000d0f8b4310bb9d0f8b8318df8041041f217
:10fc00002302adf800200288adf806205a89adf82d
:10fc100008206846d3f80e205b8acdf80a20adf89c
:0cfc20000e3005f0d5f913b05df804fbc0
:020000040000fa
:020000040103f6
:10fc2c0013b50c4608f016ffc8b1036893f92c30d5
:10fc3c00237000240b4b0093022201233d21ec2066
:10fc4c00e9f710fb44b1084b009301940123002207
:10fc5c00fd21ec20e9f706fb204602b010bd022482
:0cfc6c00e8e700bf30cb04018e910401da
:020000040000fa
:020000040103f6
:10fc780070b50468e66805462046fdf7e5fd16b14f
:10fc880030460bf0c2f80021204608f083f9012124
:10fc9800204608f07ff918b181b2204608f08df9a6
:10fca8000420fcf733f92846f2f77ff8208804f09f
:0cfcb80009fc2846bde8704001f0deb8f1
:020000040000fa
:020000040103f6
:10fcc40030b5114c2368d3f8083289b00546cbb15e
:10fcd4005a6fbab193f850004ff4001107f026ffa1
:10fce40023688df81450d3f80842236fcde9033408
:10fcf40008ab13e903008de8030003ab0ecb646f7c
:0cfd04000220a04709b030bd38290120c2
:020000040000fa
:020000040103f6
:10fd100070b5114b196805460022540021fa04f60b
:10fd2000b607d0b213d1ff2d02bf9a7842f001027c
:10fd30009a704ff0030202fa04f51a680cbf03210f
:10fd4000012122ea0502a1400a431a6070bd013276
:0cfd5000082ae2d11046f9e750290120f2
:020000040000fa
:020000040103f6
:10fd5c0010b527220c4601460d480bf091fc0d4bbb
:10fd6c00d3f8682f64f31242c3f8682fd3f8682fc6
:10fd7c0042f48012c3f8682fd3f8682fd202fbd458
:10fd8c00054a01231178a3401943c9b2117010bd63
:0cfd9c0070330141002401416833014133
:020000040000fa
:020000040103f6
:10fda800114bd3f8682f60f31242c3f8682fd3f8c9
:10fdb800702fc2f307220a70d3f8702fc2f30742dc
:10fdc8004a70d3f8702fc2f307628a70d3f8742f81
:10fdd800ca70d3f8742fc2f307220a71d3f8743f9c
:0cfde800c3f307434b7170470024014136
:020000040000fa
:020000040103f6
:10fdf40008b50f4bd3f8682f42f40012c3f8682fec
:10fe0400d3f8682f9202fbd40a4a0b4900231370db
:10fe14000a68012013700a681a440133082bd07051
:10fe2400f9d1ecf795fb0b6800229a7008bd00bf6e
:0cfe3400002401416833014154290120e1
:020000040000fa
:020000040103f6
:10fe400010b5114c06f0faf804f5a15300209a6998
:10fe500042f400429a619a6942f480429a61a38f07
:10fe600043f00803a387f9f7f5fc04f59b532b2116
:10fe70009a6804f59b5461f34e229a6063682422c9
:0cfe800062f31543636010bd00240141d3
:020000040000fa
:020000040103f6
:10fe8c0008b561b90e4b1a6802f01f02102a4ff028
:10fe9c00010313d80b4903fa02f2114071b10a2184
:10feac00407e05f0e1f9084b1a6842f010021a6026
:10febc001a6842f002021a60002008bd1846fce7de
:0cfecc00583801414ce00100203a01418f
:020000040000fa
:020000040103f6
:10fed800104b1a68100241bf0f490a8842f0080205
:10fee8000a801a68510241bf0b490a8842f004028d
:10fef8000a801a68920241bf07490a8842f0020242
:10ff08000a801b68db0241bf034a138843f00103e0
:0cff1800138070470c3a0141303a01415f
:020000040000fa
:020000040103f6
:10ff240001f000428b1aa3f16051b1f5801f0adb86
:10ff3400b1f17f6f09d242eac102c10071f10041ff
:10ff440042eb507070471046704701285b4113f52f
:10ff5400001f02d842f0ff407047c90041ea5070c8
:0cff6400104340f4800040f080407047e3
:020000040000fa
:020000040103f6
:10ff700038b50f4d2b68044663b1002c12da0d4ad8
:10ff80002b6812689b1a6242934208db286804447b
:10ff90002c6006e006f012f92b68002bedd14ff033
:10ffa000ff3038bd044b2a681b689b1aa342ece75c
:0cffb000b4270120bc270120b827012045
:020000040000fa
:020000040103f6
:10ffbc00474154543a457674207263762c6e6f2008
:10ffcc006672656520636f6e6e00474154543a4506
:10ffdc007674207263762c6e6f20617661696c206a
:10ffec00636f6e6e2c68646c3d3078253034782ce1
:0bfffc006576743d30782530327800c7
:020000040000fa
:020000040104f5
:100008002de9f04104460d4616464768d1f80480ac
:1000180047450dd0fef7f6fdb0f1ff3f0cd07760f5
:10002800324629462046edf765fc0020bde8f08100
:100038005760edf701fcf9e7c6f80480324621461f
:0a0048002846edf757fc0020f0e712
:020000040000fa
:020000040104f5
:10005200f9b1f8b5064614461d460f46ff21104673
:100062000bf067f800b9f8bd31463846f1f795fb59
:1000720088b11cb93846f1f7ccfff4e7214638467f
:1000820008f007fe079b069a2946384603f07efdd4
:0a009200f0e7002070470020e5e7ca
:020000040000fa
:020000040104f5
:10009c0010b582b00191d8b104460b460133022b46
:1000ac0001d9002015e040f60101f1f771fb90b188
:1000bc00019bb3f1ff3f03d12046f1f7a5ff08e008
:1000cc0004230deb030202212046e7f743fef3e77e
:0a00dc00002002b010bd0020fbe779
:020000040000fa
:020000040104f5
:1000e60010b582b00191d8b104460b460133022bfc
:1000f60001d9002015e041f20121f1f74cfb90b146
:10010600019bb3f1ff3f03d12046f1f780ff08e0e2
:1001160004230deb030202212046e7f71efef3e758
:0a012600002002b010bd0020fbe72e
:020000040000fa
:020000040104f5
:1001300010b582b00191d8b104460b460133022bb1
:1001400001d9002015e041f20141f1f727fb90b100
:10015000019bb3f1ff3f03d12046f1f75bff08e0bd
:1001600004230deb030202212046e7f7f9fdf3e734
:0a017000002002b010bd0020fbe7e4
:020000040000fa
:020000040104f5
:10017a0010b582b00191d8b104460b460133022b67
:10018a0001d9002015e041f60111f1f702fb90b107
:10019a00019bb3f1ff3f03d12046f1f736ff08e098
:1001aa0004230deb030202212046e7f7d4fdf3e70f
:0a01ba00002002b010bd0020fbe79a
:020000040000fa
:020000040104f5
:1001c400f8b504460f4616461d4606f0a3fe8446bf
:1001d40008b16046f8bd2a4631462046f9f748fd85
:1001e40084460028f5d1a368032283f81423a36866
:1001f400069ac3f81823a368c3f81c73a368c3f84a
:0a0204002063a368c3f82453e3e766
:020000040000fa
:020000040104f5
:10020e0010b330b583b0144605462ab183681bb1ce
:10021e005288b2f5805f01d003b030bd2279012a39
:10022e00fad1d3f80c33002bf6d004230deb0302d6
:10023e00032104f11000e6f756fbab68d3f80c333c
:0a024e00019928469847e7e770473a
:020000040000fa
:020000040104f5
:1002580037b5828a05462ab100f11601f3f7eefd9b
:100268000023ab8201200df0a1fb044698b100f1f8
:100278001003132101a801930df008f8284622461f
:10028800012109f0f9fd054610b120460df00efcdc
:0a029800284603b030bd0225fae746
:020000040000fa
:020000040104f5
:1002a2004144563a747970653d307825782c7365ef
:1002b2007449643d30782578004144563a43523db2
:1002c20030782578004144563a4c696e6b20657847
:1002d20069737421004144563a4c696e6b73207203
:0a02e20065616368206d61782100fa
:020000040000fa
:020000040104f5
:1002ec0010b50b210446002008f055fee0b1d4e90e
:1002fc006d2394f8e410082918bf134627220273c3
:10030c005a89a0f80d209a89a0f80f20da89a0f854
:10031c0011201a8aa0f813205b8aa0f81530014628
:0a032c002046f0f7b7ff012010bdd6
:020000040000fa
:020000040104f5
:1003360038b590f8e230082b05460c4601d0032b61
:1003460002d1d5f8b40140b995f8e430a3b9142028
:10035600ebf719fbc5f8b80170b1b4f80130438169
:10036600b4f803308381b4f80530c381b4f807309c
:0a0376000382b4f80930438238bd59
:020000040000fa
:020000040104f5
:100380007fb5054602200e460df014fb0446d0b1a1
:1003900000f110030e2103a803930cf07bff3146fc
:1003a00003a80cf077ff0623009328880023224639
:1003b000022105f00ff9054610b120460df07afb39
:0a03c000284604b070bd0225fae7dc
:020000040000fa
:020000040104f5
:1003ca00f8b5064608460f4614460df0a4fb054646
:1003da0038460df0fffa021992b20523002040f2c6
:1003ea00e1418a4206d9a2f2e242013592b225f0ef
:1003fa0070450130013bf4d13378b56023f00c032a
:0a040a0043f00c03b2803370f8bd1c
:020000040000fa
:020000040104f5
:1004140010b590f948305a1e134380f84830d0e99b
:1004240005239a42044603d90022c36a1146984719
:1004340060680023c4e90533a362830755bfd4e988
:10044400023240f010009b18606056bfc4e90f33bd
:0a0454004ff0ff3040f3c00010bd70
:020000040000fa
:020000040104f5
:10045e00c1f30a5340f21e42d21a0edd202a0ad8e8
:10046e00cb0243ea505040f00040d04090eae17099
:10047e00b0ebe1707047002070474b00004218bf90
:10048e0043f0010313f5001f88bf21f0004111f066
:0a049e00004058bf6ff000407047a7
:020000040000fa
:020000040104f5
:1004a80000b5c3b040f20112002101a80bf082fe92
:1004b80003238df804300a4b1b7813b143b05df861
:1004c80004fb074b01221a70002201a905480bf012
:1004d8006ffb0128f2d0024b00221a70eee700bf32
:0804e800901a0120d027012029
:020000040000fa
:020000040104f5
:1004f00000b5c3b040f20112002101a80bf05efe6e
:1005000002238df804300a4b5b7813b143b05df8d9
:1005100004fb074b01225a70002201a905480bf089
:100520004bfb0128f2d0024b00225a70eee700bfcd
:08053000901a0120d0270120e0
:020000040000fa
:020000040104f5
:1005380038b5104d2846f7f74bfd002485f8f042f2
:1005480040f22312214605f53d700bf033fec5f845
:100558001844c5f81c44c5f82044c5f82444c5f817
:100568002844c5f82c44012007f086fec5f830045d
:0805780038bd00bf3000012076
:020000040000fa
:020000040104f5
:10058000104b1a68131f02f11c0c08e013880b8033
:10059000002000e001205df804fb63450fd053f814
:1005a000042f002af9d000b592f81ee08645edd060
:1005b0006345efd053f8042f002af5d1f8e7012066
:0805c000704700bfcc1d0120b3
:020000040000fa
:020000040104f5
:1005c80008b5c20e43011b1a62f10002520242ea48
:1005d800d3525b021b1842f10002910141ea936178
:1005e8004fea831cbceb030361eb02011818054baf
:1005f800d3f8ac204ff0000341f1000105f0f2fd03
:0806080008bd00bfd01d012058
:020000040000fa
:020000040104f5
:10061000e0b10346e1b10a780f2a1bd810b54a7839
:10062000c2f3031242704a78c2f3030200f8022bad
:100630000024c3f8024044608460c460046104750f
:10064000142202310cf05eff204610bd01207047dd
:080650000120704701207047f2
:020000040000fa
:020000040104f5
:1006580038b5104b9b6fdbb10e4c08f0edfed4f8ab
:100668008830dd68281d08f0defad4f89030013ba8
:10067800c4f89030a36f013ba3670bf039fb286bdc
:10068800f1f778fc2846f1f775fca36f002be4d14d
:0806980038bd00bfc81c0120a1
:020000040000fa
:020000040104f5
:1006a000104bdb68cbb1d0b100b585b0019102929f
:1006b0000390052903dd002005b05df804fb08f078
:1006c0008ffe02284ff000030cbf069a1a4601a9bc
:1006d0000448c068def7b4ffeee700207047002052
:0806e000704700bf0c2401204b
:020000040000fa
:020000040104f5
:1006e800009b421e102a17d813f1e90f11d90d28c3
:1006f80006d802288cbf6ff0e7006ff0ac00704797
:100708001038c0b201288cbf6ff0ac006ff0e70062
:1007180070476ff08300704713f1ae0f94bf6ff00e
:0807280083006ff0ac00704784
:020000040000fa
:020000040104f5
:10073000f8b505460c46164647684b689f420cd1f3
:10074000fef764fab0f1ff3f0bd0776032462146e6
:100750002846edf7d3f8002002e05760edf770f877
:10076000f8bdb7fa87f77f097760324629462046f9
:08077000edf7c4f80020f3e7e7
:020000040000fa
:020000040104f5
:100778002de9f0410e4615461c46ddf81880079f06
:1007880008b10bf0ddfa16b130460bf0d9fa15b105
:1007980028460bf0d5fa14b120460bf0d1fab8f17f
:1007a800000f02d040460bf0cbfa17b138460bf0d9
:0807b800c7fa0020bde8f08142
:020000040000fa
:020000040104f5
:1007c00010b582b08df80710c8b10446cbb2032b28
:1007d00001d9002014e04ff48051f0f7dfff88b119
:1007e0009df807301bb92046f1f714fc08e00123ff
:1007f0000df1070203212046e7f7b2faf3e70020e4
:0808000002b010bd0020fbe76f
:020000040000fa
:020000040104f5
:1008080010b582b08df80710b8b104464bb2002b72
:1008180016db4ff40451f0f7bdff98b19df807308f
:100828001bb92046f1f7f2fb08e001230df107029e
:1008380003212046e7f790faf3e7002002b010bd45
:080848000020fbe70020f9e7a6
:020000040000fa
:020000040104f5
:100850000f4b1b79bbb970b50446b0b10c4e351dba
:100860009022002128460bf0a9fc2368b36063683e
:10087000f36006f190000af03dfb0223737101233f
:100880003371284670bd034870470020fae700bf67
:08089000182101201c210120a8
:020000040000fa
:020000040104f5
:1008980010b588b00f4b1c68bcb14ff0ff33049300
:1008a80005938df818300023cdf8123040238df8c9
:1008b800113095238df816300922694604a8a047ff
:1008c80028b19df8080008b010bdff20fbe7ff2005
:0808d800f9e700bf88280120a8
:020000040000fa
:020000040104f5
:1008e000f9b110b50b46b0b10268a2b18a4217d86f
:1008f000446890f9081004fb01218b4210d29b1a26
:10090000b3fbf4f3c218093392f90920ff2118440c
:100910000bf054fc04e0034a52680ab118469047b1
:0809200010bd70476c2001209e
:020000040000fa
:020000040104f5
:1009280008b338b50446012b19d0022b1ad1049b01
:10093800c3b18368b3b1049a1288b2f5306f11d18c
:10094800049a528872b1d3f838535db100231a461d
:100958001946a847a3680022c3f8382302e01046c6
:080968000cf0bcfe38bd704725
:020000040000fa
:020000040104f5
:1009700085d804017983030131840401618c03016a
:100980000d840401e3e80301bfb804013f8d0401b5
:10099000fdbd0401e9bd0401a9b80401e5d00401cd
:1009a00007630401e9770401937e0401b116040191
:0809b000e9830401d1440301b5
:020000040000fa
:020000040104f5
:1009b80038b50c4605f0defa0546b8b1a3780b2b1e
:1009c8000ed1c27c12f00a0f12d02146284631f807
:1009d800032bfbf7a3fe11280cd000b9e87438bd2f
:1009e8000d2b05d1c27c12f00c0fede70320f6e7c2
:0809f8000120f4e70220f2e700
:020000040000fa
:020000040104f5
:100a00007fb50d461446064606f0d8f80df10b03e7
:100a1000019303ab8df80b0000930122032342f2f4
:100a2000310140f201108df80c608df80d508df8f9
:100a30000e4005f0fdff9df80b20024b33f812002d
:080a400004b070bdda4d0301a2
:020000040000fa
:020000040104f5
:100a480070b50379044603f0070509f019fe002381
:100a580023600a4b03ebc5035a6814605c6007f017
:100a680003fe074b1b682bb1064a5b691068bde89b
:100a780070401847bde870400cf0d5bd50270120e4
:080a8800b8280120bc28012060
:020000040000fa
:020000040104f5
:100a900070b50379044603f0070509f0f5fd00235e
:100aa00023600a4b03ebc5035a6814605c6007f0cf
:100ab000dffd074b1b682bb1064a1b691068bde8b8
:100ac00070401847bde870400cf0b1bd50270120c0
:080ad000b8280120bc28012018
:020000040000fa
:020000040104f5
:100ad80070b50e4d0e4eab6803b970bd09f0d0fd70
:100ae800ac682368ab600bb90a4beb6007f0bcfd40
:100af8006379204656f82330984794f90430002b40
:100b0800e9db204604f0aaf9e4e700bf50270120fa
:080b180060260120582701208e
:020000040000fa
:020000040104f5
:100b2000c10606d5103880b20d2818d80d4b185cb8
:100b3000704710f0010f00f0040304d0002b14bf25
:100b4000072006207047820704d5002b14bf0b2016
:100b50000a207047002b14bf09200820704700208e
:080b6000704700bfbccd040189
:020000040000fa
:020000040104f5
:100b68004144563a486f7374204348432c43684db8
:100b780061703d253032785f253032785f2530321c
:100b8800785f253032785f25303278004144563a14
:100b98004f4f4d28486f73742043684d617020553e
:080ba8007064617465292100ed
:020000040000fa
:020000040104f5
:100bb00037b5054607f0ccf9044668b1042100209a
:100bc00008f0eff9014690b10a4bc3602846f0f7f0
:100bd00067fb204603b030bd01ab04220b21284641
:100be0000195fbf7b3feb0fa80f46409f1e704461f
:080bf000efe700bf2801051426
:020000040000fa
:020000040104f5
:100bf80070b5044690f8ed0010f004000e46154656
:100c080010d00321002008f0c8f9014608b90020d7
:100c180070bd11230373467385732046f0f73cfbc0
:100c28000120f5e7022108f0b8f901460028eed0c6
:080c38000d2303734573f0e77f
:020000040000fa
:020000040104f5
:100c400038b503210546002008f0abf9d8b11623ca
:100c5000037395f84231437395f84331837301462a
:100c60002846f0f71dfbec7d012c0bd1d5f8b431f3
:100c7000b5f860201a8195f842112846f4f784fbf4
:080c8000a5f86000012038bd59
:020000040000fa
:020000040104f5
:100c880030b5cc89b4f5fa7f1cd24b895a1eb2f51f
:100c9800fa7f17d20a8ab2f5fa7f13d2934211d992
:100ca800498aa1f10a0292b240f67645aa4209d8c9
:100cb800428f534304fb0333b3eb810fb4bf0120ce
:080cc800002030bd0020fce714
:020000040000fa
:020000040104f5
:100cd00013b50f4b1b680446bbb11a7860f3c3020f
:100ce0001a7070b9ff20fbf715f90a4b0093ec203e
:100cf0000194012302223d21e8f7bafa002002b054
:100d000010bdff20fdf74cfcefe70c20f7e700bf1c
:080d1000a0290120bcc504016b
:020000040000fa
:020000040104f5
:100d1800f8b5144606460f4f08460af0cffb7b6825
:100d2800621e024493423fbf1b1a01339bb2e41a6e
:100d38003abfa5b21c4600250146224630460af0b5
:100d4800a1fc35b12a4639683019bde8f8400af0e7
:080d580099bcf8bdb82601208a
:020000040000fa
:020000040104f5
:100d600070b58eb0044608ad1822002128460bf05d
:100d700025fa94f850004ff4800106f0d9fe236f55
:100d80000595cde9033406ab93e803008de8030035
:100d900003ab0ecb666f0120b047012229462046e7
:080da000daf71cff0eb070bd74
:020000040000fa
:020000040104f5
:100da80070b54378c56dc1666ff382034370002345
:100db80083660c4b1b681646012283f840220446c2
:100dc800dcf7aafe20b96378e56543f00403637095
:100dd80000252046c4e91a652946f3f747f928464d
:080de80070bd00bf3829012095
:020000040000fa
:020000040104f5
:100df0004278007812f0010318bf0623910748bf1c
:100e00000633510744bf0133dbb2110744bf02333d
:100e1000dbb2d10644bf0333dbb2910644bf1233c9
:100e2000dbb2520648bf0133c0f3050048bfdbb256
:080e30000138c01ac0b270477e
:020000040000fa
:020000040104f5
:100e380030b5c0f30802c1f308041319490ab3f521
:100e48009c7f01eb50210b4d0add6ff49c73e01879
:100e58004b1c1044ab4280b209d840ea432030bd55
:100e6800a94298b20b46f8d9a1f50003f5e74b1b48
:080e7800f3e700bfffff7f005c
:020000040000fa
:020000040104f5
:100e800070b5104e346805464cb9cdb12868b8b17c
:100e90000cf022fe2846bde870400cf01dbea36891
:100ea000ab4209d1d4e9002342b15360d4e9002315
:100eb00020461a600cf010fe2468e5e77360f5e741
:080ec00070bd00bf2c280120c9
:020000040000fa
:020000040104f5
:100ec80010b5044608200cf001fe0146c8b1032302
:100ed8000370238883800b4b1a681378022b0ed17a
:100ee800e36d93f8e63013f0100302d05378c3f3a0
:100ef80000138b710820bde810400cf0b7bb00232d
:080f0800f7e710bd40290120ac
:020000040000fa
:020000040104f5
:100f1000104a037811785b1a5bb203f11c010e29a9
:100f20000ad8dfe801f01515151515091313130973
:100f300011090f090800f323037003781278134492
:100f400003707047f123f7e7ef23f5e7ed23f3e7ad
:080f5000e923f1e7c8290120a3
:020000040000fa
:020000040104f5
:100f580010b5d0f8dc20d2b1d0f8d830bbb10c48ed
:100f6800016892b262f31f4101600a4942320c687b
:100f780092b262f31f440c6002689bb263f30f02e3
:100f880002600a68ff339bb263f30f020a6010bd68
:080f98004834014150340141cd
:020000040000fa
:020000040104f5
:100fa00010b50d4c2c22002120460bf007f90b4afe
:100fb000012100200af01afa0021302208480bf023
:100fc000fdf8084be3610cf0f3f8002100b2bde836
:100fd0001040d9f757b900bf74250120497c04019e
:080fe00018250120b572030180
:020000040000fa
:020000040104f5
:100fe80084b013b5012805ac84e80e000ed030b1ea
:100ff800022812d002b0bde8104004b07047099b27
:10100800009394e80f00dff7c7f8f3e7099b009314
:1010180094e80f0005f03ef8ece7099b009394e88c
:081028000f00f3f7f5f8e5e70e
:020000040000fa
:020000040104f5
:10103000104b1a886ff3c7121a801a886ff3861242
:101040001a801a886ff345121a801a886ff30412f7
:101050001a801a886ff341021a801a886ff300020f
:101060001a801a886ff3c3021a801a886ff38202fb
:081070001a807047283a014183
:020000040000fa
:020000040104f5
:1010780037b50468a36f002b054610da5b000ed560
:1010880000f088fca36f23f00043a36706f05cfc24
:1010980001ab0422074901950120f9f75bfa00f03a
:1010a80079fca36f23f08043a36706f04dfc03b0df
:0810b80030bd00bf540401012a
:020000040000fa
:020000040104f5
:1010c00010b5044600200bf04bfc00200bf040fc58
:1010d000122c12d002d8112c08d010bd213c022ca9
:1010e000fbd8084b4ff4a5711a6802e0054b1a684b
:1010f000d82161f30f021a60efe7024b7c211a68d6
:08110000f7e700bf6434014170
:020000040000fa
:020000040104f5
:101108000278202a034600f10100f9d0a2f1090172
:101118000429f5d92b2a06d02d2a13d10121013310
:10112800013b002006e00021f9e700bf00eb80004a
:10113800c2eb400013f8012f303a092af6d901b959
:08114800404270470021ebe773
:020000040000fa
:020000040104f5
:101150002de9f0410746884616461d462820e4f74b
:10116000c7f80446a0b1002380f8243001f0c0f88d
:101170002760c4f81880e561069b2362201d0cf0ef
:10118000f5fb2eb194f8243043f0040384f82430a6
:061190002046bde8f081dd
:020000040000fa
:020000040104f5
:10119600062937b505460c4606d000231a461946d9
:1011a600f1f75fff03b030bd043201a90df1020073
:1011b60001920af0c3fb20460cf089fc0146002888
:1011c600f0d001230370bdf80230458083802046ad
:0611d6000cf00cfae6e744
:020000040000fa
:020000040104f5
:1011dc0037b50d46144605f043fdd0b180f852509a
:1011ec002378c3f3000380f8563023780024c3f32c
:1011fc00400380f857308df80440012380f85830b4
:10120c000388adf8063001a80bf0b4fc204603b0ff
:06121c0030bd0320fbe7da
:020000040000fa
:020000040104f5
:1012220038b5437ad907054601d4002038bd827a01
:10123200d207fad513f00c0f10d0002444724ff4e9
:1012420082700cf046fc0028efd0102202702a882f
:1012520082808471042106f0bafce6e743f00403bd
:0612620043721220e2e7d6
:020000040000fa
:020000040104f5
:10126800544d522c5374617274206e756c6c2069e5
:101278006e7075740051554555452c52656d6f76e5
:101288006520656d707479206c69737400515545db
:1012980055452c52656d6f766520656c6d20696ebd
:0612a80076616c69640030
:020000040000fa
:020000040104f5
:1012ae0030b5d0f8b821b0f84a309488a34218d39c
:1012be001189b0f84e308b4213d35588b0f84630b2
:1012ce009d420ed31388b0f848209a4209d3428f1c
:1012de00534304fb0333b3eb810fb4bf0120002053
:0612ee0030bd0020fce70a
:020000040000fa
:020000040104f5
:1012f4007fb5054641200e460cf05afb0446c0b1aa
:101304000c2100f110030deb010003930bf0c0ff5f
:101314004022314603980af0b7f906230093224687
:1013240000234121288804f053f910b120460cf021
:06133400bffb04b070bd18
:020000040000fa
:020000040104f5
:10133a0010b50446c06d10215f30f3f718ffe06d59
:10134a0010214f30f3f713ffe06d0821b230f3f7a5
:10135a000effe06d0221b030f3f709ffe378e06d8c
:10136a0010212bb900f5e070bde81040f3f7ffbe7d
:06137a0000f5c070f8e769
:020000040000fa
:020000040104f5
:10138000f8b50646408804f051fa40b1837f3371c6
:101390000a4b1b788bb10a4d00242f1f08e008234d
:1013a000f5e73046984701343a78e3b29a4204d9d7
:1013b00055f8043b002bf4d1f5e7f8bd14260120c5
:0413c00018260120ca
:020000040000fa
:020000040104f5
:1013c40010b50f4b1b688bb10d4b1c682c220021f0
:1013d40020460af0f1fe234604f12000002200bf5b
:1013e40043f8042b8342fbd1012010bd2c200cf0c8
:1013f40073f9034b18600028e6d10020f5e700bf1d
:041404002c00012097
:020000040000fa
:020000040104f5
:1014080038b50f4b1b688bb100240d4d2b6853f872
:10141800240002f09ffc0134082cf7d12c22002173
:10142800074b18680af0c6fe012038bd2c200cf0c6
:1014380051f9034b18600028f0d10020f5e700bff0
:04144800cc1d012096
:020000040000fa
:020000040104f5
:10144c002de9f041044607f0f5ff23692bb1002488
:10145c000af04cfc2046bde8f08163690bb1002416
:10146c00f6e7d4f81880a768e668257f24220021c7
:10147c0020460af09dfec4f81880a760e660257728
:04148c000124e5e76b
:020000040000fa
:020000040104f5
:1014900008b54160006191420cd8d21a83699a4222
:1014a00001d3012008bd011d094b186803f0b1ffed
:1014b0000020f7e79a4201d2994206d2011d044b5f
:1014c000586803f0a6ff0020ece70120eae700bf20
:0414d0000c240120c7
:020000040000fa
:020000040104f5
:1014d400e8b1034689b100b5d1f800e0d1f804c001
:1014e4008868ca68c3f8f8e0c3f8fcc0c3f8000110
:1014f400c3f8042100205df804fb0020c3f8f800c1
:10150400c3f8fc00c3f80001c3f8040170476ff08e
:04151400ac00704770
:020000040000fa
:020000040104f5
:1015180010b490f8893103f00303012b14d0022b87
:101528000cbf4ff0080c4ff0040c04390023084c92
:1015380051f8040f9a1c04eb820250600133634592
:10154800f6d15df8044b70474ff0060cede700bf8d
:041558000004004249
:020000040000fa
:020000040104f5
:10155c0038b504461d46012b05d01cb1237813f079
:10156c00010f07d138bd1146094bd3f89c00fff78a
:10157c00b1f9f2e7204605f09ffc0028f2d01db926
:10158c00237823f080032370204609f0d9fde9e786
:04159c006c2001209e
:020000040000fa
:020000040104f5
:1015a0008446b8b1c1b100f1b003994216d000f140
:1015b000c00300f59870834205d003f110029942f0
:1015c0000ed01346f7e70cf1a00c614514bf0020c4
:1015d00001207047002070470020704701207047ad
:0415e000012070472f
:020000040000fa
:020000040104f5
:1015e400d0b170b50d4614460646b9b1202a17d8b5
:1015f400202200210af0e0fd2246294630460af066
:1016040043f886f8204000213046f9f76bf90028aa
:101614000cbf0920002070bd022070470220fae7a9
:041624000220f8e7c1
:020000040000fa
:020000040104f5
:10162800c8b130b589b00d461446b1b1c37801933d
:101638008378009343780278094903a809f00cfce1
:101648000130a04201d9002008e003a928460bf088
:101658004fff012002e000207047002009b030bd94
:04166800d44f00015a
:020000040000fa
:020000040104f5
:10166c00f8b50f4d2e68002406f5087353f8247056
:10167c008fb916200cf028fa883446f824002b6811
:10168c0053f8240018b1162239460af091fd2b6844
:10169c0053f82400f8bd0134082ce7d10020f9e7f9
:0416ac008c28012065
:020000040000fa
:020000040104f5
:1016b00037b584682588b5f5706f19d2284604f0cf
:1016c00005faa8b1a3788df80230e3788df80330dd
:1016d00023798df8043063798df805306846e38806
:1016e000adf80050adf8063000f0aef803b030bdf4
:0416f0000320fbe7f1
:020000040000fa
:020000040104f5
:1016f40008b50b4903200bf0f1f80a4b1a680a4ba2
:10170400c2f87c31094b4ff0ff3119601971002187
:101714001970074bc2f87431bde808400af002bce6
:10172400009704018c28012049e00201512801207e
:041734004ded030173
:020000040000fa
:020000040104f5
:10173800a35504019df80301afd90401add80401f4
:1017480095d80401a3d904010db3030145ea0201a8
:101758002d3d0301e9d50401dfd504019dd804011d
:10176800a1da040177cd040109e10301f1d00401f4
:041778009dd90401f2
:020000040000fa
:020000040104f5
:10177c002de9f0410e4e33688046db6b14200f468a
:10178c0015469847044680b1057480f80880c760f8
:10179c00014644f20e0005f02ff9336825881b6cc6
:1017ac00204698472846bde8f0810225fae700bf9d
:0417bc00b828012028
:020000040000fa
:020000040104f5
:1017c00030b585b00c460546fbf792ff0df10b03d3
:1017d000019303ab8df80b0000930122042340f228
:1017e000064140f20110adf80c508df80e4005f0a6
:1017f0001ff99df80b20024b33f8120005b030bde5
:04180000da4d0301b9
:020000040000fa
:020000040104f5
:1018040030b585b00c460546e6f74af80df10b03f2
:10181400019303ab8df80b0000930122042342f2e1
:10182400770140f20110adf80c508df80e4005f030
:10183400fdf89df80b20024b33f8120005b030bdc3
:04184400da4d030175
:020000040000fa
:020000040104f5
:10184800f0b585b002ae054607880396e1f722fc9d
:101858000446014603a80bf019fd394603a80bf00e
:101868001bfdcde900560823032242f2780140f21d
:10187800011005f0d9f8024b33f8140005b0f0bd9b
:04188800da4d030131
:020000040000fa
:020000040104f5
:10188c001fb50146044604f11703e21d11f8010bc4
:10189c00e3f712fc0df10f038df80f00cde90043b7
:1018ac000122272342f2270140f2011005f0baf879
:1018bc009df80f20024b33f8120004b010bd00bf8e
:0418cc00da4d0301ed
:020000040000fa
:020000040104f5
:1018d000f0b585b002ad0f4606460395d0f712f875
:1018e0000446014603a80bf0d5fc397803a80bf099
:1018f000d1fccde900651c23022242f2360140f200
:10190000011005f095f8024b33f8140005b0f0bd56
:04191000da4d0301a8
:020000040000fa
:020000040104f5
:1019140030b90a4b1a681980094909681a80704756
:10192400012804d1074b1a6819800749f5e70228f2
:10193400f5d1064b1a6819800549eee7303f01419d
:10194400403f0141343f0141443f0141383f01419f
:04195400483f0141c6
:020000040000fa
:020000040104f5
:1019580038b50d4d01222a700c4a1468230608d5a3
:101968000bf064fc08b101f07dfedef77ffd24f08a
:10197800800424b1064b1b680bb12046984709f038
:101988003dfd00232b7038bdd6290120103f0141b1
:04199800f82801200a
:020000040000fa
:020000040104f5
:10199c000e4b1a78b2b90e4a4ff00041c2f88010c3
:1019ac00bff34f8fbff36f8f0121c2f88410bff3c9
:1019bc004f8fbff36f8f4021c2f88410bff34f8f4e
:1019cc00bff36f8f1a7801321a707047d529012036
:0419dc0000e100e046
:020000040000fa
:020000040104f5
:1019e00010b504210446002007f0dbfac8b1062335
:1019f00084f8e23023230373d4f8443133f8172feb
:101a0000a0f80d209b78c373d4f844311a7e197c5a
:101a1000d20962f34511197401462046eff740fce4
:041a2000012010bdd4
:020000040000fa
:020000040104f5
:101a240010b5044678b10d490d4a0b681807fcd16e
:101a34001368db06f9d1fff7afff0120faf745fc85
:101a440008f02efe06e0fff7a7ff06f021fe204671
:101a5400faf73bfcbde8104005f078bf5c38014163
:041a640058380141ac
:020000040000fa
:020000040104f5
:101a680038b5c36d5a78022a044618d193f8e43081
:101a7800022b14d10a4b1b681b78022b0fd00820ad
:101a88000d780cf023f8014648b109230370238828
:101a980083808571bde8384008200bf0e7bd38bd6c
:041aa80040290120b0
:020000040000fa
:020000040104f5
:101aac0010b4c36d0e4a93f8e730102b0c4603d1db
:101abc0011688978102910d012689078834289bff8
:101acc00c0f11002e018001900219cbfc3f11002f4
:101adc0000215df8044b0af06bbb5df8044b7047ba
:041aec00402901206c
:020000040000fa
:020000040104f5
:101af00070b50546c06d18b10bf0eeff0023eb6525
:101b00000b4e3268002402f12c0300bf53f824204e
:101b1000aa4208d128460bf0dfff336803eb8404a8
:101b20000023e36270bd0134082cefd1fae700bf57
:041b30004029012027
:020000040000fa
:020000040104f5
:101b340038b5012005f0aef8044678b10b480bf037
:101b440025f8054658b9022384f85330084c206818
:101b54001030e6f795fe236883f8285038bd2046f8
:101b64000821bde83840f1f72dbc00bf791b040102
:041b740040290120e3
:020000040000fa
:020000040104f5
:101b780070b50646022005f08bf8044690b100f1d6
:101b8800120540223146284609f07cfda378092b2e
:101b980009d12046faf7c6fb29462046fff7a6fbdf
:101ba8000a23a37070bd0b2bfcd12046bde8704002
:041bb800e5f722b873
:020000040000fa
:020000040104f5
:101bbc0010b50378022b04461bd1807807f0bafdd0
:101bcc00a0880bf0adfaa3792bb1e389a2896189c6
:101bdc002089e5f7e7fd0bf0f1fa0d2809d9237cf4
:101bec000bb1eaf759fa637c1bb1bde81040f2f770
:041bfc0069b910bdf6
:020000040000fa
:020000040104f5
:101c000038b505464ff482700bf064ff0446c0b14e
:101c1000e87a80000bf05eff606090b112232370c1
:101c20002b882381ea7aa272e968920009f02efdde
:101c30002046042105f0ccff6068bde838400bf079
:041c40004bbf38bda1
:020000040000fa
:020000040104f5
:101c44000e4b024600681860908892799a7133f8b6
:101c5400042c988042f0020223f8042ca3f5776345
:101c6400d3f8683f5b0041bf054b186808609b8848
:101c740046bf8b8000201f20704700bf7033014196
:041c8400983301414f
:020000040000fa
:020000040104f5
:101c88002de9f0410e4e002400f117074ff0270808
:101c980035682b78e340db070ad508fb045010228f
:101ca8003946223007f034fa003018bf0120a870f6
:101cb80033689b7813b90134082ce9d1bde8f08169
:041cc800542901207a
:020000040000fa
:020000040104f5
:101ccc0038b50e4c2278824205460ad002280ad139
:101cdc000b4b198821f0070141f001016d2002f036
:101cec007bfc257038bd022a01d0ff2af9d1044ba8
:101cfc00198821f007010904090cefe7e1290120fb
:041d0c00ca290120bf
:020000040000fa
:020000040104f5
:101d1000f0b587b00f4602ac014601a816461d4635
:101d200001940bf0c3fa394601a80bf0bffa314613
:101d300001a80bf0bbfa294601a80bf0b7fa23461d
:101d4000102203490020f8f709fc07b0f0bd00bfde
:041d50000007010087
:020000040000fa
:020000040104f5
:101d5400122811d004d811284ff0010005d0704783
:101d6400213802280ed901207047094b1a8860f3e4
:101d740083021a8000207047054b1a88022161f300
:101d84008302f6e7024a138843f00c031380f1e759
:041d9400c034014115
:020000040000fa
:020000040104f5
:101d98000e4b0f4a196812680878c2f3403262f392
:101da800861008701a6811786ff3010111701968ac
:101db8000a7842f008020a701a682021d1701a685d
:101dc800d17841f66a034b4313637047a029012079
:041dd8003838014155
:020000040000fa
:020000040104f5
:101ddc00064b1880023b198004331a6842f48012b7
:101dec001a601a68d202fcd4704700bf023001415d
:101dfc00064b188002331a6842f480221a601a6863
:101e0c005203fcd4024b186880b270470230014177
:041e1c002830014128
:020000040000fa
:020000040104f5
:101e200038b50d46044608b9002038bd43689b0606
:101e30000ad40023c4e90533a362002df4d020683e
:101e4000bde838400bf0d7bdd0e905239a42f0d960
:101e50000022c36a114698476369002be9d14ff00d
:041e6000ff30e2e786
:020000040000fa
:020000040104f5
:101e64002de9f0410646884617461c468568ed1a5a
:101e7400954228bf154681692a461944404609f00f
:101e840003fcaf4206d8e019b368834298bfc01a76
:101e9400bde8f0817a1bb16908eb050009f0f4fb99
:021ea400f1e764
:020000040000fa
:020000040104f5
:101ea60030b58646e0b10068d0b1047874b10d78db
:101eb60084463db10a462b46a3420bd012f8013f99
:101ec600002bf9d11cf8014f002cf2d10023cef8db
:101ed600003005e06346002203f8012bcef80030ff
:021ee60030bd0d
:020000040000fa
:020000040104f5
:101ee80038b5d0b10c460546c9b190f83133022b4c
:101ef80007d02146a868e0f7dffb054648b1284629
:101f080038bd032380f8313302218068fbf726feb1
:101f1800efe720460bf0e2fbf1e70025efe70025ad
:021f2800ede7e3
:020000040000fa
:020000040104f5
:101f2a0010b503780b2bc2b0044617d1808803f092
:101f3a00c8fd40b105238df8083002a8a388adf882
:101f4a000a30fcf726ff00220434019200940c2385
:101f5a0040f23e514ff4827004f065fd012042b018
:021f6a0010bda8
:020000040000fa
:020000040104f5
:101f6c0090f86c30d9070ad5826f42f080428267b4
:101f7c00da43c2f3c01262f3c71380f86c3090f8e6
:101f8c006c309a0741bf0222027783f04002c2f301
:101f9c0080124bbf62f38613012380f86c300377f9
:021fac0070477c
:020000040000fa
:020000040104f5
:021fae0070477a
:020000040000fa
:020000040104f5
:101fb00010b5054c237833b9044b13b10448aff383
:101fc00000800123237010bd802601200000000046
:101fd0000000000008b5034b1bb103490348aff3f1
:101fe000008008bd000000008426012000000000e1
:020000040000fa
:020000040104f5
:101ff00010b504460378013b032b06d8dfe803f055
:10200000020c10144068c3f734fd204609f086fb2b
:1020100060680bf067fb10bd4068c7f74af9f4e74a
:102020004068cdf74af9f0e740680af029f9ece793
:020000040000fa
:020000040104f5
:1020300038b504460af0a2f9002c15db63090b49f8
:1020400051f8235004f01f04e54005f0010501227a
:10205000a240203341f82320bff34f8fbff36f8f8f
:102060000af095f9284638bd0025f9e700e100e0bf
:020000040000fa
:020000040104f5
:1020700038b504460af082f9002c15db63090b49d8
:1020800051f8235004f01f04e54005f0010501223a
:10209000a240203341f82320bff34f8fbff36f8f4f
:1020a0000af075f9284638bd0025f9e700e100e09f
:020000040000fa
:020000040104f5
:1020b000431e13f1030f11d883b2042b10d80b4a1f
:1020c00002eb4312d26982420cd1084a02eb43125e
:1020d00012784ab1054800eb431070470020704762
:1020e000002070470020704700207047d01d01205d
:020000040000fa
:020000040104f5
:1020f000d0b10246d1b10b7803f0f003302b01d000
:102100000120704710b54b7800f8013b0024c2f85d
:10211000014044608460c46004614461172202315c
:102120000bf0f0f9204610bd0120704701207047e8
:020000040000fa
:020000040104f5
:10213000d0b10246d1b10b7803f0f003502b01d09f
:102140000120704710b54b7800f8013b0024c2f81d
:10215000014044608460c46004610475142202314b
:102160000bf0d0f9204610bd0120704701207047c8
:020000040000fa
:020000040104f5
:1021700070b503460d4c606841f0004181615968bb
:102180006068c16160688e68066265681835756050
:10219000656818358d6061688b6219680131196056
:1021a00001211046eaf772fe70bd00bfc81c012075
:020000040000fa
:020000040104f5
:1021b0000e4bd3f8d43093b90c4bd3f8003183b91c
:1021c0000a4bd3f8f83073b9084ad2f89030013b83
:1021d000d2f8980098420cbf0220012070470020de
:1021e0007047002070470020704700bfc81c0120c6
:020000040000fa
:020000040104f5
:1021f0002de9f0410646884617461c468568ed1acb
:10220000954228bf154680692a46184409f03efacf
:10221000af4206d8e019b368834298bfc01abde840
:10222000f0817a1b08eb0501b06909f02ffaf1e79c
:020000040000fa
:020000040104f5
:1022300070b582b0eff311854ff0200383f311885e
:10224000bff36f8fbff34f8f03697bb10446006903
:1022500001910026009633463246216ae0f790f954
:102260002661012085f3118802b070bd0020f9e7d6
:020000040000fa
:020000040104f5
:1022700070b582b0eff311854ff0200383f311881e
:10228000bff36f8fbff34f8f43697bb10446406943
:1022900001910026009633463246216ae0f770f934
:1022a0006661012085f3118802b070bd0020f9e756
:020000040000fa
:020000040104f5
:1022b00070b505460e460d4b5b68db68dc68201d7b
:1022c00006f0b5fc94f8243013f0040f07d123f086
:1022d000010384f82430236a2046984770bd3246b3
:1022e0002946204605f0ccf9f5e700bf0c24012073
:020000040000fa
:020000040104f5
:1022f00070b507f0a5f80d4bdb6813b109f0fcfcd5
:1023000070bd0a4c04f11006304609f049fa04f198
:102310002405284609f044fa6660256000220c2155
:102320000a20fcf76bffe060e8e700bf0c24012007
:020000040000fa
:020000040104f5
:1023300000b583b0fff7dcff094bdb686bb1094bdd
:1023400001930423009300234ff4007206490748c9
:10235000d9f7aaf903b05df804fb0020fae700bf43
:102360000c240120442401206c470001390702019c
:020000040000fa
:020000040104f5
:10237000836813f0010f18d09a1c520002f0080273
:102380001a4402fb03f0c0f1020002fb00f000fb64
:1023900003f2c2f1020200fb02f202fb03f3023b72
:1023a00003fb02f20a60002070474ff0ff307047d5
:020000040000fa
:020000040104f5
:1023b00008b900207047f8b50c4615461e4607467a
:1023c00040f20131eff7eaf980b133462a4621465f
:1023d000384601f0dcfb089b079a9df81810384638
:1023e00001f0d5fb3846eff715fef8bd0020fce7fd
:020000040000fa
:020000040104f5
:1023f00010b582b08df80710b0b10446cbb2012bf6
:1024000002d0002002b010bd40f60121eff7c6f95e
:1024100060b101230df1070203212046e5f7a0fc7e
:102420002046eff7f7fdede70020ebe70020e9e7b6
:020000040000fa
:020000040104f5
:1024300010b582b08df80710b0b10446cbb2012bb5
:1024400002d9002002b010bd41f20131eff7a6f928
:1024500060b101230df1070203212046e5f780fc5e
:102460002046eff7d7fdede70020ebe70020e9e796
:020000040000fa
:020000040104f5
:1024700010b582b08df80710a8b10446cbb2032b7b
:1024800001d9002010e04ff4f051eff787f968b15f
:1024900001230df1070203212046e5f761fc2046e8
:1024a000eff7b8fd00e0002002b010bd0020fbe710
:020000040000fa
:020000040104f5
:1024b00010b582b08df80710b0b10446cbb2012b35
:1024c00002d9002002b010bd41f60161eff766f9b4
:1024d00060b101230df1070203212046e5f740fc1e
:1024e0002046eff797fdede70020ebe70020e9e756
:020000040000fa
:020000040104f5
:1024f00010b582b08df80710a8b10446cbb2022bfc
:1025000001d9002010e041f60171eff747f968b1f9
:1025100001230df1070203212046e5f721fc2046a7
:10252000eff778fd00e0002002b010bd0020fbe7cf
:020000040000fa
:020000040104f5
:10253000d0b170b506460d4b1b69834210d00b4bd2
:102540005b6863b1746834b1084d2046e4696b6818
:102550009847002cf9d1054b5b683046984770bd11
:10256000024b00221a61eae7704700bf6c2001208d
:020000040000fa
:020000040104f5
:10257000d0b1012908d002290ed0b9b9427822f091
:102580000302427008467047427822f0020242f08d
:102590000102427000207047427822f0010242f0ae
:1025a00002024270002070470220704702207047ec
:020000040000fa
:020000040104f5
:1025b00008b5431e13f1030f10d8836883b18278e6
:1025c00082b11a68b2f1ff3f0ed093f87b206ab94e
:1025d000ff2283f87c20e9f7d5fb04e0022002e02b
:1025e000022000e0012008bd0120fce70320fae7fb
:020000040000fa
:020000040104f5
:1025f0000d4b01221a601a46136913f0010ffbd12b
:10260000094b10221a6003221a734ff6ff129a83a5
:1026100033229a72054a0021116020225a721a460a
:102620001369002bfcd1704700140040dc27012007
:020000040000fa
:020000040104f5
:102630007fb58df80f00d5f7e1ff0df1170301937a
:102640000df10f038df8170000930122202342f2b1
:102650000a0140f2011004f0ebf99df81720034b3a
:1026600033f8120007b05df804fb00bfda4d030138
:020000040000fa
:020000040104f5
:102670001fb58df80d108df80c00fcf72ffc0df137
:102680000b03019303ab8df80b000093012202238f
:1026900042f27c0140f2011004f0caf99df80b20cf
:1026a000024b33f8120005b05df804fbda4d03016c
:020000040000fa
:020000040104f5
:1026b0007fb502ae05460396f4f70cfc04460146ce
:1026c00003a80af0e7fd298803a80af0e9fdcde98f
:1026d00000560e23032242f2200140f2011004f0c2
:1026e000a7f9024b33f8140004b070bdda4d0301b2
:020000040000fa
:020000040104f5
:1026f0007fb58df80f00f5f727ff0df11703019354
:102700000df10f03009301238df817001a4642f2d2
:102710002d0140f2011004f08bf99df81720034bb6
:1027200033f8120007b05df804fb00bfda4d030177
:020000040000fa
:020000040104f5
:102730007fb5adf80e0002f0b3fc0df11703019365
:102740000df10e038df8170000930122022342f2cf
:102750002e0140f2011004f06bf99df81720034b95
:1027600033f8120007b05df804fb00bfda4d030137
:020000040000fa
:020000040104f5
:102770001fb58df80d108df80c00ecf717fa0df160
:102780000b03019303ab8df80b000093012202238e
:1027900042f2740140f2011004f04af99df80b2056
:1027a000024b33f8120005b05df804fbda4d03016b
:020000040000fa
:020000040104f5
:1027b0007fb502ad0646039508f01cf804460146b5
:1027c00003a80af067fd317803a80af069fd002329
:1027d00000930195022240f6484140f2011004f0b6
:1027e00027f9024b33f8140004b070bdda4d030131
:020000040000fa
:020000040104f5
:1027f0007fb58df80f00f4f775fa0df1170301930b
:102800000df10f03009301238df817001a4642f2d1
:102810003c0140f2011004f00bf99df81720034b26
:1028200033f8120007b05df804fb00bfda4d030176
:020000040000fa
:020000040104f5
:1028300008b50c4b5a6842f400025a605a6ad10635
:10284000fcd5bc2002f0dffe074a138e43f0800364
:102850001386044b1a6ad203fcd5044b01221a706a
:1028600008bd00bf0040014100240141d2290120e0
:020000040000fa
:020000040104f5
:1028700038b505460c4607f05bffa8b10b4b18684e
:10288000294604300af042fd60b190f8f8305bb19f
:1028900090f83430237050f8283f13608388938079
:1028a000002038bd4220fce70c20fae70429012073
:020000040000fa
:020000040104f5
:1028b0004144563a6164645265712c6576743d25d5
:1028c000642c62573d256c75287573292c696e74cc
:1028d000766c3d256c75287573292c72616e676561
:1028e000324f66667365743d256c752875732900d3
:020000040000fa
:020000040104f5
:1028f000084a094900231360084a1360084a136014
:10290000084a1360084a1360084a062013600af058
:1029100009bd00bf1c290120690f020120290120e7
:1029200014290120182901200c2901201029012037
:020000040000fa
:020000040104f5
:1029300010b50b210446002006f033fbb8b1d4f8e3
:10294000b431262202731a88a0f80d205a88a0f804
:102950000f209a88a0f81120da88a0f813201b898c
:10296000a0f8153001462046eef79afc012010bd74
:020000040000fa
:020000040104f5
:10297000d0f8b8110a8b4b8b9a4217d8063a92b20c
:1029800040f67a40824211d8063b9bb283420dd872
:102990008b8bb3f5fa7f09d2c88b0a3880b240f628
:1029a000764398428cbf002001207047002070477a
:020000040000fa
:020000040104f5
:1029b0001fb590f8e23090f8e420002914bf3021d0
:1029c000202113f0300f01d111420dd0cde9013299
:1029d000064b0093ec2001230222d421e6f748fca9
:1029e000002005b05df804fb0120fae7b08804017f
:020000040000fa
:020000040104f5
:1029f0003a2808b50fd10d4b186890f82830042bf1
:102a000009d8013380f8283041f288311030bde810
:102a10000840e1f773bf022004f03ef920b108211d
:102a2000bde80840f0f7d0bc08bd00bf4029012038
:020000040000fa
:020000040104f5
:102a3000e69d350e480103ccdbfdf4ac1191f4efbb
:102a4000b9a5f9e9a7832c5e2cbe97f2d203b0207a
:102a50008bd28915d08e1c742430ed8fc2456376dd
:102a60005c15525abf9a32636deb2a65499c80dc33
:020000040000fa
:020000040104f5
:102a700008b50a4a0421012008f0b8fc084803f010
:102a80004dfa084803f062fa074808f087fd074945
:102a9000042006f075fe002008bd00bfad4504010e
:102aa000f1ee0101bd1b0401b5b504013d8b02012e
:020000040000fa
:020000040104f5
:102ab00010b50e4a0321012008f098fc0af0feff31
:102ac00010b90024204610bd00f0b2fd0028f8d057
:102ad00003f0bcf80028f4d000f08cfd0446002878
:102ae000efd001f017fb0af045fbebe715d9040125
:020000040000fa
:020000040104f5
:102af00010b50e4b4ff0000451b193f9012090f93d
:102b00000010914207db027044f00204204610bd21
:102b100093f90220f3e793f90330994203dc037041
:102b200044f00104f2e7fef7f3f9efe70027012094
:020000040000fa
:020000040104f5
:102b30001fb50b7b0290022b8df80c300ed1016873
:102b40008b6f43f480038b67009202ab0822074926
:102b50000120fbf709f905b05df804fb272b01bf45
:102b60000168cb6f43f00203cb67ede7000601017c
:020000040000fa
:020000040104f5
:102b7000122917d00bd8112911d00c4b1b68c3f3a5
:102b80004113012b07d1000100f51970704722296c
:102b9000f9d02329f1d1800100f266307047c000de
:102ba000e63070478000c230704700bfc03401413a
:020000040000fa
:020000040104f5
:102bb00088420fd98b1883420cd900eb020ca2b1ca
:102bc0006246844613f8010d02f8010d9942f9d1cd
:102bd0006046704752b1431e84460a4411f8010b07
:102be00003f8010f8a42f9d160467047704700bf71
:020000040000fa
:020000040104f5
:102bf00030b40446481e07e010f8011f03f8011b1b
:102c0000551e39b12a461c462346002af4d12046d7
:102c100030bc7047a0183db103f8011b8342fbd1c3
:102c2000002cf4d130bc70471846002cefd1f9e7e6
:020000040000fa
:020000040104f5
:102c300070b5c0b10d4c2268a0f11005a2b150f8da
:102c4000101c43189a42136807d1103312690260ae
:102c50000b4440f8103c256005e01033d618b5420f
:102c600002d11944116070bd0260f4e7b02901205f
:020000040000fa
:020000040104f5
:102c700010ee103ac3f3c7527e3a002a19460fdd10
:102c8000172a0adc6ff07f43d34021ea530119442d
:102c900021ea030300ee103a704700ee103a704745
:102ca00003f00043f9d143f07e5300ee103a704731
:020000040000fa
:020000040104f5
:102cb000474154543a44617461207263762c4f70da
:102cc0003d30782530327800474154543a4461749d
:102cd00061207263762c6e6f20617661696c20636f
:0f2ce0006f6e6e2c68646c3d3078253034780050
:020000040000fa
:020000040104f5
:102cf00010b582b0adf80610a0b104468bb20bb986
:102d0000002010e040f60961eef748fd68b10223ab
:102d10000df1060203212046e5f722f82046eff7e1
:0e2d200079f900e0002002b010bd0020fbe7b2
:020000040000fa
:020000040104f5
:102d2e0010b582b0adf8061010b9002002b010bd7b
:102d3e00044640f60a61eef72afd70b1bdf8063082
:102d4e001bb92046eff75ff9f0e702230df10602fb
:0e2d5e0003212046e4f7fdfff3e70020e6e73f
:020000040000fa
:020000040104f5
:102d6c0010b582b0adf8061010b9002002b010bd3d
:102d7c0004464ff4b051eef70bfd70b1bdf80630c0
:102d8c001bb92046eff740f9f0e702230df10602dc
:0e2d9c0003212046e4f7defff3e70020e6e720
:020000040000fa
:020000040104f5
:102daa002de9f04182b0054616461f4601ebc014d4
:102dba0020460af08efc80b18046009733462a46a8
:102dca002146f8f722fc044618b1204602b0bde8b5
:0e2dda00f08140460af081fcf7e70024f5e79f
:020000040000fa
:020000040104f5
:102de800431e13f1030f10d8836883b1827882b130
:102df8001a68b2f1ff3f0ed0b3f89c2031ea020204
:102e08000bd1a3f8981000207047022070470220c9
:0e2e180070470120704701207047022070476c
:020000040000fa
:020000040104f5
:102e2600e0b108b5012b15d0022b16d1029ba3b138
:102e3600836893b1029a118841f6017291420cd1ce
:102e4600029a52884ab1d3f8343333b141f602714b
:0e2e5600984702e010460af042fc08bd7047a3
:020000040000fa
:020000040104f5
:102e6400431e13f1030f14d88368a3b18278a2b16f
:102e740093f830212ab193f84021012012b10020a7
:102e84007047002003eb0013012283f83021104423
:0e2e94007047002070470020704700207047f4
:020000040000fa
:020000040104f5
:102ea20037b5d0e9035401aa6946008902f055fefc
:102eb20088b1009b9a7b92060fd49a682188128867
:102ec200914288bf228022885968284608f0ddfb9b
:0e2ed200002003b030bd0320fbe70120f9e72c
:020000040000fa
:020000040104f5
:102ee00010b50024c0e90040e9f76cfaa8b1f0235e
:102ef000037403f5e2634361072303834ff4807394
:102f0000a0f82130ff2380f82530032380f84740c4
:0e2f1000847680f89430204610bd0720fce740
:020000040000fa
:020000040104f5
:102f1e0010b509210446002006f03cf8b0b1152387
:102f2e000373b4f86430a0f80d30b4f86630a0f82e
:102f3e000f30b4f86030a0f81130b4f86230a0f859
:0e2f4e00133001462046eef7a4f9012010bd15
:020000040000fa
:020000040104f5
:102f5c0059b1437e212b10d009d8112b13d0122b31
:102f6c0008bf012018bfff207047837ef2e7222b99
:102f7c000bd0232b08bf0220f4e7c37e002b0cbf21
:0e2f8c0002200320704700207047032070478a
:020000040000fa
:020000040104f5
:102f9a0070b50468a36f43f08003a36705460e4625
:102faa0005f07cf890b9a36f23f0800343f4007313
:102fba00a3672846eef7fffa2046012100f073fec8
:0e2fca0031462846bde87040c7f795ba70bd85
:020000040000fa
:020000040104f5
:102fd8004c32433a44617461207263762c6f703dc1
:102fe800307825303278004c32433a44617461209d
:102ff8007263762c6e6f20617661696c20636f6ee8
:0d3008006e2c68646c3d3078253034780003
:020000040000fa
:020000040104f5
:10301500534d503a44617461207263762c6f703d54
:1030250030782530327800534d503a446174612030
:103035007263762c6e6f20617661696c20636f6eaa
:0d3045006e2c68646c3d30782530347800c6
:020000040000fa
:020000040104f5
:023052007047c5
:020000040000fa
:020000040104f5
:103054000a4bd3f8843303b1704700b583b0084bef
:1030640001930123009300234ff4a062054906480d
:10307400d8f718fb03b05df804fb00bf00fc012087
:0c30840084ff0120784400017144010128
:020000040000fa
:020000040104f5
:103090000c4b0222c3f88021c3f88020bff34f8f6e
:1030a000bff36f8f084a137843f00103137053681e
:1030b00013f0010ffbd14ff0884307225a66082214
:0c30c0005a66704700e100e00008004084
:020000040000fa
:020000040104f5
:1030cc0070b505460c46eff3108672b605f054f851
:1030dc00094b4ff00042c3f8d020c3f8e82025f08c
:1030ec007f451543c3f8d05024f07f441443c3f8f4
:0c30fc00e04086f3108870bd0006004420
:020000040000fa
:020000040104f5
:1031080070b590b90c4615460b4808f097fd78b194
:10311800094e56f8083b1b6829462046984704463e
:10312800304607f0fbfe204670bd4ff0ff34fae74b
:0c3138004ff0ff34f7e700bf9c27012098
:020000040000fa
:020000040104f5
:1031440070b590b90c4615460b4808f079fd78b176
:10315400094e56f8083bdb68294620469847044642
:10316400304607f0ddfe204670bd4ff0ff34fae72d
:0c3174004ff0ff34f7e700bf9c2701205c
:020000040000fa
:020000040104f5
:103180000c4b93f8d0300bb10120704710b54ff0c5
:10319000ff31094809f0d7f8012801d0002010bdff
:1031a000044c94f9a800fef763ff84f8d1000120d5
:0c31b000f5e700bfd01d0120a81e012083
:020000040000fa
:020000040104f5
:1031bc0010b50446fff7deffb0b12046fef772fff4
:1031cc00044678b1437843b90020207560752070af
:1031dc00044604f0c3f9204610bdf8f755f9002356
:0c31ec006370f1e70124f4e70124f4e72c
:020000040000fa
:020000040104f5
:1031f80038b50446fff7c0ffb0b12046fef754ffcc
:10320800054678b1437823b9002404f0a9f920468b
:1032180038bdf8f73bf900242c756c756c706b6839
:0c322800ab60f2e70124f0e70124f0e7be
:020000040000fa
:020000040104f5
:103234000238042804d8dfe800f01206090c0f0055
:103244009fed080a7047b3ee090a7047b2ee040a0c
:103254007047b0ee080a7047b7ee000a70479fed5a
:0c326400020a70470000164300003442cc
:020000040000fa
:020000040104f5
:1032700070b544680c4b5d68ec615d68a6682e62b1
:103280005d68183575605d681835a5605b68986283
:10329000036801330360002a0cbf08464ff0ff307b
:0c32a0001146e9f7f3fd70bdc81c0120c9
:020000040000fa
:020000040104f5
:1032ac00b0b170b515460446202a14d8c0f8943134
:1032bc00049bc0f818310026c0f81c6100f5907012
:1032cc0008f0def9c4f84051c4f86461304670bdb2
:0c32dc006ff0ac0070476ff08300f8e763
:020000040000fa
:020000040104f5
:1032e800c1b170b5054614460e46ff21104607f0d9
:1032f8001dff00b970bd29463046eef74bfa58b1ac
:103308001cb93046eef782fef4e72146304605f058
:0c331800bdfcf6e7002070470020ebe74a
:020000040000fa
:020000040104f5
:10332400c0b12de9f0410e461546074683687bb1ce
:1033340072b1094c04f1340801e0444508d054f852
:10334400043b002bf9d02a46314638469847f4e727
:0c335400bde8f081704700bfc44c0401cc
:020000040000fa
:020000040104f5
:10336000d0b108b5034689b10a68c0f821208a881f
:10337000a0f82520012283f8272000211846f7f71e
:10338000b3fa00280cbf0920002008bd0022c0f8b5
:0c3390002120a0f82520eee70220704765
:020000040000fa
:020000040104f5
:10339c00c0b138b50c46054669b12121204608f06c
:1033ac009bfb024620280fd8214605f1100008f09f
:1033bc0067f9002038bd21220021103008f0f8fefa
:0c33cc000020f7e7022070470220f3e722
:020000040000fa
:020000040104f5
:1033d80008b5037a012b15d893b9faf767fe70b9c7
:1033e8000146012003f0b2fa0220fff71df930b9b7
:1033f800054b1a68137843f001031370002008bdc9
:0c3408000320f2e70320fae78c280120e3
:020000040000fa
:020000040104f5
:1034140038b50b4d0b49062009f060fa2a680a49b1
:10342400c2f88411002400bf04f188022b6801341f
:1034340053f8220001f078fc082cf5d1002038bda7
:0c3444008c2801207009040121b0000157
:020000040000fa
:020000040104f5
:1034500038b503780c2b044617d1808802f08efd16
:1034600098b1037a0025db0745720ed54ff48270c0
:103470000af030fb48b110220270a2888280857168
:0c3480000421bde8384004f0a3bb38bdb7
:020000040000fa
:020000040104f5
:10348c001bd60401df72040175bc03017dee020141
:10349c00b15c030171a504011da504018da50401f6
:1034ac00e59e0301a32e040121d1040100000000bc
:0c34bc003dde01018dc402011549030131
:020000040000fa
:020000040104f5
:1034c8001fb50146044611f8010be8f7affe0df1f0
:1034d8000f038df80f00cde900430122202342f2ab
:1034e800080140f2011003f09ffa9df80f20024beb
:0c34f80033f8120004b010bdda4d0301df
:020000040000fa
:020000040104f5
:103504001fb50146044611f8010be8f7f5fe0df16d
:103514000f038df80f00cde900430122202342f26e
:10352400090140f2011003f081fa9df80f20024bcb
:0c35340033f8120004b010bdda4d0301a2
:020000040000fa
:020000040104f5
:103540001fb50146044611f8010beef75ffa0df1c5
:103550000f038df80f00cde900430122072342f24b
:10356000110140f2011003f063fa9df80f20024ba5
:0c35700033f8120004b010bdda4d030166
:020000040000fa
:020000040104f5
:10357c001fb58df80c00fdf7a5fb0df10f030193a2
:10358c0003ab009301238df80f001a4640f6494116
:10359c0040f2011003f046fa9df80f20024b33f86d
:0c35ac00120005b05df804fbda4d0301cd
:020000040000fa
:020000040104f5
:1035b80030b587b004ac0d46039406f0edf803a8c7
:1035c800002109f063fe294603a8062208f002fd3f
:1035d8000194002400942346072241f2090140f295
:0c35e800011003f021fa204607b030bdae
:020000040000fa
:020000040104f5
:1035f40038b50c4c2368254663b12b688c22002116
:10360400184608f0d9fd18224270074809f082fed6
:10361400012038bd8c200af05bfa20600028ecd130
:0c362400f7e700bfa4280120c9850201bf
:020000040000fa
:020000040104f5
:1036300038b50b4c236825465bb12b68094a1a60e4
:103640002b68c3e90122da60074ac3e9042201209a
:1036500038bd18200af03efa20600028edd1f7e7c7
:0c366000a8280120c9da0401cdda040119
:020000040000fa
:020000040104f5
:10366c000b4b1a6842f480121a600a4a118e6ff3df
:10367c00c71111861a6a02f44032b2f5003ff9d133
:10368c005a6822f400025a60034b00221a707047e9
:0c369c000040014100240141d22901201e
:020000040000fa
:020000040104f5
:1036a80008b50d4b1b680146181d09f02bfe78b1b3
:1036b80090f8f83053b190f84720072a0ad8d32356
:1036c800d34013f0010f14bf0c230023184608bd84
:0c36d8004223fbe70023f9e7042901204e
:020000040000fa
:020000040104f5
:1036e40038b504460d460020092105f058fc88b180
:1036f400094b05731a681368c0f80d305368c0f895
:103704001130037c23f00803037401462046edf7cf
:0c371400c5fd012038bd00bf24290120a4
:020000040000fa
:020000040104f5
:1037200038b506210546002005f03bfc044690b163
:103730000c23037309f048fd074b6073c4f80e3087
:1037400095f8f23043f00803284685f8f230214618
:0c375000edf7a6fd012038bdcd00d60726
:020000040000fa
:020000040104f5
:10375c000b4b1b7813f0060311d10a4a13700a4a5b
:10376c0008214ff47060013911f0ff011080937043
:10377c00c2f80330a2f8073002f10a02f3d1704705
:0c378c00dc290120db290120d8220120cb
:020000040000fa
:020000040104f5
:10379800f8b50d4d06460f4600242b88b3f5706f1b
:1037a80008d0ab78b34205d10622e91c384605f0ab
:1037b800affc38b10134e4b2082c05f10a05ecd1ac
:0c37c8000020f8bd0120fce7d822012001
:020000040000fa
:020000040104f5
:1037d40008b50379092b0ed00b2b10d0052b13d170
:1037e4008268114602f10c0331f8020b5289e7f7a3
:1037f400c7fe012008bd8068f4f76ef8f9e7836816
:0c3804001868fdf7d3f9f4e70020f3e7a3
:020000040000fa
:020000040104f5
:1038100010b590f8f4309b0704460fd1f5f7d6feab
:1038200008b9002010bd40f22113a4f8e23094f84a
:103830006d3043f0200384f86d30f3e70a2106f081
:0c384000d4fa0028edd040f22243eee75d
:020000040000fa
:020000040104f5
:10384c0070b50446b8b10c4d2b68d3f88061fef707
:10385c009ff866b926602b68d3f8843163601c60ce
:10386c002b68c3f88441bde8704004f06bb8a642e5
:0c387c00f9d03668ede770bd3829012056
:020000040000fa
:020000040104f5
:10388800f8b50d4d06682b8840f6fe6293429abf44
:1038980001339bb200232b8040f6fe772c8820460c
:1038a80005f0daf808b93480f8bdbc429abf013493
:0c38b800a4b200242c80f1e77628012047
:020000040000fa
:020000040104f5
:1038c40010b5044686b0c06d0a4b019304220deb7b
:1038d400020102aba030d6f7a5ff074b0193e36dbd
:1038e400042216330deb020102a8d6f79bff06b0a3
:0c38f40010bd00bf31706d747262656c15
:020000040000fa
:020000040104f5
:103900000c4b10b50c46186008f01cfc002002f0af
:1039100065fb012002f062fbd5f7a6fae4f73eff53
:10392000204602f043fb044b00221a60bde8104021
:0c39300007f04eb84c290120502901205e
:020000040000fa
:020000040104f5
:10393c00072838b514d80b4c2468430024fa03f339
:10394c0003f00303012b0bd1074c062313fb00439d
:10395c001c6814609b889380f4f75ef9002038bdd6
:0c396c001f20fce750290120003301411e
:020000040000fa
:020000040104f5
:1039780010b50a6802b910bd537fabb11169cc7894
:1039880014f0010f14bf0723012314f0020f18bf0e
:103998000633240744bf0233dbb20b4490f852408d
:0c39a800d97864f30501d9701268e3e7d8
:020000040000fa
:020000040104f5
:1039b4001fb50c4b01930c4b04461a681b79cdf8c8
:1039c400092002210df10e008df80d30f1f7d2fb24
:1039d400002301a88df80830e4f718fc84f852009d
:0c39e40004b010bddf4d17c26a2801209e
:020000040000fa
:020000040104f5
:1039f00010b590f86c309b07014616d5d0f8ac3066
:103a00009bb190f821201c8922441a8109f0f8f812
:103a1000d1f8ac3018895a89904206d1c1f8b0303b
:0c3a20000846bde8104009f008ba10bdcf
:020000040000fa
:020000040104f5
:103a2c0038b5436813f4807f0446154611d00369fa
:103a3c009a4228bf1d465db12a46406907f020fe18
:103a4c00636922692b44521b2261002263611a7044
:0c3a5c0038bddb06fcd407f043fef9e7a0
:020000040000fa
:020000040104f5
:103a68004ff4001c1ceb410f98bf1ceb430f11d8ff
:103a780051ea030c50ea4c0c5cea020c0cd004d25c
:103a880082428b4180410130704790429941804188
:0c3a98000130704700207047012070478b
:020000040000fa
:020000040104f5
:103aa400434d443a536574507269766163794d6f3e
:103ab40064652c616464723d307825303278253039
:103ac40032782530327825303278253032782530f6
:0b3ad40032782c6d6f64653d256400a6
:020000040000fa
:020000040104f5
:103ae0000246c8b1002300bf00bf00bf00bf00bf37
:103af00000bf00bf00bf00bf00bf00bf00bf00bfce
:103b000000bf00bf00bf00bf00bf00bf00bf00bfbd
:0a3b100000bf01339a42e6d170476e
:020000040000fa
:020000040104f5
:103b1a0000b583b00023019301a90068eff75dffa8
:103b2a0018b9002003b05df804fb019b5bb14ff0ac
:103b3a00e0234ff08052c3f8042dbff34f8fbff339
:0a3b4a006f8f0120eee70120ece789
:020000040000fa
:020000040104f5
:103b540000b583b00023019301aa0068e9f710fec1
:103b6400012803d0002003b05df804fb019b53b18e
:103b74004ff0e0234ff08052c3f8042dbff34f8f72
:0a3b8400bff36f8fefe70120ede7bc
:020000040000fa
:020000040104f5
:103b8e0070b582b00192a9b104461d460e46084694
:103b9e0007f0bdfa38b104230deb0302314620467f
:103bae00e4f7d7f807e02b46019a31462046e4f7b2
:0a3bbe00d0f800e0012002b070bd55
:020000040000fa
:020000040104f5
:103bc800d0b138b50446037803b938bd00f18c0587
:103bd8004ff0ff31284608f0b2fb0128f5d1002349
:103be8002370284607f09af9e168204601f03aff69
:0a3bf800284607f087f9e8e7704758
:020000040000fa
:020000040104f5
:103c02002de9f04182b00c4617469846002605463b
:103c120032460df1060105f0d2fcbdf806c0b4eb48
:103c22001c2f02d00028f2d10546424639462846ca
:0a3c320005f0c5fc02b0bde8f0810a
:020000040000fa
:020000040104f5
:103c3c00434d443a5365745478506f7765725265ae
:103c4c00706f7274696e67456e61626c652c486446
:103c5c006c3d307825782c4c6f63616c3d25642c61
:0a3c6c0052656d6f74653d2564001c
:020000040000fa
:020000040104f5
:103c760038b590f8f430db07044615d5b0f8541182
:103c860042f21075694300f5bc70e0f734feb4f8f3
:103c9600561104f5c8706943e0f72dfe94f86e30ae
:0a3ca6006ff3410384f86e3038bd5f
:020000040000fa
:020000040104f5
:103cb00010b5044690f8b43031b123b9b0f8b8303b
:103cc0000133a0f8b83010bd5bb90146b630f2f749
:103cd0002ffa94f8ba3084f8b6300123a4f8b8303b
:0a3ce000f1e7bde81040ecf77dbcf1
:020000040000fa
:020000040104f5
:103cea0007b54a680346dbb2d20508468df80730a5
:103cfa0007d54a69511c41611370184603b05df833
:103d0a0004fb01220df1070107f0ebfc10b19df84d
:0a3d1a000700f3e74ff0ff30f0e779
:020000040000fa
:020000040104f5
:103d240008b50a4b002283f8802383f888205a7050
:103d340007494ff0ff3008601a70c3f88423d4f7a2
:103d440086ff044808f0b5fa08bd00bf00fc012056
:083d5400fc2a01206844000173
:020000040000fa
:020000040104f5
:103d5c00b8b110b501460b4b1b68043b002400bfe7
:103d6c0053f8042f8a4203d00134082cf8d110bd2b
:103d7c00084609f0b1fc034b1b68002243f82420d1
:083d8c00f5e77047cc1d012092
:020000040000fa
:020000040104f5
:103d94000c4b1b8813f4004f0bd10a4a13886feaab
:103da40043436fea53439bb21380136913f4004fe8
:103db400fbd1044a136913f0080ffbd1014b986936
:083dc400704700bf000001423e
:020000040000fa
:020000040104f5
:103dcc000c4bd3f8d43073b168b1002105e09a687c
:103ddc00801a99609b6933b128b19a688242f6d3f4
:103dec009a68121a9a60034bd3f8b420c3f8b02027
:083dfc00704700bfd01d01203b
:020000040000fa
:020000040104f5
:103e040008b5c30e4101091a63f100039b0043ea9c
:103e140091738900091843f100034feac30c054b61
:103e2400d3f8ac200023c8004cea517102f0dcf94d
:083e340008bd00bfd01d0120f4
:020000040000fa
:020000040104f5
:103e3c0080b110b504464022002108f0b9f9064bb8
:103e4c006360064ba360064be360064b2362636220
:103e5c00e36210bd704700bf0080b44300007f4395
:083e6c0000007c4200007ac452
:020000040000fa
:020000040104f5
:103e740010b509f0c3f8e8f797fc0a4cd4f8f00041
:103e8400e8f792fcfcf7e6fb4ff0200383f311887c
:103e9400bff36f8fbff34f8f0023c4f8e830f8f7f8
:083ea40072fa10bdc81c0120d8
:020000040000fa
:020000040104f5
:103eac0010b504460b4a136fd26e03449a4204d0e9
:103ebc00084a136f2344136710bd05f0bbfa054a7b
:103ecc00d2f8f8300133c2f8f83007f00fff013c9c
:083edc00eee700bfc81c012045
:020000040000fa
:020000040104f5
:103ee40038b50c46054660b105f0a8fa2b1993f8cd
:103ef4005030dbb2022b07d0002407f0fbfe204633
:103f040038bd044b5d68efe72544002385f8503045
:083f14000124f2e7c81c0120a2
:020000040000fa
:020000040104f5
:103f1c0010b584b09c460b4bdc687cb180b1019130
:103f2c0002920390052902dc002004b010bd00238e
:103f3c00624601a92046e9f71ffcf6e70020f4e7ea
:083f4c000020f2e70c24012023
:020000040000fa
:020000040104f5
:103f5400072814dc00eb40020a4b03eb82031a68c7
:103f640012f1020f05d101300c330828f7d10020db
:103f7400704700eb4000034b03eb800070470020c8
:083f8400704700bf88ff012017
:020000040000fa
:020000040104f5
:103f8c00a0b172b10339c9b20e2912d846f2bf736f
:103f9c00cb4013f0010f14bf6ff0e7006ff0ac00d3
:103fac007047002beed06ff0ac0070476ff0ac0098
:083fbc0070476ff0ac00704784
:020000040000fa
:020000040104f5
:103fc400036823b9081e18bf0120404270474268a5
:103fd400012a0ad0012b0bdc806888420ad8884267
:103fe4004ff0ff3028bf002070474ff0ff3070477c
:083ff400012070470120704715
:020000040000fa
:020000040104f5
:103ffc00012918dd30b500f1ff3c00eb010e6ff02c
:10400c00010562461cf8013f1ef8014d8cf800407a
:10401c008ef800300232121aa5eb0c0303440b4449
:08402c009a42eedb30bd704743
:020000040000fa
:020000040104f5
:1040340038b50d6803685b00872b11dc0c46ddf78f
:10404400e1fa2368002b0adb9d4208dd5a1c04ebcd
:104054008201002241f8042f01339d42fad138bd78
:084064004ff0ff30fbe700bf45
:020000040000fa
:020000040104f5
:10406c00b8b1f8b50e46144605460a4bd3f8a43041
:10407c0073b107f065f80748d0f8a47023463246b0
:10408c0025f00041d0f8a800b847284602f014ffec
:08409c00f8bd70476c20012003
:020000040000fa
:020000040104f5
:1040a40010b502460c460068884205d1104605f05a
:1040b400c5fa20460de0184658b10368a342fad168
:1040c400236803605368a34204d09368013b936060
:0840d400204610bd5060f8e722
:020000040000fa
:020000040104f5
:1040dc000278042a14d80b4b19680a701a68817874
:1040ec005171417851701b68c2789a710279da71fa
:1040fc00c07830b15a7842f008025a7000207047ec
:08410c00032070474029012047
:020000040000fa
:020000040104f5
:1041140007b50a4809f020f8094b0a4a1a604ff01b
:10412400ff3300936846cdf803303f238df8073002
:1041340009f0c6fc03b05df804fb00bf15d104010f
:0841440098280120b9da0401fa
:020000040000fa
:020000040104f5
:10414c001fb50446e4f70cfc0df10f038df80f00be
:10415c00cde900430122202342f2060140f2011076
:10416c0002f060fc9df80f20024b33f8120004b0f3
:08417c0010bd00bfda4d030184
:020000040000fa
:020000040104f5
:104184001fb50446e0f710ff0df10f038df80f0083
:10419400cde9004301220e2342f2130140f2011043
:1041a40002f044fc9df80f20024b33f8120004b0d7
:0841b40010bd00bfda4d03014c
:020000040000fa
:020000040104f5
:1041bc001fb50446d8f7ccfb0df10f038df80f009b
:1041cc00cde900430122082342f2320140f20110f2
:1041dc0002f028fc9df80f20024b33f8120004b0bb
:0841ec0010bd00bfda4d030114
:020000040000fa
:020000040104f5
:1041f4001fb50446eaf73af80df10f038df80f00e6
:10420400cde9004301220c2342f27e0140f2011069
:1042140002f00cfc9df80f20024b33f8120004b09e
:0842240010bd00bfda4d0301db
:020000040000fa
:020000040104f5
:10422c001fb50446f2f78efe0df10f038df80f004b
:10423c00cde900430122052342f2140140f20110a2
:10424c0002f0f0fb9df80f20024b33f8120004b083
:08425c0010bd00bfda4d0301a3
:020000040000fa
:020000040104f5
:104264001fb50446f5f71cfa0df10f038df80f0086
:10427400cde900430122062342f2050140f2011078
:1042840002f0d4fb9df80f20024b33f8120004b067
:0842940010bd00bfda4d03016b
:020000040000fa
:020000040104f5
:10429c001fb5f6f7a7fe0df10f03019300238df860
:1042ac000f000093012242f2100140f2011002f0c3
:1042bc00b9fb9df80f20034b33f8120005b05df8e5
:0842cc0004fb00bfda4d030101
:020000040000fa
:020000040104f5
:1042d4001fb5f4f76bfd0df10f03019300238df867
:1042e4000f000093012242f2290140f2011002f072
:1042f4009dfb9df80f20034b33f8120005b05df8c9
:0843040004fb00bfda4d0301c8
:020000040000fa
:020000040104f5
:10430c001fb5f1f7bff80df10f03019300238df8e2
:10431c000f000093012242f2250140f2011002f03d
:10432c0081fb9df80f20034b33f8120005b05df8ac
:08433c0004fb00bfda4d030190
:020000040000fa
:020000040104f5
:104344001fb5044600f0dcf80df10f038df80f00e3
:10435400cde9004301220a2342f27d0140f201101b
:1043640002f064fb9df80f20024b33f8120004b0f6
:0843740010bd00bfda4d03018a
:020000040000fa
:020000040104f5
:10437c001fb5f2f7effc0df10f03019300238df83d
:10438c000f000093012242f23d0140f2011002f0b5
:10439c0049fb9df80f20034b33f8120005b05df874
:0843ac0004fb00bfda4d030120
:020000040000fa
:020000040104f5
:1043b400094a0a4900231370094a0b604b601146ed
:1043c400c2e9003241f8083fd160064a118863f31c
:1043d400c3011180704700bfd82901200c28012097
:0843e40070270120203e014179
:020000040000fa
:020000040104f5
:1043ec0000b593b041f20403adf8003003888df8aa
:1043fc000410adf8063059b9d0f8b42110685168e2
:10440c0002ab03c3684600f0ddfd13b05df804fb9e
:08441c000023cde90233f5e7ae
:020000040000fa
:020000040104f5
:1044240090f8e230052b01d0032b14d1d0f8b4312d
:104434008bb1b1f801201a81d0f8b431b1f803205e
:104444005a81d0f8b431b1f805209a80d0f8b4314b
:08445400b1f80720da8070477f
:020000040000fa
:020000040104f5
:10445c0013b50c46087000212046fef743fb084ab2
:10446c0094f9003053700193064b00930222012300
:10447c002e21ec20e4f7f6fe002002b010bd00bfa8
:08448c0000270120808b0401d0
:020000040000fa
:020000040104f5
:1044940013b50c46087000212046fef727fb084a96
:1044a40094f9003013700193064b00930222012308
:1044b4002f21ec20e4f7dafe002002b010bd00bf8b
:0844c400002701201a8f0401fa
:020000040000fa
:020000040104f5
:1044cc000b4a30b500230a2404fb03f18d5a8542b4
:1044dc0008d14ff470635352064a1378013b1370a2
:1044ec00002030bd0133082beed10220f9e700bfcc
:0844fc00d8220120db29012078
:020000040000fa
:020000040104f5
:1045040007b50b4b02881a8042885a8082889a80a9
:10451400c288da8002891a81064b009302220123a1
:104524003c21ec20e4f7a2fe002003b05df804fb7c
:08453400c02701207aae04014a
:020000040000fa
:020000040104f5
:10453c0010b50446b0b1c08804f08cfa20b92046fe
:10454c0009f0c4fa022010bd2379012262f305138d
:10455c0000222371226022812146006807f085fa2f
:08456c001046f0e70720eee71e
:020000040000fa
:020000040104f5
:10457400c5d40101ad980101ad9f0201bd710301d4
:10458400416c0401b57204017b4804018b7204017f
:10459400d951040161720401d5bf0301b1f40201d0
:0845a40061ec0201691a040137
:020000040000fa
:020000040104f5
:1045ac0010b5047a4ff4827009f08efa20b10d2206
:1045bc000270042103f006fb064b04341b6853f80d
:1045cc0024302bb113211888bde8104004f0c2bb75
:0845dc0010bd00bf44290120bd
:020000040000fa
:020000040104f5
:1045e4000c4bd3f8002c60f31742c3f8002cd3f81b
:1045f400002c61f30f02c3f8002cd3f8042c42f40e
:104604008012c3f8042c00bfd3f8042cd202fbd4cc
:08461400704700bf00240141c2
:020000040000fa
:020000040104f5
:10461c000c4b03f5d3521320d16860f31f61d160aa
:10462c00d168192003f5835360f31741d1609a6860
:10463c00072161f31f729a609a68032161f31b6270
:08464c009a607047002401414f
:020000040000fa
:020000040104f5
:1046540003780133dbb20370abb943780133dbb2c7
:10466400437083b983780133dbb283705bb9c37859
:104674000133dbb2c37033b902797f2a01d10371ec
:0846840070470132027170471a
:020000040000fa
:020000040104f5
:10468c0030b50c4b03f5825285b2946865f31f4428
:10469c00946003f5825203f58253d46865f31f448a
:1046ac00d46001391a69084480b260f31f421a6160
:0846bc0030bd00bf00240141e4
:020000040000fa
:020000040104f5
:1046c40030b50c4a0146002012f810301bb902eb39
:1046d4004002507830bd0c6825789d4209bf02eb3a
:1046e4004003431c5878013414bfd8b20c600a2824
:0846f400ead9efe726bb04013f
:020000040000fa
:020000040104f5
:1046fc004ff4001c1ceb410f98bf1ceb430f11d85f
:10470c0051ea030c50ea4c0c5cea020c0ad004d2bd
:10471c0082428b4180414042704790429941804196
:08472c00404270470020704775
:020000040000fa
:020000040104f5
:104734004ff4001c1ceb410f98bf1ceb430f11d826
:1047440051ea030c50ea4c0c5cea020c0ad004d285
:104754009042994180414042704782428b4180415e
:0847640040427047002070473d
:020000040000fa
:020000040104f5
:10476c00a8b110b50446a1b10378052262f3071372
:10477c00022262f30303037011f8013b437014220d
:10478c00023008f0b9fe0020e082207610bd012036
:06479c0070470120fae75e
:020000040000fa
:020000040104f5
:1047a20098b170b50c461546064681b140f6050132
:1047b200ecf7f3ff68b12b46224605213046e3f7ba
:1047c200cefa3046edf725fc70bd00207047002080
:0647d200fae70020f8e701
:020000040000fa
:020000040104f5
:1047d80000b593b0024641f20503adf800300388f6
:1047e800adf8043052f8ff3fcdf806305368cdf8e5
:1047f8000a30b0f80831adf80e30684600f0e4fb36
:0648080013b05df804fb93
:020000040000fa
:020000040104f5
:10480e0010b5c27d90f8ed3004468ab99a070bd5e3
:10481e000f212046e4f7d1ff08b9002010bd112367
:10482e0084f8e2300120f9e70121e3f772fcf3e7a7
:06483e009b07f2d5ece738
:020000040000fa
:020000040104f5
:1048440038b590f8e43005460c469bb91420e7f7d8
:104854009bf8c5f8b801b4f801300380b4f803300c
:104864004380b4f805308380b4f80730c380b4f8cb
:064874000930038138bd8c
:020000040000fa
:020000040104f5
:10487a0013b590f8593004469bb1c26d0191137873
:10488a0043f002031370c06d022201a900f59e7065
:10489a0007f095fbe06d082201a900f59f7007f06b
:0648aa008efb02b010bd00
:020000040000fa
:020000040104f5
:1048b00038b504680546fdf771f8a36f23f080034f
:1048c00043f48043a36703f043f8a36f5a0609d467
:1048d000227d0ab99b0005d528460021bde8384055
:0648e000c5f70ebe38bd55
:020000040000fa
:020000040104f5
:0248e600704719
:020000040000fa
:020000040104f5
:1048e80010b40b4b1c680023a11c02e00133082bf9
:1048f8000ad011f82320012af8d134f82320824263
:10490800f4d104eb830000e000205df8044b70470d
:044918002c0001204e
:020000040000fa
:020000040104f5
:10491c000a4b5b6813f4803f04d0084a536823f4b5
:10492c0080335360064b5b6813f4803f04d0044a19
:10493c00536823f480335360704700bf000c004071
:04494c000010004017
:020000040000fa
:020000040104f5
:1049500060b908b50a4b93f9083053b1084bdb68ce
:1049600053b19b6806480069984708bd4ff0ff3077
:1049700070474ff0ff30f8e74ff0ff30f5e700bf2a
:04498000901f012063
:020000040000fa
:020000040104f5
:1049840060b908b50a4b93f9083053b1084bdb689a
:1049940053b11b69064a1069984708bd4ff0ff30b0
:1049a40070474ff0ff30f8e74ff0ff30f5e700bff6
:0449b400901f01202f
:020000040000fa
:020000040104f5
:1049b80060b908b50a4b93f9083053b1084bdb6866
:1049c80053b1db68064a1069984708bd4ff0ff30bd
:1049d80070474ff0ff30f8e74ff0ff30f5e700bfc2
:0449e800901f0120fb
:020000040000fa
:020000040104f5
:1049ec0060b908b50a4b93f9083053b1084bdb6832
:1049fc0053b15b6906480069984708bd4ff0ff301a
:104a0c0070474ff0ff30f8e74ff0ff30f5e700bf8d
:044a1c00901f0120c6
:020000040000fa
:020000040104f5
:104a200060b908b50a4b93f9083053b1084bdb68fd
:104a300053b1db69064a1069984708bd4ff0ff3053
:104a400070474ff0ff30f8e74ff0ff30f5e700bf59
:044a5000901f012092
:020000040000fa
:020000040104f5
:104a540060b908b50a4b93f9083053b1084bdb68c9
:104a640053b19b69064a1069984708bd4ff0ff305f
:104a740070474ff0ff30f8e74ff0ff30f5e700bf25
:044a8400901f01205e
:020000040000fa
:020000040104f5
:104a880038b570b90a4807f0d9f868b1084d55f833
:104a9800083b1b6998470446284606f03ffa20461b
:104aa80038bd4ff0ff34fae74ff0ff34f7e700bfa7
:044ab8009c27012016
:020000040000fa
:020000040104f5
:104abc0038b570b90a4807f0bff868b1084d55f819
:104acc00083b5b6998470446284606f025fa2046c1
:104adc0038bd4ff0ff34fae74ff0ff34f7e700bf73
:044aec009c270120e2
:020000040000fa
:020000040104f5
:104af00038b570b90a4807f0a5f868b1084d55f8ff
:104b0000083b9b6898470446284606f00bfa204667
:104b100038bd4ff0ff34fae74ff0ff34f7e700bf3e
:044b20009c270120ad
:020000040000fa
:020000040104f5
:104b240038b570b90a4807f08bf868b1084d55f8e4
:104b3400083b5b6898470446284606f0f1f920468e
:104b440038bd4ff0ff34fae74ff0ff34f7e700bf0a
:044b54009c27012079
:020000040000fa
:020000040104f5
:104b58000b4b834200d0704710b5a3f1a004d4f8e2
:104b6800a4309b689847a0220021204607f022fb2a
:104b78004022002104f1a00007f01cfb10bd00bf7b
:044b8800701e01207a
:020000040000fa
:020000040104f5
:104b8c00f8b589b1164604464518094f01e0ac4208
:104b9c000ad014f8011b384603f0b6ff002ef6d0ed
:104bac00202008f037f8f2e70a2008f033f8f8bdb7
:044bbc00d8440001d8
:020000040000fa
:020000040104f5
:104bc00078b18ab10339c9b20e2910d846f2bf7341
:104bd000cb4013f0010f14bf6ff0e7006ff0ac0093
:104be00070476ff0ac0070476ff0ac0070476ff02b
:044bf000ac0070475e
:020000040000fa
:020000040104f5
:104bf400b1f5805f13d810b44b095a1c0468944271
:104c0400b8bf026000eb830001f01f0101228a405b
:104c140083681343836000205df8044b70474ff0b2
:044c2400ff307047a6
:020000040000fa
:020000040104f5
:104c2800844613469ab1013a012b0ed0013900206f
:104c380011f8013f2bb10cf8013b01309042f7d13c
:104c4800104600238cf8003070470020f9e7104622
:044c5800704700bfe2
:020000040000fa
:020000040104f5
:104c5c0038b50a4b1d7c75b15c7c6cb900230a22fb
:104c6c0001210748f8f7cef9012805d1034b0122a1
:104c7c005a742c4600e02c46204638bd20260120d4
:044c8c003c260120a1
:020000040000fa
:020000040104f5
:104c9000014610b10a4b1b7c03b17047084b03f16e
:104ca00014020068496803c24ff0ff321a605a606c
:104cb0009a60da6000225a7401221a74ede700bf8c
:044cc0002026012089
:020000040000fa
:020000040104f5
:104cc4000541020165b8010143b202010f0204016a
:104cd4006df00101bdf200013957020101830201a7
:104ce4001ff4030155ff02019d0d03010df602019e
:044cf40091e803013f
:020000040000fa
:020000040104f5
:104cf800431e13f1030f0ad8836853b1827852b167
:104d08001b68b3f1ff3f08d0054b187870470020a7
:104d1800704700207047002070470020704700bf90
:044d28005809012005
:020000040000fa
:020000040104f5
:104d2c0038b580b10a4d2a68002402f5087300bf1b
:104d3c0053f82420824207d108f0c8fe88342b682f
:104d4c00002243f8242038bd0134082cf0d1fae7b6
:044d5c008c2801207e
:020000040000fa
:020000040104f5
:104d600010b5047aef2c10d82046fdf741fd01461e
:104d700048b9204605f02afb012804d8044b184402
:104d8000ff234370c370084610bd0321fbe700bf3b
:044d90005128012085
:020000040000fa
:020000040104f5
:104d940070b5c3880a4e022b054604d133681b78cc
:104da4000bb1ebf77df90024336803eb8403284649
:104db400d3f8fc3101349847092cf5d170bd00bffc
:044dc4008c28012016
:020000040000fa
:020000040104f5
:104dc80000000000653c0201c9a40401ed83030151
:104dd800b5bb0301d5180301418d0301839c040170
:104de8005db30401b15b0301e5c60201ad9d03019a
:044df800a19c040175
:020000040000fa
:020000040104f5
:104dfc001fb504460146e27911f8010be4f7a4fa59
:104e0c000df10f038df80f00cde9004301220823ab
:104e1c0042f24e0140f2011001f004fe9df80f0029
:044e2c0004b010bd01
:020000040000fa
:020000040104f5
:104e300098b10a4a50f8043c126813420dd050f859
:104e4000081c51b9064923ea02030a6840f8043ce9
:104e5000134408380b60faf751be7047c42801208c
:044e6000c82801203d
:020000040000fa
:020000040104f5
:104e640038b5044690b10379c3f3801505f00afc04
:104e7400074b1b68002203ebc503226059680c60d2
:104e84005c602271bde8384003f0f0bb38bd00bf60
:044e9400d8280120f9
:020000040000fa
:020000040104f5
:104e980008b568b1084b1b68984740b1074b012219
:104ea8001a70074b1b78002b0cbf1046022008bd58
:104eb800024b1870fbe700bfe8280120d329012026
:044ec800d2290120ca
:020000040000fa
:020000040104f5
:104ecc0010b592b041f20c04adf8004090f8f240ed
:104edc008df804306ff34104038880f8f240684683
:104eec00adf806308df808108df8092000f06af83e
:044efc0012b010bd23
:020000040000fa
:020000040104f5
:104f0000434d443a536574506174684c6f737352e7
:104f100065706f7274696e67456e61626c652c486e
:104f2000646c3d3078253034782c456e61626c6558
:044f30003d256400b7
:020000040000fa
:020000040104f5
:104f340038b50b4b1c6800250cb9284638bda3684e
:104f44001a7a052a09d1186890f8f230db0604d5dc
:104f5400dff7faf9002818bf05462468ece700bf1c
:044f64002c280120d4
:020000040000fa
:020000040104f5
:104f680039b1837e212b0dd005d8123b58425841c8
:104f78007047437ef6e7222b0ad0232b0cbf022072
:104f880000207047c37e002b0cbf0220032070470f
:044f9800032070473b
:020000040000fa
:020000040104f5
:104f9c000d2811d9094b1b681a7942f0300119718f
:104fac0007490968096b89075cbf62f04f021a71e7
:104fbc005a7942f001025a71704700bf242901202e
:044fcc002c2901206b
:020000040000fa
:020000040104f5
:104fd00013b503880193094b009304460123022271
:104fe0005f21ec20e4f744f9054b1b6823b1204610
:104ff00002b0bde81040184702b010bdf4cd040166
:04500000282901203a
:020000040000fa
:020000040104f5
:1050040007b50a4900230a68d25cc2540133082b4d
:10501400f9d1074b0093022201231921ec20e4f774
:1050240025f9002003b05df804fb00bf242901200a
:0450340004b70401b8
:020000040000fa
:020000040104f5
:1050380073b50b4b009304460d4616460123022216
:105048007621ec20e4f710f9324629462046e6f7a7
:10505800fffc002814bf0c20002002b070bd00bf68
:04506800d8cd04019a
:020000040000fa
:020000040104f5
:10506c0007b50a4b1a68b2f92a2002801b68b3f9fb
:10507c002c300b80064b0093022201232a21ec20ba
:10508c00e4f7f0f8002003b05df804fb2c290120b4
:04509c0038ab040128
:020000040000fa
:020000040104f5
:1050a00013b50a4b019004460093022201232821e4
:1050b000ec20e4f7ddf8064b1b6800219c840320fc
:1050c000f0f736ff002002b010bd00bf5ac2040145
:0450d0002c29012066
:020000040000fa
:020000040104f5
:1050d40007b5094b1b880380084b1b880b80084bc2
:1050e4000093022201233921ec20e4f7bff80020c9
:1050f40003b05df804fb00bfc0290120c2290120d0
:04510400c48f04014f
:020000040000fa
:020000040104f5
:10510800017b427b0b0721f008010173084944bf6a
:10511800131ddab2036908681b1a1344b3f5c06f8c
:105128008cbfa3f2026303f1ff33cb60704700bf6b
:04513800b826012074
:020000040000fa
:020000040104f5
:10513c0008b5c38800f10801d8b213f47f4309d035
:10514c00b3f5807f09d0064b196800f0b1fe81f8e9
:10515c004c0208bde4f7d4fdf5e7eef7e7f8f2e70b
:04516c0038290120bd
:020000040000fa
:020000040104f5
:1051700010b5c469601a10f4800f0fd14c40084973
:105180000c420bd003eb9203084040f271225043d3
:10519000b3eb500f2cbf0120002010bd0120fce715
:0451a000ffff7f008e
:020000040000fa
:020000040104f5
:1051a40090f85230012b08bf826dc36908bf9b1a67
:1051b400074a1168d1f8502208bfc3f3160312b985
:1051c400c1f8503202e09a1a5202f9d4704700bf73
:0451d4003829012055
:020000040000fa
:020000040104f5
:1051d80013b590f85930044693b1c26d0191137814
:1051e80043f008031370c06d01a900f5ac7007f017
:1051f800d3fde06d062201a900f2591006f0e0fe89
:0452080002b010bd23
:020000040000fa
:020000040104f5
:10520c0060b90a4b1a68d1070ed41a6892070bd4ee
:10521c001868c0f3002080f001007047044b186838
:10522c0010f00100f1d00020704700bf203a01417e
:04523c00283a0141ca
:020000040000fa
:020000040104f5
:1052400008b5006890f847300a3b012b0dd8084b91
:1052500090f836201b68c3f341139a4205d0d0f86a
:10526000441100f5be7001f04bf9002008bd00bfed
:04527000c034014104
:020000040000fa
:020000040104f5
:1052740012280b4b11d003d8112807d00a3106e0ad
:1052840021380228fad801f5d37100e04c311a888c
:1052940061f30e021a80002070473731f7e700bf30
:0452a4006c38014120
:020000040000fa
:020000040104f5
:1052a8000a4b1b68012003f00f0300fa03f34ef2c8
:1052b8001c021a4042b1064b1a8842f010021a80aa
:1052c8001a8802431a800020704700bf5c380141e9
:0452d800283a01412e
:020000040000fa
:020000040104f5
:1052dc0010b5044607f0fefb0369fe2b81bf0023cb
:1052ec006377036882689abf012363779b18044a2b
:1052fc0098bf436911689bb263f30f01116010bd35
:04530c004c340141db
:020000040000fa
:020000040104f5
:1053100010b5eef7c7ff044660b9074a137899073e
:1053200008d443f002030548137008f0dff804487e
:1053300008f0a0f8204610bde82601200d5a010112
:04534000ef7e0301f8
:020000040000fa
:020000040104f5
:1053440038b50a480a4d016821b9436813b908f011
:1053540045fc38bd0389426855f8233000f10c043c
:105364002046984704eb8000ede700bf8c7c0001e9
:04537400a8c10401c7
:020000040000fa
:020000040104f5
:1053780008b508f034fc084b0021186808f0eafb6f
:10538800064b0021186808f0e5fb054b002118685a
:1053980008f0e0fb08bd00bfbc290120402801201f
:0453a800bc290120fb
:020000040000fa
:020000040104f5
:1053ac00c0f3c75191b142004fea40704fead201ad
:1053bc004fea310101f16051b2f17f4f38bf7047b4
:1053cc0001f1605118bf41f40021704710f0004109
:0453dc0000207047f6
:020000040000fa
:020000040104f5
:1053e00010b550b94ff0e0234ff08052c3f8042db0
:1053f000bff34f8fbff36f8f10bd044606f04afc1a
:1054000000212046e7f742fdddf7aefd0028f3d18d
:02541000e8e7cb
:020000040000fa
:020000040104f5
:1054120030b40d68b5f1ff3f11d000f108031c460e
:105422005b681a68aa42fad963684b6099608c601b
:105432006160086103680133036030bc704704692e
:02544200f2e78f
:020000040000fa
:020000040104f5
:10544400037f13f0010f01d10020704710b582b023
:10545400044606f0b5ff042802d8002002b010bdaf
:10546400236804220deb02012046fcf7f9fc0198a5
:02547400f4e75b
:020000040000fa
:020000040104f5
:1054760008b503460a464168012908d011b95068a3
:10548600012803d011461846f9f7bdfb08bd51683f
:1054960021b101461046f9f7b6fbf7e74ff0ff30aa
:0254a600f4e729
:020000040000fa
:020000040104f5
:1054a800f0b5adf50b7d04460d4616461f46684619
:1054b80006f046fc6a4629462046faf707f910b175
:1054c8000df50b7df0bd3a4631466846faf724f9ea
:0254d800f6e7f5
:020000040000fa
:020000040104f5
:1054da00f0b5adf50b7d04460d4616461f466846e7
:1054ea0006f02dfc6a4629462046fbf71cf910b146
:1054fa000df50b7df0bd3a4631466846faf70bf9d1
:02550a00f6e7c2
:020000040000fa
:020000040104f5
:10550c00f0b5adf50b7d04460d4616461f466846b4
:10551c0006f014fc6a4629462046faf76ffd10b1d6
:10552c000df50b7df0bd3a4631466846faf7f2f8b8
:02553c00f6e790
:020000040000fa
:020000040104f5
:10553e0088b138b50d46044679b1406878b16288b5
:10554e00294602f0cafb20b1083460680028f6d163
:10555e0000e0208838bd002070470020fae70020c8
:02556e00f8e75c
:020000040000fa
:020000040104f5
:10557000431e13f1030f0cd869b183786bb18368b4
:1055800093f87a20022a0ad193f89e300b700020fb
:1055900070470220704702207047012070470d209d
:0255a000704752
:020000040000fa
:020000040104f5
:1055a20000b593b0826802238df804301368cdf8f9
:1055b20006305368cdf80a309368cdf80e30d368c0
:1055c200cdf8123001a802f056ff002013b05df8aa
:0255d20004fbd8
:020000040000fa
:020000040104f5
:1055d400f7b506460c461f4601a802f10c03154612
:1055e4000193043407f05afebdf8201001a807f017
:1055f40055fe2b46a2b239463046f5f761fc03b09e
:02560400f0bdf7
:020000040000fa
:020000040104f5
:1056060038b5800085b204f008f9044600bf00bf33
:1056160000bf0821a94200d338bd04f0fef8844239
:1056260088bf01f2e241091b10fa81f189b20446f2
:02563600f0e79b
:020000040000fa
:020000040104f5
:10563800022806d0032807d0012810d10a32d0004a
:1056480070470b329000704701294feac2020cbf25
:10565800022008202b32424302f5bc70704700201c
:02566800704789
:020000040000fa
:020000040104f5
:10566a0000b5836f93b043f40013836741f20703d5
:10567a00adf800300388adf80430036ecdf806307b
:10568a00436ecdf80a306846fff79dfc13b05df80b
:02569a0004fb0f
:020000040000fa
:020000040104f5
:10569c00434d443a52656d7465436f6e6e50617242
:1056ac00615265714e65675265706c792c48646cfb
:1056bc003d3078253034782c726561736f6e3d25e2
:0256cc00640078
:020000040000fa
:020000040104f5
:1056ce00434d443a577269746541757468506179f7
:1056de006c6f616454696d656f75742c48646c3db4
:1056ee003078253034782c74696d656f75743d256e
:0256fe00640046
:020000040000fa
:020000040104f5
:105700000a4652f8013fc0f8ff305368c0f8033131
:10571000b1f80930a0f808310a4652f80b3fc0f83a
:105720000a315368c0f80e31d1f81330c0f81a317d
:025730007047c0
:020000040000fa
:020000040104f5
:10573200d0f8b831818f9a8b914210d1c18fda8b18
:1057420091420cd193f820204ab9428f198b914291
:1057520005d8588b90422cbf0020012070470120b1
:0257620070478e
:020000040000fa
:020000040104f5
:1057640070b504468068002550b1028943899a4285
:1057740006d10668a66008f0adf901353046f3e7b6
:10578400a0602db1a9b22046bde8704002f017bc5c
:0257940070bde6
:020000040000fa
:020000040104f5
:105796004ff4001c1ceb410f98bf1ceb430f0cd8b9
:1057a60050ea410c08bf52ea430c08d0904208bfa9
:1057b60099420cbf0120002070470020704701204d
:0257c60070472a
:020000040000fa
:020000040104f5
:1057c800434d443a52656164417574685061796c1f
:1057d8006f616454696d656f75742c48646c3d30f5
:1057e80078253034782c74696d656f75743d25643f
:0157f80000b0
:020000040000fa
:020000040104f5
:1057f900434d443a536574446174614c656e6774f2
:10580900682c48646c3d307825782c74784f637423
:105819006574733d25642c747854696d653d256400
:01582900007e
:020000040000fa
:020000040104f5
:02582a007047c5
:020000040000fa
:020000040104f5
:10582c0084460a4b1a68131f1c3201e093420ad0bb
:10583c0053f8040f0028f9d0c1780129f6d101885a
:10584c006145f3d100e00020704700bfcc1d012062
:020000040000fa
:020000040104f5
:10585c0008b5edf74df8c2f7e3f94ff082439b69b9
:10586c00b3f1805f08d3054a136823f49f7323f0c8
:10587c00010343f01103136008bd00bf0024014471
:020000040000fa
:020000040104f5
:10588c0038b5eff3108572b6084c20634ff48043a3
:10589c0063600f2262601140a160a36002f06cfc97
:1058ac004ff40043a36085f3108838bd0006004414
:020000040000fa
:020000040104f5
:1058bc0090b938b50c46094b93f908305bb1074bde
:1058cc00dd6845b1084605f0e7fe02466b692146e6
:1058dc0002480069984738bd704700bf901f0120ef
:020000040000fa
:020000040104f5
:1058ec0070b507f00dff0546084cd4f8a4309b6941
:1058fc00984705f095fbd4e93223841843f1000650
:10590c00284607f001ff2046314670bdd01d01200e
:020000040000fa
:020000040104f5
:10591c0010b50a4c02e03220fff75cfd2068ccf792
:10592c00a7f9206803f0c1f9431cdbb2012bf2d9b3
:10593c000128f0d10120fff74dfdefe78422012073
:020000040000fa
:020000040104f5
:10594c0090b199b108b50378032262f307130222d0
:10595c0062f30303037011f8013b4370172202300a
:10596c0007f0cafd002008bd0120704701207047d8
:020000040000fa
:020000040104f5
:10597c0070b50e461546044660b103f05bfd04ebb2
:10598c008601cc6ccb6c23ea0503cb6406f0aef934
:10599c00204670bd014b5c68efe700bfc81c0120be
:020000040000fa
:020000040104f5
:1059ac000a4b00225a609a67c3f890201a671a6053
:1059bc00c3f8e820c3f8f820c3f80021c3f8fc2092
:1059cc00c3f8ec20da66c3f8f4207047c81c012039
:020000040000fa
:020000040104f5
:1059dc0070b5eff311854ff0200383f31188bff3fb
:1059ec006f8fbff34f8f836b1bb9002085f311882a
:1059fc0070bd0446c66802f02bfce6600120f5e79a
:020000040000fa
:020000040104f5
:105a0c0038b505460c4606f099f9b4f5885f0ed208
:105a1c002346002cb8bf04f11f035b115a1c2a60eb
:105a2c00023304f01f040122a24045f8232038bda4
:020000040000fa
:020000040104f5
:105a3c00f8b5144692b105460f4605f02dfe064604
:105a4c00844204d2384605f027fe304407e0221a7f
:105a5c0039462818fff7e2f8304400e01046f8bd4c
:020000040000fa
:020000040104f5
:105a6c00f0b583b007460c4611b900200ee065b1c5
:105a7c00256822462c465668002ef8d090680023e4
:105a8c00009301233946b047f1e7012003b0f0bd84
:020000040000fa
:020000040104f5
:105a9c00002003000030030000400300005003000e
:105aac0000600300007003000080030000900300fe
:105abc0000a0030000b00300000004000000000080
:020000040000fa
:020000040104f5
:105acc0010b50a4b1a6802f5087102f5107200bf86
:105adc0051f8043b23b1dc7814b11c88844202d009
:105aec009142f5d10023184610bd00bf8c2801202f
:020000040000fa
:020000040104f5
:105afc0008b50849082006f0edfefdf785fc40b915
:105b0c00054b064a1b68c3f88821bde8084004f021
:105b1c007dbd08bd8cd804018c2801202b1f0401ed
:020000040000fa
:020000040104f5
:105b2c00202870b504460e460ed8084d2868202251
:105b3c000021013006f03cfb28682246314601303a
:105b4c0005f09efd002070bd0320fce78c28012091
:020000040000fa
:020000040104f5
:105b5c0010b50a4b1b681b680bb918460de09c89e5
:105b6c008442f8d8dc898442f5d313609a895b6847
:105b7c00801a03eb00100860012010bd9c28012046
:020000040000fa
:020000040104f5
:105b8c0070b50a4b1b689c6805460e460cb920463e
:105b9c0070bd2379ab4206d12a463146a06803f08a
:105bac00b5fa0028f3d02468f0e700bf9c28012048
:020000040000fa
:020000040104f5
:105bbc0070b504464ff482700e4607f085ff70b145
:105bcc000b2202702288828018250022c280057266
:105bdc00c0f80a204672042101f0f4ffe57470bd90
:020000040000fa
:020000040104f5
:105bec0010b50a4b1a68002302f16c01cc7834b161
:105bfc000c88844203d11b3302eb830010bd0133ac
:105c0c00082b01f10401f1d10020f7e7a4280120b1
:020000040000fa
:020000040104f5
:105c1c0038b50a4c23680c2101fb00310546486954
:105c2c0008b107f053ff0c2005fb00032068184453
:105c3c00002303604360836038bd00bfa4280120ab
:020000040000fa
:020000040104f5
:105c4c0038b5094c236825463bb12b68074ac3e994
:105c5c000022c3e90222012038bd102007f034ffd6
:105c6c0020600028f1d1f7e7b0280120d1da040137
:020000040000fa
:020000040104f5
:105c7c0038b50379044603f0070504f0fffc002354
:105c8c002360064b03ebc5035a6814605c6002f09a
:105c9c00e9fcbde8384005f0bbbb00bf5027012034
:020000040000fa
:020000040104f5
:105cac0038b50379044603f0070504f0e7fc00233c
:105cbc002360064b03ebc5035a6814605c6002f06a
:105ccc00d1fcbde8384005f0a3bb00bf5027012034
:020000040000fa
:020000040104f5
:105cdc0010b40b4607490246087840b106490c68d7
:105cec000649a44609685df8044b012060475df83d
:105cfc00044b7047d2290120e4280120e028012020
:020000040000fa
:020000040104f5
:105d0c00084b1a6842f005021a601a685207fcd454
:105d1c001a68d207fcd4044b1b680b80034b1b681e
:105d2c0003607047143e01410c3e0141083e0141a5
:020000040000fa
:020000040104f5
:105d3c00084b1a6842f00a021a601a681207fcd45f
:105d4c001a689207fcd4044b1b680b80034b1b682e
:105d5c0003607047143e0141043e0141003e014185
:020000040000fa
:020000040104f5
:105d6c0000b593b00c23adf8003000238df804304f
:105d7c000388d0f8e820adf8063090f8ec300292a9
:105d8c0068468df80c30fff71df913b05df804fb75
:020000040000fa
:020000040104f5
:105d9c0090f8e23003f0ef03032b02d1d0f8b431ca
:105dac0033b990f8e430132b09d1d0f8b83133b1b2
:105dbc004a789a708a78da70b1f803209a80704722
:020000040000fa
:020000040104f5
:105dcc00002330b51a461c46012500bf05fa03f125
:105ddc00014008d001320133202bf7d194422046e8
:105dec0038bf104630bd944238bf14460a46f2e71d
:020000040000fa
:020000040104f5
:105dfc0007b5094b93f90320027093f902300b702d
:105e0c00064b0093022201232921ec20e3f72afa06
:105e1c00002003b05df804fb00270120e6cd04014f
:020000040000fa
:020000040104f5
:105e2c00434d443a53657452616e64416464722c00
:105e3c00616464723d3078253032782530327825b3
:105e4c00303278253032782530327825303278006f
:020000040000fa
:020000040104f5
:105e5c0007b5fb230380084b1b6893f844300b7089
:105e6c00064b0093022201233621ec20e3f7faf9ca
:105e7c00002003b05df804fb242901208cba040136
:020000040000fa
:020000040104f5
:105e8c0007b5084b1880084b1980084b0093022269
:105e9c0001233a21ec20e3f7e5f9002003b05df88b
:105eac0004fb00bfc0290120c2290120a38b0401df
:020000040000fa
:020000040104f5
:105ebc000a4b1b68d3f8fc215ab9d3f8000250b92d
:105ecc00b3f8f82142b9d3f80802b0fa80f04009cf
:105edc007047002070471046704700bf38290120da
:020000040000fa
:020000040104f5
:105eec0010b5fbf755fd094b1b68d3f8804134b155
:105efc00d4e9001239b14a60d4e900231a6001f0e8
:105f0c0021fd204610bdc3f88421f5e73829012076
:020000040000fa
:020000040104f5
:105f1c000a4b1b68d3f89c2142b1d3f8a02122b1c3
:105f2c00d3f8a42142b104207047012203eb820371
:105f3c00c3f89c01002070470222f7e78c2801204f
:020000040000fa
:020000040104f5
:105f4c000a4b1a68d2f8a83143b1d2f8ac3123b15c
:105f5c00d2f8b0313bb10420704701236a3342f8c8
:105f6c002300002070470223f8e700bf8c28012093
:020000040000fa
:020000040104f5
:105f7c0010b50a4b1a6802f11001303251f8043b8b
:105f8c0033b193f88d40012c02d11c88844202d08d
:105f9c009142f3d10023184610bd00bf44290120c3
:020000040000fa
:020000040104f5
:105fac0010b50a4c20b900f53b7007f08dfd206050
:105fbc004ff43b720021206806f0faf8f9f714ff51
:105fcc000020bde8104003f0e5bc00bf54290120bf
:020000040000fa
:020000040104f5
:105fdc0048b9094b1a6842f004021a601a68d105d4
:105fec00fcd501207047054b1a8842f004021a8038
:105ffc001a68d205fcd5f4e7203a0141283a014150
:020000040000fa
:020000040104f5
:10600c000a4bd3f8002c60f31742c3f8002cd3f8da
:10601c00042c42f48022c3f8042c00bfd3f8042cc7
:10602c005203fbd4d3f8280c80b2704700240141f2
:020000040000fa
:020000040104f5
:10603c0010b5002104461220fef7cefaa11c49002f
:10604c0041f001010020fef7c7fa642300bf00bf36
:10605c0000bf00bf00bf00bf00bf013bf6d110bda9
:020000040000fa
:020000040104f5
:10606c0010b5012002f0c8fa4ff6ff71044601206a
:10607c00fbf74afc2146012002f0d0fa00231a4615
:10608c0002491846bde81040f4f762ba0307010054
:020000040000fa
:020000040104f5
:10609c0084b007b50df1100c8ce80f003a238df885
:1060ac00043005226b4605490120f4f751fa002013
:1060bc0003b05df804eb04b0704700bf01050101ab
:020000040000fa
:020000040104f5
:1060cc0084b008b50df1080c8ce80f00036893f848
:1060dc006d2012f0100207d00020d9f739febde870
:1060ec000840002004b07047102105f0a5faf6e72f
:020000040000fa
:020000040104f5
:1060fc00d0e92423b2ebd30f0ed3b2eb930f0dd315
:10610c00b2eb530f2cbf002002209b1a032b28bf8d
:10611c0001200630c0b270470420f6e70320f4e7f4
:020000040000fa
:020000040104f5
:10612c0010b590f86c30044623f0030380f86c3003
:10613c00fbf72efca36f1a0644bf23f08073a367f2
:10614c00a36f23f04003a36701f0fcfb002010bdfc
:020000040000fa
:020000040104f5
:10615c0000b5014689b028b101280ed0002009b045
:10616c005df804fb03ab1422184606f021f8079add
:10617c0000920fc8e8f722fef0e7e7f78ffdede796
:020000040000fa
:020000040104f5
:10618c0010b53820f6f74cfd044650b138220021ea
:10619c0006f00ef8044be362044b2363ff2384f8f0
:1061ac003430204610bd00bff1d90401e5db0401f9
:020000040000fa
:020000040104f5
:1061bc00064b1a680ab9064a1a60064a116809b9e8
:1061cc00054911601a68054b1a607047bc270120fd
:1061dc00102b0120b8270120102d0120b4270120fd
:020000040000fa
:020000040104f5
:1061ec0053b94ab9002908bf00281cbf4ff0ff3132
:1061fc004ff0ff3007f0b6bcadf1080c6de904cee2
:10620c00cff720f8ddf804e0dde9022304b0704795
:020000040000fa
:020000040104f5
:10621c00434d443a5365744461746152656c6174c6
:10622c006564416464724368616e67652c68646c74
:0f623c00653d25642c726561736f6e3d256400ae
:020000040000fa
:020000040104f5
:10624b00434d443a52644c6f63616c5250412c6124
:10625b006464723d307825303278253032782530c1
:0f626b003278253032782530327825303278007d
:020000040000fa
:020000040104f5
:10627a0005070709090b0d0f111315171b1f2328f3
:10628a002b335b626a737f0b0b0d0f1011131517fb
:0f629a00191b1d1f2326282b2f33375b626a73b6
:020000040000fa
:020000040104f5
:1062aa0070b506460d46144601f00dfa034620b1b4
:1062ba001e605d609c60002070bd6ff0010001f0ff
:0e62ca0002fa03460028f3d16ff08300f4e7d8
:020000040000fa
:020000040104f5
:1062d800a0b110b513468446826892f814e3d2f848
:1062e80018430020c2f81803dcf8082082f81403c9
:0e62f8001cb10a4671466046a04710bd7047b3
:020000040000fa
:020000040104f5
:1063060070b50589b5f5706f04460ed2867a042eef
:106316000bd82846fff7d7fb38b1d4e9032331461b
:0e6326002846bde87040f2f7d2b8032070bde3
:020000040000fa
:020000040104f5
:10633400b0f5706f2de9f04104460d4616461f4630
:106344000ad2fff7c1fb38b13b4632462946204604
:0e635400bde8f041f4f71ebd0320bde8f08166
:020000040000fa
:020000040104f5
:1063620010b5c0b0fff7e1fb044668b90a230df18e
:1063720003010df102008df8003003f0d0f904465c
:0e63820010b96846f8f709fd204640b010bd7e
:020000040000fa
:020000040104f5
:1063900073b502f10c0306460c4601a8154601939d
:1063a000043406f07dff01a8052106f079ff2b4695
:0e63b000a2b200213046f4f785fd02b070bda8
:020000040000fa
:020000040104f5
:1063be007fb5adf80c00adf80e10adf8123001a996
:1063ce00bdf82030adf810204ff40050adf8143069
:0e63de0000f011fbbdf8040007b05df804fbf1
:020000040000fa
:020000040104f5
:1063ec0000b593b041f21303adf800300b88adf853
:1063fc00043051f8023fcdf8063068468b88adf872
:0e640c000a30fef7dffd002013b05df804fb40
:020000040000fa
:020000040104f5
:10641a0000b593b041f21203adf80030037c8df859
:10642a00053090f848308df804206846adf806101b
:0e643a008df80830fef7c7fd13b05df804fbc7
:020000040000fa
:020000040104f5
:1064480010b5046894f8f83053b194f8ff304bb99c
:106458000121204601f08cfa43f60143a4f81731d4
:0e646800002010bd43f0010384f8ff30f4e77c
:020000040000fa
:020000040104f5
:1064760000b593b0d0f8b83141f20602adf800206d
:106486000288adf8042068469a69db69cdf80620d3
:0e649600cdf80a30fef799fd13b05df804fb57
:020000040000fa
:020000040104f5
:1064a400434d443a5264506565725250412c6164c4
:1064b40064723d3078253032782530327825303298
:0e64c400782530327825303278253032780055
:020000040000fa
:020000040104f5
:1064d200f0b500240746204665b2ab4200dcf0bdb1
:1064e2000e5d12f804c0351aa5eb0c05edb2ae42f2
:0e64f20002d034bf012000203d550134ece7fc
:020000040000fa
:020000040104f5
:10650000f8b504680e46002504b9f8bd237a042bbb
:106510000bd045b1a06905f0cffa01463046e768d7
:0e652000faf78afcf8602468eee70125fbe735
:020000040000fa
:020000040104f5
:10652e00484f53543a436d64207263762c47727011
:10653e003d3078253032782c5375623d30782530d9
:0d654e0032782c4f703d30782530327800c7
:020000040000fa
:020000040104f5
:10655b00434d443a456e68616e6365645265616490
:10656b005478506f7765724c6576656c0045525266
:0d657b003a5374617475733d3078257800d3
:020000040000fa
:020000040104f5
:106588004c4c43503a496e7374616e745570646133
:106598007465642c48646c3d3078253034782c6ff1
:0d65a80070436f64653d3078253032780017
:020000040000fa
:020000040104f5
:1065b500534d503a47656e206b65792c64686b6561
:1065c50079206661696c00534d503a47656e206bc2
:0d65d50065792c65646976206661696c004b
:020000040000fa
:020000040104f5
:1065e200f8b507460e4600240c7002e00134082c70
:1065f2000bd0e5b2284606f054fc0028f6d03378da
:0c660200fd54337801333370f0e7f8bd2d
:020000040000fa
:020000040104f5
:10660e0008214ff08843596003f508534ff6ff7287
:10661e009a6141f6f5709865996603f580739a61f3
:0c662e004ff686029a6529229a66704792
:020000040000fa
:020000040104f5
:02663a007047a7
:020000040000fa
:020000040104f5
:10663c0008b5084b9a8992b207494a604cf2ff326e
:10664c009a819b890b6823b10b46486889681b6843
:0c665c00984708bd000001429027012073
:020000040000fa
:020000040104f5
:1066680060b908b5084b93f908304bb1064bdb68a5
:1066780043b19b6a044a1069984708bd00207047d7
:0c6688000020fae70020f8e7901f012036
:020000040000fa
:020000040104f5
:10669400000300004175040109310401254b040184
:1066a400f14a040145310401894a0401bd4a040147
:0c66b40093b4030101c704014fda040194
:020000040000fa
:020000040104f5
:1066c00003280ad004280bd00228b0ee080af2ee04
:1066d000047a18bfb0ee670a7047b7ee000a704739
:0c66e0009fed010a704700bf9a99993e97
:020000040000fa
:020000040104f5
:1066ec004ff0807340f8043c21f0010140f8081c85
:1066fc00054b40f80c3c40f8202c6ff0020340f89e
:0c670c00243c4438704700bf0194040195
:020000040000fa
:020000040104f5
:1067180008b54ff0200383f31188bff36f8fbff3e1
:106728004f8fdaf7c5fe28b14ff0e0234ff08052c3
:0c673800c3f8042d002383f3118808bd72
:020000040000fa
:020000040104f5
:10674400094b4ff47a425a604ff483721a605e2206
:106754009a604ff0e02300221a619a614ff6ff120b
:0c6764005a6107221a617047a827012023
:020000040000fa
:020000040104f5
:1067700070b10339c9b20e290dd846f2bf73cb40b0
:1067800013f0010f14bf6ff0e7006ff0ac0070471b
:0c6790006ff0ac0070476ff0ac00704779
:020000040000fa
:020000040104f5
:10679c0070b10339c9b20e290dd846f2bf73cb4084
:1067ac0013f0010f14bf6ff0e7006ff0ac007047ef
:0c67bc006ff0ac0070476ff0ac0070474d
:020000040000fa
:020000040104f5
:1067c80070b10339c9b20e290dd846f2bf73cb4058
:1067d80013f0010f14bf6ff0e7006ff0ac007047c3
:0c67e8006ff0ac0070476ff0ac00704721
:020000040000fa
:020000040104f5
:1067f40070b10339c9b20e290dd846f2bf73cb402c
:1068040013f0010f14bf6ff0e7006ff0ac00704796
:0c6814006ff0ac0070476ff0ac007047f4
:020000040000fa
:020000040104f5
:10682000b1f5805f0dd84b090268b2eb511f0bd355
:10683000023301f01f0150f82300c84000f00100ae
:0c68400070474ff0ff3070470020704799
:020000040000fa
:020000040104f5
:10684c00431e13f1030f06d8836823b11a688242e2
:10685c0002d00023837070470022c3f8042383689e
:0c686c00c3f808238368c3f81023f2e788
:020000040000fa
:020000040104f5
:10687800431e13f1030f09d851b1836853b18278cd
:1068880052b1b3f898300b8000207047022070474f
:0c6898000220704702207047012070476a
:020000040000fa
:020000040104f5
:1068a40038b5054678b10c4603290dd90a460021ae
:1068b40005f082fcb4f5827f87bf4ff480732b8090
:0c68c400043c2c80284638bd0020fce776
:020000040000fa
:020000040104f5
:1068d00038b5037c13b90024204638bd044600f1c6
:1068e0000c054ff0ff31284605f01bfd204602f055
:0c68f000a7fe0446284604f0f1faede78c
:020000040000fa
:020000040104f5
:1068fc0008b5084b5b7a63b1064b987ac0b2332269
:10690c009a72054b1b6823b118b1034b59681b686d
:0c691c00984708bd00140040dc27012053
:020000040000fa
:020000040104f5
:1069280010b5094a0178002312f833408c4205d18a
:1069380002ebc3035b689847012010bd01331f2b8e
:0c694800f2d10020f9e700bfec71020161
:020000040000fa
:020000040104f5
:10695400094b1b681a7832b908b1e9f7a1bb03f5f2
:10696400f270e1f78dbf28b1032903d1d3f8743154
:0c69740001201847704700bf8c2801204c
:020000040000fa
:020000040104f5
:1069800010b5094b1a6802f11001303251f8043b7e
:106990002bb19c7a012c02d11c88844202d09142f6
:0c69a000f4d10023184610bd94280120fb
:020000040000fa
:020000040104f5
:1069ac0070b5c47a0d460023d9b28c4201d8802030
:1069bc000be0c16801eb830101330e889642f3d1e1
:0c69cc006868498807f084f8002070bd5e
:020000040000fa
:020000040104f5
:1069d80010b50c46fff706f958b1074b82781b68cb
:1069e8005b789a424ff0000036bf9b1a20702370e4
:0c69f80010bd0320fce700bfa428012014
:020000040000fa
:020000040104f5
:106a040038b5054604200c46f3f79efa68b183882e
:106a1400c58003f0f80343f4407343f0010383801b
:0c6a24008460bde83840faf731b838bd96
:020000040000fa
:020000040104f5
:106a30001fb5094c24686cb1adf80630069b029373
:106a4000079badf80000adf80210adf804200393e9
:0c6a50006846a04704b010bdec280120ef
:020000040000fa
:020000040104f5
:106a5c00084b1a6842f005021a601a685107fcd4f8
:106a6c001a68d207fcd4044b1968043b89b2186825
:0c6a7c0006f042bf143e01410c3e0141f7
:020000040000fa
:020000040104f5
:106a8800074b1a8842f040021a801a685206fcd452
:106a9800044b1b680360044b1b680b80704700bfe6
:0c6aa800143e0141003e0141043e01414a
:020000040000fa
:020000040104f5
:106ab400074b4ff0ff321a6001284ff01f021a7182
:106ac40004d1044a00231360034a13600020704772
:0c6ad4006a2801200029012090290120df
:020000040000fa
:020000040104f5
:106ae00010b502210446002002f05bfa50b11d23cc
:106af0000373054b1b681b7b437301462046eaf773
:0c6b0000cffb012010bd00bf24290120a4
:020000040000fa
:020000040104f5
:106b0c0010b502210446002002f045fa50b11e23b4
:106b1c000373054b1b681b7b437301462046eaf746
:0c6b2c00b9fb012010bd00bf242901208e
:020000040000fa
:020000040104f5
:106b380038b590f8e43005460c4673b90820e4f7f8
:106b480021ffc5f8b801e388c3802146d5f8b831dc
:0c6b580051f8012f1a600a791a7138bd3b
:020000040000fa
:020000040104f5
:106b640038b50546d5f8a84104b938bd2368c5f839
:106b7400a8311bb905f5d473c5f8ac31a06806f08b
:0c6b8400a9ff204606f0a6ffece700bfca
:020000040000fa
:020000040104f5
:106b9000430803f05533c31a980800f0333003f06c
:106ba0003333184400eb101000f00f3000eb1020ce
:0c6bb00000f0ff1000eb104080b27047b6
:020000040000fa
:020000040104f5
:106bbc0007b5084b1b68187259729a72064b0093f2
:106bcc00022201233821ec20e2f74cfb002003b019
:0c6bdc005df804fb242901203cbb0401ef
:020000040000fa
:020000040104f5
:106be80013b5fb24048044f2902008801480188098
:106bf800054b0093022201233b21ec20e2f734fbf2
:0c6c0800002002b010bd00bf339f04014b
:020000040000fa
:020000040104f5
:106c1400094b012815bf18681b68d0f85832d3f8ff
:106c24005c226fea01010bbf0a400b40c3f85c22ef
:0c6c3400c0f85832704700bf382901201a
:020000040000fa
:020000040104f5
:106c400013b5044680b101910df1030001a906f0ce
:106c5000a7f804f16000e1f715fe00239df803207a
:0c6c600001212046e9f752ff02b010bdf0
:020000040000fa
:020000040104f5
:106c6c0010b5094b1a6802f12c014c3251f8043b57
:106c7c0023b11c88844201d19c7814b99142f5d17e
:0c6c8c000023184610bd00bf4029012065
:020000040000fa
:020000040104f5
:106c980010b5094b1a6802f12c014c3251f8043b2b
:106ca8002bb19c781cb193f85340844202d0914296
:0c6cb800f4d10023184610bd4029012033
:020000040000fa
:020000040104f5
:106cc40090f8f43013f0020309d0074b1b685b0003
:106cd40007d5c07f04288cbf0020012070471846c8
:0c6ce40070470120704700bf30340141b0
:020000040000fa
:020000040104f5
:106cf0007fb50e7916f0300f04d1fbf719ff002095
:106d000004b070bdcde90201009202ab0822024935
:0c6d10000120f7f729f8f2e74104010127
:020000040000fa
:020000040104f5
:106d1c0038b504680546faf73bfea36f23f4f81365
:106d2c0023f40463a36700f00dfea36f1b0604d5c8
:0c6d3c002846bde83840e0f7a3be38bd93
:020000040000fa
:020000040104f5
:106d4800434d443a536574457874416476456e61a1
:106d5800626c652c656e61626c653d25640041441a
:0b6d6800563a73657449643d256400d1
:020000040000fa
:020000040104f5
:106d7300434d443a45787453657452616e6441647b
:106d830064722c68616e646c653d256400455252e3
:0b6d93003a7374617475733d25640051
:020000040000fa
:020000040104f5
:106d9e0000b585b00df10601f9f7ebfb10b105b0aa
:106dae005df804fb06238df80830bdf80630adf80b
:0a6dbe000a3002a8faf7ddfaf1e747
:020000040000fa
:020000040104f5
:106dc8004ff088431b6813f4404f05d04ff08842ba
:106dd800136823f4404313604ff088434ff08062f8
:0a6de8009a604ff000729a60704745
:020000040000fa
:020000040104f5
:106df20038b5044604f04dff636843b14ff00075a7
:106e020029462069e9f739fd6368002bf8d1dcf7e0
:0a6e1200aaf82046ebf7b1f838bdee
:020000040000fa
:020000040104f5
:106e1c0038b5034610b1a1fb030262b901fb03f4c0
:106e2c002046def75ffa054618b12246002105f030
:0a6e3c00bff9284638bd0025fbe72a
:020000040000fa
:020000040104f5
:106e460068b179b1d0f8f0300a2b03d110230b606a
:106e56000020704700230b606ff0ac0070476ff0a6
:0a6e6600ac0070476ff0ac007047fd
:020000040000fa
:020000040104f5
:106e700070b5adf50a7d04460e461546684604f029
:106e800063ff3146684604f0cdfc2a466946204639
:0a6e9000f9f74efc0df50a7d70bd08
:020000040000fa
:020000040104f5
:106e9a0010b5adf50a7d0c460146684603f0a3fe1f
:106eaa00224669460020edf798fb01462046fdf789
:0a6eba00a0f800200df50a7d10bdc0
:020000040000fa
:020000040104f5
:106ec40088b108b50346007810f0010000d108bd70
:106ed4004ff0ff3103f1840005f033fa012814bfa9
:0a6ee40000200120f3e700207047b2
:020000040000fa
:020000040104f5
:106eee00431e13f1030f0ad8836853b1807858b14b
:106efe001a68b2f1ff3f06d093f87b00704700206e
:0a6f0e007047002070470020704714
:020000040000fa
:020000040104f5
:106f1800431e13f1030f0ad8836853b1827852b124
:106f280093f81403003818bf0120c00070470220ee
:0a6f380070470220704701207047e7
:020000040000fa
:020000040104f5
:106f4200431e13f1030f0fd882686ab14b1edbb2e6
:106f5200012b09d883783bb102eb011292f8203160
:0a6f620013b1002382f820317047bc
:020000040000fa
:020000040104f5
:106f6c00431e13f1030f0fd882686ab14b1edbb2bc
:106f7c00012b09d883783bb102ebc10292f848315e
:0a6f8c0013b1002382f8483170476a
:020000040000fa
:020000040104f5
:106f9600037c03b9704770b504460d4600f10c0634
:106fa6004ff0ff31304605f0b9f92946204601f089
:0a6fb600f4f9304603f08fff70bdc0
:020000040000fa
:020000040104f5
:106fc000037c03b9704770b504460d4600f10c060a
:106fd0004ff0ff31304605f0a4f92946204604f071
:0a6fe000f1f8304603f07aff70bdaf
:020000040000fa
:020000040104f5
:106fea00037c03b9704770b504460d4600f10c06e0
:106ffa004ff0ff31304605f08ff92946204604f05c
:0a700a0043fc304603f065ff70bd43
:020000040000fa
:020000040104f5
:1070140038b50c46fef7b0ff054650b12378c17c65
:10702400994208d163786288eaf78afd00b9e87466
:0a70340038bd0320fce70120fae755
:020000040000fa
:020000040104f5
:10703e00434d443a536574457874416476446174a3
:10704e0061004144563a73657449643d25642c646d
:0a705e006174614c656e3d2564000d
:020000040000fa
:020000040104f5
:10706800434d443a5374617274456e637279707417
:107078002c48646c3d307825303478004552523abb
:0a7088007374617475733d25640094
:020000040000fa
:020000040104f5
:1070920000b593b041f21f03adf800300388adf89c
:1070a200063090f82a308df8041068468df80830c2
:0a70b200fdf78dff13b05df804fb3d
:020000040000fa
:020000040104f5
:1070bc00042810d8012202fa00f313f017030ad0a7
:1070cc00042908d802fa01f313f0170303d0431a6a
:0a70dc0058425841704700207047e9
:020000040000fa
:020000040104f5
:1070e60010b505210446002001f058ff60b12523a4
:1070f6000373d4f84431d3f81e30c0f80d3001467e
:0a7106002046eaf7caf8012010bd88
:020000040000fa
:020000040104f5
:107110004a7890f8f23062f3041380f8f2308b78fa
:1071200080f84831cb7880f8493190f8f230db06ae
:0a71300002d50520f7f734ba7047c6
:020000040000fa
:020000040104f5
:10713a0038b590f8e2308b4204460d4602d1002160
:10714a00e0f725fc94f8e430ab4205d12046012152
:0a715a00bde83840e0f71bbc38bd6b
:020000040000fa
:020000040104f5
:10716400434d443a416464524c2c616464723d3032
:10717400782530327825303278253032782530320f
:0a718400782530327825303278008b
:020000040000fa
:020000040104f5
:10718e00434d443a416464574c2c616464723d3003
:10719e0078253032782530327825303278253032e5
:0a71ae007825303278253032780061
:020000040000fa
:020000040104f5
:1071b80038b505460c4603f063fa2b6823603bb9e3
:1071c8006b6863601c606c60bde8384001f04cbac5
:0a71d80065602b685c602c60f6e730
:020000040000fa
:020000040104f5
:1071e20008b561b9031d406840b1018942899142e5
:1071f20009d102681a6006f06efc012008bd00f198
:0a72020008038068f0e70020f8e7b9
:020000040000fa
:020000040104f5
:10720c008a78042a04d80123934013f0170f01d174
:10721c0000238b70ca78042a04d80123934013f0fe
:0a722c00170f01d10023cb7070474b
:020000040000fa
:020000040104f5
:10723600f0b50025074628466cb2a34200dcf0bd37
:107246004e5d545d34440444e4b2a64202d08cbf81
:0a725600012000207c550135eee711
:020000040000fa
:020000040104f5
:1072600090f8593083b1c26d137843f01003137056
:10727000c06d0b68c0f85f3100f25f124b6853605d
:0a7280008b689360cb68d360704701
:020000040000fa
:020000040104f5
:10728a0090f8593083b1c26d137843f00403137038
:10729a00c06d0b68c0f8483100f5a4724b685360a2
:0a72aa008b689360cb68d3607047d7
:020000040000fa
:020000040104f5
:1072b40090f8593083b1c26d137843f00103137011
:1072c400c06d0b68c0f82c3100f596724b685360a2
:0a72d4008b689360cb68d3607047ad
:020000040000fa
:020000040104f5
:1072de0038b50446c568008906f0e1fb48b120893f
:1072ee00fef745fe38b129462089bde83840d7f76c
:0a72fe00bcbb042038bd0320fce7f0
:020000040000fa
:020000040104f5
:107308000103030303030305050505070709090b23
:107318000b0d0f11131517191d21252b31375f6917
:0a732800737f1b1f23292f376b7f93
:020000040000fa
:020000040104f5
:1073320010b590f86d309a0704460dd443f002035d
:1073420080f86d3000f5997004f03ff904f58d7006
:0a735200bde81040f2f799bf10bd2e
:020000040000fa
:020000040104f5
:10735c00812903dc7f2903dc002070478329fbd1c2
:10736c001368073323f0070303f108011160d3e915
:0a737c000023c0e900230120704740
:020000040000fa
:020000040104f5
:10738600434d443a526d524c2c616464723d3078e0
:1073960025303278253032782530327825303278eb
:0973a600253032782530327800e0
:020000040000fa
:020000040104f5
:1073af00434d443a526d574c2c616464723d3078b2
:1073bf0025303278253032782530327825303278c2
:0973cf00253032782530327800b7
:020000040000fa
:020000040104f5
:1073d80038b540f6ac4006f07df958b1054601468f
:1073e800012045f2010398470446284606f076f93d
:0873f800204638bd0024fbe72c
:020000040000fa
:020000040104f5
:1074000010b50024064b1c70012005f0a5fd0121dc
:10741000084603f0f3fd2146024805f0a3fd10bd28
:08742000c823012071c604011c
:020000040000fa
:020000040104f5
:1074280010b584b0bdf824400394bdf82040029400
:10743800079c01949df818400094f3f7f6ff003874
:0874480018bf012004b010bdc3
:020000040000fa
:020000040104f5
:10745000084a936823f001039360d36813f0010f87
:10746000fbd1044b5a6822f002025a6001229a6052
:08747000704700bf002000413d
:020000040000fa
:020000040104f5
:10747800084a936823f001039360d36813f0010f5f
:10748800fbd1044b5a6842f002025a6001229a600a
:08749800704700bf0020004115
:020000040000fa
:020000040104f5
:1074a000084a936823f001039360d36813f0010f37
:1074b000fbd1044b5a6822f004025a6001229a6000
:0874c000704700bf00200041ed
:020000040000fa
:020000040104f5
:1074c800084a936823f001039360d36813f0010f0f
:1074d800fbd1044b5a6842f004025a6001229a60b8
:0874e800704700bf00200041c5
:020000040000fa
:020000040104f5
:1074f00008b5034608461968064a116459681165bb
:1075000099681166db6813670221fef7bff9012055
:0875100008bd00bf00060044a5
:020000040000fa
:020000040104f5
:1075180008b500eb4002074b03eb8203da6842b17f
:10752800014600eb4000034b03eb8003126a186925
:08753800904708bd901f0120df
:020000040000fa
:020000040104f5
:1075400000b1704710b50c46054803f0d3fc012884
:1075500004d12268034b1a6001221a7110bd00bfca
:08756000a42701209c27012053
:020000040000fa
:020000040104f5
:1075680010b5084c94f8d11094f9a80001f0d4fe95
:1075780094f8d03003b110bd04f1d80003f0cefc6c
:08758800f9e700bfd01d01204e
:020000040000fa
:020000040104f5
:1075900038b50446fbf7f4fd054648b12046faf736
:1075a00087fd38b1057dedb200220275fff7dcffe3
:0875b000284638bd0025f9e76b
:020000040000fa
:020000040104f5
:1075b800084b1a685b68d86a48b9064b9b681a4337
:1075c800012a05d8034bd86e1b6fc01a70470020dc
:0875d800704700bfc81c012030
:020000040000fa
:020000040104f5
:1075e000eff311834ff0200282f31188bff36f8f06
:1075f000bff34f8f18b1c06a83f311887047014af7
:087600005068f8e7c81c0120e6
:020000040000fa
:020000040104f5
:10760800eff311834ff0200282f31188bff36f8fdd
:10761800bff34f8f18b1406c83f311887047014a4c
:087628005068f8e7c81c0120be
:020000040000fa
:020000040104f5
:1076300010b5044604f02efb01f002ff054ad2f813
:10764000f8302344c2f8f83004f056fbdbf78cfc2a
:0876500010bd00bfc81c0120a1
:020000040000fa
:020000040104f5
:1076580008480068006880f308884ff0000080f34d
:10766800148862b661b6bff34f8fbff36f8f00df28
:0876780000bf000008ed00e076
:020000040000fa
:020000040104f5
:1076800070b504460d46164604e0a3691d44236afe
:1076900020469847a1692b46324629442046f9f7ef
:0876a000f7fe0028f1d170bdd6
:020000040000fa
:020000040104f5
:1076a80038b504460d4601f0c7fe45b194f82430bc
:1076b80043f0040384f8243004f01afb38bd94f82e
:0876c800243003f0fb03f5e799
:020000040000fa
:020000040104f5
:1076d000084a00231168814205d001330c32082b7f
:1076e000f8d10020704703eb4303024800eb83000e
:0876f000704700bf88ff012074
:020000040000fa
:020000040104f5
:1076f80038b5084b1b7c03b938bd064c04f11c0592
:10770800284603f0e7fb284604f0fefd00236374d7
:087718002374f1e72026012093
:020000040000fa
:020000040104f5
:10772000074b1b7d13f0010f01d00020704710b5ef
:10773000044c88220021204604f040fd204610bd64
:087740006c20012080200120d3
:020000040000fa
:020000040104f5
:10774800431e13f1030f0bd861b183780bb90120e5
:1077580070470020888003230b8001234b807047eb
:08776800022070470220704767
:020000040000fa
:020000040104f5
:1077700008b5431e13f1030f0ad8024683684bb1c4
:10778000986803f0effc80f00100c000c0b208bdb3
:087790000220fce70220fae7e9
:020000040000fa
:020000040104f5
:1077980000eb400c074b03eb8c031b899bb2834225
:1077a80000d07047034b03eb8c0cccf80010ccf8de
:0877b8000420f6e7e82401209b
:020000040000fa
:020000040104f5
:1077c000084a537943f080035371136913f0040f8f
:1077d000fbd1044a5379dbb21f2bfbd8014b988aab
:0877e00080b270470014004064
:020000040000fa
:020000040104f5
:1077e80038b50489b4f5706f0cd2857a042d09d8a0
:1077f8002046fef767f928b129462046bde83840fb
:08780800f9f7fcbf032038bdb5
:020000040000fa
:020000040104f5
:1078100080680378ef2b0dd84378033b012b09d800
:107820008378012b06d8828840f272639a4201d88d
:08783000f4f7d4bf03207047f8
:020000040000fa
:020000040104f5
:1078380010f0fd030ad001280ad14b7903f0c003e8
:10784800402b07d0002b14bf012303231846704791
:087858000123fbe70223f9e71d
:020000040000fa
:020000040104f5
:1078600008b5084b1a6892f821200a701a6892f835
:10787000332002701b681b8e4b80081d03f092fda5
:08788000002008bd8c28012046
:020000040000fa
:020000040104f5
:1078880010b500f1180300f1380200bf53f8044b9b
:107898002cb194f8044124b1a4b200f081f9204637
:0878a80010bd9342f2d1fae792
:020000040000fa
:020000040104f5
:1078b000084b1a6800230c321178012902d1518833
:1078c000814205d00133dbb2082b02f10c02f3d167
:0878d00018467047a4280120ae
:020000040000fa
:020000040104f5
:1078d800036810b413b14468944203d15df8044bb3
:1078e80004f032bb22b90b6001605df8044b7047ad
:0878f80013680b601160f8e752
:020000040000fa
:020000040104f5
:1079000010b5064b06480024202221461c7004f0c6
:1079100055fc044bc3e9004410bd00bfd129012030
:0879200060260120042801206b
:020000040000fa
:020000040104f5
:10792800012806d010b1022805d07047034b1980f2
:107938007047034bfbe7034bf9e700bf56090120eb
:08794800d6150120ca2501201b
:020000040000fa
:020000040104f5
:10795000074a13785bb1013bdbb213703bb9054baf
:107960004ff000421a6001225a6040225a6070476c
:08797000d529012000e100e02f
:020000040000fa
:020000040104f5
:1079780038b590f8ff3004460d4623b9d0f86c01ad
:1079880038b1e9f729fd94f8ff301d4384f8ff501a
:0879980038bdd4f86801f4e7e2
:020000040000fa
:020000040104f5
:1079a000434d443a436f6e6e5570646174652c4864
:1079b000646c3d307825303478004552523a737407
:0879c000617475733d2564003c
:020000040000fa
:020000040104f5
:1079c800434d443a5365745068792c48646c3d3093
:1079d8007825782c7478506879733d25642c7278f2
:0879e800506879733d2564002d
:020000040000fa
:020000040104f5
:1079f00010f0010f4fea400318bf43f001032029a4
:107a00001dbf012202fa01f101f1ff314ff0ff31f8
:087a100058400840fff7bcb824
:020000040000fa
:020000040104f5
:107a180013b5084b00930446012302222221ec20cf
:107a2800e1f722fc20460821edf7a2fb002002b076
:087a380010bd00bfb4d304012e
:020000040000fa
:020000040104f5
:107a400007b5074b8df8040001221a7005496b46f3
:107a500005220320f2f782fd03b05df804fb00bfae
:087a6000da29012002050101f1
:020000040000fa
:020000040104f5
:107a6800434d443a536574486f73744368616e6e4e
:107a7800656c436c617373004552523a5374617478
:087a880075733d30782578008c
:020000040000fa
:020000040104f5
:107a9000434d443a57726974655246506174684365
:107aa0006f6d70656e736174696f6e2c54783d25cf
:087ab000642c52783d256400ae
:020000040000fa
:020000040104f5
:107ab80038b5062203210446f9f79af8054648b175
:107ac80094f86d3023f0600384f86d30012120466e
:087ad800dff75eff284638bd10
:020000040000fa
:020000040104f5
:107ae000084a136840f20221a3f84010022183f8eb
:107af000421019786ff30411197013680022da63c9
:087b0000704700bfa02901201d
:020000040000fa
:020000040104f5
:107b080010b5c36e044613b9436998420bd0637825
:107b18006ff3820363702046d5f7feff2046bde869
:087b28001040fdf73bbb10bd4e
:020000040000fa
:020000040104f5
:107b3000084b012815bf18681b68d0f85832d3f8d5
:107b40005c2213bf0b430a43c3f85c22c0f85832cf
:087b5000704700bf3829012035
:020000040000fa
:020000040104f5
:107b5800c1f30803074a490a2bb94942114043eacd
:107b68004121f9f765b9c3f59c7301339bb25140c4
:087b7800f5e700bfffff7f00ed
:020000040000fa
:020000040104f5
:107b800030b50023074c0b7040fa03f2d20744bf14
:107b90000a781d5d03f1010344bf2a430a70042bd8
:087ba000f2d130bd30db04011d
:020000040000fa
:020000040104f5
:107ba80070b5054600f1180400f1380654f8040bc6
:107bb80020b105f08dff002344f8043cb442f5d110
:087bc800002385f83b3070bd7d
:020000040000fa
:020000040104f5
:107bd00038b5084b1b6804460d463bb9224628467b
:107be0004ff48271bde8384000f0a0bc98470128ee
:087bf000f4d138bd4829012041
:020000040000fa
:020000040104f5
:107bf80010b5074b1c6805f0d1fa064b1b78e4b2a8
:107c08001c442044404240b2bde8104002f0c0becf
:087c1800b0380141c62901202a
:020000040000fa
:020000040104f5
:107c200010b590f8fa300c463bb1eaf727f8054b4f
:107c30001a881cb942f004021a8010bd42f00802f2
:087c4000fae700bfcc29012086
:020000040000fa
:020000040104f5
:107c480010b4c488074b220a53f8223033b100f12c
:107c58000c028168e0b25df8044b18475df8044bec
:087c6800704700bf74250120e4
:020000040000fa
:020000040104f5
:107c700010b5084b03f5845280b2146803f58253a3
:107c800060f30f0414601a6889b261f30f021a607e
:087c900010bd00bf00240141fa
:020000040000fa
:020000040104f5
:107c980084b008b50df1080c8ce80f00036893f860
:107ca8006d30db0603d4049a112103f0c7fcbde84c
:087cb8000840002004b07047f1
:020000040000fa
:020000040104f5
:107cc00008b51320fef7a2f9044b054a1880054bae
:107cd0001b68c3f38703137008bd00bfce290120c2
:087ce000ea290120703701417f
:020000040000fa
:020000040104f5
:107ce80030b57ab101388d1810f8012f0c4632b131
:107cf80011f8013b1bb1a94201d09a42f4d0237874
:087d0800d01a30bd1046fce763
:020000040000fa
:020000040104f5
:107d100013b50446f8f77efb18b14ff0ff3002b000
:107d200010bd636c01220df1070120469847012820
:087d3000f3d19df80700f2e712
:020000040000fa
:020000040104f5
:107d380038b503699a4228bf1a460446154652b117
:107d4800406903f09ffc636922692b44521b22613e
:087d5800002263611a7038bdbe
:020000040000fa
:020000040104f5
:107d6000434d443a4c746b5265715265706c792c7a
:107d700048646c3d30782578004552523a737461fe
:077d80007475733d256400da
:020000040000fa
:020000040104f5
:107d8700434f4e4e3a4c6c63705478446f6e653a6d
:107d970048646c3d3078253034782c4f70436f64dd
:077da700653d3078257800ee
:020000040000fa
:020000040104f5
:107dae0058b1844661b100b583b004980090604626
:107dbe00eef7effb03b05df804fb6ff0ac0070471d
:067dce006ff0ac007047ed
:020000040000fa
:020000040104f5
:107dd40058b161b1037803f0f003202b09d1437843
:107de40003f00f030b60002070470120704701204f
:067df400704701207047fa
:020000040000fa
:020000040104f5
:107dfa0038b504460d4601f01efba36c23b10024de
:107e0a0003f075ff204638bda36b13b9a56401249e
:067e1a00f6e70024f4e786
:020000040000fa
:020000040104f5
:107e2000836c8b4201d00020704710b50446836bf1
:107e30000bb1002010bd01f003fb0023a36403f08d
:067e40005bff0120f6e7e4
:020000040000fa
:020000040104f5
:107e46000346421e12f1030f07d8826842b192f927
:107e5600040038b993f9010070474ff0ff307047be
:067e66004ff0ff307047f1
:020000040000fa
:020000040104f5
:107e6c0008b5431e13f1030f07d883682bb10278b2
:107e7c001ab190f90120022a00d008bd03f1940038
:067e8c00fbf745fef9e7db
:020000040000fa
:020000040104f5
:107e920038b50489b4f5706f05460ad22046fdf75d
:107ea20014fe30b1ea7aa97a2046bde83840f5f7e7
:067eb200f2bb032038bd05
:020000040000fa
:020000040104f5
:107eb8001fb5adf808008df80a1041f20560694653
:107ec8008df80b208df80c30fef798fdbdf80000fa
:067ed80005b05df804fb9b
:020000040000fa
:020000040104f5
:107ede0080680378ef2b0cd84378032b09d1837875
:107eee00012b06d8828840f272639a4201d8f4f7c9
:067efe009cbc032070474c
:020000040000fa
:020000040104f5
:107f0400434d443a536574416476506172616d2cfb
:107f1400747970653d2564004552523a73746174f6
:067f240075733d256400a9
:020000040000fa
:020000040104f5
:107f2a00434d443a446973636f6e6e6563742c48bb
:107f3a00646c3d3078253034782c726561736f6ecd
:067f4a003d253032640009
:020000040000fa
:020000040104f5
:107f500090f8e2305bb990f8e42042b990f8b03183
:107f60003bb9d0f8a801b0fa80f040097047002072
:067f70007047012070477c
:020000040000fa
:020000040104f5
:107f7600434d443a53657450434c5072657365746f
:107f86002c55703d25642c4c6f773d25642c7374fd
:067f960065703d2564004a
:020000040000fa
:020000040104f5
:107f9c0070b549b9051d4068002448b10668013424
:107fac0005f094fd3046f8e700f108058068f3e72a
:067fbc002860204670bda4
:020000040000fa
:020000040104f5
:107fc20000b593b01323adf8003001238df80430cf
:107fd2000388adf806306846adf80810fcf7f7ffe5
:067fe20013b05df804fb82
:020000040000fa
:020000040104f5
:107fe80010b580f8291000880c4600f035fd48b11e
:107ff800162c03d1bde8104002f006bcbde81040c5
:0680080002f010bc10bde7
:020000040000fa
:020000040104f5
:10800e0038b5044602f039fb25681db12b682bb933
:10801e00c4e9003400f025fb284638bd5c602368b7
:06802e001b682360f6e769
:020000040000fa
:020000040104f5
:1080340010b5013a52b2130601d5002010bd845c7c
:108044008b5c9c4205d802f1ff32f4d24ff0ff3032
:06805400f4e70120f2e751
:020000040000fa
:020000040104f5
:10805a0030b500248c4202d30023184630bd0346b3
:10806a00407813f8025b9042f7d0681c0444013d43
:06807a00e4b25819eee724
:020000040000fa
:020000040104f5
:1080800030b5891a00f1824000f5b0304d1c012155
:10809000a94004880139914024ea010493401c431b
:0680a000a4b2048030bd13
:020000040000fa
:020000040104f5
:1080a60008b503689a6f120601d4002008bdd3f8fc
:1080b6009020013ac3f89020002af6d18021ebf7f0
:0680c600a0fa0120f2e720
:020000040000fa
:020000040104f5
:1080cc00a0006000000000000000000000000000a4
:1080dc000000000000000000000000000000000094
:0680ec00400540054005bf
:020000040000fa
:020000040104f5
:1080f2001e1819181c182c1834182e182b182d1885
:10810200261828183718031811184018381830186c
:04811200071800004a
:020000040000fa
:020000040104f5
:1081160070b54ff4005442f20806e5b22046c1f7a6
:10812600acfb28b10134a4b2b442f6d10135edb2ac
:04813600284670bdaa
:020000040000fa
:020000040104f5
:02813a0070478c
:020000040000fa
:020000040104f5
:10813c004ff0e022136923f001031361044b5b68d9
:10814c0013f0806f03d0024b4ff000725a607047ef
:04815c0000ed00e052
:020000040000fa
:020000040104f5
:10816000074b02221a63ae225a61bf225a60a3f55e
:10817000985301225a6505221a60c3f834227047c9
:048180000023004494
:020000040000fa
:020000040104f5
:10818400064b00221a62064a1a6202f12b42a2f539
:108194004b12a2f6ab421a62704700bf00060044bd
:0481a400556699aad9
:020000040000fa
:020000040104f5
:1081a80010b5eff3108472b6fff7e8ff044b4ff0f9
:1081b8000042c3f8d420c3f8e42084f3108810bd2b
:0481c8000006004469
:020000040000fa
:020000040104f5
:1081cc0038b50446eff3108572b6fff7d5ff24f0ef
:1081dc007f44034bc3f8f44085f3108838bd00bfcf
:0481ec000006004445
:020000040000fa
:020000040104f5
:1081f00038b50446eff3108572b6fff7c3ff24f0dd
:108200007f44034bc3f8f84085f3108838bd00bfa6
:048210000006004420
:020000040000fa
:020000040104f5
:1082140060b110b504463022002103f0cdff0123e4
:108224002383034be3612362a36210bd704700bf45
:0482340000007ac408
:020000040000fa
:020000040104f5
:10823800074b5b6f1b6823b9054b4ff0ff32da66bb
:108248007047034b5a6fd2681268da66704700bfee
:04825800c81c01201d
:020000040000fa
:020000040104f5
:10825c000346026c6ab110b50846d9681144d9605e
:10826c009c68a14224bf1968d960d96803f008fa48
:04827c0010bd70477a
:020000040000fa
:020000040104f5
:1082800010b5024600210120f6f7b8ff044638b1c8
:10829000002181600160c1600b460a46d7f7d0f922
:0482a000204610bda7
:020000040000fa
:020000040104f5
:1082a40088420ed008b50b4602680a6042684a60ec
:1082b4004ff4087200f1080103f1080003f0e4f937
:0482c40008bd70473a
:020000040000fa
:020000040104f5
:1082c800074b1a68013a1a601b68002b03db044b42
:1082d8001b6800207047024b00221a60f7e700bfb6
:0482e80084280120c5
:020000040000fa
:020000040104f5
:1082ec0068b108b50346064a106942689a4200d044
:1082fc0008bdfaf717f9024b00221a61f8e770472c
:04830c006c200120c0
:020000040000fa
:020000040104f5
:1083100060b108b50d290bd880f828100021f2f7bc
:10832000e3fa00280cbf0920002008bd0220704796
:048330000220fae746
:020000040000fa
:020000040104f5
:10833400431e13f1030f07d883683bb182783ab127
:1083440083f8901000207047022070470220704785
:04835400012070474d
:020000040000fa
:020000040104f5
:10835800431e13f1030f07d883683bb182783ab103
:10836800c3f80013002070470220704702207047ae
:048378000120704729
:020000040000fa
:020000040104f5
:10837c00431e13f1030f07d883683bb182783ab1df
:10838c00c3f840130020704702207047022070474a
:04839c000120704705
:020000040000fa
:020000040104f5
:1083a00038b505460c46084601f04af9014640b189
:1083b000284602f007ff204601f042f90146002856
:0483c000f6d138bdfd
:020000040000fa
:020000040104f5
:1083c40000b503781f2bc1b008d115238df80030f8
:1083d40003798df802306846f6f7defc012041b0df
:0483e4005df804fb41
:020000040000fa
:020000040104f5
:1083e80038b50489b4f5706f054609d22046fdf703
:1083f80069fb28b1a97a2046bde83840f7f7bcba2e
:04840800032038bd58
:020000040000fa
:020000040104f5
:10840c0038b50489b4f5706f054609d22046fdf7de
:10841c0057fb28b1a97a2046bde83840f6f7e0bcf6
:04842c00032038bd34
:020000040000fa
:020000040104f5
:1084300038b50489b4f5706f054609d22046fdf7ba
:1084400045fb28b1e9682046bde83840f5f7dabebb
:04845000032038bd10
:020000040000fa
:020000040104f5
:1084540038b50489b4f5706f0ad2c5682046fdf7b3
:1084640033fb28b129462046bde83840f2f7c4bca6
:04847400032038bdec
:020000040000fa
:020000040104f5
:1084780070b5074e05460024336804f16a0253f8c4
:1084880022300bb1284698470134032cf4d170bd33
:048498008c2801200b
:020000040000fa
:020000040104f5
:10849c00830708d5044b1a68002111601b68034a36
:1084ac005a60034a9a60704794280120f1c804016d
:0484bc00b1da04012c
:020000040000fa
:020000040104f5
:1084c000072838b50bd8064d041d2b6853f8240037
:1084d00028b105f001fb2b68002243f8242038bda9
:0484e00094280120bb
:020000040000fa
:020000040104f5
:1084e400a0f11703e02b09d8a1f11703e02b05d85d
:1084f400034b1b6818825982002070470320704781
:048504009c2801208e
:020000040000fa
:020000040104f5
:1085080008b5fdf76ffb40b1054b80781b685b78b9
:1085180098422cbf0020012008bd0120fce700bfc5
:04852800a428012062
:020000040000fa
:020000040104f5
:10852c0013b5074b8df800001446adf802100192fc
:10853c001b6868469847204605f0c8fa02b010bd83
:04854c00ac28012036
:020000040000fa
:020000040104f5
:108550000e2808b507d1054b054a1b68107003b1fa
:108560009847012000e0002008bd00bfc02801207e
:048570007528012049
:020000040000fa
:020000040104f5
:1085740038b504460d4602f085f8002323606b6885
:108584001c606c60237943f080032371bde838409c
:0485940000f06cb8cf
:020000040000fa
:020000040104f5
:1085980038b5054602f074f82c683cb123682b60a6
:1085a80003b96d6023796ff3c713237100f05cf88a
:0485b800204638bd64
:020000040000fa
:020000040104f5
:1085bc0008b5064c064d2b682068db684ff0ff3180
:1085cc0098470128f7d1f8f781faf4e7bc28012085
:0485dc00b82801209a
:020000040000fa
:020000040104f5
:1085e00010b502f051f8064b1b7804461bb1fbf79f
:1085f0003df8d7f73fff2046bde8104000f038b8ff
:04860000d22901205a
:020000040000fa
:020000040104f5
:10860400012805d008b1022804d0034b188870470c
:10861400024bfbe7024bf9e756090120d61501206e
:04862400ca25012042
:020000040000fa
:020000040104f5
:1086280010b9054b19807047012801d1034bf9e7b0
:108638000228f8d1024bf5e7203f0141243f0141d0
:04864800283f014185
:020000040000fa
:020000040104f5
:10864c0010b5064c01222270054a126802b19047ff
:10865c0002f0d2fe0023237010bd00bfd6290120ea
:04866c00fc280120c5
:020000040000fa
:020000040104f5
:1086700007b5074a0190137833b1013bdbb21370a1
:1086800013b901a804f0eefd03b05df804fb00bfd0
:04869000d7290120c5
:020000040000fa
:020000040104f5
:10869400064a136823f080031b041b0c1380044a4e
:1086a400138823f080031380704700bf203f0141eb
:0486b4005609012042
:020000040000fa
:020000040104f5
:1086b800064b1a8842f001021a801a68d207fcd4c5
:1086c800034b186820f07040704700bf143e01410a
:0486d800083e014116
:020000040000fa
:020000040104f5
:1086dc00074b1860998010331a6842f4e0421a6014
:1086ec001a689104fcd41a68d204f9d4704700bffc
:0486fc00003e0141fa
:020000040000fa
:020000040104f5
:1087000008b5fff7ebff064b1b6813f0060f05d00b
:1087100040210020bde80840f9f7fcb808bd00bfc3
:04872000203f0141b4
:020000040000fa
:020000040104f5
:10872400074b1b68586800b9704790f8f83013b1cc
:1087340090f821300bb90068f5e70120704700bfbd
:0487440004290120e3
:020000040000fa
:020000040104f5
:1087480010b5074b1b685c6804b910bd94f8f83085
:1087580023b1002211462046f5f781fa2468f3e791
:0487680004290120bf
:020000040000fa
:020000040104f5
:10876c0000b593b00823adf8003003888df80410e1
:10877c006846adf806308df80820fcf723fc13b0e2
:04878c005df804fb95
:020000040000fa
:020000040104f5
:10879000434d443a5265616452656d6f746555731b
:1087a000656446656174757265732c48646c3d3010
:0487b00078257800b0
:020000040000fa
:020000040104f5
:1087b400434d443a52656d7465436f6e6e506172f9
:1087c40061725265715265706c792c48646c3d30ed
:0487d400782578008c
:020000040000fa
:020000040104f5
:1087d80010b51c46044b1860044b1046196004f091
:1087e800a3fd034a146010bd1c290120142901208f
:0487f8000c29012027
:020000040000fa
:020000040104f5
:1087fc0010b5c37d04464bb90821faf76dff08b9d3
:10880c00002010bd012084f8e200fae7012bf7d11b
:04881c000e21f2e750
:020000040000fa
:020000040104f5
:1088200038b50a460f210546f8f7e6f9044638b18f
:1088300095f8e430112b03d101212846dff7acf87d
:04884000204638bdd9
:020000040000fa
:020000040104f5
:1088440038b590f8e43004460d4653b90220e3f7f6
:108854009bf8c4f8b8016b780370d4f8b831aa78df
:048864005a7038bd51
:020000040000fa
:020000040104f5
:1088680038b590f8e43004460d4653b90a20e3f7ca
:1088780089f8c4f8b8016b780370d4f8b831aa78cd
:048888005a7038bd2d
:020000040000fa
:020000040104f5
:10888c0010b5837e113bdbb2122b96bf044a00213c
:10889c00d15c0446ecf772fda4f8600010bd00bf7b
:0488ac0034c20401cd
:020000040000fa
:020000040104f5
:1088b0004348433a53706f6e20412043686b2066f3
:1088c00061696c3a6c6f633a25642c2052656d6f58
:0488d0003a256400e1
:020000040000fa
:020000040104f5
:1088d40013b5074b00930446012302221b21ec200d
:1088e400e0f7c4fc08230020237002b010bd00bfd1
:0488f40071ce04013c
:020000040000fa
:020000040104f5
:1088f80013b5074b00930446012302222421ec20e0
:10890800e0f7b2fc08230020237002b010bd00bfbe
:0489180064ce040124
:020000040000fa
:020000040104f5
:10891c0010b5074b1b685a6d013a5a6532b99a6dfe
:10892c005a650124e9f7d0fd204610bd0024f9e773
:04893c002c290120c1
:020000040000fa
:020000040104f5
:1089400010b530248cb022460021684603f036fc76
:1089500022466946024801f053f80cb010bd00bf32
:048960000842014484
:020000040000fa
:020000040104f5
:10896400074b1b680bb91846704799680a7a043a92
:10897400012af6d80a68126b8242f2d101207047ac
:048984002c2801207a
:020000040000fa
:020000040104f5
:10898800074a13691b1a136193680344b3f5c06f50
:1089980083bf6ff4c0615b180120002093607047ab
:0489a800b8260120cc
:020000040000fa
:020000040104f5
:1089ac00d0f8b8311a7880f840205a7880f84120f5
:1089bc009a7880f84220da7880f843201b7980f886
:0489cc00443070477c
:020000040000fa
:020000040104f5
:1089d00010b5446f88b05cb1036fcde9033008abcc
:1089e00013e903008de8030003ab0ecb0320a0477f
:0489f00008b010bdfe
:020000040000fa
:020000040104f5
:1089f40010b5446f88b05cb1036fcde9033008aba8
:108a040013e903008de8030003ab0ecb0420a04759
:048a140008b010bdd9
:020000040000fa
:020000040104f5
:108a180010b5044648b1e0f77dfda06808b1e0f75d
:108a280079fd206908b105f053f82046bde81040eb
:048a380005f04eb83f
:020000040000fa
:020000040104f5
:108a3c0010b54378da0704460bd500229b07027069
:108a4c00827001d4edf7eefa2046bde81040eef747
:048a5c0033bb10bd5b
:020000040000fa
:020000040104f5
:108a6000074b1b680bb91a4608e09a68117a04395b
:108a70000129f6d8116809888142f2d11046704761
:048a80002c2801207d
:020000040000fa
:020000040104f5
:108a840038b5074d00242b681b78e340db07e1b2bf
:108a940002d50120daf790f80134082cf3d138bd5f
:048aa4005429012030
:020000040000fa
:020000040104f5
:108aa80038b50c46054604f07ffb012100b2d1f72a
:108ab800e5fb024b1d60024b1c6038bd5c290120a0
:048ac8005829012008
:020000040000fa
:020000040104f5
:108acc0010b50468f8f764ffa36fd4f8cc0023f05a
:108adc00807343f00073a367f3f7c4fbbde8104049
:048aec00fef730bfa2
:020000040000fa
:020000040104f5
:108af000c9b262b10346024401e0934205d0184670
:108b000013f801cb8c45f8d1704700207047104610
:048b1000fae700bfc1
:020000040000fa
:020000040104f5
:108b14000fb407b5064b04aa1b6852f8041b186867
:108b2400019201f0c3ff03b05df804eb04b0704799
:048b3400c82a01202a
:020000040000fa
:020000040104f5
:108b38000b0d40f21e42d21a09dbcb0243ea505019
:108b480040f00040202a28bf2022d040704749002a
:048b580080417047a1
:020000040000fa
:020000040104f5
:108b5c001e1819181c182c1834182e182b182d1810
:108b6c0026182818371803181118401838183018f8
:048b7c0007180000d6
:020000040000fa
:020000040104f5
:108b8000434d443a536574436f6e6e5478506f771b
:108b900065725072657365742c73656c5077723da5
:038ba00025640049
:020000040000fa
:020000040104f5
:108ba300434d443a577269746553756767657374c7
:108bb300656444656661756c744c656e677468437f
:038bc3006d6400de
:020000040000fa
:020000040104f5
:108bc600534d503a446174612073656e642c706134
:108bd6006972206661696c206572723d3078253055
:038be600347800e0
:020000040000fa
:020000040104f5
:108bea0030b108b539b14ab104f057f8002008bdd0
:108bfa006ff0ac0070476ff0ac00f8e76ff0ac00b4
:028c0a00f5e78c
:020000040000fa
:020000040104f5
:108c0c0048b151b102780f2a09d84378c3f3031342
:108c1c000b70002070470120704701207047012025
:028c2c0070478f
:020000040000fa
:020000040104f5
:108c2e000369416882688a60416851605a6882426d
:108c3e0004bf82685a600022026118680138186009
:028c4e0070476d
:020000040000fa
:020000040104f5
:108c50000346006860b1421e5001023253f82220e0
:108c600032b113465b08fdd1b2fa82f2801a20308d
:028c700070474b
:020000040000fa
:020000040104f5
:108c72000246006860b1431c52f8233004220020ef
:108c820013f0ff0f18bfc3f3c0101b0a013af7d14c
:028c9200704729
:020000040000fa
:020000040104f5
:108c940000b583b00191b1f5003f4ff004030deb33
:108ca40003022cbf19460321dff758f803b05df81f
:028cb40004fbbf
:020000040000fa
:020000040104f5
:108cb600431e13f1030f07d8037813b190f901305f
:108cc6002bb190f9010070474ff0ff30704701203b
:028cd6007047e5
:020000040000fa
:020000040104f5
:108cd800431e13f1030f06d8836833b1827832b18b
:108ce800d966002070470220704702207047012093
:028cf8007047c3
:020000040000fa
:020000040104f5
:108cfa0010b50446002101604160816001231a46d3
:108d0a000c30f4f780f9012814bf002001202074e8
:028d1a0010bd8a
:020000040000fa
:020000040104f5
:108d1c004ff0844301221a6000225a604ff4807293
:108d2c009a6002221a601a46136a13f0020ffbd0e3
:028d3c0070477e
:020000040000fa
:020000040104f5
:108d3e00017a427a41ea020313f0f80f07d1b1fa31
:108d4e0081f040090ab940f00200f7f752be032045
:028d5e0070475c
:020000040000fa
:020000040104f5
:108d6000b0f5706f38b504460d4608d2fcf7aefe7c
:108d700028b129462046bde83840f8f721bd032038
:028d800038bdfc
:020000040000fa
:020000040104f5
:108d82007fb5adf80c008df80e1041f20c6001a910
:108d9200cde90423fdf735febdf8040007b05df808
:028da20004fbd0
:020000040000fa
:020000040104f5
:108da4001fb5adf80c008df80e1041f20e6001a94c
:108db4008df80f20fdf724febdf8040005b05df822
:028dc40004fbae
:020000040000fa
:020000040104f5
:108dc6001fb58df80c008df80d1041f20d0001a9ac
:108dd6008df80e20fdf713febdf8040005b05df812
:028de60004fb8c
:020000040000fa
:020000040104f5
:108de8001fb5002302908df80c104ff4804069469f
:108df8008df80d30fdf702febdf8000005b05df8f6
:028e080004fb69
:020000040000fa
:020000040104f5
:108e0a007fb5adf81400039144f2030001a98df86f
:108e1a0016200493fdf7f1fdbdf8040007b05df8d4
:028e2a0004fb47
:020000040000fa
:020000040104f5
:108e2c0010b50a68937854781b0403eb0423147868
:108e3c00d278234403eb026303600b6804330b60aa
:028e4c0010bd57
:020000040000fa
:020000040104f5
:108e4e0010b50a68537894781b0403eb0423d47886
:108e5e001278234403eb026303600b6804330b6048
:028e6e0010bd35
:020000040000fa
:020000040104f5
:108e700008b5fff7f5fd40b1006890f8f0305b07ea
:108e800005d502f0c1fd002008bd0220fce71a2034
:028e9000fae7ff
:020000040000fa
:020000040104f5
:108e920000b593b03023adf8003000238df80430d4
:108ea2000388adf806306846fcf791f813b05df818
:028eb20004fbbf
:020000040000fa
:020000040104f5
:108eb40038b504460d460020022100f070f838b1a0
:108ec40002230373457301462046e8f7e7f90120be
:028ed40038bda7
:020000040000fa
:020000040104f5
:108ed60038b504460d460020022100f05ff838b18f
:108ee60007230373457301462046e8f7d6f90120a8
:028ef60038bd85
:020000040000fa
:020000040104f5
:108ef80049b1807e112808d0122808d010f020002f
:108f080018bf04207047407ef4e701207047022014
:028f18007047a0
:020000040000fa
:020000040104f5
:108f1a00434d443a5365744164765478506f77658b
:108f2a00725072657365742c73656c5077723d2547
:028f3a006400d1
:020000040000fa
:020000040104f5
:108f3c0038b505680446d6f7c5fa122320462b76b9
:108f4c0000220b21e5f7a2fa0420bde83840f5f722
:028f5c0021bb37
:020000040000fa
:020000040104f5
:108f5e0038b505460c4601f090fb2b68236033b9fb
:108f6e006b681c606c60bde83840fff77abb2c6004
:028f7e00f9e711
:020000040000fa
:020000040104f5
:108f800038b5054601f080fb2c6834b16c68636825
:108f900000221a606b685b686b60fff769fb204614
:028fa00038bdda
:020000040000fa
:020000040104f5
:108fa20038b5054601f10c000c4604f092fd38b1cb
:108fb2000379448165f30513037100230381036080
:028fc20038bdb8
:020000040000fa
:020000040104f5
:108fc400434d443a526561645375676765737465cc
:108fd4006444656661756c744c656e677468436d52
:028fe400640027
:020000040000fa
:020000040104f5
:108fe60007b5426f3ab149b1019001ab04220521a0
:108ff6000220f1f7b0fa03b05df804fbf7f7adfe17
:02900600f9e788
:020000040000fa
:020000040104f5
:1090080010b50446062004f061fd014640b108236e
:10901800037023888380bde81040062004f026bb37
:0290280010bd79
:020000040000fa
:020000040104f5
:10902a0010b50446062004f050fd014640b1042361
:10903a00037023888380bde81040062004f015bb26
:02904a0010bd57
:020000040000fa
:020000040104f5
:10904c0010b50446062004f03ffd014640b107234d
:10905c00037023888380bde81040062004f004bb15
:02906c0010bd35
:020000040000fa
:020000040104f5
:10906e0038b5044600200d4602f0b5fa012004f092
:10907e00eef92846def7abf92046bde83840f6f7a4
:02908e00d8be4a
:020000040000fa
:020000040104f5
:1090900012290ad002d8112904d070472139022997
:1090a00005d97047012103f093bd0221fbe703219d
:0290b000f9e7de
:020000040000fa
:020000040104f5
:1090b200cb681a7880f840205a7880f841209a7854
:1090c20080f84220da7880f843201b7980f8443017
:0290d2007047e5
:020000040000fa
:020000040104f5
:1090d40010b504680a46d4f8b01029b1fdf706fead
:1090e4000023c4f8b03010bd1046bde81040fbf7b3
:0290f400b7be05
:020000040000fa
:020000040104f5
:1090f60010b50468204603f088fdf8f74cfca36f12
:1091060043f0006343f00103a367bde81040fef798
:029116001cbc7f
:020000040000fa
:020000040104f5
:10911800f0b500244f1ea24209d0651c035d7e5d98
:10912800b34202d00a5d981af0bd2c46f3e700203e
:02913800fae754
:020000040000fa
:020000040104f5
:10913a0010f0004160b148bf40420a0d02f21d42e0
:10914a00b0fa80f3d21a9840c30a400503eb0251e1
:02915a0070475c
:020000040000fa
:020000040104f5
:10915c00434d443a5265616452656d6f7465566552
:10916c0072496e666f2c48646c3d307825303478cb
:01917c0000f2
:020000040000fa
:020000040104f5
:10917d00434d443a5265616443684d6170436d647b
:10918d00004552523a5374617475733d30782578a9
:01919d0000d1
:020000040000fa
:020000040104f5
:10919e0000b583b002f0d6fcd4f7d5ff0df1070170
:1091ae000f2001f07cf9e7f710fb03b05df804fb2c
:020000040000fa
:020000040104f5
:0291be002a2b5a
:020000040000fa
:020000040104f5
:1091c000012900d07047012afcd1002bfad0009b66
:1091d000002bf7d0014b1a70f4e700bf00fc012010
:020000040000fa
:020000040104f5
:1091e00008b5064801f062fe03f068fef8f70cf9d6
:1091f00000b908bdf8f7e6f8fbe700bf9f6d040172
:020000040000fa
:020000040104f5
:10920000064b1b78012b07d8044a02eb8301486008
:10921000013313700020704704207047142601208a
:020000040000fa
:020000040104f5
:1092200038b54ff4005442f208052046c0f7bcf9a7
:1092300020b90134a4b2ac42f7d138bd0120fce71b
:020000040000fa
:020000040104f5
:1092400028b139b14ab108b5def744f908bd6ff06d
:10925000ac0070476ff0ac0070476ff0ac00704727
:020000040000fa
:020000040104f5
:1092600028b139b14ab108b5def7aef908bd6ff0e3
:10927000ac0070476ff0ac0070476ff0ac00704707
:020000040000fa
:020000040104f5
:10928000064a936823f001039360d36813f0010f3b
:10929000fbd1024b01221a62704700bf002000413f
:020000040000fa
:020000040104f5
:1092a00001b970470028fcdb410900f01f000123d1
:1092b0008340024a42f82130f3e700bf00e100e0ba
:020000040000fa
:020000040104f5
:1092c000064a13886fea43436fea53439bb2138005
:1092d000136913f4004ffbd1704700bf0000014237
:020000040000fa
:020000040104f5
:1092e000064b1b6813f0020f07d1044a136843f0c2
:1092f00002031360d369002bfcd1704700100040bb
:020000040000fa
:020000040104f5
:10930000064b1b6813f0020f07d0044a136823f0c2
:1093100002031360d369002bfcd17047001000409a
:020000040000fa
:020000040104f5
:1093200001b970470028fcdb410900f01f00012350
:109330008340024a42f82130f3e700bf00e100e039
:020000040000fa
:020000040104f5
:1093400008b5054bd3f8ac10044a0023a1fb00017b
:10935000fcf74cff08bd00bfd01d012040420f00ac
:020000040000fa
:020000040104f5
:10936000dfed067a30ee270a30ee000afdeec07a15
:1093700017ee900a80f3100080b2704700007a4424
:020000040000fa
:020000040104f5
:1093800010b5044600f05cf824b1e46a02f0b4fcc5
:10939000204610bd014b5c68f7e700bfc81c0120e8
:020000040000fa
:020000040104f5
:1093a00010b5044600f04cf824b1646c02f0a4fc43
:1093b000204610bd014b5c68f7e700bfc81c0120c8
:020000040000fa
:020000040104f5
:1093c00010b5044600f03cf8044bd3f8fc202260b2
:1093d0001b6f636002f090fc10bd00bfc81c012031
:020000040000fa
:020000040104f5
:1093e000064bd3f8e8303bb1044bd3f8f400b0faa5
:1093f00080f040094000704701207047c81c0120e0
:020000040000fa
:020000040104f5
:1094000082b0002301934ff0200383f31188bff350
:109410006f8fbff34f8f019b002bfcd002b07047c2
:020000040000fa
:020000040104f5
:10942000064b19680868b0e8f04f80f30988bff36d
:109430006f8f4ff0000080f311887047cc1c012023
:020000040000fa
:020000040104f5
:109440004ff0200383f31188bff36f8fbff34f8f6b
:10945000024a136801331360704700bf002b0120dc
:020000040000fa
:020000040104f5
:1094600050b110b50c46884208d302220021f5f70e
:10947000c5fe20b1846302e000207047002010bdcb
:020000040000fa
:020000040104f5
:1094800030b4856803680168446802689a42f9d17b
:1094900068180138001b854298bf401b30bc7047dc
:020000040000fa
:020000040104f5
:1094a0000268064bda6342681a6482685a64c268ca
:1094b0009a641a7942f002021a717047000400425d
:020000040000fa
:020000040104f5
:1094c00008b5064b1b682bb1044a136801331360bf
:1094d000002008bd00f0e4fdf6e700bf842801206d
:020000040000fa
:020000040104f5
:1094e00040b102688a4207dd002907db023150f8eb
:1094f000210070470020704700207047002070470f
:020000040000fa
:020000040104f5
:1095000009b90020704710b50c4601462046e8f71f
:1095100045f918b12046e8f77dfd10bd0020fce7b5
:020000040000fa
:020000040104f5
:10952000000000000000000000000000000000013a
:10953000000000000000000000000000000000002b
:020000040000fa
:020000040104f5
:10954000064b002818bf0346084609b11988018058
:109550000ab15968116003f108007047348c0001aa
:020000040000fa
:020000040104f5
:1095600001460548054b1a888a4203d008335868db
:109570000028f8d1704700bf1c500001348c000156
:020000040000fa
:020000040104f5
:1095800003460028054818bf184609b103880b8018
:109590000ab1436813600830704700bf848e000131
:020000040000fa
:020000040104f5
:1095a00001460548054b1a888a4203d0083358689b
:1095b0000028f8d1704700bf24500001848e0001bc
:020000040000fa
:020000040104f5
:1095c00003460028054818bf184609b103880b80d8
:1095d0000ab1436813600830704700bf2c90000147
:020000040000fa
:020000040104f5
:1095e00001460548054b1a888a4203d0083358685b
:1095f0000028f8d1704700bf2c5000012c900001ca
:020000040000fa
:020000040104f5
:10960000034658b10020c3f82100a3f8250083f8d1
:10961000270083f8200083f8280070470220704755
:020000040000fa
:020000040104f5
:10962000431e13f1030f07d883683bb183f89a10e8
:10963000807880f001007047022070470220704758
:020000040000fa
:020000040104f5
:109640000346006838b15a68824205d002681a6041
:109650009a68013a9a60704700221a605a60f7e7e8
:020000040000fa
:020000040104f5
:1096600000b58179c1b041b90846f0f737fb08234e
:1096700068468df80030f5f791fb41b05df804fbca
:020000040000fa
:020000040104f5
:1096800010b50c46fcf722fa40b150f8043f2360b5
:109690008388a3808379a371002010bd0320fce799
:020000040000fa
:020000040104f5
:1096a0007fb5adf80800cde9031241f20b606946c1
:1096b0000593fdf7a7f9bdf8000007b05df804fbbe
:020000040000fa
:020000040104f5
:1096c00010b50489b4f5706f08d22046fcf7fef996
:1096d00020b12046bde81040f6f778b9032010bd50
:020000040000fa
:020000040104f5
:1096e0001fb58df808008df8091041f20330694666
:1096f0000392fdf787f9bdf8000005b05df804fba3
:020000040000fa
:020000040104f5
:10970000d583010111780401df7e040145a2020125
:109710006dac0301614d0401e9a3040197d9040173
:020000040000fa
:020000040104f5
:1097200030b5064d00232a681a44dcb2527812b9cb
:109730000470104630bdca540133f4e78c28012070
:020000040000fa
:020000040104f5
:10974000044b054a00280cbf18461046034b5861cd
:10975000704700bf01da040106da0401b01e0120df
:020000040000fa
:020000040104f5
:10976000054b1b7c2bb1054b1a88824201d15888ce
:1097700070470020704700bf18270120a028012053
:020000040000fa
:020000040104f5
:10978000042802d0062804d07047044b1b68996057
:109790007047024b1b68d960704700bfa8280120a2
:020000040000fa
:020000040104f5
:1097a00010b1054b1b78037021b1044b1a680a6095
:1097b0009b888b80704700bf4428012045280120ea
:020000040000fa
:020000040104f5
:1097c000054b1a8842f001021a801a68d207fcd4ad
:1097d000024b1868704700bf143e0141083e01412a
:020000040000fa
:020000040104f5
:1097e000054b1a8842f002021a801a689207fcd4cc
:1097f000024b1868704700bf143e0141003e014112
:020000040000fa
:020000040104f5
:10980000054b1a8842f008021a801a681207fcd425
:10981000024b186880b27047143e0141043e01417a
:020000040000fa
:020000040104f5
:10982000054b1a8842f004021a801a685207fcd4c9
:10983000024b186880b27047143e01410c3e014152
:020000040000fa
:020000040104f5
:1098400008b5064b1868f021043003f05ffd0022d4
:109850001146bde80840f4f706ba00bf042901200c
:020000040000fa
:020000040104f5
:10986000064b1b68586800b9704790f8f8300bb188
:10987000037b0bb10068f6e7012070470429012043
:020000040000fa
:020000040104f5
:1098800010b5064b16301b6853f820300c4613b148
:10989000114620469847002010bd00bf082901202e
:020000040000fa
:020000040104f5
:1098a00008b5036893f8ff1041b993f80121501ee1
:1098b00042424241d3f8680100f042f8002008bd5e
:020000040000fa
:020000040104f5
:1098c0004b7880f8e8308b7880f8e930cb7880f8f6
:1098d000ea300b7980f8eb304b7980f8ec30704748
:020000040000fa
:020000040104f5
:1098e00090f8e23003f0ef03032b08d1d0f8b43145
:1098f0002bb14a781a70d0f8b4318a785a70704710
:020000040000fa
:020000040104f5
:1099000003460844b0f5c06f81bf6ff4c061c3f572
:10991000c0634018013398bf002302b11360704741
:020000040000fa
:020000040104f5
:1099200010b50446f5f7c9fd0521204600f05dfaa3
:1099300028b194f8f43043f0020384f8f43010bdf9
:020000040000fa
:020000040104f5
:109940001fb54378db0708d5cde90101039201abd0
:109950000c2200210220f0f701fe05b05df804fba7
:020000040000fa
:020000040104f5
:10996000064b1b6893f8402203eb4203b3f838021e
:10997000b3f83c32184480b2704700bf3829012048
:020000040000fa
:020000040104f5
:10998000062340f2431203fb0020044b1b681844db
:1099900003680b6083888b80704700bf54290120c7
:020000040000fa
:020000040104f5
:1099a000054bd3f8682f60f3d752c3f8682f034be9
:1099b0001b685870704700bf0024014154290120e2
:020000040000fa
:020000040104f5
:1099c000064b1b681a78002322fa03f1c907d8b2a4
:1099d00003d50133082bf7d11846704754290120cd
:020000040000fa
:020000040104f5
:1099e0000103030303030305050507070909090b21
:1099f0000d0f111315171b1f252931375f69777f4d
:020000040000fa
:020000040104f5
:109a000010b530b129b112f0030302d1920893428c
:109a100000d110bd51f8234040f823400133f6e750
:020000040000fa
:020000040104f5
:109a200010b50446fdf71af801462046fef794f8f3
:109a3000024b984294bf0020012010bd38feff7fea
:020000040000fa
:020000040104f5
:109a400010b50446817e90f86000f9f791f8617ec8
:109a500002460020f9f78cf892b212fa80f010bd9d
:020000040000fa
:020000040104f5
:109a600038b555ec124b53ec112b51ec100bd9f7c8
:109a70000ffe22462b46cdf723ff41ec100b38bddd
:020000040000fa
:020000040104f5
:109a800010b5054c23680bb9fcf798fb034b18681d
:109a90002368c01a10bd00bfb4270120b8270120d9
:020000040000fa
:020000040104f5
:109aa000434d443a53657441646472526573456e24
:0f9ab00061626c652c656e61626c653d256400ba
:020000040000fa
:020000040104f5
:109abf00286e696c29002500494e4600696e6600c4
:0f9acf004e414e006e616e00286e756c6c290062
:020000040000fa
:020000040104f5
:109ade0000b583b002238df80030adf802008df88a
:0e9aee0005106846f7f745fc03b05df804fb71
:020000040000fa
:020000040104f5
:109afc0000090f2809d8dfe800f00909090909094c
:0e9b0c0008080808080808080809ff20704724
:020000040000fa
:020000040104f5
:109b1a00034650b1002018609860d860186142f27c
:0e9b2a0010725a6002221a72704702207047b1
:020000040000fa
:020000040104f5
:109b38001fb58df80c00adf80e1041f2031001a905
:0e9b4800fcf75cffbdf8040005b05df804fbff
:020000040000fa
:020000040104f5
:109b56001fb58df80c008df80d1041f2061001a905
:0e9b6600fcf74dffbdf8040005b05df804fbf0
:020000040000fa
:020000040104f5
:109b74001fb5adf80c008df80e104ff4b05001a9cc
:0e9b8400fcf73effbdf8040005b05df804fbe1
:020000040000fa
:020000040104f5
:109b92001fb5adf80c008df80e1041f2046001a95a
:0e9ba200fcf72fffbdf8040005b05df804fbd2
:020000040000fa
:020000040104f5
:109bb0007fb5adf80c00cde9041241f2066001a9b1
:0e9bc000fcf720ffbdf8040007b05df804fbc1
:020000040000fa
:020000040104f5
:109bce001fb58df80c008df80d1041f2076001a93c
:0e9bde00fcf711ffbdf8040005b05df804fbb4
:020000040000fa
:020000040104f5
:109bec001fb5adf80c00adf80e1041f20a6001a9da
:0e9bfc00fcf702ffbdf8040005b05df804fba5
:020000040000fa
:020000040104f5
:109c0a001fb5adf80c008df80e1041f20d6001a9d8
:0e9c1a00fcf7f3febdf8040005b05df804fb96
:020000040000fa
:020000040104f5
:109c28001fb5adf80c008df80e1041f2106001a9b7
:0e9c3800fcf7e4febdf8040005b05df804fb87
:020000040000fa
:020000040104f5
:109c46001fb58df80c008df80d1041f2043001a9f6
:0e9c5600fcf7d5febdf8040005b05df804fb78
:020000040000fa
:020000040104f5
:109c64001fb5adf80c00adf80e1042f2010001a9c9
:0e9c7400fcf7c6febdf8040005b05df804fb69
:020000040000fa
:020000040104f5
:109c820008b50089fcf7f1ff38b18378022b04d1c3
:0e9c92000521bde80840e9f796bb032008bd98
:020000040000fa
:020000040104f5
:109ca00010b5847a0089fcf7e1ff30b1c36d23b1b0
:0e9cb0002146bde81040f6f763bb012010bd51
:020000040000fa
:020000040104f5
:109cbe001fb5adf80c008df80e1043f2030001a98c
:0e9cce00fcf799febdf8040005b05df804fb3c
:020000040000fa
:020000040104f5
:109cdc007fb5adf80c00cde9041243f20a0001a9de
:0e9cec00fcf78afebdf8040007b05df804fb2b
:020000040000fa
:020000040104f5
:109cfa001fb5adf80c008df80e1043f20c0001a947
:0e9d0a00fcf77bfebdf8040005b05df804fb1d
:020000040000fa
:020000040104f5
:109d18007fb5adf80c00cde9041244f20c0001a99e
:0e9d2800fcf76cfebdf8040007b05df804fb0c
:020000040000fa
:020000040104f5
:109d36007fb5adf80c00cde9041244f2090001a983
:0e9d4600fcf75dfebdf8040007b05df804fbfd
:020000040000fa
:020000040104f5
:109d540003688b4206d10b68036043688b4208bfdb
:0e9d640042607047002af8d00b681360f5e7e4
:020000040000fa
:020000040104f5
:109d720010b510440024e3b29a420b6802d813448f
:0e9d82000b6010bd1b5d00f8013d0134f3e7de
:020000040000fa
:020000040104f5
:109d900003680a0e1a7003680a0c5a7003680a0aec
:0e9da0009a700368d97003680433036070473b
:020000040000fa
:020000040104f5
:109dae0013b5044602210df10600ebf7def9bdf8fe
:0e9dbe00063062899a42f5d0638102b010bd72
:020000040000fa
:020000040104f5
:109dcc00434d443a45787452656d6f7665416476bf
:0e9ddc005365742c68616e646c653d256400ef
:020000040000fa
:020000040104f5
:109dea0038b504460d4600200121fff7d5f828b101
:0e9dfa00057301462046e7f74efa012038bdfa
:020000040000fa
:020000040104f5
:109e080038b50c46054600f03bfc002323606b6820
:0e9e180063601c606c60bde83840fef725bc3e
:020000040000fa
:020000040104f5
:109e260010b5c36e04464bb94369984206d1d4f7c0
:0e9e36009eff2046bde81040fbf7b1b910bdfd
:020000040000fa
:020000040104f5
:109e440007b54378db0707d5cde900016b46082247
:0e9e54000a210220f0f780fb03b05df804fb4a
:020000040000fa
:020000040104f5
:109e620007b549b1019001ab042209210220f0f7a4
:0e9e720074fb03b05df804fbd3f789fdf9e73c
:020000040000fa
:020000040104f5
:109e800007b5c378db0708d50423009300880023b7
:0e9e9000fbf7a0fb03b05df804fb0120fae72e
:020000040000fa
:020000040104f5
:109e9e007fb5adf80c00cde9041244f20d0001a916
:0e9eae00fcf7a9fdbdf8040007b05df804fb49
:020000040000fa
:020000040104f5
:109ebc0000f1824000f5b030891a0388013101208d
:0e9ecc008840013890401840104180b2704725
:020000040000fa
:020000040104f5
:109eda0084b008b50df1080c8ce80f00002212219d
:0e9eea0001f0abfbbde80840002004b070475b
:020000040000fa
:020000040104f5
:109ef80010b50023934206d113f0030018bf0120c8
:0e9f080000eb930010bdc45ccc540133f2e7b3
:020000040000fa
:020000040104f5
:109f1600434d443a536574416476436f64696e6792
:0d9f2600536368656d652c63733d25640011
:020000040000fa
:020000040104f5
:109f3300434d443a526561644d6178696e756d4471
:0d9f43006174614c656e677468436d640065
:020000040000fa
:020000040104f5
:109f500010b5054c0022227040f201114020f5f7a7
:0c9f60004df9606010bd00bfcc2701204f
:020000040000fa
:020000040104f5
:109f6c0008b5a0f500539bb2072b04d8024b1b6815
:0c9f7c000bb1c0b2984708bd2c22012098
:020000040000fa
:020000040104f5
:109f880000b583b01346012200921022fdf70bffa3
:0c9f9800003818bf012003b05df804fb86
:020000040000fa
:020000040104f5
:109fa40000b583b000230193fff748fa019b002b0f
:0c9fb400fcd001f09ffe03b05df804fb40
:020000040000fa
:020000040104f5
:109fc00008b503460846044ac2f8c0300321fbf72f
:0c9fd0005dfc012008bd00bf000600443d
:020000040000fa
:020000040104f5
:109fdc00054a13889bb243f002031380136913f0f4
:0c9fec00020ffbd1704700bf00000142d3
:020000040000fa
:020000040104f5
:109ff800054a138823f002031b041b0c1380136902
:0ca0080013f0020ffbd170470000014272
:020000040000fa
:020000040104f5
:10a0140010b5044603f078fb002322460249c1e947
:0ca02400322303f075fb10bdd01d01209d
:020000040000fa
:020000040104f5
:10a0300008b5054bd3f8ac104ff47a720023a1fb9e
:0ca040000001fcf7d3f808bdd01d012082
:020000040000fa
:020000040104f5
:10a04c0010b582b09df8104004b922b10094e5f728
:0ca05c0083fd02b010bd4ff0ff30fae7aa
:020000040000fa
:020000040104f5
:10a0680010b50c46044b59681831fbf7cef901219d
:0ca078002046e2f707ff10bdc81c0120c5
:020000040000fa
:020000040104f5
:10a08400eff311834ff0200282f31188bff36f8f37
:0ca09400bff34f8f006883f31188704702
:020000040000fa
:020000040104f5
:10a0a000054b6ff001021a60da609a615a621a6316
:0ca0b000da639a645a65704788ff01204b
:020000040000fa
:020000040104f5
:10a0bc0008b5fef7c7fd10f0070318bf01230246d1
:0ca0cc000028b8bfc21d03ebe20008bd75
:020000040000fa
:020000040104f5
:10a0d80000230360436000f1080300f50a700021c3
:0ca0e8001a46013311708342fad1704710
:020000040000fa
:020000040104f5
:10a0f40010b502468cb204492046fdf74bfb2046be
:0ca1040002f084fb10bd00bf6d7e040162
:020000040000fa
:020000040104f5
:10a1100010b582b0049c0194009313460a46014690
:0ca120004ff44070f5f795ff02b010bd41
:020000040000fa
:020000040104f5
:10a12c0010b582b0049c0194009313460a46014674
:0ca13c004ff4a060f5f787ff02b010bde3
:020000040000fa
:020000040104f5
:10a1480010b582b0049c0194009313460a46014658
:0ca158004ff40060f5f779ff02b010bd75
:020000040000fa
:020000040104f5
:10a1640010b582b0049c0194009313460a4601463c
:0ca174004ff42060f5f76bff02b010bd47
:020000040000fa
:020000040104f5
:10a1800010b582b0049c0194009313460a46014620
:0ca190004ff45060f5f75dff02b010bd09
:020000040000fa
:020000040104f5
:10a19c0010b582b0049c0194009313460a46014604
:0ca1ac004ff49050f5f74fff02b010bdcb
:020000040000fa
:020000040104f5
:10a1b80010b582b0049c0194009313460a460146e8
:0ca1c8004ff49850f5f741ff02b010bdb5
:020000040000fa
:020000040104f5
:10a1d40010b582b0049c0194009313460a460146cc
:0ca1e4004ff4a050f5f733ff02b010bd9f
:020000040000fa
:020000040104f5
:10a1f00010b582b0049c0194009313460a460146b0
:0ca200004ff4c850f5f725ff02b010bd68
:020000040000fa
:020000040104f5
:10a20c0010b582b0049c0194009313460a46014693
:0ca21c004ff4e050f5f717ff02b010bd42
:020000040000fa
:020000040104f5
:10a2280010b582b0049c0194009313460a46014677
:0ca238004ff4e850f5f709ff02b010bd2c
:020000040000fa
:020000040104f5
:10a2440010b582b0049c0194009313460a4601465b
:0ca254004ff4f850f5f7fbfe02b010bd0f
:020000040000fa
:020000040104f5
:10a2600010b582b0049c0194009313460a4601463f
:0ca270004ff40050f5f7edfe02b010bdf9
:020000040000fa
:020000040104f5
:10a27c0050b110b5044642220021013001f098ff84
:0ca28c00ff232370002010bd022070474b
:020000040000fa
:020000040104f5
:10a2980050b110b5044633220021013001f08aff85
:0ca2a80001232370002010bd022070472d
:020000040000fa
:020000040104f5
:10a2b400034638b100201860586098601861024a5b
:0ca2c400da6070470220704780510100f2
:020000040000fa
:020000040104f5
:10a2d0001fb58df80800039141f205106946fcf79f
:0ca2e00091fbbdf8000005b05df804fb28
:020000040000fa
:020000040104f5
:10a2ec0061c8040151c80401f594030169cd04014e
:0ca2fc00d9330401d5d504011bc50401b1
:020000040000fa
:020000040104f5
:10a308001fb5adf80800039141f201606946fcf7fa
:0ca3180075fbbdf8000005b05df804fb0b
:020000040000fa
:020000040104f5
:10a324001fb5adf80800039141f202606946fcf7dd
:0ca3340067fbbdf8000005b05df804fbfd
:020000040000fa
:020000040104f5
:10a340001fb5adf80800039141f203606946fcf7c0
:0ca3500059fbbdf8000005b05df804fbef
:020000040000fa
:020000040104f5
:10a35c001fb5adf80800039141f208606946fcf79f
:0ca36c004bfbbdf8000005b05df804fbe1
:020000040000fa
:020000040104f5
:10a378001fb5adf80800039141f209606946fcf782
:0ca388003dfbbdf8000005b05df804fbd3
:020000040000fa
:020000040104f5
:10a394001fb5adf80800039141f211606946fcf75e
:0ca3a4002ffbbdf8000005b05df804fbc5
:020000040000fa
:020000040104f5
:10a3b0001fb5adf80800039141f601006946fcf7ae
:0ca3c00021fbbdf8000005b05df804fbb7
:020000040000fa
:020000040104f5
:10a3cc00054b5a78824205d09b7883420cbf012002
:0ca3dc000220704700207047512801202b
:020000040000fa
:020000040104f5
:10a3e80008b5f9f7c7ff28b9034b4ff0ff321a60d9
:0ca3f8001a71187008bd00bf5128012028
:020000040000fa
:020000040104f5
:10a40400054b1b6893f821300bb903707047022b7e
:0ca414000cbf03230123f8e78c28012073
:020000040000fa
:020000040104f5
:10a420001fb58df80800039141f204006946fcf75e
:0ca43000e9fabdf8000005b05df804fb7f
:020000040000fa
:020000040104f5
:10a43c001fb58df80800039141f206006946fcf740
:0ca44c00dbfabdf8000005b05df804fb71
:020000040000fa
:020000040104f5
:10a458001fb58df80800039141f207006946fcf723
:0ca46800cdfabdf8000005b05df804fb63
:020000040000fa
:020000040104f5
:10a474001fb58df80800039141f208006946fcf706
:0ca48400bffabdf8000005b05df804fb55
:020000040000fa
:020000040104f5
:10a490001fb58df80800039141f209006946fcf7e9
:0ca4a000b1fabdf8000005b05df804fb47
:020000040000fa
:020000040104f5
:10a4ac001fb58df80800039141f20a006946fcf7cc
:0ca4bc00a3fabdf8000005b05df804fb39
:020000040000fa
:020000040104f5
:10a4c80008b50089fcf7cefb30b1c36d23b1082174
:0ca4d800bde80840e8f774bf012008bd93
:020000040000fa
:020000040104f5
:10a4e4001fb5adf80800039143f201006946fcf77b
:0ca4f40087fabdf8000005b05df804fb1d
:020000040000fa
:020000040104f5
:10a500001fb5adf80800039143f209006946fcf756
:0ca5100079fabdf8000005b05df804fb0e
:020000040000fa
:020000040104f5
:10a51c0010b50446008903f0c3fa28b1e16820891c
:0ca52c00bde81040fcf770bd042010bd1d
:020000040000fa
:020000040104f5
:10a5380010b50446f5f7d4f9034b1b689c82d5f790
:0ca548009dfa002010bd00bf9c280120df
:020000040000fa
:020000040104f5
:10a554001fb5adf80800039144f206006946fcf704
:0ca564004ffabdf8000005b05df804fbe4
:020000040000fa
:020000040104f5
:10a5700010b50446008903f099fa28b1e1682089f2
:0ca58000bde81040f6f718ba042010bd2a
:020000040000fa
:020000040104f5
:10a58c0010b50446008903f08bfa28b1e1682089e4
:0ca59c00bde81040edf75ebf042010bdcc
:020000040000fa
:020000040104f5
:10a5a8001fb5adf80800039144f205006946fcf7b1
:0ca5b80025fabdf8000005b05df804fbba
:020000040000fa
:020000040104f5
:10a5c4001fb5adf80800039144f207006946fcf793
:0ca5d40017fabdf8000005b05df804fbac
:020000040000fa
:020000040104f5
:10a5e0001fb5adf80800039144f208006946fcf776
:0ca5f00009fabdf8000005b05df804fb9e
:020000040000fa
:020000040104f5
:10a5fc0010b50c46f3f7faf82378ff2b16bf024b75
:0ca60c00012033f8100010bdda4d0301ee
:020000040000fa
:020000040104f5
:10a6180008b5f4f7fffc18b9bde8084002f07cb9aa
:0ca62800014b33f8100008bdda4d0301af
:020000040000fa
:020000040104f5
:10a6340010b50f230022c45c42ea4402ca54c25c2f
:0ca6440013f1ff334fead212f5d210bd23
:020000040000fa
:020000040104f5
:10a65000054b187029b10a68c3f801208a88a3f84d
:0ca660000520f5f725ba00bf44280120b2
:020000040000fa
:020000040104f5
:10a66c00034b1870034b1960034b1a60704700bf03
:0ca67c00d4290120f4280120f02801203e
:020000040000fa
:020000040104f5
:10a6880007b501a802f081fb034a0198137801334a
:0ca69800137003b05df804fbd72901200b
:020000040000fa
:020000040104f5
:10a6a400044a138843f0800319461380024b19802f
:0ca6b400704700bf56090120203f014103
:020000040000fa
:020000040104f5
:10a6c00030b501391446013c631c036802d11344c0
:0ca6d000036030bd11f8015f1d55f4e778
:020000040000fa
:020000040104f5
:10a6dc00054b186008331a8842f001021a801a6878
:0ca6ec00d207fcd4704700bf083e0141bb
:020000040000fa
:020000040104f5
:10a6f800054b186010331a8842f002021a801a6853
:0ca708009207fcd4704700bf003e0141e6
:020000040000fa
:020000040104f5
:10a71400054b1a6842f440721a601a68d105fcd4d9
:0ca724001a689205f9d47047103e0141fc
:020000040000fa
:020000040104f5
:10a73000054b1b68586800b9704790f8f8300bb9a2
:0ca740000068f8e70120704704290120a0
:020000040000fa
:020000040104f5
:10a74c004144563a7265736368446573632c616463
:0ca75c0076457674547970653d256400e4
:020000040000fa
:020000040104f5
:10a7680000b593b05723adf800300388adf8043036
:0ca778006846faf729fc13b05df804fbfa
:020000040000fa
:020000040104f5
:10a78400434d443a4c746b5265714e656752657023
:0ca794006c792c48646c3d30782578000e
:020000040000fa
:020000040104f5
:10a7a000034b1860034b1960034b1a60704700bfde
:0ca7b00020290120182901201029012077
:020000040000fa
:020000040104f5
:10a7bc00054b1a68c30800f00700d35c23fa00f0bd
:0ca7cc0000f00100704700bf24290120ac
:020000040000fa
:020000040104f5
:10a7d80010b5fef753f900231a4603490220bde8d5
:0ca7e8001040eff7b7be00bf01070100f2
:020000040000fa
:020000040104f5
:10a7f400054b1b682bb11b78c3f3c0030370002007
:0ca8040070470c20704700bfa029012005
:020000040000fa
:020000040104f5
:10a8100007b50422019001ab03490220eff79efe29
:0ca8200003b05df804fb00bf81060100de
:020000040000fa
:020000040104f5
:10a82c0007b50422019001ab03490220eff790fe1b
:0ca83c0003b05df804fb00bf82060100c1
:020000040000fa
:020000040104f5
:10a8480038b505680446d4f73ffe12232b76204618
:0ca8580000220b21bde83840e3f71abed7
:020000040000fa
:020000040104f5
:10a8640038b50c460546fff70dff002323606b68df
:0ca874001c606c60bde83840fdf7f8bec9
:020000040000fa
:020000040104f5
:10a8800010b50446fff700ff0146204601f08dfe9b
:0ca8900004460846fdf7ecfe204610bd13
:020000040000fa
:020000040104f5
:10a89c00054b1a6902441a619a68904288bf02f209
:0ca8ac000162101a98607047b826012065
:020000040000fa
:020000040104f5
:10a8b800024b034a03490448fdf78abfd537040110
:0ca8c800dd780301397d01011555030105
:020000040000fa
:020000040104f5
:10a8d40007b54378db0706d5019001ab04220121bb
:0ca8e4000220eff739fe03b05df804fb22
:020000040000fa
:020000040104f5
:10a8f000c0f3080310f4007f40f271224fea902069
:0ca9000002fb003018bf00f59c7070478f
:020000040000fa
:020000040104f5
:10a90c001fb5adf80800039144f201006946fcf74d
:0ca91c0073f8bdf8000005b05df804fb06
:020000040000fa
:020000040104f5
:10a92800054b02460068186092889a805a6b61f35a
:0ca9380018625a63704700bf30330141c1
:020000040000fa
:020000040104f5
:10a94400054b02681a6082889a80d3f82e2061f33e
:0ca954005962c3f82e20704736330141d1
:020000040000fa
:020000040104f5
:10a96000054bd3f8682f60f31242c3f8682fd3f871
:0ca97000700f00f001007047002401414e
:020000040000fa
:020000040104f5
:10a97c00044b1b6ac3f30723022b9abf024ad05c19
:0ca98c0020207047000a004474db040126
:020000040000fa
:020000040104f5
:10a99800044b9b79012b04d1034b1b780bb10c3072
:0ca9a80040b2704700270120df29012089
:020000040000fa
:020000040104f5
:10a9b400044b9b79012b03d13930a4bf024a137095
:0ca9c400704700bf00270120df290120a0
:020000040000fa
:020000040104f5
:10a9d00008b56d20fbf71afb024b1880024bff22d3
:0ca9e0001a7008bdca290120e1290120dd
:020000040000fa
:020000040104f5
:10a9ec0070b5054602f01cfd446834b100232946bd
:0ca9fc00a4461a46bde87040604770bddc
:020000040000fa
:020000040104f5
:10aa080008b5044802f01efc0348bde8084002f0ff
:0caa18001fbc00bfeda90401454c030168
:020000040000fa
:020000040104f5
:10aa2400036801f03f0103b970471a7a22b9da6862
:0caa3400906861f3c80090601b68f4e7b4
:020000040000fa
:020000040104f5
:10aa400010b5044b044800241c6002f031fd204680
:0caa500010bd00bf902901209d5e020196
:020000040000fa
:020000040104f5
:10aa5c00836fca6843f002038367438f9b000367cd
:0caa6c00528803eb8203c0e91c317047e4
:020000040000fa
:020000040104f5
:10aa780007b50422019001ab03490120eff76afdf5
:0caa880003b05df804fb00bff104010105
:020000040000fa
:020000040104f5
:10aa9400a0f13003092b07d940f0200061380528c4
:0caaa4008cbf002001207047012070478b
:020000040000fa
:020000040104f5
:10aab00013b50446019201aac7f7c6fd636813f0f7
:0caac000100f18bf4ff0ff3002b010bda7
:020000040000fa
:020000040104f5
:10aacc004c32433a446174612073656e642c726538
:0baadc006a20727370206661696c00d4
:020000040000fa
:020000040104f5
:10aae700434d443a536574416476456e61626c65c3
:0baaf7002c656e61626c653d256400fb
:020000040000fa
:020000040104f5
:10ab0200434d443a5265616452656d6f7465547881
:0bab1200506f7765724c6576656c0033
:020000040000fa
:020000040104f5
:10ab1d00434f4e4e3a4e657754785265712c204f07
:0bab2d0070436f64653d3078257800b0
:020000040000fa
:020000040104f5
:10ab3800434d443a52656164524650617468436fac
:0bab48006d70656e736174696f6e00c4
:020000040000fa
:020000040104f5
:10ab5400072808d808b500f50050bef723fd0038d3
:0aab640018bf012008bd0320704750
:020000040000fa
:020000040104f5
:10ab6e0000b583b0002300931022fdf719f90038c9
:0aab7e0018bf012003b05df804fbce
:020000040000fa
:020000040104f5
:10ab880010b51820daf7b0fb044620b1002340f8ce
:0aab9800043b00f001fe204610bd52
:020000040000fa
:020000040104f5
:10aba20070b505460c46fef74afc2e6826ea0404f8
:0aabb2002c6001f0a0f8304670bde1
:020000040000fa
:020000040104f5
:10abbc0008b5037f13f0020f02d1e7f7d9f908bdee
:0aabcc002422002101f0f4faf9e759
:020000040000fa
:020000040104f5
:10abd600034638b1c0f89411c0f818210020c3f814
:0aabe6001c0170476ff0ac007047cf
:020000040000fa
:020000040104f5
:10abf000884209d038b504460d4601f0a5f8214633
:0aac00002846fdf74ffb38bd7047f2
:020000040000fa
:020000040104f5
:10ac0a0038b10388042b06d0062b0cbf1c20002069
:0aac1a0070470020704710207047bb
:020000040000fa
:020000040104f5
:10ac24001fb58df80c0001a941f20410fbf7e8fef2
:0aac3400bdf8040005b05df804fb54
:020000040000fa
:020000040104f5
:10ac3e001fb5adf80c0001a94ff4c050fbf7dbfeb9
:0aac4e00bdf8040005b05df804fb3a
:020000040000fa
:020000040104f5
:10ac58001fb5cde9020169464ff49850fbf7cefec7
:0aac6800bdf8000005b05df804fb24
:020000040000fa
:020000040104f5
:10ac72001fb58df80c0001a941f20530fbf7c1feaa
:0aac8200bdf8040005b05df804fb06
:020000040000fa
:020000040104f5
:10ac8c001fb58df80c0001a941f20730fbf7b4fe9b
:0aac9c00bdf8040005b05df804fbec
:020000040000fa
:020000040104f5
:10aca6001fb5cde90201694641f20300fbf7a7fe95
:0aacb600bdf8000005b05df804fbd6
:020000040000fa
:020000040104f5
:10acc0001fb5cde90201694641f20b00fbf79afe80
:0aacd000bdf8000005b05df804fbbc
:020000040000fa
:020000040104f5
:10acda001fb58df80c0001a941f21000fbf78dfe9b
:0aacea00bdf8040005b05df804fb9e
:020000040000fa
:020000040104f5
:10acf4001fb5adf80c0001a943f20400fbf780fe78
:0aad0400bdf8040005b05df804fb83
:020000040000fa
:020000040104f5
:10ad0e001fb5adf80c0001a943f20600fbf773fe68
:0aad1e00bdf8040005b05df804fb69
:020000040000fa
:020000040104f5
:10ad28001fb5adf80c0001a943f20700fbf766fe5a
:0aad3800bdf8040005b05df804fb4f
:020000040000fa
:020000040104f5
:10ad42001fb5adf80c0001a943f20800fbf759fe4c
:0aad5200bdf8040005b05df804fb35
:020000040000fa
:020000040104f5
:10ad5c001fb5adf80c0001a943f20200fbf74cfe45
:0aad6c00bdf8040005b05df804fb1b
:020000040000fa
:020000040104f5
:10ad76001fb5adf80c0001a944f20400fbf73ffe35
:0aad8600bdf8040005b05df804fb01
:020000040000fa
:020000040104f5
:10ad9000434d443a5365745363616e52737044611a
:0aada00074612c6c656e3d256400a3
:020000040000fa
:020000040104f5
:10adaa00428fb0f850305343828f02fb0333b3eb28
:0aadba00c10fccbf1220002070472b
:020000040000fa
:020000040104f5
:10adc4000a4652f8013fc0f812315368c0f81631f0
:0aadd400d1f80930c0f81e317047b5
:020000040000fa
:020000040104f5
:10adde0038b50d4614460021182201f0e8f940f26c
:0aadee000112c5600281448138bde6
:020000040000fa
:020000040104f5
:10adf80010b504460020f6f711fe2046e7f7fefbe3
:0aae08002046fcf719fe002010bde3
:020000040000fa
:020000040104f5
:10ae120010b5837904461bb1c06808b102f05bfe2d
:0aae22002046bde8104002f056bec5
:020000040000fa
:020000040104f5
:10ae2c0010b50c46fdf716fe28b121460068bde8aa
:0aae3c00104000f01abe022010bd05
:020000040000fa
:020000040104f5
:10ae46000cb407b504ab53f8042b0193f1f77ff963
:0aae560003b05df804eb02b0704792
:020000040000fa
:020000040104f5
:10ae60000eb403b503aa52f8041b019202f050fb82
:0aae700002b05df804eb03b0704778
:020000040000fa
:020000040104f5
:10ae7a00434d443a53657444656661756c74537501
:09ae8a006272617465436d64009d
:020000040000fa
:020000040104f5
:10ae9300010102010201050201060202020102018f
:09aea30001010101020602010691
:020000040000fa
:020000040104f5
:10aeac0008b5034b18600348bef738fb08bd00bf5c
:08aebc002c2201206d9f04010e
:020000040000fa
:020000040104f5
:10aec40020b108b529b1f6f703fb08bd6ff0ac005b
:08aed40070476ff0ac00f8e7d5
:020000040000fa
:020000040104f5
:10aedc0008b500231a4619460068d4f7abfb0128c5
:08aeec0014bf0020012008bd85
:020000040000fa
:020000040104f5
:10aef40003680bb10020704710b504460120fdf72c
:08af0400bdf92060012010bd21
:020000040000fa
:020000040104f5
:10af0c0010b50446006828b102f00efc0023236043
:08af1c00012010bd0020fce73c
:020000040000fa
:020000040104f5
:10af240008b500231a4619460068d4f787fb0128a0
:08af340014bf0020012008bd3c
:020000040000fa
:020000040104f5
:10af3c0010b50446084611460022f4f759f9206072
:08af4c00003818bf012010bd00
:020000040000fa
:020000040104f5
:10af540010b504460b461146186800f0a1f82060ad
:08af6400003818bf012010bde8
:020000040000fa
:020000040104f5
:10af6c00044a936823f001039360d36813f0010f34
:08af7c00fbd1704700200041e9
:020000040000fa
:020000040104f5
:10af840008b5044b1b681bb1024b58681b689847f3
:08af940008bd00bfd427012015
:020000040000fa
:020000040104f5
:10af9c0008b503460846034a13640121faf770fc0e
:08afac00012008bd000600446d
:020000040000fa
:020000040104f5
:10afb400044a1388c3f30e031380136913f4004f78
:08afc400fbd1704700000142bf
:020000040000fa
:020000040104f5
:10afcc00044a9368d06883423ebf024a12699b18b8
:08afdc00181a704750190120fa
:020000040000fa
:020000040104f5
:10afe400044bd86a9b6a984282bf024a126b9b1830
:08aff400181a704750190120e2
:020000040000fa
:020000040104f5
:10affc000246044b93f8340083f8342083f83c1059
:08b00c00704700bf501901203c
:020000040000fa
:020000040104f5
:10b0140020b9044bdb681bb11878704702207047d5
:08b0240002207047901f01207b
:020000040000fa
:020000040104f5
:10b02c00044bd3f8b030834232bfc01ac3f580331f
:08b03c00c0187047d01d01206f
:020000040000fa
:020000040104f5
:10b0440038b50446fcf7a2fa054608b9284638bdc7
:08b054002046f8f7b1f8f9e716
:020000040000fa
:020000040104f5
:10b05c0048b110b50446e2220021013001f0a8f8f5
:08b06c001923237010bd704789
:020000040000fa
:020000040104f5
:10b07400e80300000000003f809698000000003fb5
:08b084000000803e0000403f87
:020000040000fa
:020000040104f5
:10b08c00044b5a68906959685a68cb6ac3f1050336
:08b09c0093617047c81c0120fc
:020000040000fa
:020000040104f5
:10b0a40000b583b00a460023019301a9daf7dafc5c
:08b0b400019803b05df804fbf4
:020000040000fa
:020000040104f5
:10b0bc0010b5047f04f00104a400fef7dbf9a042f4
:08b0cc008cbf0020012010bd23
:020000040000fa
:020000040104f5
:10b0d40010b50446fef7b2f994f82440c4f3800492
:08b0e40000f008fe204610bd3b
:020000040000fa
:020000040104f5
:10b0ec0010b50446fef7a6f994f8244004f00104c8
:08b0fc0000f0fcfd204610bd30
:020000040000fa
:020000040104f5
:10b1040048b100f5b47300f5c47100201a46013348
:08b1140010708b42fad1704764
:020000040000fa
:020000040104f5
:10b11c000138c0b20b289dbf40f60f2323fa00f074
:08b12c0000f001000020704753
:020000040000fa
:020000040104f5
:10b13400030c04d1814234bf0020012070478b42ac
:08b144008cbf002001207047c0
:020000040000fa
:020000040104f5
:10b14c0048b108b5027812f0010f00d108bd843067
:08b15c00fff7e2fefae770477d
:020000040000fa
:020000040104f5
:10b1640030b1044bc3f8a410c3f8a82001207047e1
:08b17400002070476c2001204f
:020000040000fa
:020000040104f5
:10b17c00030643ea1063020a02f47f4213430002ff
:08b18c0000f47f001843704736
:020000040000fa
:020000040104f5
:10b19400030643ea1063020a02f47f4213430002e7
:08b1a40000f47f00184370471e
:020000040000fa
:020000040104f5
:10b1ac001d289dbf034b1b1893f860064ff0ff3012
:08b1bc00704700bf348c000154
:020000040000fa
:020000040104f5
:10b1c40000230b6043682bb119604160836801332d
:08b1d400836070470160f8e799
:020000040000fa
:020000040104f5
:10b1dc00044b187f4ff08443db6913f0020f08bf58
:08b1ec0001207047a02501209d
:020000040000fa
:020000040104f5
:10b1f400044a136843f002031360136913f0020f47
:08b20400fbd17047001400406b
:020000040000fa
:020000040104f5
:10b20c00044a136823f002031360136913f0020f4e
:08b21c00fbd170470014004053
:020000040000fa
:020000040104f5
:10b224004001c0b2034b58711a461369002bfcd17c
:08b23400704700bf0014004048
:020000040000fa
:020000040104f5
:10b23c001fb5039001a94ff48850fbf7ddfbbdf857
:08b24c00040005b05df804fbed
:020000040000fa
:020000040104f5
:10b254001fb5039001a941f20110fbf7d1fbbdf822
:08b26400040005b05df804fbd5
:020000040000fa
:020000040104f5
:10b26c001fb5039001a941f20210fbf7c5fbbdf815
:08b27c00040005b05df804fbbd
:020000040000fa
:020000040104f5
:10b284001fb5039001a941f20f60fbf7b9fbbdf8ac
:08b29400040005b05df804fba5
:020000040000fa
:020000040104f5
:10b29c001fb5039001a941f20130fbf7adfbbdf8de
:08b2ac00040005b05df804fb8d
:020000040000fa
:020000040104f5
:10b2b4001fb5039001a941f20230fbf7a1fbbdf8d1
:08b2c400040005b05df804fb75
:020000040000fa
:020000040104f5
:10b2cc001fb5039001a94ff48050fbf795fbbdf817
:08b2dc00040005b05df804fb5d
:020000040000fa
:020000040104f5
:10b2e4001fb5039001a941f20100fbf789fbbdf8ea
:08b2f400040005b05df804fb45
:020000040000fa
:020000040104f5
:10b2fc001fb5039001a941f20200fbf77dfbbdf8dd
:08b30c00040005b05df804fb2c
:020000040000fa
:020000040104f5
:10b314001fb5039001a941f20500fbf771fbbdf8cd
:08b32400040005b05df804fb14
:020000040000fa
:020000040104f5
:10b32c001fb5039001a941f20e00fbf765fbbdf8b8
:08b33c00040005b05df804fbfc
:020000040000fa
:020000040104f5
:10b344001fb5039001a941f20f00fbf759fbbdf8ab
:08b35400040005b05df804fbe4
:020000040000fa
:020000040104f5
:10b35c0008b50089fbf784fc20b10521bde8084045
:08b36c00e8f72cb8032008bd2e
:020000040000fa
:020000040104f5
:10b374001fb5039001a944f20a00fbf741fbbdf895
:08b38400040005b05df804fbb4
:020000040000fa
:020000040104f5
:10b38c00042806d8034b00f1804001381b6843f8b1
:08b39c0020107047b0280120c9
:020000040000fa
:020000040104f5
:10b3a400044a136803605368436093688360d368f6
:08b3b400c3607047402701202f
:020000040000fa
:020000040104f5
:10b3bc00044a036813604368536083689360c368ee
:08b3cc00d36070474027012007
:020000040000fa
:020000040104f5
:10b3d4004d454d2c416c6c6f63206661696c6564ee
:08b3e4002c6c656e3d25640030
:020000040000fa
:020000040104f5
:10b3ec0018b9034b43f821207047024bfae700bf12
:08b3fc00042801206026012055
:020000040000fa
:020000040104f5
:10b40400044b4ff080521a60bff34f8fbff36f8f1e
:08b41400704700bf04ed00e0e9
:020000040000fa
:020000040104f5
:10b41c00044b4022c3f80421bff34f8fbff36f8f4f
:08b42c00704700bf00e100e0e1
:020000040000fa
:020000040104f5
:10b434008b784a781b0403eb02230a781344ca78f6
:08b4440003eb02630360704793
:020000040000fa
:020000040104f5
:10b44c00434d443a526561644e756d4f6653757049
:08b45c0041647653657473002e
:020000040000fa
:020000040104f5
:10b4640010b5044c2468c4e90612c4f884002362ad
:08b4740010bd00bf08290120f2
:020000040000fa
:020000040104f5
:10b47c0010b5044600f5bc70ddf7fef904f5c87094
:08b48c00bde81040ddf7f8b93e
:020000040000fa
:020000040104f5
:10b49400d0f8443158567e2804bf024b93f901007a
:08b4a400704700bf00270120e2
:020000040000fa
:020000040104f5
:10b4ac00434d443a436c72574c004552523a7374b4
:08b4bc00617475733d25640005
:020000040000fa
:020000040104f5
:10b4c400044ad2e90231994238bf01f20161cb1a30
:08b4d40013617047b826012046
:020000040000fa
:020000040104f5
:10b4dc000138c0b206289abf024b185c4ff4fa70c0
:08b4ec00704700bf53d90401b1
:020000040000fa
:020000040104f5
:10b4f40008b50146406801f0e9fa20b98868bde85a
:08b50400084001f0e3ba08bda4
:020000040000fa
:020000040104f5
:10b50c0008b5044b00221a70ecf71efabde808408f
:08b51c00e6f7c4badd290120a5
:020000040000fa
:020000040104f5
:10b5240008b503790c2b05d183681868d8f70cff8c
:08b53400012008bd0020fce726
:020000040000fa
:020000040104f5
:10b53c00024a03490348fff72db900bf25b50401a2
:08b54c007dee0001b92a0301a4
:020000040000fa
:020000040104f5
:10b55400024b034a9a61034a5a617047b42401209a
:08b5640013dd0301b10b04012a
:020000040000fa
:020000040104f5
:10b56c00024b034ada60034a1a617047b424012083
:08b57c004d430201354f0401ab
:020000040000fa
:020000040104f5
:10b5840030b143785b0705d5c36d0b60002070476d
:08b594000120704702207047fe
:020000040000fa
:020000040104f5
:10b59c00044b1a68d36c0bb104207047d064184666
:08b5ac00704700bf4029012097
:020000040000fa
:020000040104f5
:10b5b40008b503783bb94088faf7defc18b10123db
:08b5c400037280f83c3008bd61
:020000040000fa
:020000040104f5
:10b5cc000246044b0068516803c39068d16803c3fa
:08b5dc00704700bfa0340141db
:020000040000fa
:020000040104f5
:10b5e400044b5a6818b922f480325a60704742f406
:08b5f4008032fae7004001413a
:020000040000fa
:020000040104f5
:10b5fc0010f1310f06da503104db002a0cbf112098
:08b60c00002070471120704777
:020000040000fa
:020000040104f5
:10b6140007b50422019001ab41f483310020eef719
:08b624009bff03b05df804fb7d
:020000040000fa
:020000040104f5
:10b62c00037b1bb190f92700dbf7d2be014b93f9da
:08b63c000000f9e700270120de
:020000040000fa
:020000040104f5
:10b64400037a042b0cbf024b024b1b68184700bf44
:08b6540094290120982901202e
:020000040000fa
:020000040104f5
:10b65c0008b590f8f4309b0704d5fa30f8f7f4ffee
:08b66c000439c9b2084608bd0b
:020000040000fa
:020000040104f5
:10b674001138c0b212289abf024b33f810000020d0
:08b68400704700bfcc800401f7
:020000040000fa
:020000040104f5
:10b68c004ab1431e84460a4411f8010b03f8010f1a
:08b69c009142f9d160467047ac
:020000040000fa
:020000040104f5
:10b6a40003783bb1034600bf13f8012f002afbd1f6
:08b6b400181a70471846704790
:020000040000fa
:020000040104f5
:10b6bc00044a136823b910600361016001207047cc
:08b6cc0000207047b0290120a5
:020000040000fa
:020000040104f5
:10b6d400d0e90f2310b59c1a0165446511b18c4261
:08b6e400c8bf5318c36410bd78
:020000040000fa
:020000040104f5
:10b6ec0010b4c46a1cb123465df8044b18470068bb
:08b6fc005df8044b02f031b9c6
:020000040000fa
:020000040104f5
:10b70400434d443a52644c6f63616c537570704698
:07b7140065617475726500a8
:020000040000fa
:020000040104f5
:10b71c0010b50446d7f756fd2046c3f7e1ff204687
:06b72c00d1f72efd10bd57
:020000040000fa
:020000040104f5
:10b7320010b50446807a01f0bafb00b110bd204674
:06b74200eef7c7f9fae77b
:020000040000fa
:020000040104f5
:10b7480008b58c4611461a466346fdf785fd003854
:06b7580018bf012008bd2e
:020000040000fa
:020000040104f5
:10b75e0030b100290cbf6ff0ac006ff0ad00704738
:06b76e006ff0ac00704713
:020000040000fa
:020000040104f5
:10b7740030b100290cbf6ff0ac006ff0ad00704722
:06b784006ff0ac007047fd
:020000040000fa
:020000040104f5
:10b78a0008b520b1012804d1fdf755fe01e000f00b
:06b79a007cfa002008bd4e
:020000040000fa
:020000040104f5
:10b7a00000f1080343604ff0ff328260c360036121
:06b7b00000230360704756
:020000040000fa
:020000040104f5
:10b7b60043684b609a688a605160996008610368c3
:06b7c6000133036070472f
:020000040000fa
:020000040104f5
:10b7cc0010b50446fdf736fea46b00f08ffab4fa00
:06b7dc0084f0400910bddd
:020000040000fa
:020000040104f5
:10b7e20010b50446fdf72bfea36be46be41a00f0e0
:06b7f20082fa204610bda2
:020000040000fa
:020000040104f5
:10b7f80000b583b00022019201a9eaf755fd01982e
:06b8080003b05df804fb33
:020000040000fa
:020000040104f5
:10b80e0008b5fbf75eff28b10022426082606ff040
:06b81e000102026008bdfa
:020000040000fa
:020000040104f5
:10b8240038b505460c4600f08dfaac60003c18bff4
:06b8340001242c6038bd68
:020000040000fa
:020000040104f5
:10b83a00022b00d0704708b5029b5b8803b908bd8c
:06b84a00f6f771fefbe7ba
:020000040000fa
:020000040104f5
:10b8500030b102782ab182888a4218bf002070472e
:06b8600070470020704754
:020000040000fa
:020000040104f5
:10b8660030b102782ab182688a4218bf0020704738
:06b876007047002070473e
:020000040000fa
:020000040104f5
:10b87c0028b1b1f1805f04d2016000207047022032
:06b88c0070470220704726
:020000040000fa
:020000040104f5
:10b8920003680b60016043681bb1836801338360f6
:06b8a20070474160f9e768
:020000040000fa
:020000040104f5
:10b8a8000389b3f5706f04d2418911b11846f3f7d3
:06b8b800c1ba0320704735
:020000040000fa
:020000040104f5
:10b8be0003460089b0f5706f03d2d3e90312f0f797
:06b8ce0002ba03207047de
:020000040000fa
:020000040104f5
:10b8d40007b541f206306946fbf792f8bdf800005f
:06b8e40003b05df804fb57
:020000040000fa
:020000040104f5
:10b8ea0007b541f20c006946fbf787f8bdf800007e
:06b8fa0003b05df804fb41
:020000040000fa
:020000040104f5
:10b9000007b543f20b006946fbf77cf8bdf8000071
:06b9100003b05df804fb2a
:020000040000fa
:020000040104f5
:10b9160007b544f202006946fbf771f8bdf800006e
:06b9260003b05df804fb14
:020000040000fa
:020000040104f5
:10b92c00036833b100201b68013080b2002bfad1c0
:06b93c0070471846704739
:020000040000fa
:020000040104f5
:10b9420010b50a685478137803eb042303800b685c
:06b9520002330b6010bd82
:020000040000fa
:020000040104f5
:10b9580010b50a681478537803eb042303800b6846
:06b9680002330b6010bd6c
:020000040000fa
:020000040104f5
:10b96e0010b503680024d3f86801c3f86c41e5f7fd
:06b97e0030fd204610bd63
:020000040000fa
:020000040104f5
:10b98400434d443a526561644d6178416476446143
:06b9940074614c656e00b9
:020000040000fa
:020000040104f5
:10b99a00434d443a5365744578745363616e5273e8
:06b9aa00704461746100ad
:020000040000fa
:020000040104f5
:10b9b000434d443a52656164416476506879436806
:06b9c0005478507772007c
:020000040000fa
:020000040104f5
:10b9c600434d443a536574416476446174612c6c0a
:06b9d600656e3d256400d2
:020000040000fa
:020000040104f5
:10b9dc00434d443a53756272617465526571756575
:06b9ec007374436d64005a
:020000040000fa
:020000040104f5
:10b9f20090f8e22032b990f8e430213b012b01d9d2
:06ba0200f5f7edbf7047ef
:020000040000fa
:020000040104f5
:10ba080010b5044600f012f820b12046bde81040f9
:06ba1800fbf762b810bd4f
:020000040000fa
:020000040104f5
:10ba1e00022310b580f8e2300446f7f77afe08b933
:06ba2e0084f8e20010bde7
:020000040000fa
:020000040104f5
:10ba340090f8e2302bb990f8e400b0fa80f04009b5
:06ba44007047002070476e
:020000040000fa
:020000040104f5
:10ba4a0003681bb119791a6811b102601846704768
:06ba5a0018461346f5e753
:020000040000fa
:020000040104f5
:10ba6000036833b15a891989914206bf1a68026086
:06ba700000231846704798
:020000040000fa
:020000040104f5
:10ba760008b50b7913f0300f0cbf0430083001f015
:06ba8600bdf9002008bd1f
:020000040000fa
:020000040104f5
:10ba8c00434d443a5265616442756666657253690a
:06ba9c007a65436d6400b1
:020000040000fa
:020000040104f5
:10baa20008b5437813f0010303d0c5f796fbc0f342
:06bab2008703184608bde1
:020000040000fa
:020000040104f5
:10bab80040f271224000b0fbf2f302fb13005b027c
:06bac80043ea5000704744
:020000040000fa
:020000040104f5
:10bace0008b5002001f0c3fc0120fff784fdbde89e
:06bade000840eaf7e6ba99
:020000040000fa
:020000040104f5
:10bae40038b50a460c4600210546fcf7ffff00b1b5
:06baf400441b204638bd92
:020000040000fa
:020000040104f5
:10bafa000068002808b501da002008bdf4f733fa17
:06bb0a00431cfad1f8e72c
:020000040000fa
:020000040104f5
:10bb100037b54ff0ff344ff0ff35cde90045f2f770
:06bb20005bff03b030bd25
:020000040000fa
:020000040104f5
:10bb260068076c094c836a9074a07ac000806888a4
:06bb360000846c82008116
:020000040000fa
:020000040104f5
:10bb3c00434d443a53657444656661756c74506842
:05bb4c0079436d640067
:020000040000fa
:020000040104f5
:10bb520008b5ddf71afbf0f7b6fdf5f7cafdf9f700
:04bb6200ccff08bd4f
:020000040000fa
:020000040104f5
:02bb66000200db
:020000040000fa
:020000040104f5
:10bb680010f4807f02d0024b01221a70704700bf88
:04bb7800cc250120b7
:020000040000fa
:020000040104f5
:10bb7c0008b520b1012804d100f0b8f801e0d7f7de
:04bb8c00edf908bd0a
:020000040000fa
:020000040104f5
:10bb900010b50446084601f02dfa2060003818bfa1
:04bba000012010bdb3
:020000040000fa
:020000040104f5
:10bba40008b509680068fcf726f9012814bf0020cd
:04bbb400012008bda7
:020000040000fa
:020000040104f5
:10bbb80008b500230068d3f73ffd012814bf002013
:04bbc800012008bd93
:020000040000fa
:020000040104f5
:10bbcc0008b5034b186b0021f9f75afe08bd00bfee
:04bbdc00000600441b
:020000040000fa
:020000040104f5
:10bbe000034b98611a46136913f0080ffbd1704795
:04bbf000000001420e
:020000040000fa
:020000040104f5
:10bbf400034b18621a46136913f0200ffbd17047e8
:04bc040000000142f9
:020000040000fa
:020000040104f5
:10bc0800034b58621a46136913f0400ffbd1704773
:04bc180000000142e5
:020000040000fa
:020000040104f5
:10bc1c0010b5034b1c6bfff7dff9013c201a10bd6c
:04bc2c00501901208a
:020000040000fa
:020000040104f5
:10bc300010b5034b1c69fff7c9f9013c201a10bd70
:04bc40005019012076
:020000040000fa
:020000040104f5
:10bc440008b54ff0ff31083000f07bfb003818bf17
:04bc5400012008bd06
:020000040000fa
:020000040104f5
:10bc5800034b834206bfa03b93f9a0000020704726
:04bc6800701e012029
:020000040000fa
:020000040104f5
:10bc6c0038b10022026042608260c2600261c0f89a
:04bc7c0013207047da
:020000040000fa
:020000040104f5
:10bc800038b10022026042608260c260026142619b
:04bc90000276704781
:020000040000fa
:020000040104f5
:10bc9400034ad2f8f4300133c2f8f430704700bfdd
:04bca400c81c012097
:020000040000fa
:020000040104f5
:10bca800034610b103f134007047014b5b68f9e7b4
:04bcb800c81c012083
:020000040000fa
:020000040104f5
:10bcbc00034bd3f8fc2002601b6f4360704700bf3e
:04bccc00c81c01206f
:020000040000fa
:020000040104f5
:10bcd000034b586810b1836c01338364704700bf15
:04bce000c81c01205b
:020000040000fa
:020000040104f5
:10bce400dff80c00016841f4700101607047000046
:04bcf40088ed00e0f7
:020000040000fa
:020000040104f5
:10bcf800034a1368013b13600bb983f3118870473b
:04bd0800002b0120eb
:020000040000fa
:020000040104f5
:10bd0c00034b00229a601a61da605a619a6170479b
:04bd1c0010000020f3
:020000040000fa
:020000040104f5
:10bd2000012938bf012183688b4286bfc160012091
:04bd30000020704738
:020000040000fa
:020000040104f5
:10bd340008b5002202491046faf7b5fa08bd00bf5b
:04bd440085d9040198
:020000040000fa
:020000040104f5
:10bd480008b50021016041604ff40872083000f026
:04bd580031fa08bdf7
:020000040000fa
:020000040104f5
:10bd5c0008b50021016041604ff40872083000f012
:04bd6c0027fa08bded
:020000040000fa
:020000040104f5
:10bd7000034b186a80f01000c0f30010704700bf3a
:04bd80000023004458
:020000040000fa
:020000040104f5
:10bd840020b1022904d84170002070470220704776
:04bd940002207047d2
:020000040000fa
:020000040104f5
:10bd980020b1012904d84170002070470220704763
:04bda80002207047be
:020000040000fa
:020000040104f5
:10bdac00034b98821a46136913f0100ffbd170479e
:04bdbc00001400402f
:020000040000fa
:020000040104f5
:10bdc000034b98831a46136913f0400ffbd1704759
:04bdd000001400401b
:020000040000fa
:020000040104f5
:10bdd400034bd8831a46136913f0800ffbd17047c5
:04bde4000014004007
:020000040000fa
:020000040104f5
:10bde8000389b3f5706f03d2c1681846f2f730ba09
:04bdf800032070476d
:020000040000fa
:020000040104f5
:10bdfc000389b3f5706f03d2c1681846f1f71abc0a
:04be0c000320704758
:020000040000fa
:020000040104f5
:10be1000034b1b6853f82030104653f82130184765
:04be20009028012045
:020000040000fa
:020000040104f5
:10be240010b504460621e9f7a5f9637903f03f0349
:04be3400637110bd69
:020000040000fa
:020000040104f5
:10be380008b5034b1b689b689847002008bd00bfe6
:04be48009428012019
:020000040000fa
:020000040104f5
:10be4c00034b53f82030104653f82130184700bfed
:04be5c00ec270120ae
:020000040000fa
:020000040104f5
:10be6000034b1a68137901200bb9d070184670473c
:04be70004029012044
:020000040000fa
:020000040104f5
:10be7400034b1a68d37801200bb910711846704728
:04be84004029012030
:020000040000fa
:020000040104f5
:10be88001fb5039001a943f20500faf7b7fd05b005
:04be98005df804fb52
:020000040000fa
:020000040104f5
:10be9c001346427a12b1827ad20702d45222d6f7d2
:04beac0049bd7047d5
:020000040000fa
:020000040104f5
:10beb00008b5e2f781f9024b33f8100008bd00bf66
:04bec000da4d030153
:020000040000fa
:020000040104f5
:10bec40008b5f8f7e5fa024b33f8100008bd00bfd7
:04bed400da4d03013f
:020000040000fa
:020000040104f5
:10bed80008b5f8f7bffa024b33f8100008bd00bfe9
:04bee800da4d03012b
:020000040000fa
:020000040104f5
:10beec0008b501f0e3f9024b33f8100008bd00bfb0
:04befc00da4d030117
:020000040000fa
:020000040104f5
:10bf000008b5f1f74dfc024b33f8100008bd00bf37
:04bf1000da4d030102
:020000040000fa
:020000040104f5
:10bf140008b5f3f731f8024b33f8100008bd00bf41
:04bf2400da4d0301ee
:020000040000fa
:020000040104f5
:10bf280008b5e2f7e5fd024b33f8100008bd00bf85
:04bf3800da4d0301da
:020000040000fa
:020000040104f5
:10bf3c0030b50023c45ccd5c6c40d4540133102b61
:04bf4c00f8d130bd3b
:020000040000fa
:020000040104f5
:10bf500000230b60036813b90160416070474368b8
:04bf60001960fae783
:020000040000fa
:020000040104f5
:10bf64004d6963726f636869704368696d65726176
:04bf740041444452ae
:020000040000fa
:020000040104f5
:10bf78004d53472c476574206661696c2c6c656e5f
:04bf88003d256400ef
:020000040000fa
:020000040104f5
:10bf8c005359530000484f5354004c484349004cfc
:04bf9c004c00000055
:020000040000fa
:020000040104f5
:10bfa000544d522c53746f70206e756c6c20696efa
:04bfb0007075740034
:020000040000fa
:020000040104f5
:10bfb40001390244824200d1704711f8013f02f86e
:04bfc400013df7e75d
:020000040000fa
:020000040104f5
:10bfc80038b50c4609681546fff75cfb22682a4419
:04bfd800226038bdee
:020000040000fa
:020000040104f5
:10bfdc0038b5044600681546fff752fb22682a4420
:04bfec00226038bdda
:020000040000fa
:020000040104f5
:10bff00090f8e2309b065abf90f8e400c0f340107e
:04c000000120704764
:020000040000fa
:020000040104f5
:10c004000138c0b207289abf014b185cff20704763
:04c01400e4d8040167
:020000040000fa
:020000040104f5
:10c01800034b1b6853f8022f02609b88838070478c
:04c028002c2901209e
:020000040000fa
:020000040104f5
:10c02c00034b1878072894bf00200120704700bfed
:04c03c00db290120db
:020000040000fa
:020000040104f5
:10c0400010b50446d0f8cc00e5f7caf90020c4f8d2
:04c05000cc0010bd53
:020000040000fa
:020000040104f5
:10c0540008b5102001f03cfd18b1002383808371e2
:04c06400c36008bdf0
:020000040000fa
:020000040104f5
:10c06800034b00229a60c3e90522c3e90322704703
:04c07800b4240120cb
:020000040000fa
:020000040104f5
:10c07c00534d503a47656e206b65792c66342066bb
:04c08c0061696c007a
:020000040000fa
:020000040104f5
:10c09000534d503a47656e206b65792c66352066a6
:04c0a00061696c0066
:020000040000fa
:020000040104f5
:10c0a400534d503a47656e206b65792c6636206691
:04c0b40061696c0052
:020000040000fa
:020000040104f5
:10c0b800534d503a47656e206b65792c6732206680
:04c0c80061696c003e
:020000040000fa
:020000040104f5
:10c0cc00034a13680bb10420704710601846704780
:04c0dc0048290120ce
:020000040000fa
:020000040104f5
:10c0e000034b53f82030104653f82130184700bf57
:04c0f00034280120cf
:020000040000fa
:020000040104f5
:10c0f40010b5034c2068f8f799fe0023236010bda7
:04c104005429012099
:020000040000fa
:020000040104f5
:10c10800034b1b681878a0f1ff0358425841704749
:04c118005429012085
:020000040000fa
:020000040104f5
:10c11c00034b1b681878b0fa80f04009704700bfd9
:04c12c005429012071
:020000040000fa
:020000040104f5
:10c13000034b1b681b7823fa00f000f001007047e6
:04c14000542901205d
:020000040000fa
:020000040104f5
:10c14400034b1a68000c60f31f421a60704700bf6b
:04c154000024014181
:020000040000fa
:020000040104f5
:10c15800024b1860024b1960704700bf6429012028
:04c168006029012029
:020000040000fa
:020000040104f5
:10c16c00024b1860024b1960704700bf6c2901200c
:04c17c00682901200d
:020000040000fa
:020000040104f5
:10c1800008b5fef75dfc024801f07af9002008bd11
:04c190004152040113
:020000040000fa
:020000040104f5
:10c1940008b5d0f8cc0001f01dfc0a289cbf013082
:04c1a400c0b208bd60
:020000040000fa
:020000040104f5
:10c1a8003bc60401f99e04013ddb04013ddb0401ab
:04c1b8003ddb040166
:020000040000fa
:020000040104f5
:10c1bc0032b1c9b20244034603f8011b9a42fbd1c7
:04c1cc00704700bff9
:020000040000fa
:020000040104f5
:10c1d000034600bf11f8012b184603f8012b002a73
:04c1e000f8d17047db
:020000040000fa
:020000040104f5
:10c1e40037b500244ff00045cde90045f2f7f2fbe6
:04c1f40003b030bda7
:020000040000fa
:020000040104f5
:10c1f80037b54ff0ff340025cde90045f2f7e8fbed
:04c2080003b030bd92
:020000040000fa
:020000040104f5
:10c20c0037b54ff000440025cde90045f2f7defbd1
:04c21c0003b030bd7e
:020000040000fa
:020000040104f5
:10c2200008b501f087fb024b1860586008bd00bfdd
:04c230003c28012085
:020000040000fa
:020000040104f5
:10c2340001020000000000000000000000000000f7
:03c24400040404eb
:020000040000fa
:020000040104f5
:10c24700434d443a536574486f737446656174751a
:03c257007265000d
:020000040000fa
:020000040104f5
:10c25a00434d443a536574525041544f2c544f3d08
:03c26a0025640048
:020000040000fa
:020000040104f5
:10c26d004348433a616464205265712c496e763db2
:03c27d0025640035
:020000040000fa
:020000040104f5
:10c2800008b50378122b00d008bd406801f02afae7
:02c29000fae7cb
:020000040000fa
:020000040104f5
:10c2920010b50446fff705fa01462046def71bf902
:02c2a20010bdcd
:020000040000fa
:020000040104f5
:10c2a40010b50446fff7fcf901462046def712f903
:02c2b40010bdbb
:020000040000fa
:020000040104f5
:10c2b60010b50446fff7f3f901462046def709f903
:02c2c60010bda9
:020000040000fa
:020000040104f5
:10c2c80008b511461a4600f004f8003818bf0120d6
:02c2d80008bd9f
:020000040000fa
:020000040104f5
:10c2da0020b108b500f0dafc002008bd6ff0ac0010
:02c2ea0070479b
:020000040000fa
:020000040104f5
:10c2ec004ff0200383f31188bff36f8fbff34f8f91
:02c2fc00fee75b
:020000040000fa
:020000040104f5
:10c2fe004ff0200383f31188bff36f8fbff34f8f7f
:02c30e00fee748
:020000040000fa
:020000040104f5
:10c3100010b50446006801f00dfa002323600120e7
:02c3200010bd4e
:020000040000fa
:020000040104f5
:10c3220008b50068d5f7fbfd012814bf00200120e5
:02c3320008bd44
:020000040000fa
:020000040104f5
:10c3340008b5006800f03bf8ff2828bfff20c0b212
:02c3440008bd32
:020000040000fa
:020000040104f5
:10c3460008b50068d5f7e9fd012814bf00200120d3
:02c3560008bd20
:020000040000fa
:020000040104f5
:10c3580008b50068d9f784fb012814bf0020012024
:02c3680008bd0e
:020000040000fa
:020000040104f5
:10c36a0008b5006800f084fc012814bf00200120f1
:02c37a0008bdfc
:020000040000fa
:020000040104f5
:10c37c00eff3108072b6bff35f8fb0fa80f0400914
:02c38c007047f8
:020000040000fa
:020000040104f5
:10c38e0018b1bff35f8f62b6704772b6bff35f8f9f
:02c39e007047e6
:020000040000fa
:020000040104f5
:10c3a00030b10022026042608260c260026182821b
:02c3b0007047d4
:020000040000fa
:020000040104f5
:10c3b20010b50446fdf743f8a46bfff79cfc20463a
:02c3c20010bdac
:020000040000fa
:020000040104f5
:10c3c4008268436813440068181a824298bf801a2e
:02c3d4007047b0
:020000040000fa
:020000040104f5
:10c3d60010b50446fdf731f8e469fff78afc2046fc
:02c3e60010bd88
:020000040000fa
:020000040104f5
:10c3e80038b504460d46fdf727f8e561fff780fcf0
:02c3f80038bd4e
:020000040000fa
:020000040104f5
:10c3fa0008b5f7f7aafd08b1006808bd6ff001009b
:02c40a00fbe74e
:020000040000fa
:020000040104f5
:10c40c0010b50446fff748f901462046def75ef802
:02c41c0010bd51
:020000040000fa
:020000040104f5
:10c41e00034620b1007818b19964da6470470020a1
:02c42e00704755
:020000040000fa
:020000040104f5
:10c4300018b102781ab14078704700207047002088
:02c44000704743
:020000040000fa
:020000040104f5
:10c4420010b582b0002401940094ccf716fe02b01d
:02c4520010bd1b
:020000040000fa
:020000040104f5
:10c4540010b582b0002401940094cff7ffff02b01e
:02c4640010bd09
:020000040000fa
:020000040104f5
:10c4660008b1012b00d0704708b5104601f037f926
:02c4760008bdff
:020000040000fa
:020000040104f5
:10c4780008b1012b00d0704708b5104601f02ef91d
:02c4880008bded
:020000040000fa
:020000040104f5
:10c48a0008b1012b00d0704708b5104601f025f914
:02c49a0008bddb
:020000040000fa
:020000040104f5
:10c49c0008b1012b00d0704708b5104601f01cf90b
:02c4ac0008bdc9
:020000040000fa
:020000040104f5
:10c4ae0008b1012b00d0704708b5104601f013f902
:02c4be0008bdb7
:020000040000fa
:020000040104f5
:10c4c000034620b100201860586098607047022031
:02c4d0007047b3
:020000040000fa
:020000040104f5
:10c4d20008b1012b00d0704708b5104601f001f9f0
:02c4e20008bd93
:020000040000fa
:020000040104f5
:10c4e40008b1012b00d0704708b5104601f0f8f8e8
:02c4f40008bd81
:020000040000fa
:020000040104f5
:10c4f60008b1012b00d0704708b5104601f0eff8df
:02c5060008bd6e
:020000040000fa
:020000040104f5
:10c5080008b1012b00d0704708b5104601f0e6f8d5
:02c5180008bd5c
:020000040000fa
:020000040104f5
:10c51a00417a11f0fc0f02d1007af6f7a4b8032091
:02c52a00704758
:020000040000fa
:020000040104f5
:10c52c0003680a0a1a7003685970036802330360bf
:02c53c00704746
:020000040000fa
:020000040104f5
:10c53e000368002003b970471a7b1b68104480b251
:02c54e00f8e70c
:020000040000fa
:020000040104f5
:10c5500010b50446e9f72aff10b1052384f8e2304c
:02c5600010bd0c
:020000040000fa
:020000040104f5
:10c5620010b50446f4f76bfb10b1132384f8e230e4
:02c5720010bdfa
:020000040000fa
:020000040104f5
:10c5740010b50446fcf79cfc10b1032384f8e230a8
:02c5840010bde8
:020000040000fa
:020000040104f5
:10c58600012805d0022803d0042814bf0120032067
:02c596007047ec
:020000040000fa
:020000040104f5
:10c59800434d443a5264416476412c68646c3d25ad
:02c5a80064002d
:020000040000fa
:020000040104f5
:10c5aa000346006820b102681a600ab95b607047e6
:02c5ba007047c8
:020000040000fa
:020000040104f5
:10c5bc00434d443a5743684173736d4d6f643a254c
:02c5cc00640009
:020000040000fa
:020000040104f5
:10c5ce0010b5841a64024cbf501ac01ac0f38050c2
:02c5de0010bd8e
:020000040000fa
:020000040104f5
:10c5e000000102000201010002010200020001023a
:02c5f000010048
:020000040000fa
:020000040104f5
:10c5f20008b50b460022c1b21846fff722f8002008
:02c6020008bd71
:020000040000fa
:020000040104f5
:10c6040090f86c3090f8f42062f3451380f86c30a5
:02c6140070476d
:020000040000fa
:020000040104f5
:10c6160090f86c3003f03f0380f86c300223037708
:02c6260070475b
:020000040000fa
:020000040104f5
:10c6280010b50446ecf768fc2046bde81040f8f762
:02c6380051bef1
:020000040000fa
:020000040104f5
:10c63a000a440023914201d10020704701f8013bce
:02c64a00f8e70f
:020000040000fa
:020000040104f5
:10c64c00434d443a47656e5075624b6579436d6452
:01c65c0000dd
:020000040000fa
:020000040104f5
:03c65d00040405cd
:020000040000fa
:020000040104f5
:10c66000024b586001221a72704700bfcc2501208e
:020000040000fa
:020000040104f5
:10c6700010b9024b01221a70704700bfc823012075
:020000040000fa
:020000040104f5
:10c6800008b513460a461946fff700f8012008bd11
:020000040000fa
:020000040104f5
:10c69000024b186800f44050704700bf0006004489
:020000040000fa
:020000040104f5
:10c6a000024b1868c0f3c030704700bf000600445a
:020000040000fa
:020000040104f5
:10c6b0002030024b43f82010704700bf00000142b9
:020000040000fa
:020000040104f5
:10c6c0002030024b53f82000704700bf00000142a9
:020000040000fa
:020000040104f5
:10c6d000024bd88f0022da8780b2704750190120b0
:020000040000fa
:020000040104f5
:10c6e000024b187ec0f34000704700bf00100040ae
:020000040000fa
:020000040104f5
:10c6f0000246024b187d1a751977704750190120b0
:020000040000fa
:020000040104f5
:10c7000010b9024b18797047032070479c2701200d
:020000040000fa
:020000040104f5
:10c7100008b53224e1f784fb2046f8f761fef9e71b
:020000040000fa
:020000040104f5
:10c7200028b108b520220021fff748fd08bd704759
:020000040000fa
:020000040104f5
:10c73000024b0122c3f80021704700bfc81c012032
:020000040000fa
:020000040104f5
:10c7400010b9024b5868704700207047c81c012080
:020000040000fa
:020000040104f5
:10c75000024b0022da609a63704700bf0c2401206c
:020000040000fa
:020000040104f5
:10c76000013810288cbf6ff0ac006ff0e700704705
:020000040000fa
:020000040104f5
:10c77000013810288cbf6ff0ac006ff0e7007047f5
:020000040000fa
:020000040104f5
:10c7800020b108b5fff7e0fa002008bd002070478f
:020000040000fa
:020000040104f5
:10c7900010b582b0049c0094ddf7f8f802b010bd2b
:020000040000fa
:020000040104f5
:10c7a0000368002bc6bf806800f0010000207047be
:020000040000fa
:020000040104f5
:10c7b00008b50a46014640f60a00f6f795fd08bda1
:020000040000fa
:020000040104f5
:10c7c00008b50a4601464ff4d050f6f78dfd08bd76
:020000040000fa
:020000040104f5
:10c7d00008b501460148f8f7b2fe08bd348c0001e7
:020000040000fa
:020000040104f5
:10c7e00008b501460148f8f7aafe08bd848e00018d
:020000040000fa
:020000040104f5
:10c7f000034618b100201860586070470220704747
:020000040000fa
:020000040104f5
:10c8000020b1806818b100f54a7070470020704769
:020000040000fa
:020000040104f5
:10c8100001238340014a1361704700bf00080040b4
:020000040000fa
:020000040104f5
:10c8200001238340014ad360704700bf00080040e5
:020000040000fa
:020000040104f5
:10c8300008b502460b4600210846d7f77ff908bd28
:020000040000fa
:020000040104f5
:10c840004ff08443d86980f00400c0f38000704743
:020000040000fa
:020000040104f5
:10c85000806803781f2b01d8f6f754be0320704779
:020000040000fa
:020000040104f5
:10c86000806803781f2b01d8f6f72ebe032070478f
:020000040000fa
:020000040104f5
:10c87000024b1b68d3f88431184700bf8c28012075
:020000040000fa
:020000040104f5
:10c88000024b1b68d3f88831184700bf8c28012061
:020000040000fa
:020000040104f5
:10c89000024b1b68d3f89031184700bf8c28012049
:020000040000fa
:020000040104f5
:10c8a000024b1b68d3f87831184700bf8c28012051
:020000040000fa
:020000040104f5
:10c8b000024b1b68d3f89431184700bf8c28012025
:020000040000fa
:020000040104f5
:10c8c000024b1b68d3f87c31184700bf8c2801202d
:020000040000fa
:020000040104f5
:10c8d000024b1b68d3f89831184700bf8c28012001
:020000040000fa
:020000040104f5
:10c8e000024b1b6843f82010704700bf90280120be
:020000040000fa
:020000040104f5
:10c8f00008b500231a461946e6f7b6fbc0b208bdd4
:020000040000fa
:020000040104f5
:10c90000024b104653f82130184700bfc84d0401b0
:020000040000fa
:020000040104f5
:10c9100008b5f9f73bf908b1407908bd1020fce7ec
:020000040000fa
:020000040104f5
:10c9200008b5024801f0e0f8002008bdf519020141
:020000040000fa
:020000040104f5
:10c9300000000100030001000100010001000200ed
:020000040000fa
:020000040104f5
:10c9400003681bb11a68026002b94260184670475a
:020000040000fa
:020000040104f5
:10c95000024b1a8860f308221a807047183e014182
:020000040000fa
:020000040104f5
:10c96000024b1a8860f349221a807047183e014131
:020000040000fa
:020000040104f5
:10c97000024b01221a700020704700bfe9290120f4
:020000040000fa
:020000040104f5
:10c98000037cf02b01d100f0dfbc90f84000704731
:020000040000fa
:020000040104f5
:10c99000024b16301b6843f820107047082901200d
:020000040000fa
:020000040104f5
:10c9a000024b1b6803eb800041627047082901209d
:020000040000fa
:020000040104f5
:10c9b000c37d13b90321dbf7b3bb1021dcf704bf40
:020000040000fa
:020000040104f5
:10c9c000024b1b6883f82700704700bf2c29012009
:020000040000fa
:020000040104f5
:10c9d000024b1b6883f82800704700bf2c290120f8
:020000040000fa
:020000040104f5
:10c9e000024b1b6893f82700704700bf2c290120d9
:020000040000fa
:020000040104f5
:10c9f000024b1b6893f82800704700bf2c290120c8
:020000040000fa
:020000040104f5
:10ca0000024b1b6893f82e00704700bf2c290120b1
:020000040000fa
:020000040104f5
:10ca1000024b1b68b3f92a00704700bf2c29012084
:020000040000fa
:020000040104f5
:10ca2000024b1b68b3f92c00704700bf2c29012072
:020000040000fa
:020000040104f5
:10ca3000024b1b68c3e91500704700bf2c29012079
:020000040000fa
:020000040104f5
:10ca4000024b1b68c3f88000704700bf2c290120ef
:020000040000fa
:020000040104f5
:10ca5000024b1b68c3f88400704700bf2c290120db
:020000040000fa
:020000040104f5
:10ca6000024b1b68c3f88800704700bf2c290120c7
:020000040000fa
:020000040104f5
:10ca7000024b1b68c3f88c00704700bf2c290120b3
:020000040000fa
:020000040104f5
:10ca8000024b1b68c3f89000704700bf2c2901209f
:020000040000fa
:020000040104f5
:10ca9000024b1b68c3f89400704700bf2c2901208b
:020000040000fa
:020000040104f5
:10caa000024b1b68c3f89800704700bf2c29012077
:020000040000fa
:020000040104f5
:10cab000024b1878b0fa80f040097047db2901205a
:020000040000fa
:020000040104f5
:10cac000434d443a47656e44684b6579436d640055
:020000040000fa
:020000040104f5
:10cad00028b1028943899a4201d10068f8e770477a
:020000040000fa
:020000040104f5
:10cae00008b5fef7effc014808bd00bfb8260120dd
:020000040000fa
:020000040104f5
:10caf000024b18689b681844704700bfb826012095
:020000040000fa
:020000040104f5
:10cb0000024b18689b681844704700bfb826012084
:020000040000fa
:020000040104f5
:10cb100008b51c2000f0deff08b10223037308bd36
:020000040000fa
:020000040104f5
:10cb200008b5182000f0d6ff08b10123037308bd33
:020000040000fa
:020000040104f5
:10cb3000434d443a5265616452737369436d6400b6
:020000040000fa
:020000040104f5
:10cb4000024b1b6893f84c02704700bf3829012044
:020000040000fa
:020000040104f5
:10cb5000024b1b68c3f84402704700bf382901200c
:020000040000fa
:020000040104f5
:10cb6000024b1b68c3f84802704700bf38290120f8
:020000040000fa
:020000040104f5
:10cb700040f2fc7303ea8003400a138008607047a8
:020000040000fa
:020000040104f5
:10cb8000024b1b68db6c03b118477047402901203a
:020000040000fa
:020000040104f5
:10cb9000024b1b68d86000f085bf00bf4029012010
:020000040000fa
:020000040104f5
:10cba000be83605adb0b376038a5f5aa9183886c89
:020000040000fa
:020000040104f5
:10cbb000024b1b681844c078704700bf54290120fd
:020000040000fa
:020000040104f5
:10cbc000024b1b6803b11847704700bf5c29012066
:020000040000fa
:020000040104f5
:10cbd00000f0fd00012802d10846f5f777b870474c
:020000040000fa
:020000040104f5
:10cbe000024b00eb400003eb40007047182501208a
:020000040000fa
:020000040104f5
:10cbf000024b1a6802609b88838070474b28012093
:020000040000fa
:020000040104f5
:10cc000090f8f430db0702d5f530f7f723bd704715
:020000040000fa
:020000040104f5
:10cc1000c38f428fdb00b3fbf2f3c0e924337047cc
:020000040000fa
:020000040104f5
:10cc2000024b1b68196800f079be00bfc82a0120ba
:020000040000fa
:020000040104f5
:10cc300008b5fff7f5fa00f0d8ff00f0d6ff08bd01
:020000040000fa
:020000040104f5
:0fcc40000001020303040505060707070707089d
:020000040000fa
:020000040104f5
:0fcc4f00434d443a52656164506879436d640007
:020000040000fa
:020000040104f5
:0ecc5e0000280cbf6ff0ac006ff0ad00704707
:020000040000fa
:020000040104f5
:0ecc6c0008b50020d1f71ef8ebf734fefce708
:020000040000fa
:020000040104f5
:0ecc7a00836bc06b984214bf002001207047ee
:020000040000fa
:020000040104f5
:0ecc880003684068984214bf002001207047e6
:020000040000fa
:020000040104f5
:0ecc960008b513460a461946e1f769fd08bdc8
:020000040000fa
:020000040104f5
:0ecca40008b513460a461946e2f748fa08bddd
:020000040000fa
:020000040104f5
:0eccb20008b56ff001030022f9f759fd08bd27
:020000040000fa
:020000040104f5
:0eccc00010b50c46fbf7eefa0020606010bdc8
:020000040000fa
:020000040104f5
:0eccce0008b501464ff40070fcf713fc08bdda
:020000040000fa
:020000040104f5
:0eccdc0008b5014640f20120fcf70cfc08bd33
:020000040000fa
:020000040104f5
:0eccea0008b5014640f20220fcf705fc08bd2b
:020000040000fa
:020000040104f5
:0eccf80008b5014640f60300fcf7fefb08bd40
:020000040000fa
:020000040104f5
:0ecd060008b5014640f60220fcf7f7fb08bd19
:020000040000fa
:020000040104f5
:0ecd140008b5014640f60320fcf7f0fb08bd11
:020000040000fa
:020000040104f5
:0ecd220008b5014640f60420fcf7e9fb08bd09
:020000040000fa
:020000040104f5
:0ecd300008b501464ff44060fcf7e2fb08bd79
:020000040000fa
:020000040104f5
:0ecd3e0020b108b5426802b1904708bd7047a9
:020000040000fa
:020000040104f5
:0ecd4c00034610b10020187070470220704797
:020000040000fa
:020000040104f5
:0ecd5a00034610b10020186070470220704799
:020000040000fa
:020000040104f5
:0ecd6800037a4189181c18bf0120ecf7b3bff5
:020000040000fa
:020000040104f5
:0ecd7600827a90f9091090f90800fff7beb814
:020000040000fa
:020000040104f5
:0ecd840008b5f3f7a7febde80840fef739bb7f
:020000040000fa
:020000040104f5
:0ecd9200eff31083036072b6bff35f8f70473c
:020000040000fa
:020000040104f5
:0ecda0000b681b7803700b6801330b60704743
:020000040000fa
:020000040104f5
:0ecdae00434d443a436c724164765365740001
:020000040000fa
:020000040104f5
:0ecdbc0003000200000400000000000000015f
:020000040000fa
:020000040104f5
:0ecdca0000230b6043684b60196041607047a6
:020000040000fa
:020000040104f5
:0ecdd800434d443a4c65456e637279707400a9
:020000040000fa
:020000040104f5
:0ecde600434d443a52656164547850777200b0
:020000040000fa
:020000040104f5
:0ecdf4004556543a69643d3078253034780055
:020000040000fa
:020000040104f5
:0ece0200036813b90160184670471846f8e738
:020000040000fa
:020000040104f5
:0ece10004378db0702d50022cef7e0be704764
:020000040000fa
:020000040104f5
:0ece1e0008b5fbf71efebde80840f4f72ab881
:020000040000fa
:020000040104f5
:0ece2c000707111102110b110811024111022a
:020000040000fa
:020000040104f5
:0ece3a0010b50446fef759fbc4f8ac0010bd5d
:020000040000fa
:020000040104f5
:0ece4800a0f14103192b98bf40f02000704765
:020000040000fa
:020000040104f5
:0ece5600a0f16103192b98bf00f05f00704738
:020000040000fa
:020000040104f5
:0dce6400434d443a5264524c53697a6500c4
:020000040000fa
:020000040104f5
:0dce7100434d443a5264574c53697a6500b2
:020000040000fa
:020000040104f5
:02ce7e000100b1
:020000040000fa
:020000040104f5
:0cce8000014bd3f834047047300001204f
:020000040000fa
:020000040104f5
:0cce8c00014b93f824097047300001208e
:020000040000fa
:020000040104f5
:0cce9800014b93f8f002704730000120bd
:020000040000fa
:020000040104f5
:0ccea40008b500f50050bcf7e9fc08bd23
:020000040000fa
:020000040104f5
:0cceb000014b187000207047bf110120da
:020000040000fa
:020000040104f5
:0ccebc00014b01221a707047bf110120c9
:020000040000fa
:020000040104f5
:0ccec80000280cbf6ff0ac000020704789
:020000040000fa
:020000040104f5
:0cced400014b1b78037070476f28012091
:020000040000fa
:020000040104f5
:0ccee000014b1870704700bf6f28012044
:020000040000fa
:020000040104f5
:0cceec00036b5a400a405a400263704732
:020000040000fa
:020000040104f5
:0ccef800014b186059607047d4270120de
:020000040000fa
:020000040104f5
:0ccf040008b50421f8f7c0fc012008bdae
:020000040000fa
:020000040104f5
:0ccf100080b2014b5881704700000142c4
:020000040000fa
:020000040104f5
:0ccf1c0080b2014b1881704700000142f8
:020000040000fa
:020000040104f5
:0ccf2800014b986ec0b27047000001423f
:020000040000fa
:020000040104f5
:0ccf3400014b586e704700bf0000014226
:020000040000fa
:020000040104f5
:0ccf4000014b1860996070479027012099
:020000040000fa
:020000040104f5
:0ccf4c00014b186b013870475019012090
:020000040000fa
:020000040104f5
:0ccf580008b1014a906370475019012095
:020000040000fa
:020000040104f5
:0ccf6400014b18625962704750190120ff
:020000040000fa
:020000040104f5
:0ccf7000014b186901387047501901206e
:020000040000fa
:020000040104f5
:0ccf7c0008b1014a906170475019012073
:020000040000fa
:020000040104f5
:0ccf8800014b18605960704750190120df
:020000040000fa
:020000040104f5
:0ccf9400014bd3f8ac007047d01d012009
:020000040000fa
:020000040104f5
:0ccfa000014b186f704700bfc81c012037
:020000040000fa
:020000040104f5
:0ccfac00014b186f704700bfc81c01202b
:020000040000fa
:020000040104f5
:0ccfb800014bd3f890007047c81c01200a
:020000040000fa
:020000040104f5
:0ccfc400014b5868704700bfc81c0120da
:020000040000fa
:020000040104f5
:0ccfd000014b1869704700bf10000020e2
:020000040000fa
:020000040104f5
:0ccfdc00014bd868704700bf1000002017
:020000040000fa
:020000040104f5
:0ccfe800014b1a69da607047100000204d
:020000040000fa
:020000040104f5
:0ccff40008b505220421f2f7fff808bd83
:020000040000fa
:020000040104f5
:0cd00000014b986b704700bf0c2401200e
:020000040000fa
:020000040104f5
:0cd00c0018b108b5fef7a4fe08bd70477f
:020000040000fa
:020000040104f5
:0cd01800014b1860704700bf1821012078
:020000040000fa
:020000040104f5
:0cd02400431e13f1030f98bf41607047da
:020000040000fa
:020000040104f5
:0cd0300000b9704708b500f055fb08bdc2
:020000040000fa
:020000040104f5
:0cd03c0000000000f10961096119611396
:020000040000fa
:020000040104f5
:0cd0480010b1817000207047022070477a
:020000040000fa
:020000040104f5
:0cd0540010b141600020704702207047be
:020000040000fa
:020000040104f5
:0cd0600010b141600020704702207047b2
:020000040000fa
:020000040104f5
:0cd06c0010b1c160002070470220704726
:020000040000fa
:020000040104f5
:0cd0780010b1418000207047022070477a
:020000040000fa
:020000040104f5
:0cd0840010b101600020704702207047ce
:020000040000fa
:020000040104f5
:0cd0900010b14160002070470220704782
:020000040000fa
:020000040104f5
:0cd09c0010b10181002070470220704795
:020000040000fa
:020000040104f5
:0cd0a80010b14181002070470220704749
:020000040000fa
:020000040104f5
:0cd0b40008b500231a46d6f73ffd08bd62
:020000040000fa
:020000040104f5
:0cd0c000014b186259627047a025012046
:020000040000fa
:020000040104f5
:0cd0cc00014b988b80b2704700140040ac
:020000040000fa
:020000040104f5
:0cd0d800014b186059607047dc270120f4
:020000040000fa
:020000040104f5
:0cd0e400d0e90423c1680089f9f722b9e3
:020000040000fa
:020000040104f5
:0cd0f000806808b1f5f75cbb03207047b6
:020000040000fa
:020000040104f5
:0cd0fc00014b1b685b681847942801205a
:020000040000fa
:020000040104f5
:0cd10800014b43f820107047ec27012079
:020000040000fa
:020000040104f5
:0cd11400014b1b68184700bf9828012041
:020000040000fa
:020000040104f5
:0cd120008368187808b1d7f779bc704715
:020000040000fa
:020000040104f5
:0cd12c000146014800f0d4bcc21b0120e9
:020000040000fa
:020000040104f5
:0cd13800014bb3f8010070475b28012098
:020000040000fa
:020000040104f5
:0cd14400014bb3f8010070476028012087
:020000040000fa
:020000040104f5
:0cd15000014b33f820007047a02801209c
:020000040000fa
:020000040104f5
:0cd15c00014b1b6858607047a42801209c
:020000040000fa
:020000040104f5
:0cd16800014b1b6898607047a428012050
:020000040000fa
:020000040104f5
:0cd174000148fff7f7bf00bf696c030122
:020000040000fa
:020000040104f5
:0cd18000014b1860704700bfac28012074
:020000040000fa
:020000040104f5
:0cd18c00014b1860704700bfb428012060
:020000040000fa
:020000040104f5
:0cd19800014b0360704700bf060000025e
:020000040000fa
:020000040104f5
:0cd1a400014b93f900007047d0290120d6
:020000040000fa
:020000040104f5
:0cd1b000014b93f900007047c9250120d5
:020000040000fa
:020000040104f5
:0cd1bc00014b1870704700bfd029012003
:020000040000fa
:020000040104f5
:0cd1c800014b1878704700bf752801204b
:020000040000fa
:020000040104f5
:0cd1d400014b1860704700bfc02801200c
:020000040000fa
:020000040104f5
:0cd1e000014b1868704700bfc8280120f0
:020000040000fa
:020000040104f5
:0cd1ec00014b1878704700bfd1290120ca
:020000040000fa
:020000040104f5
:0cd1f800014b1860704700bfe8280120c0
:020000040000fa
:020000040104f5
:0cd20400014b1860704700bfe4280120b7
:020000040000fa
:020000040104f5
:0cd21000014b1878704700bfd3290120a3
:020000040000fa
:020000040104f5
:0cd21c00014b1870704700bfd32901209f
:020000040000fa
:020000040104f5
:0cd22800014b00221a707047d22901202f
:020000040000fa
:020000040104f5
:0cd23400014b1878704700bfd229012080
:020000040000fa
:020000040104f5
:0cd24000014b1860704700bfec28012073
:020000040000fa
:020000040104f5
:0cd24c00014b1860704700bff82801205b
:020000040000fa
:020000040104f5
:0cd25800014b1860704700bffc2801204b
:020000040000fa
:020000040104f5
:0cd26400bff35f8f036883f310887047ee
:020000040000fa
:020000040104f5
:0cd27000014b1878704700bfd629012040
:020000040000fa
:020000040104f5
:0cd27c004a780b7803eb02230380704714
:020000040000fa
:020000040104f5
:0cd288000a784b7803eb02230380704708
:020000040000fa
:020000040104f5
:0cd29400036819700368013303607047e1
:020000040000fa
:020000040104f5
:0cd2a000036819800368023303607047c4
:020000040000fa
:020000040104f5
:0cd2ac00036819600368043303607047d6
:020000040000fa
:020000040104f5
:0cd2b800014b002018707047e92901208c
:020000040000fa
:020000040104f5
:0cd2c400014b1860704700bf00290120da
:020000040000fa
:020000040104f5
:0cd2d000014b1b68186070470829012002
:020000040000fa
:020000040104f5
:0cd2dc00014b1b685860704708290120b6
:020000040000fa
:020000040104f5
:0cd2e800014b1b6898607047082901206a
:020000040000fa
:020000040104f5
:0cd2f400014b1b68d8607047082901201e
:020000040000fa
:020000040104f5
:0cd30000014b1b681861704708290120d0
:020000040000fa
:020000040104f5
:0cd30c00006810b1037c8b42fad170471e
:020000040000fa
:020000040104f5
:0cd31800014b1860704700bf282901205d
:020000040000fa
:020000040104f5
:0cd32400014b43f820107047f025012059
:020000040000fa
:020000040104f5
:0cd33000014b1b68d864704724290120c1
:020000040000fa
:020000040104f5
:0cd33c00014b1b68186570472429012074
:020000040000fa
:020000040104f5
:0cd34800014b1b68187a70472c2901204b
:020000040000fa
:020000040104f5
:0cd35400014b1b68988c70472c290120ad
:020000040000fa
:020000040104f5
:0cd36000014b1b68986670472c290120c7
:020000040000fa
:020000040104f5
:0cd36c00014b1b68d86670472c2901207b
:020000040000fa
:020000040104f5
:0cd37800014b1b68186770472c2901202e
:020000040000fa
:020000040104f5
:0cd38400014b1b68586770472c290120e2
:020000040000fa
:020000040104f5
:0cd39000014b1b68986770472c29012096
:020000040000fa
:020000040104f5
:0cd39c00014b1b68d86770472c2901204a
:020000040000fa
:020000040104f5
:0cd3a800014b1878704700bfdb29012002
:020000040000fa
:020000040104f5
:0cd3b400434d443a47656e52616e6400c0
:020000040000fa
:020000040104f5
:0cd3c000014b1860704700bf30290120ad
:020000040000fa
:020000040104f5
:0cd3cc00014b01221a6070473429012037
:020000040000fa
:020000040104f5
:0cd3d800014b00221a607047342901202c
:020000040000fa
:020000040104f5
:0cd3e40003680bb11a680260184670471d
:020000040000fa
:020000040104f5
:0cd3f000014b9860704700bfb42401207e
:020000040000fa
:020000040104f5
:0cd3fc004378db0701d5e9f7e3bd70477b
:020000040000fa
:020000040104f5
:0cd408004378db0701d5eff7cbba704783
:020000040000fa
:020000040104f5
:0cd41400c0f30803400a13800860704752
:020000040000fa
:020000040104f5
:0cd42000014b1860704700bf3c29012040
:020000040000fa
:020000040104f5
:0cd42c00014b1868704700bf3c2901202c
:020000040000fa
:020000040104f5
:0cd43800014b43f82010704734280120fd
:020000040000fa
:020000040104f5
:0cd44400014b1b685878704754290120e8
:020000040000fa
:020000040104f5
:0cd45000014b1b6898787047542901209c
:020000040000fa
:020000040104f5
:0cd45c00014b1b68184700bf5829012035
:020000040000fa
:020000040104f5
:0cd46800014b00221a707047df290120e0
:020000040000fa
:020000040104f5
:0cd47400014b1860704700bf70290120b8
:020000040000fa
:020000040104f5
:0cd48000014b1860704700bf78290120a4
:020000040000fa
:020000040104f5
:0cd48c00014b1860704700bf7c29012094
:020000040000fa
:020000040104f5
:0cd49800014b43f8201070477425012060
:020000040000fa
:020000040104f5
:0cd4a400014b1860704700bf8429012074
:020000040000fa
:020000040104f5
:0cd4b000014b1860704700bf802901206c
:020000040000fa
:020000040104f5
:0cd4bc00014b1860704700bf8829012058
:020000040000fa
:020000040104f5
:0cd4c800014b1860704700bf8c29012048
:020000040000fa
:020000040104f5
:0cd4d400014b1860704700bf9029012038
:020000040000fa
:020000040104f5
:0cd4e000014b1860704700bf9429012028
:020000040000fa
:020000040104f5
:0cd4ec00014b1860704700bf9829012018
:020000040000fa
:020000040104f5
:0cd4f80010b50446fef768fe204610bd8b
:020000040000fa
:020000040104f5
:0cd5040010b50446f5f772fb204610bd80
:020000040000fa
:020000040104f5
:0cd5100013460a466ff00041eef71cbe07
:020000040000fa
:020000040104f5
:0bd51c004552523a4c31364230730049
:020000040000fa
:020000040104f5
:0bd527004552523a4c3136423073003e
:020000040000fa
:020000040104f5
:0ad532004ff0884308225a6070474a
:020000040000fa
:020000040104f5
:0ad53c00003818bf0120404270477c
:020000040000fa
:020000040104f5
:0ad54600806bb0fa80f040097047d6
:020000040000fa
:020000040104f5
:0ad5500008b50123d2f72af908bd3f
:020000040000fa
:020000040104f5
:0ad55a0008b5f8f756fa002008bde6
:020000040000fa
:020000040104f5
:0ad5640008b5e2f7f9fb002008bd4e
:020000040000fa
:020000040104f5
:0ad56e0008b5fdf73efb002008bde4
:020000040000fa
:020000040104f5
:0ad5780008b5faf793fe002008bd85
:020000040000fa
:020000040104f5
:0ad582000068b0fa80f0400970471d
:020000040000fa
:020000040104f5
:0ad58c0008b50420eff74cfb08bdc2
:020000040000fa
:020000040104f5
:0ad5960008b10068704700207047dc
:020000040000fa
:020000040104f5
:0ad5a00008b580b2fff73cf908bda2
:020000040000fa
:020000040104f5
:0ad5aa0008b50123e3f7b7f908bd47
:020000040000fa
:020000040104f5
:0ad5b40008b50023e3f7b2f908bd43
:020000040000fa
:020000040104f5
:02d5be00012a40
:020000040000fa
:020000040104f5
:0ad5c00000ff02030405ffffffff58
:020000040000fa
:020000040104f5
:0ad5ca000023036043608360704794
:020000040000fa
:020000040104f5
:0ad5d400c168007a4a1cfdf70fb889
:020000040000fa
:020000040104f5
:0ad5de00c16890f90800fef778bc60
:020000040000fa
:020000040104f5
:0ad5e800c16890f90800fef769bc65
:020000040000fa
:020000040104f5
:0ad5f2000a4601460220faf798bf2e
:020000040000fa
:020000040104f5
:0ad5fc00c3795a1cc271184670472b
:020000040000fa
:020000040104f5
:0ad6060003895a1c02811846704780
:020000040000fa
:020000040104f5
:0ad6100000231a461946e5f727bd6e
:020000040000fa
:020000040104f5
:0ad61a00427b017b8068f0f7c6bd7b
:020000040000fa
:020000040104f5
:0ad624000068b0fa80f0400970477a
:020000040000fa
:020000040104f5
:0ad62e00bff34f8fbff36f8f7047fb
:020000040000fa
:020000040104f5
:0ad6380008b5fcf7c1f8c0b208bd48
:020000040000fa
:020000040104f5
:0ad6420003684a7883f82a20704735
:020000040000fa
:020000040104f5
:0ad64c00434d443a436c72524c0007
:020000040000fa
:020000040104f5
:0ad65600307825782c307825780014
:020000040000fa
:020000040104f5
:0ad6600008b500f039fa002008bdfb
:020000040000fa
:020000040104f5
:0ad66a00837843f0100383707047cb
:020000040000fa
:020000040104f5
:0ad674000a4601460320faf757bfeb
:020000040000fa
:020000040104f5
:0ad67e0000b9704700bf0138fae759
:020000040000fa
:020000040104f5
:0ad68800836f43f4c073836770479b
:020000040000fa
:020000040104f5
:02d69200a62ac6
:020000040000fa
:020000040104f5
:08d6940000487047300001203e
:020000040000fa
:020000040104f5
:08d69c0008b5ecf791fe08bd92
:020000040000fa
:020000040104f5
:08d6a40008b5e4f7d1fb08bd55
:020000040000fa
:020000040104f5
:08d6ac0008b5f0f7b1fb08bd61
:020000040000fa
:020000040104f5
:08d6b40008b5d5f723fe08bdff
:020000040000fa
:020000040104f5
:08d6bc0008b5fdf749fa08bdad
:020000040000fa
:020000040104f5
:08d6c40008b5daf793fe08bd7a
:020000040000fa
:020000040104f5
:08d6cc0008b5fbf7a7fd08bd3e
:020000040000fa
:020000040104f5
:08d6d40008b5eaf745fc08bdaa
:020000040000fa
:020000040104f5
:08d6dc0008b5d7f707fe08bdf1
:020000040000fa
:020000040104f5
:08d6e40008b5e4f749fc08bd9c
:020000040000fa
:020000040104f5
:08d6ec00bff35f8f62b67047c7
:020000040000fa
:020000040104f5
:08d6f400004870470090d003cc
:020000040000fa
:020000040104f5
:08d6fc0008b5fdf765fc08bd4f
:020000040000fa
:020000040104f5
:08d7040008b5fff7f1ff08bdb5
:020000040000fa
:020000040104f5
:08d70c0008b5fef735fe08bd6b
:020000040000fa
:020000040104f5
:08d7140008b5fef73afe08bd5e
:020000040000fa
:020000040104f5
:08d71c0008b5f8f7e5f808bdb7
:020000040000fa
:020000040104f5
:08d7240008b5ecf780fe08bd1a
:020000040000fa
:020000040104f5
:08d72c0008b5fdf738fa08bd4d
:020000040000fa
:020000040104f5
:08d7340008b5e4f721fc08bd73
:020000040000fa
:020000040104f5
:08d73c0008b5fef741fe08bd2f
:020000040000fa
:020000040104f5
:08d7440008b5fdf7c5fc08bda6
:020000040000fa
:020000040104f5
:08d74c0008b5fef7fbfa08bd69
:020000040000fa
:020000040104f5
:08d7540008b5fcf7bffc08bd9d
:020000040000fa
:020000040104f5
:08d75c0008b5f2f753fc08bd0b
:020000040000fa
:020000040104f5
:08d7640008b5f2f7e3ff08bd70
:020000040000fa
:020000040104f5
:08d76c0008b5def741f808bd25
:020000040000fa
:020000040104f5
:08d7740008b5dcf789fc08bdd3
:020000040000fa
:020000040104f5
:08d77c0008b5d9f7b9fc08bd9e
:020000040000fa
:020000040104f5
:08d7840008b5f7f776fe08bdb9
:020000040000fa
:020000040104f5
:08d78c0008b5f6f719fc08bd11
:020000040000fa
:020000040104f5
:08d7940008b5fcf791fc08bd8b
:020000040000fa
:020000040104f5
:08d79c0008b5e6f721ff08bd06
:020000040000fa
:020000040104f5
:08d7a40008b5eff73bfd08bddd
:020000040000fa
:020000040104f5
:08d7ac0008b5ecf7d3ff08bd3e
:020000040000fa
:020000040104f5
:08d7b40008b5f9f75bfb08bda5
:020000040000fa
:020000040104f5
:08d7bc0008b5e1f7cffe08bd3e
:020000040000fa
:020000040104f5
:08d7c40008b5f1f785ff08bd6f
:020000040000fa
:020000040104f5
:08d7cc0008b5cdf705fa08bd10
:020000040000fa
:020000040104f5
:08d7d40008b5f7f767fe08bd78
:020000040000fa
:020000040104f5
:08d7dc0008b5f7f77cfe08bd5b
:020000040000fa
:020000040104f5
:08d7e40008b5f7f791fe08bd3e
:020000040000fa
:020000040104f5
:08d7ec0008b5f1f797ff08bd35
:020000040000fa
:020000040104f5
:08d7f40008b5bdf7bdfe08bd3c
:020000040000fa
:020000040104f5
:08d7fc0008b5c3f735f908bdbb
:020000040000fa
:020000040104f5
:08d8040008b5c9f77ff908bd62
:020000040000fa
:020000040104f5
:08d80c0008b5e5f753fb08bd68
:020000040000fa
:020000040104f5
:08d8140008b5f9f740fb08bd5f
:020000040000fa
:020000040104f5
:08d81c0008b5fbf717fa08bd7f
:020000040000fa
:020000040104f5
:08d8240008b5fbf724fa08bd6a
:020000040000fa
:020000040104f5
:08d82c0008b5e5f7aff808bdef
:020000040000fa
:020000040104f5
:08d8340008b5ecf7c1ff08bdc7
:020000040000fa
:020000040104f5
:08d83c0008b5edf734fd08bd4d
:020000040000fa
:020000040104f5
:08d8440008b5f8f7ebff08bd81
:020000040000fa
:020000040104f5
:08d84c0008b5f7f7d1f908bd9a
:020000040000fa
:020000040104f5
:08d8540008b5e0f7e7ff08bd8d
:020000040000fa
:020000040104f5
:08d85c0008b5e8f71bff08bd49
:020000040000fa
:020000040104f5
:08d8640000000000ffffffffc0
:020000040000fa
:020000040104f5
:08d86c0008b5f6f754f908bdf8
:020000040000fa
:020000040104f5
:08d874000000000000000000ac
:020000040000fa
:020000040104f5
:08d87c00004870470090d00342
:020000040000fa
:020000040104f5
:08d88400817a0089fbf76aba02
:020000040000fa
:020000040104f5
:08d88c00c1960401558404015a
:020000040000fa
:020000040104f5
:08d89400c168007af8f748b9f9
:020000040000fa
:020000040104f5
:08d89c00d0e90201f2f7bab86d
:020000040000fa
:020000040104f5
:08d8a400003018bf012070479d
:020000040000fa
:020000040104f5
:08d8ac00d0e90201fbf736bfd1
:020000040000fa
:020000040104f5
:08d8b400504943333243580090
:020000040000fa
:020000040104f5
:08d8bc008d060301d18c03016c
:020000040000fa
:020000040104f5
:08d8c40013461222d5f73ab811
:020000040000fa
:020000040104f5
:08d8cc004b7880f8e030704752
:020000040000fa
:020000040104f5
:08d8d4004b7880f8e130704749
:020000040000fa
:020000040104f5
:08d8dc008b7880f8e030704702
:020000040000fa
:020000040104f5
:08d8e4000001ff02ffffff033a
:020000040000fa
:020000040104f5
:08d8ec00456363446f6e6500a3
:020000040000fa
:020000040104f5
:08d8f40003680b60016070473e
:020000040000fa
:020000040104f5
:08d8fc00c3680b60c1607047b6
:020000040000fa
:020000040104f5
:08d90400890841ea4020704748
:020000040000fa
:020000040104f5
:08d90c0000487047680a03019e
:020000040000fa
:020000040104f5
:08d914008168c088f0f7c8bc6f
:020000040000fa
:020000040104f5
:08d91c0008b5f6f7e4f908bdb7
:020000040000fa
:020000040104f5
:08d9240000487047ac2a012005
:020000040000fa
:020000040104f5
:08d92c0000487047ec290120be
:020000040000fa
:020000040104f5
:08d93400004870474c2a012055
:020000040000fa
:020000040104f5
:08d93c0008b5f8f725fc08bd51
:020000040000fa
:020000040104f5
:08d9440083f00043c9f7babfec
:020000040000fa
:020000040104f5
:07d94c0000939393671100a3
:020000040000fa
:020000040104f5
:07d95300fa96644b321e142a
:020000040000fa
:020000040104f5
:06d95a004ff4004070478d
:020000040000fa
:020000040104f5
:06d960004ff0ff3070479c
:020000040000fa
:020000040104f5
:06d966004ff0ff30704796
:020000040000fa
:020000040104f5
:06d96c0000230361704777
:020000040000fa
:020000040104f5
:06d972006ff00100704798
:020000040000fa
:020000040104f5
:06d978006ff0ad007047e6
:020000040000fa
:020000040104f5
:06d97e006ff0ad007047e0
:020000040000fa
:020000040104f5
:06d984006ff4877070478c
:020000040000fa
:020000040104f5
:06d98a0040ba80b27047b4
:020000040000fa
:020000040104f5
:06d9900040ba80b27047ae
:020000040000fa
:020000040104f5
:06d99600007afef7bcbaa6
:020000040000fa
:020000040104f5
:06d99c00007af5f7edbd75
:020000040000fa
:020000040104f5
:06d9a2008068f6f742bcac
:020000040000fa
:020000040104f5
:06d9a800411cf5f705be6d
:020000040000fa
:020000040104f5
:06d9ae008068fff7fabfdc
:020000040000fa
:020000040104f5
:06d9b400103000f08db8f8
:020000040000fa
:020000040104f5
:06d9ba0049ba018070472c
:020000040000fa
:020000040104f5
:06d9c00009ba0160704786
:020000040000fa
:020000040104f5
:06d9c6000021f5f792b804
:020000040000fa
:020000040104f5
:06d9cc004ff400607047fb
:020000040000fa
:020000040104f5
:06d9d2000023c4f7febab9
:020000040000fa
:020000040104f5
:06d9d80090f851007047b9
:020000040000fa
:020000040104f5
:06d9de00b0f85400704790
:020000040000fa
:020000040104f5
:06d9e40041ea40207047fb
:020000040000fa
:020000040104f5
:06d9ea00c409c409a60ee9
:020000040000fa
:020000040104f5
:06d9f0000068fff7b8bf5c
:020000040000fa
:020000040104f5
:06d9f6004ff0ff30704706
:020000040000fa
:020000040104f5
:05d9fc00020500012af4
:020000040000fa
:020000040104f5
:05da0100020300002af1
:020000040000fa
:020000040104f5
:05da06000a0300002ae4
:020000040000fa
:020000040104f5
:05da0b000a1500292ba3
:020000040000fa
:020000040104f5
:05da10000217002a2ba3
:020000040000fa
:020000040104f5
:05da1500201200052aab
:020000040000fa
:020000040104f5
:04da1a0000befee765
:020000040000fa
:020000040104f5
:04da1e0000befee761
:020000040000fa
:020000040104f5
:04da220000befee75d
:020000040000fa
:020000040104f5
:04da260000befee759
:020000040000fa
:020000040104f5
:04da2a0000befee755
:020000040000fa
:020000040104f5
:04da2e00012070471c
:020000040000fa
:020000040104f5
:04da3200006a7047cf
:020000040000fa
:020000040104f5
:04da3600006b7047ca
:020000040000fa
:020000040104f5
:04da3a00816370474d
:020000040000fa
:020000040104f5
:04da3e004163704789
:020000040000fa
:020000040104f5
:04da4200c163704705
:020000040000fa
:020000040104f5
:04da46008161704743
:020000040000fa
:020000040104f5
:04da4a00416170477f
:020000040000fa
:020000040104f5
:04da4e0001207047fc
:020000040000fa
:020000040104f5
:02da5200002aa8
:020000040000fa
:020000040104f5
:04da540004000000ca
:020000040000fa
:020000040104f5
:04da5800806b704728
:020000040000fa
:020000040104f5
:04da5c00006c7047a3
:020000040000fa
:020000040104f5
:04da6000c06b7047e0
:020000040000fa
:020000040104f5
:04da6400006a70479d
:020000040000fa
:020000040104f5
:04da680001627047a0
:020000040000fa
:020000040104f5
:04da6c008069704716
:020000040000fa
:020000040104f5
:04da70004068704753
:020000040000fa
:020000040104f5
:04da7400006870478f
:020000040000fa
:020000040104f5
:04da780000207047d3
:020000040000fa
:020000040104f5
:04da7c0020207047af
:020000040000fa
:020000040104f5
:04da80008820704743
:020000040000fa
:020000040104f5
:04da840000207047c7
:020000040000fa
:020000040104f5
:04da880000207047c3
:020000040000fa
:020000040104f5
:04da8c0000207047bf
:020000040000fa
:020000040104f5
:04da900000207047bb
:020000040000fa
:020000040104f5
:04da940000207047b7
:020000040000fa
:020000040104f5
:04da980080687047eb
:020000040000fa
:020000040104f5
:04da9c0080687047e7
:020000040000fa
:020000040104f5
:04daa000fef724baaf
:020000040000fa
:020000040104f5
:04daa400f6f732bca3
:020000040000fa
:020000040104f5
:04daa800edf7dab903
:020000040000fa
:020000040104f5
:04daac00faf72cbd9c
:020000040000fa
:020000040104f5
:04dab000002070479b
:020000040000fa
:020000040104f5
:04dab40000f010b8b6
:020000040000fa
:020000040104f5
:04dab8000020704793
:020000040000fa
:020000040104f5
:04dabc00e7f77eb852
:020000040000fa
:020000040104f5
:04dac000002070478b
:020000040000fa
:020000040104f5
:04dac4000020704787
:020000040000fa
:020000040104f5
:04dac8000020704783
:020000040000fa
:020000040104f5
:04dacc00002070477f
:020000040000fa
:020000040104f5
:04dad000002070477b
:020000040000fa
:020000040104f5
:04dad400ddf75abf61
:020000040000fa
:020000040104f5
:04dad800f7f7aab9f9
:020000040000fa
:020000040104f5
:04dadc00018070470e
:020000040000fa
:020000040104f5
:04dae000016070472a
:020000040000fa
:020000040104f5
:04dae400fdf7d2bdbb
:020000040000fa
:020000040104f5
:04dae800fff76abc1e
:020000040000fa
:020000040104f5
:04daec00fff76ebc16
:020000040000fa
:020000040104f5
:04daf000fff772bc0e
:020000040000fa
:020000040104f5
:04daf400e3f7d8bfbd
:020000040000fa
:020000040104f5
:04daf800f6f720bd60
:020000040000fa
:020000040104f5
:04dafc00f3f770bf0d
:020000040000fa
:020000040104f5
:04db0000f3f76ebf0a
:020000040000fa
:020000040104f5
:04db0400800b7047db
:020000040000fa
:020000040104f5
:04db08000020704742
:020000040000fa
:020000040104f5
:04db0c00f3f7b8b9ba
:020000040000fa
:020000040104f5
:04db1000002070473a
:020000040000fa
:020000040104f5
:04db14000120704735
:020000040000fa
:020000040104f5
:04db1800d0f702b888
:020000040000fa
:020000040104f5
:04db1c00c06a704724
:020000040000fa
:020000040104f5
:04db2000806d70475d
:020000040000fa
:020000040104f5
:04db240041617047a4
:020000040000fa
:020000040104f5
:04db28008161704760
:020000040000fa
:020000040104f5
:04db2c00002070471e
:020000040000fa
:020000040104f5
:04db3000030c1000d2
:020000040000fa
:020000040104f5
:04db340013000200d8
:020000040000fa
:020000040104f5
:04db38000100ffffea
:020000040000fa
:020000040104f5
:04db3c00002070470e
:020000040000fa
:020000040104f5
:04db4000fcf7a8bf87
:020000040000fa
:020000040104f5
:04db4400fef74ebbdf
:020000040000fa
:020000040104f5
:04db4800fdf7e2bf44
:020000040000fa
:020000040104f5
:04db4c00f7f714bc17
:020000040000fa
:020000040104f5
:04db500000207047fa
:020000040000fa
:020000040104f5
:04db540000207047f6
:020000040000fa
:020000040104f5
:04db580000207047f2
:020000040000fa
:020000040104f5
:04db5c0000207047ee
:020000040000fa
:020000040104f5
:04db6000fff772b9a0
:020000040000fa
:020000040104f5
:04db640000207047e6
:020000040000fa
:020000040104f5
:04db6800fff775b995
:020000040000fa
:020000040104f5
:04db6c0000207047de
:020000040000fa
:020000040104f5
:04db7000704700bf3b
:020000040000fa
:020000040104f5
:03db7400604030de
:020000040000fa
:020000040104f5
:02db7700882bf9
:020000040000fa
:020000040104f5
:02db7900f52b8a
:020000040000fa
:020000040104f5
:02db7b00042a7a
:020000040000fa
:020000040104f5
:02db7e000500a0
:020000040000fa
:020000040104f5
:02db800005009e
:020000040000fa
:020000040104f5
:02db820005009c
:020000040000fa
:020000040104f5
:02db840005009a
:020000040000fa
:020000040104f5
:02db8600050098
:020000040000fa
:020000040104f5
:02db8800050096
:020000040000fa
:020000040104f5
:02db8a00020097
:020000040000fa
:020000040104f5
:02db8c0018007f
:020000040000fa
:020000040104f5
:02db8e00020093
:020000040000fa
:020000040104f5
:02db900008008b
:020000040000fa
:020000040104f5
:02db9200001879
:020000040000fa
:020000040104f5
:02db940002008d
:020000040000fa
:020000040104f5
:02db96007047d6
:020000040000fa
:020000040104f5
:02db98007047d4
:020000040000fa
:020000040104f5
:02db9a007047d2
:020000040000fa
:020000040104f5
:02db9c00052959
:020000040000fa
:020000040104f5
:02db9e0002295a
:020000040000fa
:020000040104f5
:02dba00000295a
:020000040000fa
:020000040104f5
:02dba2000f2949
:020000040000fa
:020000040104f5
:02dba4000b294b
:020000040000fa
:020000040104f5
:02dba6000c2948
:020000040000fa
:020000040104f5
:02dba8000d2945
:020000040000fa
:020000040104f5
:02dbaa00072949
:020000040000fa
:020000040104f5
:02dbac00092945
:020000040000fa
:020000040104f5
:02dbae00042948
:020000040000fa
:020000040104f5
:02dbb000082942
:020000040000fa
:020000040104f5
:02dbb200032945
:020000040000fa
:020000040104f5
:02dbb4000e2938
:020000040000fa
:020000040104f5
:02dbb600012943
:020000040000fa
:020000040104f5
:02dbb80006293c
:020000040000fa
:020000040104f5
:02dbba000a2936
:020000040000fa
:020000040104f5
:02dbbc0003283c
:020000040000fa
:020000040104f5
:02dbbe0002283b
:020000040000fa
:020000040104f5
:02dbc00000283b
:020000040000fa
:020000040104f5
:02dbc200012838
:020000040000fa
:020000040104f5
:02dbc400292b0b
:020000040000fa
:020000040104f5
:02dbc6002a2b08
:020000040000fa
:020000040104f5
:02dbc800052a2c
:020000040000fa
:020000040104f5
:02dbca00050054
:020000040000fa
:020000040104f5
:02dbcc00050052
:020000040000fa
:020000040104f5
:02dbce00050050
:020000040000fa
:020000040104f5
:02dbd000010052
:020000040000fa
:020000040104f5
:02dbd200100041
:020000040000fa
:020000040104f5
:02dbd40002004d
:020000040000fa
:020000040104f5
:02dbd600040049
:020000040000fa
:020000040104f5
:02dbd800011832
:020000040000fa
:020000040104f5
:02dbda00020047
:020000040000fa
:020000040104f5
:02dbdc00704790
:020000040000fa
:020000040104f5
:02dbde0070478e
:020000040000fa
:020000040104f5
:02dbe00070478c
:020000040000fa
:020000040104f5
:02dbe20070478a
:020000040000fa
:020000040104f5
:02dbe400704788
:020000040000fa
:020000040104f5
:02dbe600704786
:020000040000fa
:020000040104f5
:02dbe800704784
:020000040000fa
:020000040104f5
:02dbea00704782
:00000001FF
