:020000040000fa
:10000000f07f012069ef0101ab9701018ba701018e
:100010004bbd0101b7c201010bcf0101000000007f
:100020000000000000000000000000003db00201e0
:100030007fb0010100000000e52f02016997020175
:10004000e59602014bd801014bd80101e5bd020143
:100050004bd801014bd801014bd801014bd801010c
:100060004bd801014bd801014bd801014bd80101fc
:10007000293e02014bd801014bd801014bd80101a7
:100080004bd801014bd801014bd801014bd80101dc
:100090004bd801014bd801014bd801014bd80101cc
:1000a0004bd801014bd801014bd801014bd80101bc
:1000b0004bd801014bd801014bd80101a9670201be
:1000c00021a902014bd801014bd801014bd80101f4
:1000d0004bd801014bd80101c5310201c9cd020144
:020000040000fa
:020000040004f6
:045f8800ffff000017
:020000040000fa
:020000040004f6
:045f8c0000e00e849f
:020000040000fa
:020000040004f6
:045f900038fc745f06
:020000040000fa
:020000040004f6
:045f94003844121467
:020000040000fa
:020000040004f6
:045f98000300007191
:020000040000fa
:020000040004f6
:045f9c000000000001
:020000040000fa
:020000040004f6
:045fbc0000000010d1
:020000040000fa
:020000040100f9
:104000000f2020008ca50020000000000000000010
:104010000e2020008ca50020000000000000000001
:104020000d2020008ca500200000000000000000f2
:104030000c2020008ca500200000000000000000e3
:104040000b2020008ca500200000000000000000d4
:104050000a2020008ca500200000000000000000c5
:10406000092020008ca500200000000000000000b6
:10407000082020008ca500200000000000000000a7
:1040800007203200aca50020000000000000000066
:1040900006203200aca50020000000000000000057
:1040a00005203200aca50020000000000000000048
:1040b00004203200aca50020000000000000000039
:1040c00003203200aca5002000000000000000002a
:1040d00002203200aca5002000000000000000001b
:1040e00001203200aca5002000000000000000000c
:1040f00000203200aca500200000000000000000fd
:10410000f8b500bff8bc08bc9e467047d56c0201ec
:10411000f8b500bff8bc08bc9e467047b16c020100
:020000040000fa
:020000040100f9
:084120006c88000001000000a2
:020000040000fa
:020000040100f9
:1041280008b5044b186818b1804780f00100c0b288
:1041380008bd00bf90a0002009b91046704780b1a3
:10414800037883ea122383ea131343ea022282eafa
:10415800033282ea431292b200b10130013989b2c6
:10416800eae7ff23ede72de9f04f85b081460e9e83
:104178008a46904606b11e4443449cb2474655467b
:10418800a74203d1012005b0bde8f08f95b36a4678
:1041980010232946484607f069febdf804209442da
:1041a80008d9bdf8063013449bb29f4202d29c4204
:1041b80003d91f46bdf80a50e8e79742a4eb02016d
:1041c80028bfe31b89b234bf0b469bb2a4eb0304a0
:1041d80032bfbdf80ab04746d346a4b246b110353f
:1041e8002944f61ac91a324689b2484607f03efef3
:1041f8005d46c5e72846c6e72de9f74fd488968877
:10420800dff8588082468b4644f307254ff6ff7740
:10421800002d03da384603b0bde8f08f1ad0a4f5b4
:1042280080741ffa84f94ff48074cdf80080234617
:10423800324659465046fff796ff38b13a4621466e
:104248004046fff779ff2644b6b20746013d6db2f6
:104258004c46dde7002cddd0a146e6e794a000201f
:1042680010b5094c94f8040107f09efe4ff4005273
:10427800002194f8040107f0c1fe18b14ff48073cf
:10428800a4f8063110bd00bf90a000202de9f04130
:10429800094c05460e46174613460a46014694f849
:1042a800040107f019fe3b463246294694f80401fa
:1042b800bde8f04107f0f0be90a0002003292cd8fb
:1042c800dfe801f002091b23184bb3f8062110445c
:1042d800a3f806017047154ab2f80631184480b2af
:1042e800c11c4ff6fc730b40984203d90430a2f866
:1042f80006017047a2f8063170470c4ab2f8063139
:104308000f33184420f00f00f1e7084ab2f80631dd
:104318003f33184420f03f00e9e74ff0200383f3d0
:104328001188bff36f8fbff34f8ffee790a0002077
:104338004ff0200383f31188bff36f8fbff34f8fc4
:10434800fee770b50c4a92f808410023d9b28c42b6
:1043580001d800200be05d1c9b00d118b1f8096161
:10436800864207d1b1f80b2112b10448184470bd38
:10437800fff7deff2b46e9e790a0002099a1002077
:1043880008b5fff7deff00b1408808bd10b5044648
:10439800fff7d7ff40b14ff0200383f31188bff335
:1043a8006f8fbff34f8ffee7094b93f808010206a2
:1043b80001d5fff7bdff421c83f8082103eb8002fb
:1043c80003f20913a2f8094103eb800010bd00bff6
:1043d80090a0002008b5fff7b4ff08b9fff7a8ffc1
:1043e800064a92f80831013bdbb282f8083102eb49
:1043f8008303d3f80931036008bd00bf90a00020f3
:104408002de9f041244cb4f80a33b4f80c630344a2
:104418009bb204f20e37ff2b0546a4f80a3307ebcc
:10442800060004f104080ad82a464146354427f014
:10443800adfb0126a4f80c533046bde8f081c6f563
:104448008072414627f0a2fb4ff480723946b4f8d7
:104458000601fff71bff06460028edd000214ff4a8
:104468008070fff72bffb4f80a53b4f80c13a5f5c6
:1044780080750023adb2a4f80c33a4f80a53002dbc
:10448800dad0c1f580712a4618fa81f1384627f04a
:104498007dfba4f80c53cfe790a000207fb545f230
:1044a8004143adf806300d4bcde902300c4bc0430b
:1044b800b3f80e3404904ff6ff7210210df1060088
:1044c800adf81430fff738fe1222adf8040001a948
:1044d8000020fff7dbfe07b05df804fb534e763291
:1044e80090a000202de9f04f724c94f8047100253b
:1044f8008fb0122309aa29463846a4f81054a4f804
:104508001254a4f80c53a4f80a5307f0affc0b9b01
:10451800039394f804310133dbb2012b94bf84f880
:10452800043184f8045194f80431bb4208d14ff0a7
:10453800200383f31188bff36f8fbff34f8ffee71c
:10454800fff78efe0028e4d04ff0000adff87081f4
:1045580080e004eb8a091023b9f80bb105aa594683
:10456800384607f083fc0026bdf81c50adf81a50f9
:1045780005aa59463846adf81860adf81e60adf882
:104588002060fff739fe4ff6ff72adf814000e21d8
:1045980005a8fff7d1fdf022adf82200ff2146481b
:1045a80028f026f905ab03cb1035c8f80000c8f889
:1045b8000410b4f80c2303cbb4f80631c8f808008b
:1045c800adb21344b5f5807fc8f80c10a9f80b31cb
:1045d80019d8394b00933246bdf81c305946384635
:1045e800fff7c1fd50b1b4f80631b4f80c231344f9
:1045f800a9f80b312846fff703ff38bb00242046f3
:104608000fb0bde8f08f1023b5f5807f2a4628bf8c
:104618004ff48072a2eb03091ffa89f9434402920e
:10462800009332464b4659463846fff79cfd002812
:10463800e4d00298fff7e4fe0028dfd0029bed1ad1
:104648004e44adb2b6b20023002dddd10af101030c
:104658005ffa83fa94f8083153453ff67aafb4f815
:104668000a23fab9b4f80a030021fff727feb4f8c1
:104678000631a4f80e34039b581efff70fff0446bb
:104688000028bbd002210020fff718fe1222ff21cc
:1046980009a828f0adf8122309aa0021384607f026
:1046a8001bfcace70549b4f80601fff7effd00284d
:1046b800d8d1a3e790a00020a4a000209ea30020aa
:1046c80094a0002008b50a4bb3f80631c3f500538f
:1046d8009bb283420bd2fff705ff40b94ff020038e
:1046e80083f31188bff36f8fbff34f8ffee708bdc9
:1046f80090a000202de9f84f344e0446351d894618
:104708004ff48072ff21284628f072f8e1884ff6ae
:10471800ff724846fff710fd4ff6ff7220800e210a
:104728002046fff709fd2346e08103cb70606960ee
:1047380003cba860e960e28802f11007bfb2b9f1c3
:10474800000f07d0b7f5807f17d8494606f1140047
:1047580027f01cfae2881e49b6f80601f02a28bf9d
:10476800f022103292b2fff791fd8046e0881030b7
:10477800022180b2fff7a2fd25e04ff0000b1020c8
:10478800b7f5807f3c4628bf4ff48074a4eb000a3d
:10479800524609eb0b01284427f0f8f922460c4948
:1047a800b6f80601fff772fd804660b12046022187
:1047b8003f1bfff783fdbfb20beb0a031ffa83fb16
:1047c8000020002fdcd14046bde8f88f90a00020e3
:1047d80094a000202de9f041674c00258eb084f8a4
:1047e80008514ff0ff38ff27122304aa002128465a
:1047f80007f03cfbdde906637340013326d19df8e1
:104808001230412b22d19df81330542b1ed19df824
:104818001430532b1ad19df815304e2b16d19df814
:104828001630762b12d19df81730322b0ed14ff659
:10483800ff7210210df11200fff77efcbdf8103059
:10484800834203d146453cbfb0462f46e5b1ff2f12
:104858002cd1002384f804314ff6ff766ff0010560
:10486800fff7fefc90b994f804310133dbb2012b59
:1048780084f80431f4d94ff0200383f31188bff38f
:104888006f8fbff34f8ffee70125ade72846a4f8e9
:104898000e64fff703fe0028e5d0002384f80831f2
:1048a800012384f814340eb0bde8f0814ff480730e
:1048b800a4f806313846122309aa002184f80471a5
:1048c80007f0d4fa4ff6ff77b4f80631b3f5005f76
:1048d800e6d2bdf83420ba4201d09a4217d8022154
:1048e8000020fff7ebfc022510236a46b4f80611f6
:1048f80094f8040107f0bafa6a46102312f8011b6b
:10490800ff291ed1013b9bb2002bf7d1c8e7002538
:10491800eae729461020fff7d1fcd5e7bdf8026089
:104928003046fff70efd10b93046fff72ffdb4f8fb
:1049380006314380bdf80830bbb93046fff74afd61
:1049480013e03a460e216846fff7f6fbbdf80e6005
:104958008642ded16a46b4f8061194f80401fff7de
:104968004bfcbdf800308342d8d0bdf806001030ab
:10497800294680b2cfe700bf90a00020034b93f8f0
:1049880014340bb9fff726bf704700bf90a0002072
:104998002de9ff478a4616469846054630b12bb1a1
:1049a800fff7befb044650b1052045e04ff0200359
:1049b80083f31188bff36f8fbff34f8ffee706f1c4
:1049c800100080b2fff77efe2846fff7bafc0746c4
:1049d800a8b3b0f802901d4d10236a46494695f8d1
:1049e800040107f043fabdf808300aeb06029a42c0
:1049f80027d8b34218bfbdf80c40adf804a01cbfbf
:104a08000134a4b241466846adf80c40adf80660e2
:104a1800adf80a90b5f80641fff76cfe98b1bdf8fd
:104a28000c307c80642b4ff0000005d9bdf80230b3
:104a3800a5f81034a5f8120404b0bde8f0870320e7
:104a4800fae70420f8e70120f6e700bf90a000206d
:104a580073b50c4615461e46c0b1bbb1fff790fcb6
:104a680080b16319b3f5803f09d201460c4800961e
:104a78002b46224690f80401fff775fb20b9042065
:104a880002b070bd0320fbe70020f9e74ff02003d8
:104a980083f31188bff36f8fbff34f8ffee700bf1b
:104aa80090a000201fb540b94ff0200383f3118870
:104ab800bff36f8fbff34f8ffee7fff761fc48b17d
:104ac80001460648102390f804016a4607f0cef91b
:104ad800bdf8080005b05df804fb00bf90a00020f9
:104ae8002de9f04f431e14469bb24ff6fd729342d8
:104af8008bb080460e461dd8b1f5006f1ad8fff767
:104b08003ffc00bbfff70cfb054648bb06f1100055
:104b180080b2fff7d7fd8d4b93f90821002a80f268
:104b2800f7804ff0200383f31188bff36f8fbff333
:104b38004f8ffee74ff0200383f31188bff36f8f89
:104b4800bff34f8ffee74046fff7acff86420fd01a
:104b58007e4da5f81084a5f81264fff7e1fa08b1b4
:104b680005200ee0b5f8120470b9b5f810347bb919
:104b7800002c00f0e6802346324600214046fff72d
:104b880067ff0bb0bde8f08f103080b2fff79afdd9
:104b9800b5f81004fff7d5fb81460028e8d0b0f837
:104ba80002b095f80401102306aa594607f05ef9e9
:104bb800b5f81234ebb9bdf82000103080b2fff719
:104bc80081fdb5f81004fff7bcfb814640b94ff0f2
:104bd800200383f31188bff36f8fbff34f8ffee776
:104be800b0f802b095f80401102306aa594607f058
:104bf8003df9b5f81224b5f806310493bdf8203014
:104c080022b19342adf8202028bf13460022bdf8f8
:104c18002010adf81c20adf81e10adf82220adf81c
:104c280024200df1180cbce80300dff824a168600b
:104c380003f11007caf80410bce80300bfb2b7f5c7
:104c4800807fcaf80800caf80c1030d80af11001a1
:104c5800009195f804015946fff785fa002872d0ab
:104c680006ab03cbbdf81e206860caf8041003cb5e
:104c78001032caf80800caf80c1092b25146b5f8ba
:104c88000601fff703fb00283ff472afbdf81e00d2
:104c98001030022180b2fff711fb2c4b0022a3f841
:104ca8001024a3f81224049ba9f8023060e71546e3
:104cb8001023cdf814a0b7f5807fba4628bf4ff46b
:104cc800807aaaeb030292b20392059a1f48134412
:104cd80000932a46039b90f804015946fff743facc
:104ce80088b31b495246b1f80201fff7cffa0028f2
:104cf8003ff43eaf02215046fff7e0fa039ba7ebd3
:104d08000a072b44bfb29db20023002fd3d1c4e7ba
:104d1800214606a8b3f80671adf81a80adf81c5004
:104d2800adf81e60adf82060adf82250adf8245003
:104d3800fff7e0fc38b14046fff728fb4780022028
:104d48001fe720461de701201be700bf90a00020b9
:104d580094a00020f0b5074685b040b94ff0200375
:104d680083f31188bff36f8fbff34f8ffee7fff711
:104d780007fb00283fd0fff7d3f9044600283cd1b1
:104d88001020fff79ffc4ff6ff720e216846adf822
:104d98000020adf80270cde90144adf80c40fff7f2
:104da800cbf96b46adf80e0003cb154d6860a960d2
:104db80003cb2e1de860296110223146b5f80601a3
:104dc800fff764fa68b91022b5f8061195f80401de
:104dd80007f014f918b902211020fff76ffa012023
:104de80007e002211020fff769fa3846fff7f2fac8
:104df800204605b0f0bd0320fbe70520f9e700bf1a
:104e080090a00020f8b50446fff78af9054668bb6c
:104e180064b107f0c9f8012007f0c6f84ff4007232
:104e28002946134827f0e4fc002020e0114d95f8ae
:104e38000871e3b29f420cd8fff754fb0028f3d166
:104e48004ff0200383f31188bff36f8fbff34f8fa9
:104e5800fee705eb8403b3f80961304601f0caf9af
:104e680010b93046fff7b6fa0134e2e70520f8bd7d
:104e780099a1002090a00020014b1860704700bf46
:104e880090a0002008b5fff77bfa003018bf01207a
:104e980008bd08b5fff726fb40b94ff0200383f3a0
:104ea8001188bff36f8fbff34f8ffee708bd00bfb8
:020000040000fa
:020000040100f9
:104eb8003b4b3c4903f5aa5242f8081f03f5b85288
:104ec8004ff4804142f8041f03f5b8524ff01451d3
:104ed80042f81c1f03f5b95233491160334942f8af
:104ee800041f03f5b952324942f8081f03f5b952b5
:104ef800304942f80c1f03f5b9522f4942f8101fe8
:104f080003f5b952e02142f8141f03f5b9522b49b1
:104f180042f8181f03f5b952294942f81c1f03f536
:104f2800ba524ff440311160264942f8041f03f584
:104f3800ba52254942f8081f03f5ba52234942f8e4
:104f48000c1f03f5ba52062142f8101f03f5ba5296
:104f58001f4942f8141f03f5ba521e4942f8181f98
:104f680003f5ba524ff4004142f81c1f03f5bb5237
:104f780019491160194942f8041f03f5bb5245f25b
:104f8800336142f8081f03f5bb524ff4f05103f5a3
:104f9800bb5342f80c1f402243f8102f704700bf44
:104fa800002001411e00ffffc0464654a040000cef
:104fb80010928fbe18d410007aa64f4053a94821ea
:104fc8004b055046f1813d8cd3080c0c9002061815
:104fd80020875c006400ffff110d400605292400ae
:104fe800024a536823f4006353607047004001414c
:104ff800c82300bf00bf00bf00bf00bf00bf00bf85
:1050080000bf00bf00bf00bf00bf00bf00bf00bfa0
:1050180000bf00bf00bf00bf00bf00bf00bf013b13
:1050280013f0ff03e5d1704708b540f65a21012077
:1050380021f040fa4ff49e71032021f03bfa4ff41f
:105048009871042021f036fa43f21521052021f049
:1050580031fa43f20601072021f02cfa4ff40061df
:10506800132021f027fa40f2ad21142021f022fa72
:1050780044f2e001172021f01dfa4ff4894118206d
:1050880021f018fa4cf68621192021f013fa4ff472
:105098007e711f2021f00efa4ff46861332021f051
:1050a80009fa46f27a213a2021f004fa41f604017d
:1050b8003e2021f0fff94cf60521442021f0faf9b1
:1050c8000121472021f0f6f94cf60721482021f06c
:1050d800f1f9ff214f2021f0edf94af6ac315120ca
:1050e80021f0e8f94ff478615d2021f0e3f94df6fd
:1050f80060016b2021f0def947f678016c2021f081
:10510800d9f94ef619116d2021f0d4f94ff6e17155
:10511800712021f0cff94ff648617220bde80840b0
:1051280021f0c8b908b54ef24e31082021f0c2f975
:105138004ef254313d2021f0bdf942f202014920de
:1051480021f0b8f942f2ff61622021f0b3f942f28e
:10515800ff01642021f0aef942f202016a2021f039
:10516800a9f942f20401752021f0a4f942f20401e0
:105178007d2021f09ff942f2ff71802021f09af9f9
:105188004ef24e31812021f095f942f2fa718220d7
:1051980021f090f94ef24e31832021f08bf942f242
:1051a800f571842021f086f94ef24e31852021f0e8
:1051b80081f942f2f271862021f07cf94ef24e31eb
:1051c800872021f077f942f2ea71882021f072f9fc
:1051d8004ef24e31892021f06df942f2e0718a20b9
:1051e80021f068f94ef24e318b2021f063f942f23a
:1051f800d6718c2021f05ef94ef24e318d2021f0cf
:1052080059f942f2fb118e2021f054f94ef2543133
:105218008f2021f04ff942f2ed11902021f04af948
:105228004ef25431912021f045f942f2e0119220da
:1052380021f040f94ef25431932021f03bf942f22b
:10524800d611942021f036f94ef25431952021f0f0
:1052580031f942f2ca11962021f02cf94ef254315c
:10526800972021f027f94ff40751982021f022f9cf
:105278004ef25431992021f01df942f296119a20ec
:1052880021f018f94ef254319b2021f013f942f223
:1052980090119c2021f00ef94ef254319d2021f0fe
:1052a80009f942f28a119e2021f004f94ef2543194
:1052b8009f20bde8084021f0fdb808b5082160200e
:1052c80021f0f8f8fff794fefff792fefff790fe43
:1052d800fff78efefff78cfe00216020bde8084036
:1052e80021f0e8b82de9f74f002021f0f3f81f204e
:1052f80021f0f0f883461d2021f0ecf8824660206a
:1053080021f0e8f88146542021f0e4f8804659203d
:1053180021f0e0f807461a2021f0dcf8064655206f
:1053280021f0d8f805464f2021f0d4f8044674201f
:1053380021f0d0f844f48071009089b24f2021f018
:10534800b9f8009bc3f30b0141f44051742021f0dc
:10535800b1f85221002021f0adf840f6f8311f20b5
:1053680021f0a8f84ff620011d2021f0a3f8042110
:10537800602021f09ff842f6b051542021f09af8ad
:1053880048f21c01592021f095f848f21c011a2016
:1053980021f090f84ef21001552021f08bf8fff71c
:1053a80027fefff725fe2549d1f83c3443f00803d2
:1053b800c1f83c34fff71cfe214b1a6842f4007216
:1053c8001a601a46136813f40073fbd11d4a01933f
:1053d8001268d1f83c04009220f00800c1f83c049f
:1053e8004ff6ff6121404f2021f064f859461f20f5
:1053f80021f060f851461d2021f05cf849466020f4
:1054080021f058f84146542021f054f839465920e3
:1054180021f050f831461a2021f04cf82946552041
:1054280021f048f8019b1220194621f043f8009a10
:10543800c2f3094003b0bde8f08f00bf002001416e
:1054480040350141503501412de9f74306460df13c
:1054580006000c4613f0ecffbdf80600002855d0f6
:105468003b4b1d78801b002d53d025f090fd2ea3bb
:10547800d3e900230ff0c8fe20f010fa23f002fb56
:105488002ba3d3e9002306460f460ff0bdfe324694
:105498003b460ff0b9fe28a3d3e90023804689468e
:1054a800304639460ff0b0fe02460b4640464946a4
:1054b80008f07cfd22a3d3e9002308f077fd002241
:1054c800244b0ff0a1fe244b002208f06ffd25f0bd
:1054d800f7fb002dc3b214bf19201e203c2b1ed889
:1054e800984238bf18461d4b1a6822f4fc421a60cd
:1054f8001a6842ea40221a60a30707d5184a92f8a8
:10550800a03003f0c003184382f8a00003b0bde840
:10551800f08325f03cfd0ca3d3e90023aae73c2047
:10552800e1e700bfaff30080ce1951da1b7ca13f41
:105538005396218e75717b3f7daeb6627fd9bd3f94
:105548001ea7e8482effef3fe59b6d6e4c4f883f46
:1055580068000020008045400000e03f68370141b6
:105568000000014173b506460df106000d4613f023
:105578005fffbdf80640dcb10df1050002f060fdeb
:10558800a41ba5235c4343f6cf439c42c9bf9df8a7
:1055980005309df90530023b5bb2aa0708d50549dd
:1055a80091f8a42002f0e0021343dbb281f8a430a2
:1055b80002b070bd0000014137b505460df1060087
:1055c80013f036ffbdf80640ecb16d2020f082ffe5
:1055d800c0f38210052816d1a523641b5c43a3f5ec
:1055e800e7539c42124c10da012020f073ff4ff66b
:1055f8001f71014041f06001012020f05bfffff7bf
:105608005cfe0123237003b030bd2378002bfad051
:10561800012020f05fff4ff61f71014041f040016b
:10562800012020f047fffff748fe0023eae700bf0c
:105638006c000020084b094a1b6812689b1a084a2c
:1056480023f07043934205d8064b1878003018bff2
:105658000120704700207047283e0141700000205b
:10566800feffff0769000020f7b50023adf80630fc
:105678000646fff737fe05460df1060013f0d8fe83
:10568800bdf80630dbb1134f5b1ba5245c434ff418
:105698008b7394fbf3f4b7f900301934a342b4bf09
:1056a800e31a1b1b132b02ddfff707fe3c80314674
:1056b8002846fff7c9fe31462846fff753ff064b39
:1056c800064a1b6803f5403323f07043136003b0a8
:1056d800f0bd00bf6a000020283e01417000002094
:1056e80013b5244a05211170234a00238df805308b
:1056f8001370044628b1fff797fcfff7d9fbfff7b3
:105708006ffc22460df10501072002f0effb5cb3a8
:105718009df805300bb9fff705fdfff7cefd0df13c
:10572800060013f085febdf806201449144beab1b3
:1057380019220a8001221a70124b4ff440321a6063
:10574800114b00221a704ff08843104a1a65104b0b
:1057580040f27142012c9a600cbfff227f229a61ad
:1057680013221a604022da6002b010bdff200880c0
:10577800e1e700bf66000020680000206a00002002
:1057880069000020700000206c0000204c0040e000
:10579800001001410021122020f08cbe08b5064bf4
:1057a8004ff088721a6046f2e2515e2020f082fec5
:1057b800bde80840fff7eebf004001410a4b012257
:1057c8001a700a4b02225a615a63094a536843f411
:1057d80040335360a2f5f962136843f40053136031
:1057e800044b054a1a6070476800002000230044f3
:0c57f80000400141084001411220220045
:020000040000fa
:020000040100f9
:1058040030b583b04ff088440023c4f8b030c04ba7
:10581400c4f8b03003f12b43a3f54b13a3f6ab4309
:10582400c4f8b03013f024fbba4b1968ba4a1160bb
:105834000f211960a3f58d33d3f83011516048f668
:105844000402c3f83021236813f4805f07d023686f
:1058540013f4404f03d1236823f4805323604ff0a3
:105864008843d3f8d03013f0805f07d04ff08842dc
:10587400d2f8d03023f08053c2f8d0304ff08842b1
:10588400d2f8c010a44b9960d2f8d010d960d2f8e5
:10589400e0201a6100225a619a61da611a625a623e
:1058a4009a629e4b1b6f13f4004f1ad09b4b1b6fd5
:1058b40013f4006f15d1994b1a6f974b5a61974a9d
:1058c400136f13f4807ffbd0944b4ff400425a675c
:1058d4001a46136f13f4807ffbd1904b6ff48072e0
:1058e4005a678e4bd3f8903013f4004f22d08b4b71
:1058f400d3f8903013f4006f1cd1884bd3f8902068
:10590400854b9a61854a00bfd2f8903013f4807faa
:10591400fad0824b4ff40042c3f894201a4600bfd9
:10592400d2f8903013f4807ffad17c4b6ff48072fc
:10593400c3f89420794bd3f8b03013f4004f21d03e
:10594400764bd3f8b03013f4006f1bd1734bd3f8fc
:10595400b020714bda61714ad2f8b03013f4807f11
:10596400fad06e4b4ff40042c3f8b4201a4600bf7d
:10597400d2f8b03013f4807ffad1684b6ff48072a0
:10598400c3f8b420654bd3f8d03013f4004f21d0c2
:10599400624bd3f8d03013f4006f1bd15f4bd3f8b4
:1059a400d0205d4b1a625d4ad2f8d03013f4807f68
:1059b400fad05a4b4ff40042c3f8d4201a4600bf21
:1059c400d2f8d03013f4807ffad1544b6ff4807244
:1059d400c3f8d420514bd3f8f03013f4004f21d046
:1059e4004e4bd3f8f03013f4006f1bd14b4bd3f86c
:1059f400f020494b5a62494ad2f8f03013f4807fc0
:105a0400fad0464b4ff40042c3f8f4201a4600bfc4
:105a1400d2f8f03013f4807ffad1404b6ff48072e7
:105a2400c3f8f4203d4bd3f8103113f4004f21d0c8
:105a34003a4bd3f8103113f4006f1bd1374bd3f822
:105a44001021354b9a62354ad2f8103113f4807f15
:105a5400fad0324b4ff40042c3f814211a4600bf67
:105a6400d2f8103113f4807ffad12c4b6ff480728a
:105a7400c3f81421002301934ff088436ff480325c
:105a8400c3f8c02003f520631b6f13f4004f00f02c
:105a9400df80224b1b6f03f40063002b0cbf4ff01d
:105aa400ff336ff080531d4ad2f8902012f4004f58
:105ab40007d01a4ad2f8902012f4006f18bf23f0ce
:105ac4000053164ad2f8b02012f4004f07d0134afc
:105ad400d2f8b02012f4006f18bf23f080430f4aad
:105ae400d2f8d02012f4004f07d00c4ad2f8d020bc
:105af40012f4006f18bf23f00043084ad2f8f020d4
:105b040012f4004f11d0054ad2f8f02008e000bf8b
:105b1400556699aa0024014468a70020000a00449d
:105b240012f4006f18bf23f08073d44ad2f8102106
:105b340012f4004f07d0d14ad2f8102112f4006faa
:105b440018bf23f000734ff08842c2f8d030d2f867
:105b5400e03013f0010f05d19df8043043f0010348
:105b64008df804304ff08843d3f8e03013f0020f7f
:105b740005d19df8043043f002038df804304ff052
:105b84008843d3f8e03013f4807f05d19df80430c6
:105b940043f010038df804304ff08843d3f8e0301d
:105ba40013f4007f05d19df8043043f020038df8f1
:105bb40004304ff08843d3f8e03013f4806f05d1fc
:105bc4009df8043043f040038df804304ff08843cf
:105bd400d3f8e03013f4006f05d19df8043043f09e
:105be40080038df804304ff08843d3f8e03013f489
:105bf400805f05d19df8053043f001038df8053031
:105c04004ff08843d3f8e03013f4005f05d19df8da
:105c1400053043f002038df805304ff08843d3f884
:105c2400e03013f4804f05d19df8053043f00403b0
:105c34008df805309df8044014f0030f25d04ff083
:105c440088431b6e13f4004f05d14ff6ff751ee019
:105c54004ff0ff3327e74ff08843186ec0f302304c
:105c64001cf0dafd002800f0b28004f001054ff6c4
:105c7400ff714ff6fe72002d0cbf0d46154614f051
:105c8400020f04d025f0020501e04ff6ff7514f071
:105c9400100f07d04ff08843d3f8803013f0006f13
:105ca40040f0988014f0200f06d04ff08843d3f8ca
:105cb4008030002bc0f29c8014f0c00f06d04ff04f
:105cc40088431b6e13f0006f40f0a0809df80540e0
:105cd40014f0010f07d04ff08843d3f8803013f449
:105ce400000f40f0a88014f0060f06d04ff0884350
:105cf4001b6e13f4000f40f0ac804ff08843c3f8e0
:105d0400e05003f520631a6822f4706222f0010265
:105d14001a601a6842f400721a6001229a601a46e4
:105d2400136813f0010ffbd1554a536823f0300375
:105d3400536000201bf086fe4ff088431b6c03f475
:105d44004053b3f5005f00f09f804d4c236843f44b
:105d540000632360236843f400432360474d2b6aa8
:105d640043f008032b62012013f0a0f8002013f085
:105d740089f8002013f09af8236823f48013236031
:105d84002b6823f4706323f001032b600123ab60c1
:105d94002a46136813f0010ffbd14ff088431b6ca4
:105da40003f44053b3f5005f72d0364a136823f40a
:105db40000431360314a136843f0100313604ff03b
:105dc40088434ff03332c3f8b02003b030bd4ff6f0
:105dd400ff755ce74ff08843d3f88000c0f302609e
:105de4001cf01afd00283ff45daf25f4807559e7d7
:105df4004ff08843d3f88000c0f302701cf00cfd10
:105e040000283ff459af25f4007555e74ff0884357
:105e1400186ec0f302601cf0fffc00283ff456af7c
:105e240014f0400f18bf25f4806514f0800f18bfdc
:105e340025f400654ae74ff08843d3f88000c0f3a7
:105e440002501cf0e9fc00283ff44daf25f48055c6
:105e540049e74ff08843186ec0f302501cf0dcfc95
:105e640000283ff44aaf14f0020f18bf25f4005580
:105e740014f0040f18bf25f480453ee7000a0044df
:105e8400004001410010014200201bf0ebfd5ce7e3
:105e9400074a536843f010035360042021f0c2fe04
:105ea400002013f00ff800201bf0e8fd7de700bf91
:045eb4000040014168
:020000040000fa
:020000040100f9
:105eb80080b588b000afb96011461a460346fb8129
:105ec8000b46bb811346fb80fb893b82bb687b6129
:105ed800bb893b83fb887b830e4b1b68fb6110e00f
:105ee800fb691b6807f1100210469847034683f0c8
:105ef8000103dbb2002b01d0002306e0fb695b68dd
:105f0800fb61fb69002bebd1012318462037bd4606
:105f180080bd00bf64a800201fb5044669460088fc
:105f280000f0acf968b3bdf80230abb1019b9bb18e
:105f3800029bd3b9a2882088cab1a368bbb1618883
:105f4800fef726fdd0b14ff0200383f31188bff38d
:105f58006f8fbff34f8ffee74ff0200383f3118855
:105f6800bff36f8fbff34f8ffee79847e2e7019bc0
:105f7800bdf802200021fef70bfde3e7208800f0c2
:105f8800c4f904b010bd7fb56946054600f076f93e
:105f980010b9002004b070bdbdf80230a3b1019b58
:105fa80093b1029bcbb92846fef77cfd019abdf858
:105fb800021006462846fef793fd022804460ed135
:105fc800b4fa84f04009e5e74ff0200383f3118821
:105fd800bff36f8fbff34f8ffee79847e3e740b1fa
:105fe8004ff0200383f31188bff36f8fbff34f8ff8
:105ff800fee73346bdf8022001992846fff758ff0f
:106008000028ddd1c5e71fb504466946008800f0c1
:1060180035f910b9002004b010bdbdf8023093b1b5
:10602800019b83b1029b83b96188a288bdf80230c5
:1060380088189842eedca3682088fef709fdb0fabc
:1060480080f04009e7e700f029f89847ece773b5d6
:10605800104adff844c005460e4600236c46bcf8db
:106068000210994201d800200de092e8030084e86c
:106078000300d1888d4208d1adf8065094e803009a
:1060880086e80300012002b070bd013308329bb2dc
:10609800e5e700bf0041000168a800204ff0200399
:1060a80083f31188bff36f8fbff34f8ffee72de99e
:1060b8007f431b4d8046286826f02efc002481462d
:1060c8002646a14509d836bb32464146144826f033
:1060d80069f901281fd0fff7e1ff002201a928462e
:1060e80026f0dbfb01280dd1019ad8f8003001a970
:1060f8009a4208bf012628460022013426f052f9a8
:10610800e4b2dee74ff0200383f31188bff36f8f0b
:10611800bff34f8ffee7012004b0bde8708300bfd6
:1061280034aa002010b5044688b108200ff0deff1d
:1061380040b94ff0200383f31188bff36f8fbff38b
:106148004f8ffee7024b04601a694260186110bd68
:1061580068a8002010b5044688b108200ff0c6ffd3
:1061680040b94ff0200383f31188bff36f8fbff35b
:106178004f8ffee7024b04601a684260186010bd3a
:1061880064a8002010b5044608200ff0afff28b11e
:10619800034b04805a6942605861012010bd00bf5a
:1061a80068a8002000f44063b3f5406f13b514d11c
:1061b8006946fff74cff70b9002002b010bd009b84
:1061c80033f81400fef7c6fd0134e4b2bdf804301c
:1061d800a342f4d8f0e70024f8e7fef7bbfdebe7ad
:1061e800034b00229880181dda801a81da605ee776
:1061f80068a80020054b5b690bb9184670471a88d8
:10620800824201d05b68f7e70120704768a8002048
:106218007fb5184b184d5e6904464eb90120fef74c
:10622800f1fd3146286817f093fe002004b070bdd8
:10623800fef7e8fd24b10021286817f089fef4e78d
:10624800286826f069fb0646a642eed9002201a975
:10625800284626f022fb012809d1bdf80400fff7e3
:10626800c9ff20b1002201a9284626f09bf8013475
:10627800e4b2e9e768a8002034aa00202de97041bb
:10628800dff848c0dff8488085b086460e4600250e
:106298006c46bcf80030ab4201d8002010e008eb97
:1062a80005130fcb84e80f00bdf8003073450ad101
:1062b800234603cb3060716003cbb060f1600120ee
:1062c80005b0bde870810135e3e700bf68a800208c
:1062d800004000011fb50446008800f44063b3f590
:1062e800406f02d1002004b010bd6946fff7c6ff19
:1062f8000028f7d0a28863881344bdf8022093428f
:10630800f0dc2046fff7d3feede738b5044b1c69f7
:10631800054604b938bd2368284698476468f8e7f5
:1063280068a8002030b585b0044669460088fff7a4
:10633800a5ff002845d0bdf80230d3b1019bc3b1f9
:10634800029bfbb92088fef79dfd2588e0b9019adc
:10635800bdf802102846fef7c3fb10f0fd0f2dd044
:106368004ff0200383f31188bff36f8fbff34f8f74
:10637800fee74ff0200383f31188bff36f8fbff35d
:106388004f8ffee79847dde7a2887ab1a3686bb123
:1063980061882846fef7fcfa80b14ff0200383f3aa
:1063a8001188bff36f8fbff34f8ffee7019bbdf8d6
:1063b800022000212846fef7ebfaede72088fff7d8
:1063c800a4ff05b030bd08b5024b186826f0a4fa42
:1063d800c0b208bd34aa002030b5184d89b00022db
:1063e80002a9284626f059fa012801d009b030bd83
:1063f800bdf8080000f44063b3f5406f19d1694651
:10640800fff725fe0028ead00024adf81640adf8c5
:1064180018400794bdf80430a342e0d9009b05a8b2
:1064280033f81430adf814300134fff77bffe4b2d1
:10643800f0e702a8fff776ffd1e700bf34aa0020f3
:1064480030b50446008800f44063b3f5406f85b06a
:1064580003d10025284605b030bd6946fff70eff79
:1064680005460028f5d0a28863881344bdf80220a9
:106478009342eedc2046fff755ffebe700f440635c
:10648800b3f5406f37b518d16946fff7e0fd05460b
:1064980088b900250ce0009b33f81400fef7f2fce5
:1064a8000028f6d00134e4b2bdf80430a342f2d893
:1064b800284603b030bd0024f6e7fef7e3fc0546a6
:1064c800f6e700f44063b3f5406f13b516d169469b
:1064d800fff7bdfd80b9012002b010bd009b33f865
:1064e8001400fff750fd0028f6d00134e4b2bdf8df
:1064f8000430a342f2d8eee70024f8e7fff743fda3
:10650800eae7038803f44063b3f5406f00d07ae507
:0465180000207047a8
:020000040000fa
:020000040100f9
:10651c0048a800201c0000000000000028aa002051
:10652c00080000000000000027aa00200100000065
:10653c0000000000000000200c0000000000000023
:10654c0088a50020560000000000000094a900203f
:10655c00080000000000000070a900200c000000e2
:10656c000000000000fc01204001000000000000c1
:10657c0024ff0120dc000000000000007ca90020aa
:10658c000c000000000000000c0000205000000077
:10659c000000000068a700202c0000000000000094
:1065ac008cab00200400000001000000aaaaaaaadb
:1065bc00740000201ca000000000000090ab002024
:1065cc0004000000010000000400000040fd012058
:1065dc00040100000000000028a50020600000005d
:1065ec00000000005c0000200a0000000000000019
:1065fc00c0a70020240000000000000064a80020b8
:10660c001c0000000000000034aa0020080000005c
:10661c000000000090a00020150400000000000005
:10662c0004aa002005000000000000006600002005
:10663c000100000000000000680000200c000000b9
:10664c00000000009ca900200800000000000000d1
:10665c0009aa002005000000000000003caa002050
:10666c000c00000000000000a4a90020080000009d
:10667c000000000048aa00200800000000000000f4
:10668c002ea60020020000000000000001aa00203d
:10669c0001000000000000006aab002001000000b7
:1066ac00000000000eaa00201400000000000000f2
:1066bc00f6a80020020000000000000008a800203e
:1066cc00200000000000000092a900200200000041
:1066dc000000000080a8002018000000000000004e
:1066ec0050aa0020040000000000000044fe01201d
:1066fc00e000000000000000a5a400200200000043
:10670c0000000000aca90020080000000000000000
:10671c00f8a80020140000000000000054aa00207b
:10672c0010000000000000006bab00200200000015
:10673c0000000000f4a90020070000000000000089
:10674c0020a9002010000000000000006dab00200c
:10675c00010000000000000064aa00201c000000e2
:10676c0000000000b4a90020080000000000000098
:10677c0080aa0020040000000000000030a90020c6
:10678c00100000000000000084aa00200c00000093
:10679c00000000006eab00200100000000000000b3
:1067ac00bca90020080000000000000028a8002060
:1067bc0020000000000000006fab00200100000072
:1067cc000000000090aa00200c0000000000000057
:1067dc0070ab002001000000000000009caa00200b
:1067ec00080000000000000071ab00200100000058
:1067fc0000000000a4aa002004000000000000001b
:10680c0072ab0020030000000000000002aa002070
:10681c000200000000000000a8aa002004000000f4
:10682c000000000054ab0020040000000000000039
:10683c00acaa0020040000000000000040a90020c9
:10684c00200000000000000075ab002001000000db
:10685c0000000000c4a90020080000000000000097
:10686c00b0aa0020240000000000000076ab00203d
:10687c000100000000000000d0a600203400000041
:10688c000000000077ab00200100000000000000b9
:10689c00d4aa00200800000000000000e4a700209b
:1068ac002400000000000000dea5002050000000c5
:1068bc000000000078ab0020010000000000000088
:1068cc00dcaa0020040000000000000088a90020c1
:1068dc000a0000000000000079ab0020010000005d
:1068ec000000000058ab0020020000000000000077
:1068fc00e0aa00200800000000000000cca9002045
:10690c00180000000000000098a8002030000000d3
:10691c00000000005aab0020040000000000000042
:10692c007aab00200100000000000000e8aa002063
:10693c000400000000000000e4a900200800000092
:10694c0000000000ecaa00200c0000000000000079
:10695c00eca900200800000000000000f8aa0020ac
:10696c0004000000000000007bab002001000000d0
:10697c000000000060a900201000000000000000d2
:10698c005eab00200200000000000000a8a4002064
:10699c0080000000000000000ca900201400000082
:1069ac0000000000fcaa002008000000000000000d
:1069bc0030a60020500000000000000004ab0020b6
:1069cc0004000000000000007cab0020020000006e
:1069dc0000000000e0a800201600000000000000ed
:1069ec0060ab002004000000000000007eab002023
:1069fc00010000000000000064ab00200200000059
:106a0c00000000007fab002001000000000000002f
:106a1c0008ab0020140000000000000022aa002097
:106a2c00050000000000000080ab00200300000007
:106a3c000000000066ab0020020000000000000017
:106a4c001cab00200c0000000000000083ab0020f9
:106a5c00010000000000000038a7002030000000fa
:106a6c0000000000fba90020060000000000000050
:106a7c0094a700202c0000000000000084ab002034
:106a8c00010000000000000028ab002008000000fe
:106a9c000000000085ab0020010000000000000099
:106aac0030ab00200c00000000000000c8a8002043
:106abc0018000000000000003cab002008000000a3
:106acc000000000086ab0020010000000000000068
:106adc0004a70020340000000000000044ab00209c
:106aec00080000000000000087ab0020010000003f
:106afc000000000068ab0020020000000000000055
:106b0c0088ab002001000000000000004cab00200e
:106b1c00040000000000000080a6002050000000cf
:106b2c000000000050ab002004000000000000003a
:106b3c000000000000000000666666666666666619
:020000040000fa
:020000040100f9
:106b4c002de9f043074689b018220e4602a8002111
:106b5c0025f04cfe3c6800251ff042fe257523f005
:106b6c00b5faa36fda050ad50cf09efb1df0deff1b
:106b7c0026f016fb274b9a8f65f3c7129a87b4f849
:106b8c005c3001339bb2a4f85c30ebb9b4f85030f4
:106b9c0053b1b4f85420524292b2b2fbf3f103fb5e
:106bac0011229b1aa4f85430e36fdb070cd5d4f8f0
:106bbc00b4114b8943b18a89524292b2b2fbf3f0c1
:106bcc0003fb10229b1a8b81b4f85a3023bbe06f65
:106bdc0010f0010040f0808101460546b4f850c029
:106bec00bcf1010f00f08e81edb9b4f85420b4f86b
:106bfc005c309a4240f27f81d21a92b2b2fbfcf521
:106c0c000cfb152292b2002a40f07e81a4f8582089
:106c1c0078e100bf00240141013b9bb2a4f85a303b
:106c2c00002bd4d00025e37d012b66d1a36fda01b4
:106c3c000cd5d4f8cc0026f00ffc8046d4f8cc0050
:106c4c0026f0bbfb0146404623f0befed4f8c8300c
:106c5c00db0110d520461df049fb60b1d4f8cc0007
:106c6c0026f0fafb8046d4f8cc0026f0a6fb0146b1
:106c7c00404623f0a9fea26fd4f8803012f00079c0
:106c8c0000f06881d4e921929b00403302f1ff3877
:106c9c004ff6fc721a40d4f8cc1002a81ef001ff7b
:106cac00d4e9202140f272234b4303eb42032033ff
:106cbc00a8eb0908c4f88c304fea482305939df8db
:106ccc00083043f010038df80830e37d012b14d10c
:106cdc00e3681bb9a36f23f48053a367a36f13f46a
:106cec00505f00f09f81180240f1f78123f40003fc
:106cfc00a367d4f8cc0026f035fa002d3dd1a36f54
:106d0c001a023ad4b4f85a30002b36d1b4f8545095
:106d1c00b4f85c20b4f8500095428cbfab1a531bee
:106d2c009bb2b3fbf0f100fb1131954289b2e36fda
:106d3c009cbf411a89b2db0717d5d4f8b4c1bcf893
:106d4c000c50bcf80ac095428cbfab1a531b98b2be
:106d5c00b0fbfcf30cfb13039bb295429cbfaceb5a
:106d6c0003039bb2994228bf194631b1a4f85a10bb
:106d7c000022d4f8cc0026f0eff91ff031fda36f00
:106d8c0023f03c5323f44c63a367d4f8c83023f0ae
:106d9c008073c4f8c83023f099f9a36f9d0729d5e7
:106dac001ff01efda36f23f0020343f00403a3673f
:106dbc0023f08cf901a9d4f8cc0025f069f9019bda
:106dcc005b0a0193226f13442367384624f0c0fefc
:106ddc0094f86d30d4f8cc0043f0100384f86d3087
:106dec0026f03afbc4f8c000d4f8cc0026f0e5fa43
:106dfc00a4f8bc00a36f980211d51ff0f1fca36f8f
:106e0c0023f40013a36723f061f9204624f000fb60
:106e1c009df80830069043f020038df80830a36fde
:106e2c00990540f14181a38f002b00f04e81b4f8fd
:106e3c006830002b00f04981013ba4f86830002336
:106e4c0084f828301ff0ccfca36fd80554bf23f472
:106e5c00844323f48643a36723f038f994f86d3008
:106e6c0059070cd501ab04229e49019701201bf058
:106e7c0003fc94f86d306ff3820384f86d30d4f812
:106e8c00443143b11a7c520641bfd3f82220137a05
:106e9c0043f02003137294f8f2305b060cd5019486
:106eac0094f8f23090496ff3861384f8f230042290
:106ebc0001ab01201bf0e0fb002e00f00a8102abbd
:106ecc0003cb3060716003cbb060f16003cb3061f9
:106edc00716109b0bde8f083d4e96d3194f8e42018
:106eec00082a18bf19464d8905f1ff3cdcf1000555
:106efc0045eb0c0572e69a1a92b2002a7ff47eae2c
:106f0c00a4f8585001258ee6b4f8582022b1013a65
:106f1c00a4f85820022586e600283ff483ae8a891f
:106f2c009a4212d9d31a9bb24889b3fbf0f200fbf8
:106f3c0012339bb2002be5d0b4f85230012be9d8b8
:106f4c000b8a012b7ff66eaee4e79b1a9bb2002beb
:106f5c00d8d0e9e712f001023fd0d4f88c10d4f865
:106f6c00840001f1200808eb430840f2722101fb78
:106f7c000088607d58b10321b0fbf1f101eb4101b8
:106f8c00411a11f0ff0f04bf08f272289146b8f5b0
:106f9c00004fbff49aae618f40f271224a43963a89
:106fac009045bff492ae9b0040334ff6fc721a40f2
:106fbc00d4f8cc1002a81ef074fdc4f88c8001a982
:106fcc00d4f8cc0025f064f8d4f88430019ac3ebe3
:106fdc005223a3eb09035b0270e69b0003f5987345
:106fec004ff6fc721a40d4f8cc1002a81ef059fdd2
:106ffc00d4f88c30d4f88020d4f8cc007a3303eb5e
:10700c004203d4f8842040f2722101fb0233c4f80d
:10701c008c3001a925f03cf8d4f88430019ac3ebec
:10702c005223d8e799067ff568ae94f86c20920746
:10703c007ff563aea18f00293ff45fae18023ff5d8
:10704c009cae25b1b4f85020012a7ff496aeb4f86a
:10705c005820002a41d1b4f85000a4f8681043f429
:10706c0000030128a36704d1d4f8cc0026f074f8ef
:10707c0043e6b4f854e0b4f85cc0e6458cbfaeeb24
:10708c000c03aceb0e039ab2b2fbf0f300fb132330
:10709c009bb2e6459cbfc31a9bb211fb003189b26f
:1070ac00a4f85a100022dfe75a040ed51d047ff510
:1070bc00c6ae204622f02af99df808308df809005a
:1070cc0043f001038df80830b9e6204625f07afb31
:1070dc00f2e702a80bf07cfffbe6002d3ff412aeaa
:0c70ec004be600bfa204010105070101f2
:020000040000fa
:020000040100f9
:1070f800f8b58b1e04460e46232b38d8dfe813f06c
:10710800240037003700370030007a003700f200db
:107118003700060149016701370078013700e201ad
:10712800260239023c0263027f023700370037002b
:107138003700370037009a029e02370037003700c1
:107148003700a202a502a802d0f8c430de0702d593
:1071580001252846f8bd90f8e01023f006faf7e775
:1071680090f8f4309d0712d43d2123f0fef9c84b66
:107178001b68002b40f06f82c64b1d68002de8d0bd
:1071880031462046a847051c18bf0125e1e7c37d05
:10719800abb990f8e25094f86d3023f0600384f8ae
:1071a8006d30204620f076fd212d16d101220021d8
:1071b800204623f041fce37dabb9002116e006210f
:1071c80024f0c0f90028d2d094f8f43094f8e450b0
:1071d80043f0010384f8f430dde7222debd120469b
:1071e80023f0e7fde7e7012bb2d10121204610f09b
:1071f800c1faade790f8e130162b44d014d80e2b25
:1072080028d008d8032bd8d190f8ed306ff30003bd
:1072180080f8ed30d1e70f2b26d0142bcdd190f884
:10722800ed306ff34513f3e7232bc6d3252b3dd958
:10723800283b012bc1d8d0f8500120b121f01afa0f
:107248000023c4f8503194f8f2306ff3041384f833
:10725800f230b2e790f8ed306ff3c30380f8ed3009
:107268001a2120f0f5fea8e790f8ed306ff34103fe
:1072780080f8ed30c37d13b921f08df868e71a2145
:107288001bf05cf899e7012123f0c6fd25f07afb95
:1072980000210546204623f0bffd25f073fb1a2385
:1072a80002462946204621f033fa86e7d0f84431d1
:1072b800002b82d0d3f8220060b121f0dbf9d4f89a
:1072c8004431002283f8222083f8232083f82420e5
:1072d80083f82520d4f8440121f0ccf90023c4f820
:1072e80044316ae790f8e25005f0fd05012d7ff47e
:1072f8002fafd0f8b431002b3ff42aaf002120f093
:10730800a7fe0021204610f035fa22e7c57d4dbbc7
:1073180090f8e230222b7ff41baf90f8e330042b77
:107328007ff416af0b2124f00df900283ff41fafae
:1073380020461af019fc054678b1012384f8e33099
:1073480094f8f43023f0030384f8f43094f86d30a3
:1073580043f0400384f86d30fbe60146204622f0f6
:10736800f5fc04e7012d7ff4f3ae90f8e430222b0e
:107378007ff4eeae90f8e530042b7ff4e9ae0223fb
:1073880080f8e53090f8f4306ff3000380f8f430bb
:10739800dfe60c2118f068fe054600283ff4d8ae59
:1073a80094f8e230022b06d1002684f8e2602046e9
:1073b80021f05efea5e794f8f23019073ff5c8ae54
:1073c800204620f0c5fa00287ff4c2aecfe625f0ab
:1073d8005bf900283ff4f1ae94f86d3023f06003b8
:1073e80084f86d3000221a21204623f025fbe4e6bc
:1073f80090f8e450002d7ff4abae1ff075fe002826
:1074080052d0112384f8e4300f21204618f02cfec6
:10741800002800f00981d4f8b87125f081fe012810
:1074280026d97b8b628fd4f8cc009a421abf40f2df
:10743800e2415943294624f076ffa4f8a800b4f89d
:10744800a82032b1798bb2fbf1f301fb1323a4f826
:10745800a830204621f0f8fb054660b1204622f00e
:107468009ef894f8f23043f0010384f8f23070e6a5
:10747800a4f8a850ede7e37d73b90421204610f085
:107488005dfb00287ff464ae002384f8e4306ee6e8
:10749800c4aa0020c8aa0020012b7ff459ae1021ed
:1074a800204611f055fcece70f211e2220461ef065
:1074b800abfc01210546204610f05cf9002d3ff495
:1074c80056ae45e690f8e230132b2bd00ed8082b99
:1074d80037d0112b7ff471aec37ddbb990f8e01083
:1074e8001a2911d1012110f029fb6ce7213b012b4e
:1074f8003ff663ae90f86d3090f8e01023f060032b
:1075080080f86d30002270e790f8f230da077ff5e6
:1075180054aeb5e690f8f230db077ff54eae90f842
:10752800e010ade6012123f077fc25f02bfa0021cd
:107538000546204623f070fc25f024fa94f8e03044
:10754800aee690f8e0101ef02df836e6122118f09d
:107558008bfd18b9204620f09dfbf9e594f8e4303e
:10756800002bf7d11321204623f0ecff0028f1d19e
:10757800fde520f08ffb20e690f8e430002b7ff447
:10758800e7ad142118f070fd00284dd094f8e430d0
:10759800002b7ff4ddad142120460ff06df9054670
:1075a80020461ff01fff20b90121204610f0e2f805
:1075b800dde5002d3ff419ae204621f0e1fa204622
:1075c80023f0a6fa11e690f8e230052b01d0032b40
:1075d80010d1d4f8b4316bb1152120460ff04cf915
:1075e80000283ff4eaad204621f0cafa204623f0ed
:1075f8008ffae2e51521204623f0fdfba8e590f877
:10760800e430002b7ff4a4ad132380f8e430162176
:1076180018f02afd40b1e37d204613b90af054fe64
:107628002fe71df05ff92ce794f8e630002b7ff484
:107638008faddae522f086f905463fe7002122f012
:10764800f2fabae517f05cfaf6e707f069fff3e734
:1076580013f0defef0e731462046984700283ff455
:047668008bad75e58c
:020000040000fa
:020000040100f9
:10766c0070b50378c4b00446202b3bd8dfe813f088
:10767c0021004c0013023a003a003a003a006f0025
:10768c003a0042013a003a00710198023a003a007d
:10769c003a009e01ec0192001a023a003a003a00bc
:1076ac003a003a003a003a0022024d0271023a00c6
:1076bc00cc01c588284621f0a1fb0246a8b9b84bdd
:1076cc000093cde9015004231021ee2011f092f823
:1076dc000022043401920094062305214ff4827099
:1076ec0022f0c0f8012044b070bd20f03fffe388c9
:1076fc00adf81230237a8df8143004a801238df8dc
:10770c0010301df0e1fae3e7c588284621f076fb3e
:10771c00024680b90123cde90153a14b00931021fe
:10772c000423ee2011f066f8002204340192009438
:10773c0006230821d2e703238df8103004a82379ff
:10774c00adf812508df814301df0befaece7c58878
:10775c00284621f053fb024680b90723cde901539b
:10776c008f4b009310210423ee2011f043f80022dc
:10777c0004340192009404233021afe703238df8e5
:10778c00103004a82379adf812508df814301df088
:10779c009bfaece7037a834d012b60d1286800f546
:1077ac00da7010f017fc2a681378002123f001031b
:1077bc001370084621f0feff1ef09cfe2379002b6f
:1077cc0040f08580e388002862d12278cde901322f
:1077dc00754b0093024604231121ee2011f00af898
:1077ec0023798df8123004f10a06e388adf81430d1
:1077fc003146237a607a8df8163022f003fce38947
:10780c00adf81c30637d8df8170003f0c003d4f87d
:10781c000a000690402b5fd1234653f8102fcdf869
:10782c001e209b88adf822302346002553f8160ff6
:10783c0009909b88adf82830a38badf82a3004a8aa
:10784c00d4f81e300b9304348df810501df03cfa14
:10785c000195009420232a464ff49f713ee72a6835
:10786c00137823f0040313700221002021f0a2ffef
:10787c002b6803f5087203f5107300bf52f8040b64
:10788c0010b1c178012999d09342f7d1002095e726
:10789c0003800223c370237a8370a38b8381e38bd1
:1078ac00c381238c03822b6893f821200271627da3
:1078bc0002f0c002402a0abf234653f8221f53f895
:1078cc00101fc0f80510421d9b88938088e7002884
:1078dc0086d020f04bfe83e72b6893f82120022af8
:1078ec0002d153f8222f9ae70023cdf81e30adf8c1
:1078fc00223099e7c588284621f080fa024688b9db
:10790c000923cde90153264b009310210423ee20cb
:10791c0010f070ff00220434019200940a2340f20c
:10792c003e31dbe60023837402238df81030e388ac
:10793c00adf8123023798df814302389adf8163058
:10794c00a268a389069204a8adf81c301df0bcf9fe
:10795c00e0e78588284621f051fa024688b90c23c5
:10796c00cde901530e4b009310210423ee2010f0af
:10797c0041ff00220434019200940a2340f23e613c
:10798c00ace606238df81030d4f80630059304a825
:10799c00d4f80a30adf8125006931df095f9e8e7cb
:1079ac001c2602013caa002050260201c58828464c
:1079bc0021f024fa90b91123cde901537c4b0093ab
:1079cc00024604231021ee2010f014ff0022043490
:1079dc00019200940c2340f23e417fe62379002b68
:1079ec00f4d1237a9b0605d544f29022fb21008822
:1079fc001cf0c4fa17238df8103004a8e388adf8f6
:107a0c0012301df061f9e1e78588284621f0f6f97e
:107a1c00024680b92023cde90153654b0093102118
:107a2c000423ee2010f0e6fe0022043401920094b0
:107a3c000223572152e60b2304a88df81030adf821
:107a4c0012501df041f9efe7c588284621f0d6f910
:107a5c00024688b91223cde90153554b00931021ee
:107a6c000423ee2010f0c6fe002204340192009490
:107a7c00062340f63e4131e60c238df81030237975
:107a8c008df8143004a82389adf81250adf81530d8
:107a9c001df01af9e8e700220434019200940a233d
:107aac000c211be60022043401920094042341f2c1
:107abc003e4113e6c588284621f0a0f9024688b954
:107acc001c23cde901533a4b009311210423ee20e2
:107adc0010f090fe00220434019200940a2342f22a
:107aec003e11fbe514238df8103023798df81230fc
:107afc00a26894f90c30adf8145004a8cdf81620f7
:107b0c008df81a301df0e0f8e4e78588284621f05e
:107b1c0075f9024688b91d23cde90153244b009316
:107b2c0011210423ee2010f065fe00220434019292
:107b3c000094042342f23e01d0e516238df8103058
:107b4c0004a8e388adf81250adf814301df0bcf861
:107b5c00ebe7c588284621f051f9024688b91e2367
:107b6c00cde90153124b009311210423ee2010f0a8
:107b7c0041fe00220434019200940c2343f63e6132
:107b8c00ace518238df81030a368cdf8163004a896
:107b9c00e368adf81450cdf81a301df095f8e8e70d
:107bac0000220434019200940a2340f23e7195e5c0
:047bbc001c26020180
:020000040000fa
:020000040100f9
:107bc000704770b5f9b101444ff6ff7348f20845ac
:107bd00089b200bf10f8014b082200bf84ea0306f7
:107be00016f0010f4fea530302f1ff3214bf6b404e
:107bf0009bb212f0ff024fea5404efd182b28a42e4
:107c0000e8d1db4399b2084670bd10b51378ed2b6f
:107c1000144611d15378032b0ed1937853b1012b15
:107c20000ad1fff7ceff2279e37803eb02231b1a78
:107c300018bf0123184610bd0123fbe7f0b503462a
:107c400040780622b0fbf2f102fb110212f0ff00b5
:107c500026d1144e144fdff854c0cdb20233014682
:107c6000a94200d1f0bd5c781a7893f802e002ebeb
:107c7000042202f1824404f59034013184f800e0da
:107c8000941993f803e084f800e0d41993f804e021
:107c900084f800e062445c7914700633c9b2dfe70f
:107ca0000120dfe7012001410220014103200141c1
:107cb000f0b543780622b3fbf2f602fb163212f05f
:107cc000ff0230d10239f6b2831c1546c9b2b54263
:107cd00001d11046f0bd5c781878012900eb042032
:107ce00080b211d800f1824404f5803793f802c0c5
:107cf00087f800c004f10114df7827700b4c1f795e
:107d0000275401345f792754a42808d1987800f0cb
:107d10001f00c406064c48bf60f01f0020700135ec
:107d20000633edb2d3e70122d3e700bf02000141e1
:107d3000660000204078023818bf01207047437861
:107d4000042b05d1034bd0f802201a6001221a71ce
:107d50000020704704aa0020f8b50f46044600260c
:107d6000a1f10805a54202d84ff0ff3406e02378c0
:107d7000ff2b13d1230703d144f07f442046f8bde5
:107d800024f003031c1da742eed95a68013205d125
:107d90005b69013302d114f00c0fedd02378012b75
:107da0000ad16378012b07d1a178621d0a44e01c37
:107db000fff72bff0028e1d00eb1d3e70434a54232
:107dc000d0d923680133cdd0234613f8012bef2af5
:107dd0000bd16378002bf1d1a378ed2beed1e378b2
:107de000032bebd107340126bce71c46e7e72de95e
:107df000f84385789df8206004460f4690469946e2
:107e000003352378434504bf012389f800302378e4
:107e1000082b2bd00fd8022b1bd0072b20d00020f3
:107e2000a7421bd96378023ded1a2db20233002d13
:107e30001c44e6dc12e00a2b22d01bd3552beed1da
:107e4000a4f5c043b3f5776fe9d22046fff777ff7b
:107e500002e02046fff76eff0128e1d1bde8f8837c
:107e6000002edcd0204611f0c7faf5e7204611f0cd
:107e700081faf1e7002ed2d02046fff7dffeebe7d4
:107e800031462046fff714ffe6e72de9f7430f469a
:107e90009046994628b3164b1a793ab3186800f5fc
:107ea000776600250be04346cdf800903a46314610
:107eb000fff79dff0546a07804f10a031844b0427d
:107ec0000bd23146fff748ff10f07f4f0446ead04f
:107ed00084b2b4f5c04f08bf0125284603b0bde801
:107ee000f08346f670764ff4c040dae78525f4e774
:107ef00004aa002013b5134614460a460146002082
:107f0000fff7c3ff054b1b7933b123460df1070281
:107f100000210120fff7b9ff02b010bd04aa002024
:107f20002de9f0478678089d9df824a089460446ef
:107f3000174698460336002123786278ff2fdbb27c
:107f400008d1013bdbb2fd2b2ed828880232214616
:107f500040440ae0bb4227d1baf1000ff5d0062f0a
:107f60000cd1072a1cd1a11c404623f013fe2b88fc
:107f70009a1c637813442b80012115e00b2f01d14b
:107f8000042aefe70c2f01d1012aebe7102f01d1d2
:107f9000022ae7e7152f01d1082ae3e7182fefd0cf
:107fa0002b8802331a442a806378023ef61a36b2ce
:107fb0000233002e1c4401dd4c45bdd3012914bf02
:107fc00080200020bde8f087f0b585b0002406468b
:107fd0000f46adf80e404ff4c04000bf46f670713a
:107fe000fff7bafe10f07f4f054615d1012301932c
:107ff0000df10e03009332463b4646f67071fff7d3
:108000008fff0028a87805f10a03184446f66f731d
:1080100008bf01249842e1d9012c14bf8020002020
:1080200005b0f0bd014608b50620fff7cdffb0fa58
:1080300080f0400908bd014608b51520fff7c4ffd0
:10804000b0fa80f0400908bd024b93f9003003708c
:10805000012070476600002013b5044601a90b20db
:10806000fff7b2ff28b9bdf804302380012002b029
:1080700010bd0020fbe713b5044601a90b20fff754
:10808000a3ff28b9bdf806302380012002b010bd3f
:108090000020fbe713b504460df107010c20fff7a4
:1080a00093ff28b99df807302370012002b010bd5e
:1080b0000020fbe7014b1879704700bf04aa00209d
:1080c000014b1871704700bf04aa0020014b1868cb
:0880d000704700bf04aa002064
:020000040000fa
:020000040100f9
:1080d8002de9f04f044699b005284cd8dfe810f098
:1080e80006004b0037024a025d026302bf4e336846
:1080f8001a78d70602d5d86b15f044f8bc4bd6f8d9
:1081080000e01d68d5e91823cde9042300220023e7
:10811800c5e918230ef106030ef12e0213f8010b20
:1081280004449a42a4b2f9d1e408222c9cbfc4f1b9
:108138002504e0b24ff0000488bf0220a44600bf27
:108148009ef8033063451ad2d5e91823cde90a23ee
:10815800a84b9a69002a58d1db68002b55d1a54b4a
:108168009b68002b40f0e581a04b1868282200216d
:10817800063024f03dfb002019b0bde8f08f242123
:108188004ff000088b1cdbb20c2b28d00b2b4ff0c8
:1081980001032fd8cf18a1f11f02c7f1200603fa57
:1081a80002f223fa06f63243bb40d5e9167603ea13
:1081b800070a02ea060b5aea0b0610d00ef1080667
:1081c800765c66450bd1d5e918763b4332430134da
:1081d800c5e91832e4b2a04298bf4ff0010801394e
:1081e8008e1ccfd1b8f1000faed10cf1010c5ffaa3
:1081f8008cfca5e7a1f12002c1f1200603fa02f2e6
:1082080023fa06f632438b40cfe77b4bd3f800a026
:10821800baf1000fa3d0774dab69002b00f05f8156
:10822800daf808301a7a042a40f059811d686f4b31
:10823800012128461e6822f0effddde90a23dde969
:108248000478434508bfba4204d195f8f23099063c
:1082580040f12281c0f347000644284696f840b012
:1082680022f037f90990002800f0168195f8f230cd
:108278009a0644bf6ff3451385f8f230d5f85031ac
:108288005b4a002b00f09980d3e90031079301f095
:108298001f0308931368d3e91810079b1940089b1c
:1082a8001840cde9161000262622012334465c45e5
:1082b80003d2013a12f0ff026fd1079b0293089b89
:1082c80001934e4b009302220123d421ec2010f09d
:1082d80093fa5c4580f0bb80444b1b680d93db78b8
:1082e8001593dde9167300200693a4462421149003
:1082f80086460c908b1cdbb20c2b39d00b2b4ff025
:10830800010267d88b189846c8f12009a1f11f030c
:1083180002fa03f322fa09f9464643ea0903b2408e
:108328000d9e06f1080919f80190814520d102ea4d
:1083380007061096069e1e401196dde9108958ea38
:10834800090615d1079e16401296089e1e401396e0
:10835800dde9128958ea090652d017430134069a12
:10836800e4b21a43a345069200f02281099b1493b4
:1083780001398e1cbed10130159bc0b2834227d271
:10838800149b13b1069b16971793dc45dde916235a
:1083980042d200210846012794e001ea03070e971c
:1083a80000ea06070f97dde90e7857ea08071cbfb1
:1083b8000134e4b2db18764179e71368d3e918236e
:1083c8004ff0ff37cde916231f23cde9077374e774
:1083d80024218fe7a1f12003c1f1200902fa03f358
:1083e80022fa09f943ea09038a4099e748ab0020d1
:1083f800d4aa002004a70020e4a90020eefb010174
:10840800e345b5d942ea0e0e0c9a0cf1010c1a4359
:108418000c925ffa8cfcabe70c994eea0202194306
:10842800cbb2cde916210193664b0292009302224a
:108438000123d421ec2010f0dff9d5f8503133b9fd
:10844800614b1968dde91623c1e918235c46dde9ab
:108458001623dde904018b4208bf82421cd00121aa
:1084680028461ef061feb8b1082011f00ffc034643
:10847800c5f8b4019df85c20169818601a71534b22
:1084880028469b699847524b01900093022201238a
:10849800d421ec2010f0b0f9daf800a0b8e600bf5b
:1084a800c1f12406a6f1200cc6f1200007fa0cfc45
:1084b80027fa00f04cea000007fa06f60343099889
:1084c80032430131ceb2b345ead808b1cde916231b
:1084d800169b02939df85c3001933e4ba6e7eb6830
:1084e800002bd9d0daf808301a7a052ad4d11e68b8
:1084f800354b1b68d3e91823dbb20193364b029244
:10850800009302220123d421ec2010f075f996f88b
:10851800f230da06c0d5dde90a23dde904018b4231
:1085280008bf8242b8d0eb68304698472b4b019081
:10853800abe7254a1068dde90412d0e918459542f1
:1085480008bf8c423ff410ae603098470ce6244ccc
:1085580023680020196b1af0b5fb28b92268137834
:1085680043f01003137006e6184841681c300df0fc
:108578007ffb00e61a4c23681b78db0604d51348fa
:1085880041681c300df074fb23681a786ff30412ed
:108598001a7023680022da63ede5114b1b68d86b6b
:1085a80014f0f0fde7e5094b08465b699847e2e5fa
:1085b800069b9df818601793169702970196094b2a
:1085c80034e700bf01fc0101d4aa002004a7002061
:1085d80029fc010115fc010139fc01014bfc0101d9
:0885e80048ab00205bfc01011f
:020000040000fa
:020000040100f9
:1085f0002de9f04f04468db008f078fa94f8503029
:10860000d4f8e4b0039394f84b7094f84f3004938b
:108610000bf142030293002f00f090810bf18403d1
:108620000193d4f8bc300593d4f87c6194f81931e7
:10863000f5682bb1c2681168abb263f3de3111602b
:108640002b686ff302032b602b6894f8242062f3ed
:10865000c4032b602b684ff0040969f3ca132b6025
:108660002a682b4669f3ce2243f8102b2a689bb266
:1086700063f3de322a602b686ff3df732b60ab6825
:10868000012262f30103ab60ab6843ea0903ab600c
:10869000ab686ff3c803ab606a681ffa8bf363f3d0
:1086a0000f026a606b686ff31f436b604ff0000846
:1086b000b44b94f8470008935a4607a90794adf8bd
:1086c000248011f0e1fc9bf8012094f8361094f816
:1086d000240020f040fac6e904b8d6f800a086f8d5
:1086e0000880f560c6f81880a6f81c80daf80c60df
:1086f0003268052363f302023260326894f8241072
:1087000061f3c4023260326869f3ca1232603268bf
:1087100069f3ce223260326868f3de32326072680a
:10872000b4f8dc1061f30f0272607268b4f8d8100c
:1087300061f31f427260b268022161f30102b2600c
:10874000b26842ea0902b260b16806f1100292b260
:1087500062f35821b160b26868f35a62b26000f106
:1087600070050c2294f8361094f8240020f0f3f9e8
:108770000523caf80c608af80830d4f8dc30caf84f
:108780001850cae90435aaf81c8094f83610b1fada
:1087900081f181460c22490994f8240020f0dbf98c
:1087a00094f82430022b00f0cb80032b00f0cd8016
:1087b000012b40f0cf8009f1a90900f1a9062e4450
:1087c0004d44daf800a0daf80c80d8f80020042331
:1087d00063f30202c8f80020d8f8002094f82410af
:1087e00061f3c402c8f80020d8f8002063f3ca126d
:1087f000c8f80020d8f8002063f3ce22c8f8002083
:10880000002f00f0a980d8f8002008f110039bb2d7
:1088100063f3de32c8f80020d8f800306ff3df735e
:10882000c8f80030d8f80420bdf8083063f30f0210
:10883000c8f80420d8f80420bdf8143063f31f42b0
:10884000c8f80420d8f80830022262f30103c8f8ff
:108850000830d8f8083043f00403c8f80830012382
:1088600007948df82230002f7dd08df82130049ba5
:108870008df8243000238df823308df82530029aae
:1088800094f847000b2307a98df8203011f0fcfb6a
:108890009bf8432094f8361094f8240020f05bf9fc
:1088a0008346002f64d0b4f8c090049ba9eb030961
:1088b0001ffa89f904238af80830029bcaf80c8051
:1088c000cae904350023fa1a18bf01228af81d20cc
:1088d0009df82120caf818608af81c306ab18df81a
:1088e000283094f82430013b8df8293051460bf59f
:1088f000a5730aa80b9315f04ffc9df82430059a38
:108900001a44134694f82420022a33d0032a0cbfb9
:108910004ff079084ff07c08d84477b3e1354544ef
:10892000e136b044daf800a077bb454534bfc4e96e
:108930004e85c4e94e580db0bde8f08f019770e642
:1089400009f1a20900f1a20639e709f1ac0900f129
:10895000ac0634e72e4634e7d8f8003067f3de3350
:10896000c8f8003058e78df82170b4f8c0307fe7c0
:10897000b9469fe74ff08308cee7073545440736f1
:10898000cfe700bf0a000100daf80c6032686ff32d
:1089900002023260326894f8241061f3c40232603b
:1089a0003268042161f3ca1232603268013f61f318
:1089b000ce22326017f0ff0717bf3168326806f128
:1089c000100292b215bf62f3de3167f3de3231601e
:1089d000326032686ff3df723260b2686ff30102a7
:1089e000b260b26842f00402b260b2686ff3c802cb
:1089f000b2607168bdf8042062f30f0171607168a4
:108a00009ab262f31f410122716007948df822200f
:108a1000002f58d08df82120039a8df824200d22a4
:108a20004ff0000b8df8202007a9019a94f8470019
:108a300002938df823b08df825b011f025fb019b32
:108a400094f836105a7894f8240020f084f8029ba9
:108a50000246002f3cd00399a9eb01091ffa89f9be
:108a60000199caf80c60cae90415391c18bf012124
:108a70008af81d109df821108af808b0caf81880ed
:108a80008af81cb089b194f82410049301398df848
:108a9000291002f5a5710b910aa8514602928df892
:108aa00028b015f079fb049b029a9df824100b4422
:108ab0000199423101916fb105f5a575154408f58d
:108ac000a57890442ee78df821708df82490a6e7c4
:108ad000b946c5e77035154408f17008f1e700bfe5
:020000040000fa
:020000040100f9
:108ae0002de9f04f87b0b64b0190054689461746f1
:108af0000093022201230721ec200ff081fe24f0d5
:108b000091f8002840f0bb80012d04d1b9f1000f8d
:108b100001d112242ce0a5f102085ffa88f8b8f11f
:108b2000010f02d8b9f1010ff3d84ff0000ad14577
:108b30000fd10023049304ab0593002d00f0fc80bb
:108b4000b8f1010f03d90121084617f0d1fa002628
:108b50009fe19c4e062303fb0af33068f95c043066
:108b600024f0a0fa0446002860d1032d0ad0422444
:108b7000954b0093019401230022ff21ec200ff07c
:108b80003ffee5e03068f021043024f08bfa044623
:108b90000028ecd036688d494ff4fc7206f10c00c9
:108ba00022f01cfc337b2374737b84f82530b37b69
:108bb00084f82230f37b84f82430337c84f8263028
:108bc000737c84f82330f37c84f83830337d84f868
:108bd0003730737d84f83530b37d84f8363096f9bc
:108be000173084f82730d6f8f431636106f5fc734a
:108bf00093e80300a4f84410090c84f8461020649c
:108c0000b37c84f81931204619f034fb064620461f
:108c100019f064fb1af012ff15f026fc13f04afa63
:108c2000304310f0ff0f15d01e24a1e715b90af14b
:108c3000010a7ce7032dadd0012d0fd9022d09d1fa
:108c4000b0f8b030e62b00f29381b0f8c030e62bdc
:108c500000f28e8194f84730012b10d094f8b43094
:108c6000012b0cd094f8c430012b08d094f8473075
:108c7000a3f10a02012a04d8b4f8c03043b90c2485
:108c800076e7062b15d1b4f8b030f52b3ff641af9f
:108c9000617e39b904a822f091fa9df81030002bba
:108ca0007ff437af637e012b09d194f8403073bb5a
:108cb0002fe7072becd1b4f8b030ef2be6e7023bff
:108cc000012b24d8a27e9df8103062f300038df8aa
:108cd00010302346002653f81b2fcdf811209b8817
:108ce0008df80e600df10e0104a8adf815301bf0e3
:108cf000cffe60b1637e022b18d131460df10f001b
:108d000022f05cfa9df80f30002b7ff402af94f84c
:108d1000f830002b8bd194f84730042b204608d82c
:108d200009f056f90446002881d021e7032beed143
:108d3000bbe703f0f7f9f5e7224eb9f1000f21d1b7
:108d40003368234d5c683cb9012023f063ff0024a5
:108d5000204607b0bde8f08f237cf02b10d094f8ac
:108d6000f8306bb194f825300821cde90053ec20a0
:108d7000012302220ff044fd0121204621f0c0f919
:108d80002468e0e706236b433068f95c043024f084
:108d900089f990f8f830044673b190f825300193c2
:108da0000b4b00930821ec20012302220ff028fd39
:108db0000121204621f0a4f90135a945e2d1c3e7fc
:108dc000309b0201b4aa0020789b020110400144ac
:108dd0004e9b0201dff8a4a106237343daf80000da
:108de000f95c043024f05ef9022d044664d1d0f819
:108df00014b024f075f94ff4c8635843b0fbfbf08e
:108e000023f028ff22f0aefddaf80030227c1a733e
:108e100094f825205a7394f822209a7394f8242009
:108e2000da7394f826201a7494f823205a7494f86c
:108e30003820da7494f837201a7594f835205a756a
:108e400094f836209a7594f92720da756269c3f888
:108e5000f42104f1400292e80300a3f8fc11090c8c
:108e6000c3f8f80183f8fe1194f819219a7420468a
:108e700016f046f91af026fb17f0e0fd14f07efd1f
:108e800094f8f83023b994f8471020460bf094fb7f
:108e900001364e459ed136b206eb4606dff8dca021
:108ea00007eb4606b74210d1012d7ff64daf0020eb
:108eb00023f0a8fe002048e7032de1d121f050fe69
:108ec0000028ddd022f04efddae7daf8000039782c
:108ed000043024f0e7f890f8f83004463bbb012258
:108ee0009045027380f8f8202fd8022280f8f820ed
:108ef000994694f8253001931e4b009302220123da
:108f00000821ec200ff07cfc94f8fc3033b10023f6
:108f100084f8fc30184b20461b68984720460ef01a
:108f2000cbf8b9f1000f02d000201bf033fd3a79e5
:108f30007b8884f84920002284f848206bb904f526
:108f4000d2700ff04df80637ace7d0f87c3113f152
:108f5000000918bf4ff00109cbe7b8f1010ff2d9b2
:108f600042f21071594304f5d2700cf085feeae725
:108f70000724fde54e9b0201b0aa0020b4aa002000
:020000040000fa
:020000040100f9
:108f80002de9f04f04468bb000230d4607a80df1e4
:108f90001a01adf81a3020f057f894f85230012b2e
:108fa00018d1079aa36dbdf81a101a44b4f85430ba
:108fb0000b449bb240f2e1418b42c2f3160207928e
:108fc00085bfa3f2e2430132adf81a30adf81a3092
:108fd00088bf0792994e0799326892f8403203f59c
:108fe0008c73204632f81330bdf81a201ff07efc37
:108ff0003746f8b1202194f8500021f00df994f88b
:10900000503043b9204614f051fd2a460121204634
:1090100016f0a4fc0be063786ff38203637033688f
:10902000d3f8081219b92a46012015f0f9fd0bb042
:10903000bde8f08f1df0dafb3368d3f804620eb997
:10904000d3f8086221f048f863699c4209d063783c
:10905000990606d44ff4802194f8500021f0dcf8f2
:10906000d0e7002e52d096f80080b8f1030f3dd023
:10907000b8f1020f4ad1b3785a0737d494f8523076
:10908000e069f169d4f824c0dff8b4e1012b04bf32
:10909000a36dc01a96f8523008bfc0f31600012b1a
:1090a00008bfb26d3b6804bf8a1ac2f3160193f879
:1090b000402203eb4203b3f83822b3f83c321a449f
:1090c00040f23913b2fbf3f2b36a013213440b449a
:1090d0008a1a0ceb000103ea0e0302ea0e0201ea0f
:1090e0000e0123f077fc002800f08f8094f85010d8
:1090f000002940f08e8096f85030012b66d1b8f1ef
:10910000030f2a4674d130461bf04cff94f85030c0
:109110000193002b40f08780e36e002b40f08c80a1
:10912000a36e003318bf01230022cde9082213f0fb
:10913000010202921ebf3a68d2f80c22089213f084
:10914000100305930cd0029a029b0aa901eb82023c
:1091500039680133d1f8141242f8081cdbb20293cb
:1091600008ab0493d7f80090354a002303934ff0df
:10917000ff3b984640f2391edde902138b4240f076
:10918000c680236a5b4540f2f580a362b8f1000f08
:1091900000f0f680019b002b40f00d8198f85030d4
:1091a000012b00f0ed8094f8512098f851309a424c
:1091b00080f0e680204614f079fc2a460121204602
:1091c00016f0ccfb44457ff432afd9e0b37813f00e
:1091d000100301d02a4696e794f8511096f85120d2
:1091e00091420ad9b8f1030f2a4601d119468ae7fc
:1091f0000121304616f0b2fb88e7204614f056fcf9
:109200002a460121204616f0a9fbb4427ff40faf95
:109210007ce74ff40001012020f0feff63786ff33c
:1092200082036370f1e7019b012b05d1e36e002bf4
:1092300014bf0023112377e7002375e7e8aa002075
:10924000ffff7f0004980b680360886884425ed04b
:1092500043785b075bd5059b2bb190f8511094f8d0
:109260005130994253d994f8523099f84072012bf9
:1092700008bfa16de36908bf5b1a90f8521008bfe0
:109280001340012908bf866dc16904bf891b1140c5
:10929000ce1a16f4800f46d009eb4707b7f83862ac
:1092a000b7f83c72b6fbfef6b7fbfef73744066a2a
:1092b0000e440237164037441740df1b7f024bd461
:1092c00099f8406209eb4606b6f838c2b6f83c6237
:1092d000bcfbfefcb6fbfef6b4440cf1020c00bf76
:1092e000a1eb0c071740a7eb030a1af4800f02d07a
:1092f000866e002e34d1d91b490202d47b40134222
:1093000005d10aea020ada453cbfd3468046049bef
:109310001968002996d1039b0133dbb20393049ba8
:109320000433049328e709eb4707d4f820c0b7f8c3
:109330003862b7f83c72b6fbfef6b7fbfef73e4468
:1093400003eb0c07023617403e4416408e1b760294
:10935000b6d5c4f828c001e0236aa362804619e7a5
:1093600006f59c76760040f27127b6fbf7f631449d
:109370001140b5e7636a9b4594bfc4f828b0a36267
:109380002378012b7ff453ae402194f8500020f055
:1093900043ff204614f08afb022323700b4b94f802
:1093a00050201b6803eb82032946c3f8fc4120468a
:1093b00022f0eaf83be64ff40001012020f02cfff8
:1093c00063786ff382036370fce600bfe8aa0020b5
:020000040000fa
:020000040100f9
:1093d0002de9f04fc0b28db001280d4601924ff03b
:1093e000000700f0ff8130b1022800f00982002060
:1093f0000db0bde8f08f01a904a821f0cdfc01a9b2
:1094000005a821f0c9fc01a906a821f0c5fc049b10
:10941000190505d5a34b1b6813b101992846984738
:10942000049bda0415d52b6893f8fa208ab193f8d7
:109430004720042a08d8012a04d1d3f8dc305b780d
:10944000252b01d914f066f9974a138843f080035d
:109450001380049b9b0416d52b6893f8fa2092b1d5
:1094600093f84730042b09d8012b07d08f4b1b787a
:10947000002b00f088808e4b01221a708a4a1388d4
:1094800043f480731380059bde0620d52c6894f886
:10949000fa30e3b1864e32780ab114f03bf900237a
:1094a000337094f8193193b1824b1b787bb9824a9f
:1094b00013780133dbb2137094f894209a4206d1ea
:1094c0007e4b94f836101a8861f304121a80069bba
:1094d0009c0412d57a4b2c681b78002b56d0794b04
:1094e000d3f8601fc1f3402100294fd194f84730d1
:1094f000012b02d0204620f007ff069b5a0410d50e
:109500006f4b2c681b78002b00f0ff806d4bd3f85d
:10951000601fc1f34021002940f0f780204620f071
:10952000f3fe069bd80425d5674c2b68226891066c
:109530000ed4226852060bd42268170608d422687b
:10954000d60505d42268900502d42268510511d5ac
:1095500093f8fa3073b114f0ddf8534a138843f0ee
:109560001003138023685a0641bf584a138843f0fa
:1095700008031380069b1b047ff539af544b286802
:109580001b68984733e714f0c5f877e7d4e93668e5
:1095900023f000f908bb23f003fef0b9494bd3f8e0
:1095a0006c3fc3f3c029b9f1000f16d13368cdf871
:1095b0002530b388adf8293098f800309df8242084
:1095c000c3f3801363f3000207a909a88df82420d0
:1095d00015f06cfb08b149468ce7f38a063b9bb259
:1095e00040f67a42934288d8738b0a3b9bb2043a86
:1095f000934282d896f821301b3303f01f030b2bc4
:109600003ff67baf334b1a689946002a3ff475af9b
:1096100094f8fa3023b1244a138843f020031380ce
:10962000284bd3f86c2f12f4006f04f5857b04f5fa
:10963000827a53d1d3f86c2fd0054fd5d3f8682f49
:1096400091004bd5d3f8683fc3f30268404622f03f
:10965000f9f940f0020084f803013368c4f80a31d4
:10966000b388abf80430514640461cf083f894f8b8
:109670004730063b012b43d894f82430013bdbb242
:10968000022b40d8144a32f81310d9f80060002e8b
:109690003ff433af05230022d4f8d800b047c4f814
:1096a00010012ae720ab002066ab00207fab002032
:1096b00084ab002081ab002085ab0020c034014189
:1096c00082ab002000240141583e0141803e01410f
:1096d00024ab002018ab0020ccd3020198f8003056
:1096e000c3f3801384f803310023c4f80a31abf8c4
:1096f00004303368c4f80431b388aaf80430b6e7fc
:1097000040f2e241c1e70021bfe7d4e9366823f027
:1097100041f810bb23f044fdf8b93c4bd3f86c3f43
:10972000c3f3c029b9f1000f17d13368cdf8253044
:10973000b388adf8293098f800309df82420c3f3a1
:10974000801363f300020df10f0109a88df82420a6
:1097500015f0acfa08b14946e0e694f82630012b42
:109760007ff4dfae294ad2f86c3f1b052bd4d2f828
:109770006c3fc3f3002343b1d2f8683fc3f3407397
:109780001bb1d2f8687fc7f30267227c8df81c20da
:10979000dbb1384622f056f940f002008df81d008a
:1097a0000df11e0138461bf0e5ff07ab93e80300ff
:1097b0000cab09950c2203e9030009ab1449012005
:1097c00018f060ffade60023dfe798f80030c3f340
:1097d00080138df81d303368cdf81e30b388adf896
:1097e0002230e2e70b6893f8fa30012b7ff4ffadeb
:1097f00013f090ff074a138843f040031380f6e507
:10980000054b1168196012791a71f0e500240141c5
:0c9810000400010166ab002022aa002029
:020000040000fa
:020000040100f9
:10981c000829f8b504460e4600f0fd8009d8012948
:10982c0000f0988049b299b3032e00f0c780002055
:10983c002de0182900f0048122d80a29f7d190f8dc
:10984c00e450002d40f0f88190f8f4309a0740f184
:10985c00f3810b2121f074fec8b140f22243a4f82d
:10986c00e43094f8f43065f3410384f8f43094f860
:10987c006d3023f0600343f0600384f86d3006e034
:10988c00272900f05581a1f1280460426041f8bd00
:10989c00c37d012b54d190f8e42090f8e2305ab1fa
:1098ac00112b01d0032b02d1d4f8b41121b9112af8
:1098bc0002d001252846eae7d4e96d52112b18bfd6
:1098cc001546b4f85c20eb8a9b1a9bb247f6fe72e5
:1098dc0093422cd822f0fefe014608b90025e9e798
:1098ec0094f8f230d80711d4628f2b8a9a4207d1a0
:1098fc00a28f6b8a9a4203d1e28fab8a9a4205d02f
:10990c0094f8f23043f0010384f8f2300023cb7169
:10991c00eb8a8b600c35cd60204623f00ffd94f85c
:10992c00e230112bc5d0112384f8e430c1e7204676
:10993c00112120f0caf92821204620f014feb8e7a6
:10994c0021f057fa05460028c8d01121204620f0f6
:10995c00bcf9afe7c57d012d28d190f8e430002b80
:10996c00a8d1d0f8b831b0f85c20db889b1a9bb238
:10997c0047f6fe72934213d822f0acfe0146002843
:10998c00acd0c571d4f8b831db888360d4f8b83169
:10999c00c360204623f0d2fc122384f8e43089e71c
:1099ac0021f00ef929460df0e3fe83e721f021fab0
:1099bc000546002892d031462046f4e790f8e43072
:1099cc0013b1222b7ff475afe27d012a1dd113b99f
:1099dc00212384f8e43020461af0acff0546002819
:1099ec003ff468af032384f8e53094f86d3023f02e
:1099fc00600343f06003204684f86d301ef0aefc2b
:109a0c0004f58d7018f09cfd54e703212046bde849
:109a1c00f84021f0eeb916f025fb00283ff407af13
:109a2c0094f8e430002b7ff402afe37d012b05d1d9
:109a3c0020460921bde8f8401df06abf3146e5e734
:109a4c0090f8e23003f0ef02032a02d1d0f8b461af
:109a5c000eb9d4f8b861132b03d094f8e430132b5f
:109a6c0064d1e57d012d57d13389a4f8603031469e
:109a7c00204620f07ef97788dfb9132120f025f9f4
:109a8c0094f8f2309b077ff515af2946204621f05c
:109a9c00c1f922f075ff39460646204621f0baf985
:109aac0022f06eff3b460246314620461ef02efe4b
:109abc0000e7b4f85c20b3889b1a9bb247f6fe72a1
:109acc00934221d8b17811b921f0a4f9b070f37890
:109adc0023b90121204621f09df9f07022f0fafd06
:109aec00014600283ff4faae1823c371b388836093
:109afc00b31cc360204623f021fcb178204615f03e
:109b0c0061fea4f86000d4e6132120f0def82821d1
:109b1c00204620f028fdcde61821204621f069f9d9
:109b2c00054600283ff4daae13210fe718216de744
:109b3c0090f8e4304bb190f8e230082b01d0032bb5
:109b4c007ad1d4f8b431002b76d0e67d012e77d1c2
:109b5c0094f8e230082b01d0032b02d1d4f8b45185
:109b6c0015b9d4f8b8510026294620461cf092f9b4
:109b7c000746002846d0a88923f066fc03283fd16d
:109b8c00b4f85c0023f060fc002839d16b894bb130
:109b9c00aa89524292b2b2fbf3f103fb11229b1a37
:109bac00a4f854306b89b4f850209a420cd1b4f814
:109bbc0052102a8a914207d1e18f6a8a914203d1cd
:109bcc00a18fea89914239d0a4f850302a8aa4f89e
:109bdc0052206b8ae387e989a187db00618fb3fb95
:109bec00f1f3c4e92433a36fa4f85820002143f403
:109bfc008063a4f85a10a36720461bf0d1fc12e036
:109c0c00ab89cde727211e2220461cf0fbf894f8e7
:109c1c00e230082b0cbf3946012120460df0a8fd7f
:109c2c001e21002ee8d194f8e230082b0cbf002145
:109c3c00012120460df09cfd012028e60021f0e7d3
:0e9c4c002721204621f0d5f80028ecd11fe694
:020000040000fa
:020000040100f9
:029c5a00704751
:020000040000fa
:020000040100f9
:109c5c00f0b597b00378032b04d0012b00f085816d
:109c6c0017b0f0bd44682378062bf9d801a252f83e
:109c7c0023f000bf5b9d00019d9c00016d9c0001c9
:109c8c006d9c00016d9c0001d59d0001f39c0001b1
:109c9c00c34b1b78002be3d0a0881bf027ff044696
:109cac000028ddd08378002bdad103a9807f0ef059
:109cbc00bdfc70b911ab0df142020df13a012088d7
:109ccc0021f0f6f90028cbd10121208821f0c0fb2e
:109cdc00c6e7208821f0c3ff0028c1d100212088cd
:109cec0021f0b6fbbce7ae4b1b78002bb8d0a0889c
:109cfc001bf0fcfe05460028b2d08378012bafd1b7
:109d0c004c22002103a822f071fd03a9a87f0ef0bc
:109d1c008dfc70b99df8542012f0020f09d0a37974
:109d2c0013f0040f0fd012f0010f02d013f0080f34
:109d3c0009d0a08821f0a0ff002891d10021a08893
:109d4c0021f086fb8ce7a08821f0a3ff88e7a3799c
:109d5c0043bba0881bf0cafe0546002880d0a28811
:109d6c00237a03218df80c10adf80e2000228df80b
:109d7c0011208df8123003a81bf0dcfe0123eb72ce
:109d8c0054f8096f6068a168e268ee602861696147
:109d9c00aa61ab78002b7ff463af0121288821f0f6
:109dac0057fb5de7a188e27904208df80c00adf833
:109dbc000e1000218df811108df812308df8132033
:109dcc0003a81bf0b7fe4be7a0881bf08ffe0646de
:109ddc0000283ff445af4c2023f063fa05460028d9
:109dec003ff43eaf4c22002122f000fd04f1780339
:109dfc0093e803002860a980090ca971284612f089
:109e0c0055fa024608285ad0b277b378002b40f0a6
:109e1c00868094f8223013f0010f6ad0214651f855
:109e2c00087f4e688868c968af63ee63286469640c
:109e3c00214651f8687f4e688868c968c5f8077074
:109e4c00c5f80b60c5f80f00c5f8131094f8223054
:109e5c009b0895f8481063f3870185f8481094f82f
:109e6c002230c3f34003c9b263f3410185f84810b3
:109e7c0094f8221095f8483061f3000385f84830c7
:109e8c00234653f8247f5e689868db68c5f81e701b
:109e9c00c5f82260c5f82600c5f82a30606bc5f8f5
:109eac001700208f94f83a10a5f81b006977294603
:109ebc00104612f0e7fd284623f0f7f9d0e620f023
:109ecc00c1fb024608289fd105238df80c3033883e
:109edc00adf80e3008238df8113003a81bf02afec4
:109eec0020f0b0fb024608288ed1284623f0ddf97d
:109efc00b6e6214651f84c7f4e688868c968af6356
:109f0c00ee6328646964234653f85e1f5b68c5f8ea
:109f1c002e10c5f83230b4f85c30eb8688e7234657
:109f2c0053f808efd3f804c09f68d868c5f838e038
:109f3c00c5f83cc02f646864d3f800c05f689868ab
:109f4c00db68c6f80cc037617061b361214651f80b
:109f5c00687f4e688868c968c5f80770c5f80b60db
:109f6c00c5f80f00c5f8131070e744682378052b6b
:109f7c0018d0032b7ff474ae2379002b6ed1638839
:109f8c0003228df80c20adf80e3001238df8113022
:109f9c0000238df8123003a81bf0ccfd60e600bf47
:109fac0027aa002060881bf0a1fd054600283ff47d
:109fbc0057ae0121008821f04bfaeb7aa3bb03a921
:109fcc00a87f0ef033fbc8b911a9288821f074fbc7
:109fdc0000283ff445ae638804228df80420adf8c8
:109fec00063001238df8093000238df80a308df8e6
:109ffc000b300deb02001bf09dfd31e6288821f0a3
:10a00c0014fe638804228df80420adf80630012379
:10a01c008df8093000238df80a308df80b300debdc
:10a02c0002001bf087fd1be6294631f80c0b21f0d2
:10a03c0043fb00283ff414ae638804228df80c20f7
:10a04c00adf80e3001238df8113000238df812304d
:10a05c008df8133003a81bf06dfd01e66388042214
:10a06c008df80c20adf80e3001238df81130002343
:10a07c008df812308df8133003a81bf05bfdefe563
:020000040000fa
:020000040100f9
:10a08c0084b02de9f74305460ba880e80e000b467b
:10a09c00042d00f26181dfe815f005005f01bb01c2
:10a0ac00c101c9010c689df83c3084f8fb300e9b53
:10a0bc00c4f828310df1020101a81ef0bfffbdf854
:10a0cc000210019823f03ef9be4b19681bf096ff65
:10a0dc00bd4bc4f82c0100261e70bc4b01221a800b
:10a0ec00bb4b1e70bb4b1e7023f054f8ba4b94f84c
:10a0fc0021101e7040b194f84720012a02d0042a86
:10a10c0040f02f8101221a7094f81931dbb994f8c0
:10a11c00fb30002b00f08f8194f8542094f894704d
:10a12c00ff265119b94207da04eb8503d4f828014c
:10a13c009b6d984280f0198132460021204610f028
:10a14c00f5f9a64b1e70a64aa64800231370a64a22
:10a15c001370012384f8fa3023f034f894f8473064
:10a16c00012b04d1a14904f5c6700bf07ffd2146eb
:10a17c00012012f021fe214601200bf02dfb94f85a
:10a18c00fb80d4f8743104f5ba77d4e94a69b8f194
:10a19c00000f01d0d4f89830c4f89c302046dd680c
:10a1ac001ef06cf8204621f0bbff20461bf0b6ffda
:10a1bc0094f819218e4b002a00f0e28094f82420a8
:10a1cc00022a00f0d680032a00f0d6801a88492192
:10a1dc0061f30e021a80874b94f835101a8861f3dc
:10a1ec0004121a806c3b03201a686ff34d321a600c
:10a1fc0094f8241022f098fd2a46494638461af065
:10a20c0011fd94f81931b3b1d4f87c319bb1d4f869
:10a21c002001c43022f090f80146d4f82c011bf038
:10a22c00edfed4f87c31c4f844010146da6804f53b
:10a23c00be701af0f7fcb8f1000f3fd1d4f87431ae
:10a24c0094f81890d3f80c8001210deb010015f057
:10a25c00b1f99df801100622b1fbf2f302fb1313c6
:10a26c0094f84710dbb20b298df801304ff0010246
:10a27c000dd802fa01f111f0050f40f0848040f680
:10a28c00c870084018b911f0120f18bf02225a49b1
:10a29c0003eb43030b4412010021585c29fa00fc28
:10a2ac001cf0010f07d0d8f808c0253060f3c80c9b
:10a2bc00c8f808c0904401310329eed194f8473016
:10a2cc00052b09d9d4f87c3133b194f819311bb969
:10a2dc004a4b20461b689847d4f87431002b54d154
:10a2ec0094f8193173b104f5be7894f852104046c5
:10a2fc0021f004fc394620461df018fc414620464e
:10a30c001df014fc3e4b1b6823b194f819210ab1c3
:10a31c002046984794f847303a4a012b11683a4b3b
:10a32c0049d1062060f30f0111601a6842f0020255
:10a33c001a601a68adb265f31f421a60334a11688d
:10a34c00b6b266f31f4111601a6842f001021a603e
:10a35c00d4f82c0121f04cf803b0bde8f04304b064
:10a36c00704700297ff4ceaecee60135ceb2edb209
:10a37c00d7e61a882d212be71a884ff4d37127e7db
:10a38c001a88492124e7032281e7d4f89c209a42b9
:10a39c000ad8197ada68042908d0052906d019b91f
:10a3ac00106861f3461010601b6897e711686ff333
:10a3bc0046111160f8e76ff30f0111601a686ff323
:10a3cc004102b5e71cab002081ab002066ab00203e
:10a3dc0080ab00207fab002082ab002083ab002041
:10a3ec0084ab0020b95e010185ab0020008813000e
:10a3fc006c380141c0340141e6c9020128ab002090
:10a40c002cab00205c3e0141583e0141703e0141a5
:10a41c009df8341018681ff071ff9de701910b49ee
:10a42c0001ab0422012018f027f995e7019101ab4b
:10a43c0004220749f6e7ff220121204610f076f8a6
:10a44c00ff2384f854302a4668e600bf050001015a
:04a45c0006000101f4
:020000040000fa
:020000040100f9
:10a460002de9f04fd3b00d46044600230146782273
:10a4700014a80c9321f08efb05b12e95ddf8b8a041
:10a48000baf1000f00f0c0811b9b0a93aa4b1b6816
:10a490000193d3f80c220023029312bb9df8a23043
:10a4a00011932a9b12931c9b0f930a9b0093029b70
:10a4b00003930c230e93049206929346039b2bb1b5
:10a4c0000e9b013b13f0ff030e9320d1049b0bb1b5
:10a4d000009b1b931b980a9bc01ac0b253b0bde8e7
:10a4e000f08f93689c4210d0d96e71b959698b4234
:10a4f0000bd1996e49b1029952a800eb810141f844
:10a50000803c029b0133dbb202931268c5e752ab79
:10a5100003eb8b0353f8805c002d00f06f81af6e6e
:10a52000ba458bbfbafbf7f3b7fbfaf307fb13a3ec
:10a530000afb137323b3aafb07013e465246c6b972
:10a5400033461ef031ff012908bf002880f09980b2
:10a55000002800f05581b0fbfaf3dbb2092b0c9315
:10a5600005d9b0fbf7f0c0b2092800f28a800223b7
:10a5700007e0b2fbf6f306fb132332461e46dee786
:10a580000123ea690592119a012a05bf009a1299de
:10a59000ddf80080a2eb010895f8522008bfc8f34f
:10a5a0001608012a05bfac6d059a059c141b08bf4f
:10a5b000c4f31604012b2b6a099340f08380a8eba7
:10a5c000040358021ed5019b5c4893f8401203eb2c
:10a5d000410107f59c72b1f83832b1f83c120b44d6
:10a5e00040f23911b3fbf1f3a4eb0801db43520055
:10a5f00040f271270140b2fbf7f213448b429cbf3b
:10a60000a41a0440019b4d4d93f8402203eb4202f3
:10a6100040f23919b2f83802b2f83c32099ab0fb6c
:10a62000f9f0224417460f9ab3fbf9f308eb02093d
:10a6300001332f4009ea050901301f449944221ac9
:10a640002f4009ea0509a8eb00003b462a4049468d
:10a65000284022f0bff9064698b1a9eb070359023a
:10a66000009b049054bfa9eb0808a7eb080803f16e
:10a67000030908ea05054d44c5f316030093cdf818
:10a6800018b00bf101035ffa83fb029b5b4508bf27
:10a690004ff0000b039b013b13f0ff0303937ff488
:10a6a0000daf002e3ff412af069a029b01325ffa03
:10a6b00082fb029a013bdbb25a4508bfddf80cb0c1
:10a6c0000393fbe6019b1d4893f8402203eb4202f3
:10a6d00040f23911b2f83862b6fbf1f30133079357
:10a6e000e31a03400d93099be518b2f83c32b3fb23
:10a6f000f1f205400132334407f59c77b3fbf1f3e7
:10a70000013305eb020810937f0040f271234ff0f4
:10a710000009b7fbf3f313931223089208ea000829
:10a720000b934e460c9b99450ad3069b002e18bfef
:10a730005b460693a5e700bfe8aa0020ffff7f0065
:10a740000b9b013b13f0ff030b935bd00afb09f754
:10a7500007f59c7740f271237f00b7fbf3f7009b6e
:10a76000079a1f44294b1f40b81a0f9ab918089a24
:10a770001940114418401940ea1b520205d57a1bb2
:10a7800002ea030c109a624522d343460d9a22f046
:10a7900021f968b3109b0799059c04901d441b4b3d
:10a7a0001d40ef1b009d1f4003357a190092059a4a
:10a7b000521a1a400d920999059a5518089a1d4087
:10a7c00002eb050808ea03084ff000090646a9e76e
:10a7d000139a1444079a1c40a21a1a400d92099a1f
:10a7e0001519089a1d4002eb050808ea0308c3e79b
:10a7f00009f101095ffa89f93046e7e72e4640e79b
:10a8000006463ee70b9e3ce7504667e6ffff7f00ab
:020000040000fa
:020000040100f9
:10a810002de9f04f8bb0037e01938a4b0093012307
:10a820000591022219460546ec200df0e9ff0023b0
:10a83000cde9063322f0f6f9074608b10c24dbe037
:10a84000814e29783068b5f802a0043022f02afc45
:10a85000b346044628b932681278012a0dd9072474
:10a86000cae090f8f820002ae8d190f8f92022b147
:10a87000e97d90f824201142e0d00af00702072a6f
:10a8800000f0d7800af00a020a2a00f0d2800af00b
:10a890001602162a00f0cd801af0100600f0b680dd
:10a8a0001af4787f40f0c5801af0800f40f0b58030
:10a8b0001af4407f40f0bd80ecb150461bf060fac6
:10a8c0000b2809d840f61242c240d30704d5d4f869
:10a8d000ac20002a40f0ad8094f8f92012b994f829
:10a8e000fc2042b10838c0b2012800f2a2801af060
:10a8f000200f40f09e802a46a84632f8041fadf88b
:10a90000181038f8071f92788df81a2098f802204e
:10a910008df81e20069aadf81c104c49203a8a4248
:10a9200000f28580ddf81c90a9f120028a427ed8d1
:10a93000aa7a002a7bd0282021f006f810b96a8b69
:10a94000002a74d1002c00f08780b4f8b020002acf
:10a9500000f09080002e40f08d8050461bf010fae1
:10a960006a7d8df82220ea7d8df82320caf38013ba
:10a97000caf34012a97a8df826208df827308df879
:10a9800020008df821603246334600bf21fa02f0e4
:10a99000c00748bf013302f1010244bfdbb2012608
:10a9a000032af3d10eb18df82130282020f0ccfffe
:10a9b000b0b3ab7e03f001038df82430eb7e13f0cf
:10a9c000010300d00123b4f8b0208df825302146d2
:10a9d00008a809f0a7f840f2712303fb09f3984295
:10a9e00048d3cde901031a4b0093022201238421ad
:10a9f000ec200df005ff4524164b00930194012334
:10aa00000022ff21ec200df0fbfeb6e00af003026d
:10aa1000032a0ed01af0080f44e71af0040f49e792
:10aa200022f010f994f835308df82400cbe711248a
:10aa3000e2e71224e0e722f005f984f8350084f813
:10aa400036005ee050270201b4aa0020e03f1f005c
:10aa50006c270201789b0201dbf80000f021043032
:10aa600022f020fb044628b90ff03afc04460028e7
:10aa70003ff4f5ae6e8830461bf082f984f847004b
:10aa80002b782374b8f80030a38298f80230a375ad
:10aa9000ab7a2376eb7a63762b7ba3762b46282042
:10aaa00053f80d2fc4f81b209b88a4f81f302b7e71
:10aab00084f825306b7d84f82230eb7d84f82430d7
:10aac000eb7c84f82130ab7d84f823306b7e84f8f6
:10aad0002630c6f3401384f83830c6f3801384f868
:10aae000373020f031ff0028a5d0ab7e03f0010302
:10aaf00084f83530eb7e13f0010318bf012384f88e
:10ab000036300023217e84f8943000bf21fa03f20e
:10ab1000d20748bf94f8942003f1010344bf0132e7
:10ab200084f89420032bf1d194f823302bb994f8b6
:10ab30004770052f94bf0027012784f8197120461c
:10ab400095f9143000f8273f22f034fc059a94f967
:10ab500027301370039694f82430029394f822302f
:10ab600001930222074b009311460123ec200df0c4
:10ab700047fe012022f04ef8002420460bb0bde82d
:08ab8000f08f00bf86270201df
:020000040000fa
:020000040100f9
:10ab88002de9f047bb4d1e462b6803eb8002bab097
:10ab9800d2f8fc210f464ab11178022906d1314674
:10aba800104620f0edfc3ab0bde8f087002867d1e8
:10abb80093f8f821002af6d0d3f8f0319c6863782e
:10abc80099073cd402211ff023fb63785a070cd560
:10abd800042100201ef00eff102100201ff018fb9a
:10abe80031462046fef7c8f9dde76269944214d180
:10abf800204611f09bff63785d07e9d4042100200b
:10ac08001ff006fb63699c42cdd0617811f00805fe
:10ac180009d0204612f046ffc5e71f07eed52046ab
:10ac280022f018fce7e75b785807bcd5204612f0fd
:10ac380039ff32462946204614f08cfeb3e74ff41c
:10ac480080411ff0e5faa3883bb1204612f02affa5
:10ac580032460121204614f07dfe6278d106a2d446
:10ac6800a388013b9bb2a380002b9cd163f34102d4
:10ac78002046627018f0c2fb204615f0b5fa92e73c
:10ac880093f8f931002b8ed04ff00c082b6808f19f
:10ac9800310253f8323043b92b6893f8f931002b5d
:10aca80081d018f1ff38f1d27de79c68d3f8009085
:10acb80063789a0700f1e080a3785b0702d50eb9a4
:10acc8004b46e8e7022101201ff0a2fa63699c4283
:10acd80040f09b80637813f004031dd00421012009
:10ace8001ef088fe102101201ff092faa569002da0
:10acf80040f09a80002f3ff473afbc423ff470af2e
:10ad08003d78012d7ff46caf7b781a0740f1a8805d
:10ad18006ff382037b7063e70df1160106a8adf8a7
:10ad280016301ef08df994f85230012b18d1069a7e
:10ad3800a36dbdf816101a44b4f854300b449bb2f6
:10ad480040f2e1418b42c2f31602069285bfa3f29c
:10ad5800e2430132adf81630adf8163088bf0692de
:10ad68002968bdf8160091f8403203f58e730df18d
:10ad7800200a31f81320e16e069b02eb900202f5df
:10ad88009c7240f271205200b2fbf0f21a4401f5b5
:10ad98009c735b00b3fbf0f3a08c9bb2191889b2cb
:10ada800b1f5487fc2f3160288bf4ff44871e261db
:10adb800079208920a44c2f3160288bfc0f5487386
:10adc80009924ff000000df115028df81400019260
:10add8004ff0010005aa88bf9bb28df815000092bc
:10ade800214607aa0920cdf808a000f0fbf9079b27
:10adf80000939df815209df81410534620460af03c
:10ae080059fc637860f382036370637858073ff5f1
:10ae180065af042101201ff0fbf92b6893f8f93185
:10ae2800002b7ff44dafbee6637813f008020fd015
:10ae38002b78012b02d028461ff0fafe284622f074
:10ae480009fb3246002195f8500013f0e5fe51e762
:10ae58006b7859067ff54eaf62f386136b70e7e7a0
:10ae6800384612f01ffe32462946384614f072fd65
:10ae7800b6e600bfe8aa00204ff4804101201ff089
:10ae8800c7f9a3883bb1204612f00cfe32460121d7
:10ae9800204614f05ffd6278d306bed4a388002b49
:10aea800bbd0013b9bb2a380002bb6d163f3410218
:10aeb8002046627018f0a2fa204615f095f9ace722
:020000040000fa
:020000040100f9
:10aec8002de9f04fd0f8e080d0f8ec9089b008f187
:10aed80002030193d0f8dc300393d0f8d830049300
:10aee80008238df81c3090f8b030069004460633dd
:10aef8002546414606a88df81d3014f09ffb4a46aa
:10af080055f8283f42f8253bab88a9f8043002924f
:10af1800b4f8b0202ab1d4f8ac1009f1060020f03a
:10af280035fe05238df81c3094f8c030019906943d
:10af3800063306a88df81d3014f080fb2b68c9f87d
:10af48002530029aab889380b4f8c0202ab1d4f88f
:10af5800bc1009f12b0020f019fe0027d4f8745119
:10af68003e4600bf94f89430b34202d809b0bde819
:10af7800f08feb681a686ff302021a601a684ff0d4
:10af8800010b6bf3c4021a601a684ff0040a6af3e3
:10af9800ca121a6019681a466af3ce2142f8101bc1
:10afa800196892b262f3de3119601a686ff3df72c2
:10afb8001a6059681ffa88f262f30f0159605968dc
:10afc8001ffa89f262f31f4159609a686bf3010214
:10afd8009a609a6842ea0a029a6098f8012094f8fe
:10afe800351094f8220000931df0b1fd009beb6032
:10aff80004eb860300222a722a77c5e904875d6676
:10b0080000932b68dd6829680744052060f3020176
:10b01800296029686bf3c401296029686af3ca1199
:10b02800296029686af3ce21296094f894100139bf
:10b038008e4218bf05f12002296818bf92b262f348
:10b04800de31296005936968bdf80c2062f30f01b1
:10b0580069606968bdf8102062f31f416960aa68d9
:10b06800022161f30102aa60aa6842f00402aa6000
:10b07800a96805f1100292b262f35821a960aa6882
:10b088006ff35a62aa6094f8351094f822002522ca
:10b098001df05dfd059b05221a72039a1a610022b4
:10b0a800dd605a611a77009b1d672a6804eb460524
:10b0b800c2f3cf32a5f8882094f8351094f822000e
:10b0c8000c221df044fd98f8032094f835108246b0
:10b0d80094f822001df03bfd07f5ce7292445044cf
:10b0e800059b0eb9c4f8240194f89420013a9642bd
:10b0f800009a08bfc4f820019065d3f800b0dbf8c7
:10b108000ca0daf80020042363f30202caf8002036
:10b11800daf80020012161f3c402caf80020daf845
:10b12800002063f3ca12caf80020daf8002063f39b
:10b13800ce22caf8002094f89430013b9e420fbffb
:10b14800daf80030daf800200af110039bb213bfd6
:10b1580063f3de326ff3de33caf80030caf800203a
:10b16800daf80420bdf8043063f30f02caf80420ab
:10b17800daf80420bdf8083063f31f42caf8042047
:10b18800daf80830022262f30103caf80830daf864
:10b19800083043f00403caf8083098f8032094f8fc
:10b1a800351094f822001df0d2fc04238bf80830e7
:10b1b800019bcbf810300023cbf814308bf81c30ef
:10b1c800009bcbf80ca0c3f87ca0daf80030c3f3de
:10b1d800cf33a5f88e30013607f5a777dbf8005096
:04b1e800f6b2bfe616
:020000040000fa
:020000040100f9
:10b1ec002de9f04fc3b0064604920d4630220021e3
:10b1fc0006a8994621f0fafa16f00304dff8f48257
:10b20c0010d0d8f8003093f81c425cb11bf0e8fa6f
:10b21c00d8f80030d3f80c721ef058ff0024002f21
:10b22c0040f08b8016f03c0f0fd0d8f8003093f81c
:10b23c001d3253b11bf0d4fad8f80030d3f8147285
:10b24c001ef044ff002f40f0988095f85030012bf1
:10b25c0009d1d8f80030d3f8083223b142aa02eb56
:10b26c00840444f8f03c049bdff88ca21b68019327
:10b27c006b6a9944019b4ff0000b13fa89f9d8f8cb
:10b28c00003002935d4606ab53f82b70002f00f094
:10b29c00b780029bfe69d3f808329f420cbfbb6a91
:10b2ac003b6a039397f85230012b04bfbb6df61a1f
:10b2bc00029b93f8402203eb420240f23911b2f8a0
:10b2cc003832b2f83c22b3fbf1f3b2fbf1f2134487
:10b2dc0003f1020308bf06ea0a060093a6eb030873
:10b2ec00039bf418009b04ea0a041c44fb6e08ea56
:10b2fc000a0804ea0a04002b40f0ab807b699f42e9
:10b30c0040f0a780bb6e03f59c735b0040f271228a
:10b31c00b3fbf2f3059300bfa8eb09035b025ed409
:10b32c0089ea080313ea0a0f59d0182d67d00bf1dc
:10b33c00010bbbf10c0fa6d162e01bf051fad7f850
:10b34c0000a01ef0c3febb689d4214d05a78520771
:10b35c0011d5f70707d542a9621c01eb840444f808
:10b36c00f03cd4b207e0b00705d593f8511095f82e
:10b37c0051209142efd8574651e71bf031fad7f8dc
:10b38c0000a01ef0a3feba68954217d05378590757
:10b39c0014d5ab689a4211d0730707d542a9631c28
:10b3ac0001eb840444f8f02cdcb207e0f70607d577
:10b3bc0092f8511095f851309942efd8574641e721
:10b3cc00300706d592f8511095f851309942f5d3c3
:10b3dc00e4e7b106f2d56b699a42efd1dee74b4652
:10b3ec00019a2146404621f0effae0b142ab03eb63
:10b3fc00c5030135edb2182d43e9308413d118255e
:10b40c004c9b6a1e1d7012a8002117f08bfc0023a8
:10b41c0012981a464c99097891422bd84d9a137070
:10b42c0043b0bde8f08fbb6e002b3ff47eaf059ba5
:10b43c001e44009b06ea0a06a6eb0308039b9c1914
:10b44c00009b04ea0a041c4408ea0a0804ea0a04f9
:10b45c0062e74b46019a2146404621f0b5fa002896
:10b46c003ff463af42ab03ebc503013543e93084d2
:10b47c00edb25ae75ab904990c68211a4d0206d557
:10b48c004e9901ebc301c1e900400133dbb24c9989
:10b49c00097801398a4202f1010413da42a901eb5d
:10b4ac00c20151f8bc6c42a901ebc40151f8c05c5b
:10b4bc00711b490206d54e9901ebc301c1e9006528
:10b4cc000133dbb24c99097801398a420fd142a978
:10b4dc0001ebc20252f8bc1ca1eb0902520206d5c8
:10b4ec004e9a02ebc302c2e900190133dbb2e2b29d
:0cb4fc0090e700bfe8aa0020ffff7f00df
:020000040000fa
:020000040100f9
:10b508002de9f04fd0f8e080d0f8ec9089b008f140
:10b5180002030193d0f8dc300393d0f8d8300493b9
:10b5280000238df81c3090f8b0300690044606339e
:10b538002546414606a88df81d3014f07ff84a4686
:10b5480055f8283f42f8253bab88a9f80430029209
:10b55800b4f8b0202ab1d4f8ac1009f1060020f0f4
:10b5680015fb05238df81c3094f8c030019906941a
:10b57800063306a88df81d3014f060f82b68c9f85a
:10b588002530029aab889380b4f8c0202ab1d4f849
:10b59800bc1009f12b0020f0f9fa0027d4f87451f7
:10b5a8003e4600bf94f89430b34202d809b0bde8d3
:10b5b800f08feb681a686ff302021a601a684ff08e
:10b5c800010b6bf3c4021a601a684ff0040a6af39d
:10b5d800ca121a6019681a466af3ce2142f8101b7b
:10b5e800196892b262f3de3119601a686ff3df727c
:10b5f8001a6059681ffa88f262f30f015960596896
:10b608001ffa89f262f31f4159609a686bf30102cd
:10b618009a609a6842ea0a029a6098f8012094f8b7
:10b62800351094f8220000931df091fa009beb600e
:10b6380004eb860300222a722a77c5e904875d662f
:10b6480000932b68dd6829680744052060f3020130
:10b65800296029686bf3c401296029686af3ca1153
:10b66800296029686af3ce21296094f89410013979
:10b678008e4218bf05f12002296818bf92b262f302
:10b68800de31296005936968bdf80c2062f30f016b
:10b6980069606968bdf8102062f31f416960aa6893
:10b6a800022161f30102aa60aa6842f00402aa60ba
:10b6b800a86805f1100292b262f35820a860aa683f
:10b6c80061f35a62aa6094f8351094f82200252292
:10b6d8001df03dfa059b05221a72039a1a61002291
:10b6e800dd605a611a77009b1d672a6804eb4605de
:10b6f800c2f3cf32a5f8882094f8351094f82200c8
:10b7080022221df024fa07f59c721044059b0eb9fd
:10b71800c4f8240194f89420013a9642009a08bf8c
:10b72800c4f820019065d3f800b0dbf80ca0daf873
:10b738000020042363f30202caf80020daf800208c
:10b74800012161f3c402caf80020daf8002063f38b
:10b75800ca12caf80020daf8002063f3ce22caf829
:10b76800002094f89430013b9e420fbfdaf8003075
:10b77800daf800200af110039bb213bf63f3de323c
:10b788006ff3de33caf80030caf80020daf8042074
:10b79800bdf8043063f30f02caf80420daf8042075
:10b7a800bdf8083063f31f42caf80420daf80830fd
:10b7b800022262f30103caf80830daf8083043f0cd
:10b7c8000403caf8083098f8032094f8351094f860
:10b7d80022001df0bcf904238bf80830019bcbf83c
:10b7e80010300023cbf814308bf81c30009bcbf8ba
:10b7f8000ca0c3f87ca0daf80030c3f3cf33a5f867
:10b808008e30013607f5a777dbf80050f6b2c9e6a7
:020000040000fa
:020000040100f9
:10b818002de9f04f044689b005f064f994f84a2000
:10b8280094f8503094f84b600093002a00f0b980e7
:10b83800d4f8e430002e00f0b68003f14208d4f8c2
:10b84800ac90002a00f06681d4f87cb194f81921f4
:10b8580094f84d70dbf80c502ab1c1680868aab298
:10b8680062f3de3008602a686ff302022a602a68f1
:10b8780094f8241061f3c4022a602a68042161f351
:10b88800ca122a602a6861f3ce222a60002e00f0cc
:10b898008c80296805f1100292b262f3de312960ca
:10b8a8002a686ff3df722a60aa686ff30102aa6040
:10b8b800aa6842f00402aa60aa686ff3c802aa60e4
:10b8c80069689ab262f30f01696069681ffa89f2c0
:10b8d80062f31f410122696003948df81220002e43
:10b8e80068d08df811208df8147094f8f920002a8a
:10b8f80067d194f8fc208df8132000228df81520cc
:10b908000a228df8102003a91a4694f847000193db
:10b918000ef0b6fb019b002e55d0b4f8b020d71b13
:10b92800bfb25a7894f8361094f8240001931df0a9
:10b938000ef9019bcbf80c500021cbe904318bf8b0
:10b94800081094f8f9308246002b3ed194f8fc3068
:10b958008bf81c30331c18bf01238bf81d309df861
:10b96800113073b100238df8183094f82430013b5e
:10b978008df8193059460af5a57306a8079312f0f1
:10b9880007fc9df8143099449df81130fbb10af575
:10b99800a57adbf800b0eeb9c4e94eaa09b0bde853
:10b9a800f08f134646e7b04649e72a6866f3de3269
:10b9b8002a6075e7b4f8b0208df811608df814206e
:10b9c80093e7012297e73746abe70123c0e70af17f
:10b9d800700adee7dbf80c502a686ff302022a606f
:10b9e8002a6894f8241061f3c4022a602a680421a2
:10b9f80061f3ca122a602a68013e61f3ce222a60e6
:10ba080016f0ff0617bf29682a6805f1100292b2de
:10ba180015bf62f3de3166f3de3229602a602a68d8
:10ba28006ff3df722a60aa686ff30102aa60aa683e
:10ba380042f00402aa60aa686ff3c802aa606968a3
:10ba48001ffa88f262f30f01696069681ffa89f2c8
:10ba580062f31f410122696003948df81220002ec1
:10ba68004ed0009b8df811208df8143000228df8ef
:10ba780013208df815200d228df8102003a94246b9
:10ba880094f847000ef0fcfa9df81120002a3cd0eb
:10ba9800009bff1abfb298f8012094f8361094f86a
:10baa80024001df054f800210246701a18bf012026
:10bab8008bf81d009df81100cbf80c508bf808107e
:10bac800cbe9048a8bf81c1078b18df8181094f81b
:10bad8002410019201398df8191002f5a57107910a
:10bae80006a8594612f054fb019a9df8141008f163
:10baf800420889445eb10af5a57303eb020a48e7d8
:10bb08008df811608df81470b0e71746c3e70af195
:0cbb18007003f2e79346924617463ce7a4
:020000040000fa
:020000040100f9
:10bb24002de9f8431e464b0405468846174640f166
:10bb3400988004680ef0acffe27d237d002a40f07b
:10bb44008d8013f0400f09d0d4f8cc0021f099fb7c
:10bb5400042323752421284620f0dafa18f4805fa0
:10bb640030d02c68237d99072cd510232375a37d11
:10bb74000133dbb2012ba3750bd1a94b617e5b6949
:10bb84005878e0771bf0b2fbd4f898301844c4f826
:10bb94009800e37d012b40f08780a37d012b82bfb9
:10bba400a36f43f40063a36720461df0cbfb20463c
:10bbb4001bf05bf80121204601f066fd2321284695
:10bbc40020f0a6fa18f4005f1cd02c68237d9b0794
:10bbd40018d5142016f018fb8146082016f014fb23
:10bbe40008238046014623754a4628460df040f84e
:10bbf400002800f0858040461cf058fd222128468c
:10bc040020f086faf30605d519f024fe17212846fc
:10bc140020f07efab40605d519f01cfe162128463c
:10bc240020f076faf80617d52c68e07d002840f05d
:10bc3400d580a36f190609d51ff0defac4f8880071
:10bc4400204618f057fbb0fa80f04009237d9a068d
:10bc540002d5002800f0cd80bde8f88313f0010f71
:10bc640071e70c057ff57aaf0468e37d012b17d1ea
:10bc7400a26f6c4b1340802b09d1d4f8c83043f029
:10bc84008073c4f8c8301ff0b7fac4f88800237d65
:10bc940013f0010f3ff462af0223237520215ae70a
:10bca400237d13f0400ff5e7d4f8cc0021f0e9fa36
:10bcb40020461df047fba36fda037ff57fafa37d1a
:10bcc400012b7ff47bafd4f8cc0021f0c7fbd4f870
:10bcd400a420a36f904288bf801ad4e9261223f4cb
:10bce400803398bf00209142a367bff467af8142bd
:10bcf400bff464af43f04003a3672023237556e7e2
:10bd0400c4e96f9894f81780b8f1010f1fd1204649
:10bd14001af0abff4146204601f0b6fc94f86c30b3
:10bd2400da070dd5e37f5bb1a37f4bb120f0c0fff1
:10bd340003688268e07f1344c4f8c4311ef032ff04
:10bd440094f86d3043f0800384f86d3056e794f82e
:10bd54006e3060f3000384f86e30d4f8cc0021f028
:10bd640090faa36fd80330d594f86d0023f4803390
:10bd740010f00108a36713d0a36f43f04003a36737
:10bd84002023237520461af070ff0121204601f07c
:10bd94007bfc94f86e3043f0010384f86e30bde709
:10bda40094f86c30d90610d5d4f8cc0021f056fba9
:10bdb400d4f8a430984288bfc01ad4e9263298bf78
:10bdc4004046934201d28342d6d3a36f23f040036b
:10bdd40043f00053a367002323759fe7012808d18c
:10bde400237d13f01e0f3ff437afd4f8cc0021f0bd
:10bdf40048faa36f5b0602d5204620f00dfee37dd2
:10be0400012b0bd1a26f12f0400f08bf4023237502
:10be140028462521bde8f84320f07ab94023f6e707
:08be2400c8a800208000000204
:020000040000fa
:020000040100f9
:10be2c000c4b13f0ff0f08d04ff0200383f3118855
:10be3c00bff36f8fbff34f8ffee7074a934208d0d3
:10be4c004ff0200383f31188bff36f8fbff34f8f35
:10be5c00fee770470000000100000001014b186074
:10be6c00704700bf38aa002030b4184c1546184a49
:10be7c000c4404eb4030541e844208d24ff0200393
:10be8c0083f31188bff36f8fbff34f8ffee71c183e
:10be9c00a24208d24ff0200383f31188bff36f8fb7
:10beac00bff34f8ffee71944b1f5005f08dd4ff08b
:10bebc00200383f31188bff36f8fbff34f8ffee71f
:10becc0001461a46284630bc1ff05ebe0000000139
:10bedc0000400001f8b5304d0d4405eb40351746d8
:10beec002a071c4608d04ff0200383f31188bff3b8
:10befc006f8fbff34f8ffee743b94ff0200383f3ef
:10bf0c001188bff36f8fbff34f8ffee7234b5a1e81
:10bf1c00aa4208d24ff0200383f31188bff36f8f2e
:10bf2c00bff34f8ffee76219934208d24ff0200304
:10bf3c0083f31188bff36f8fbff34f8ffee721445c
:10bf4c00b1f5005f08dd4ff0200383f31188bff3d8
:10bf5c006f8fbff34f8ffee7114b1b6803b19847f0
:10bf6c0023071ebf24f00f0310339cb24ff6f0735f
:10bf7c002340fe18ed1bbe4204d120f065fd0028c5
:10bf8c00fbd1f8bd20f060fd0028fbd179193846b3
:10bf9c001df098ff1037eee7000000010040000193
:10bfac0038aa002010b5124c124b04eb4034a342bb
:10bfbc0014d320f049fd0028fbd1204620f06aff65
:10bfcc0004f5805420f040fd0028fbd1204620f0e1
:10bfdc0061ff20f039fd0028fbd110bd4ff020038c
:10bfec0083f31188bff36f8fbff34f8ffee700bf52
:10bffc0000000001ff3f000137b542b94ff02003ac
:10c00c0083f31188bff36f8fbff34f8ffee71f4c85
:10c01c000c4404eb40341e48431ea34208d24ff09c
:10c02c00200383f31188bff36f8fbff34f8ffee7ad
:10c03c001319984208d24ff0200383f31188bff3f1
:10c04c006f8fbff34f8ffee71144b1f5005f08dd32
:10c05c004ff0200383f31188bff36f8fbff34f8f23
:10c06c00fee74ff0ff3201929db204220deb02016c
:10c07c0020461ff07bfd30b90434a3b29d42f4d1ad
:10c08c00012003b030bd0020fbe700bf0000000121
:10c09c000040000138b5154643b94ff0200383f337
:10c0ac001188bff36f8fbff34f8ffee7184c194aff
:10c0bc000c4404eb4030541e844208d24ff0200351
:10c0cc0083f31188bff36f8fbff34f8ffee71c18fc
:10c0dc00a24208d24ff0200383f31188bff36f8f75
:10c0ec00bff34f8ffee7ca18b2f5005f08dd4ff0c3
:10c0fc00200383f31188bff36f8fbff34f8ffee7dd
:10c10c001a4629461ff032fdb0fa80f0400938bdbe
:08c11c000000000100400001d9
:020000040000fa
:020000040100f9
:10c124002de9f04f002390f84750027e89b0044671
:10c134001e4600bf22fa03f1c90748bf013603f1c6
:10c14400010348bff6b2032bf4d1a5f1080b5ffa43
:10c154008bfbbbf1010f00f2a480b4f8b02094f87b
:10c1640022308df81a3094f824308df81b3094f86e
:10c1740038308df81e30214694f837308df81f3052
:10c1840006a88df8185003f073ffab1f012b40f283
:10c194009780bbf1010f00f28c8094f84a5094f818
:10c1a4004b301d44edb236b23301181d03930df02c
:10c1b4006ffd82b20746002a40f086808d4b0093c3
:10c1c400fe210123ec200cf019fb07f104094feace
:10c1d400461a504621f026f980460aeb0600400034
:10c1e4000df056fdc4f8e000002d71d0042000ebe2
:10c1f40005100df04dfd82b20646002a66d17d4b36
:10c204000093fe210123ec200cf0f8fa331d029375
:10c2140029b24a0110460591049221f003f9dde99f
:10c2240004218246501840000df032fdbbf1010f8d
:10c23400c4f8e40040f2da8042200df029fdc4f88d
:10c24400dc00ff200df024fdc4f8d800b9f1000f84
:10c2540049d138461cf010fa304600251cf00cfa7f
:10c26400d4f8e0001cf008fad4f8e400c4f8e05074
:10c274001cf002fad4f8dc00c4f8e4501cf0fcf919
:10c28400d4f8d800c4f8dc501cf0f6f94046c4f8e1
:10c29400d85021f0c9f8504621f0c6f84ff0070bea
:10c2a4008fe0a5f10a03012b94bfb4f8c02000224b
:10c2b40055e70a3d012d05d894f84b50033571e735
:10c2c400032570e700256ee7814680e702909fe72b
:10c2d400bbf1010f79d92e46aa46bae73e46ba46c3
:10c2e4004ff0070b54e0029b002bb2d0d4f8e020af
:10c2f400002aaed0d4f8e420002aaad0d4f8dc2056
:10c30400002aa6d00028a4d0b8f1000fa1d0baf119
:10c31400000f9ed0039bc4f8a0704b441f46b94540
:10c3240003d175b94ff0000b4be0c8f80c904146af
:10c3340004f5ba7020f069fd09f1100908f120082c
:10c34400ede7013dedb20135c4f8a4600aeb4515f3
:10c35400029bcaf80c30514604f5be7020f055fd1e
:10c36400029b0af1200a103355450293f0d1d9e714
:10c37400002dcfd04ff0000b002eb1d0d4f8e42024
:10c38400002aadd0baf1000faad0bbf1000fc1d082
:10c3940038461cf071f930461cf06ef90025d4f8cb
:10c3a400e0001cf069f9d4f8e400c4f8e0501cf093
:10c3b40063f94046c4f8e45021f036f8504621f0c1
:10c3c40033f8584609b0bde8f08f002f86d02e46ca
:10c3d4000295aa46d4f8e02012b1b8f1000fc7d1f3
:10c3e400002d3ff47daf4ff0070bc5e7002ff1d1cf
:08c3f400f9e700bf0cd20201c1
:020000040000fa
:020000040100f9
:10c3fc0070b5612888b00e4614460d6853d013d81a
:10c40c00412830d006d8a0f11303012b40f2e8806c
:10c41c00002492e0542837d0602848d05228f7d115
:10c42c00084614f037fcf3e7a02800f0ed8007d89d
:10c43c00802814d08128ebd108461ff0a9fae7e731
:10c44c00a22800f0f480c0f0ee80f128e0d1d5f8fd
:10c45c00cc00002410f094fec5f8cc406de02846ca
:10c46c0017f0c0fed4e713685b8902932b88019305
:10c47c008a4b0093022201233e21ec200cf0baf9e6
:10c48c0028461cf0f8fbc3e7d5f8c43013f00104c0
:10c49c0053d023f0010395f8e010c5f8c4302846ba
:10c4ac001ef061f8b4e708461ff0c2fdb0e7136850
:10c4bc001d68937a032b43d153681b7802932b8806
:10c4cc000193774b0093022201233f21ec200cf0c7
:10c4dc0091f920f0f9fb30b3236843616368036181
:10c4ec00637a4373227a037b134323f0040343f0f0
:10c4fc00010303736b4a00230360516808605060aa
:10c50c004360694b59688160021d0a605a60636818
:10c51c001b78022b05d1d5f8c43043f00103c5f8c4
:10c52c00c43030467de7614b00930724019401230e
:10c53c0002224221ec200cf05df9204608b070bdbf
:10c54c00537a02932b880193594b009302220123b7
:10c55c004021ec200cf04ef920f0aefb034640b32a
:10c56c0022688261a27a0275226812681288c282dd
:10c57c0062680261627a4273217a027b0a4322f07a
:10c58c00040242f002020026066002734948426827
:10c59c001360454a43605e6054689c60191d2160bd
:10c5ac0095f86d40516014f040040ad111f010f868
:10c5bc00c3e7414b0093072401940123022241213c
:10c5cc00b8e7016820f0eef90b7b43f004030b7322
:10c5dc0018f092fcab6f43f01003ab673d215ee7a4
:10c5ec002b7e403b022b07d8a0f113035942594133
:10c5fc00304619f021f80be7ac6f14f004049cd012
:10c60c0008460ff0a7fd03e705f10c001ff073fec1
:10c61c000446002840d00146304605f00ffc204669
:10c62c001ff06bfbf4e6288812f0a8fdf0e695f8f5
:10c63c00e230112b3ff4ecae95f8e430112b3ff4c3
:10c64c00e7aed5f8a8311bb11b79012b3ff4e0ae56
:10c65c002b880193194b0093022201234321ec20d8
:10c66c000cf0c8f82b88adf81030ea8f6b8fd5f82a
:10c67c003a10adf812300591adf81820adf81c3019
:10c68c00adf81a3095f86d3043f0080385f86d302d
:10c69c0004a809f0b5fdbbe607244ee714ac010174
:10c6ac0038ac0101d4a90020dca900205fac010149
:10c6bc007cac0101cca900209eac0101bcac0101f9
:020000040000fa
:020000040100f9
:10c6cc0038b54ff088430022c3f8b020a74ac3f80e
:10c6dc00b02002f12b42a2f54b12a2f6ab42c3f8ea
:10c6ec00b020a3490a6b22f008020a631b6c03f406
:10c6fc004053b3f5005f4ed09d4b1a6822f4706224
:10c70c0022f001021a601a6842f400721a600122c7
:10c71c009a601c6814f00104fbd1964d2b6843f40d
:10c72c0080132b6001200cf0bdfb01200cf0a6fb4c
:10c73c0004201bf073fa00200cf0b4fb8c4a136a33
:10c74c0023f0080313622b6823f400432b600120b1
:10c75c001bf064fa2b6823f400632b60012015f0a6
:10c76c006df92a460134536a03f00303032b3ed0c0
:10c77c00b4f5fa5ff6d17f4b5b6a03f00303032b2e
:10c78c0038d0012015f06af97a4a536a03f0030392
:10c79c00032bfad12ee0774a536843f08073536031
:10c7ac004ff08842136943f08003136100237149f1
:10c7bc0001334a6a12f0010f10d1b3f5fa5ff7d1c9
:10c7cc006c4b5b6a13f0010f0bd1012015f052f981
:10c7dc00684a536a13f0010ffbd002e0b3f5fa5f1d
:10c7ec00eed2644a536823f01003536084e7b4f527
:10c7fc00fa5fc0d24ff088431b6813f4805f0bd0f4
:10c80c004ff088431b6813f4404f05d14ff088421a
:10c81c00136823f480531360574b99684ff0884288
:10c82c00c2f8c010d968c2f8d0101969c2f8e0106b
:10c83c005b6903f40842b2f5004f50d04e4b9b6934
:10c84c0003f40842b2f5004f53d04b4bdb6903f4b1
:10c85c000842b2f5004f58d0474b1b6a03f408420c
:10c86c00b2f5004f5dd0444b5b6a03f40842b2f55d
:10c87c00004f62d0404b9b6a03f40842b2f5004f64
:10c88c0067d03d4a51683a4bc3f8301111683b4aa6
:10c89c0011601a6822f4706222f001021a601a68a0
:10c8ac0042f480721a6001229a601a46136813f0df
:10c8bc00010ffbd12f4b5a6822f030025a605a6894
:10c8cc0042f010025a602a4a136823f010031360d6
:10c8dc004ff088434ff03332c3f8b02038bd23f407
:10c8ec000143254a5361224a13674ff4004393676f
:10c8fc00a4e723f40143204a93611d4ac2f8903007
:10c90c004ff40043c2f898309fe723f401431a4ace
:10c91c00d361174ac2f8b0304ff40043c2f8b830b4
:10c92c009ae723f40143144a1362114ac2f8d03037
:10c93c004ff40043c2f8d83095e723f401430e4a74
:10c94c0053620b4ac2f8f0304ff40043c2f8f8308f
:10c95c0090e723f40143084a9362054ac2f8103168
:10c96c004ff40043c2f818318be700bf556699aa03
:10c97c00000a00440040014168a700200024014443
:020000040000fa
:020000040100f9
:10c98c002de9f04f099f154604468e461e46002b96
:10c99c0040f0cc808a42b2fa82fc4cd9bcf1000f38
:10c9ac000bd0ccf1200801fa0cfe20fa08f802faa0
:10c9bc000cf548ea0e0e00fa0cf44fea15491ffa72
:10c9cc0085f8befbf9fa210c09fb1ae30afb08fbfc
:10c9dc0041ea03439b452ad9eb180af1ff3004d2f4
:10c9ec009b4502d9aaf102002b44a3eb0b03a4b282
:10c9fc00b3fbf9f209fb123302fb08f844ea0344d7
:10ca0c00a04516d92c1902f1ff3303d2a04501d948
:10ca1c00931e2c44a4eb080443ea004027b124faeb
:10ca2c000cf400233c607b603146bde8f08f50462f
:10ca3c00dbe71346eee702b9ffdebcf1000f2ed1a7
:10ca4c008b1a01264fea154eaab2b3fbfef8210c45
:10ca5c000efb183308fb02f941ea0343994561d9ef
:10ca6c00eb1808f1ff3004d2994502d9a8f1020065
:10ca7c002b44a3eb0903a4b2b3fbfef10efb113361
:10ca8c004a4344ea0344a2424ed92c1901f1ff3324
:10ca9c0003d2a24201d98b1e2c44a41abce7ccf1c0
:10caac00200e02fa0cf521fa0ef901fa0cf320fa19
:10cabc000efe4eea03034fea154800fa0cf4b9fbdc
:10cacc00f8f11ffa85fe08fb1192180c01fb0ef60b
:10cadc0040ea0242964221d9aa1801f1ff3003d252
:10caec00964201d9881e2a44921b9bb2b2fbf8f9dc
:10cafc0008fb192209fb0efe43ea02439e450fd99f
:10cb0c00eb1809f1ff3604d29e4502d9a9f10206b1
:10cb1c002b44a3eb0e0346ea004693e70846e3e7f3
:10cb2c004e46f6e74046a4e70b46b6e78b4206d9dd
:10cb3c00002f7ed00026c7e90001304674e7b3fa17
:10cb4c0083fcbcf1000f0fd18b4201d3824209d878
:10cb5c00841a61eb030e0120002f6dd0c7e9004e43
:10cb6c00002661e76046f7e7ccf1200e03fa0cf3e0
:10cb7c0022fa0ef521fa0ef41d4301fa0cf320faf9
:10cb8c000ef10b434fea154a00fa0cf6b4fbfaf916
:10cb9c001ffa85f80afb19401c0c09fb08f144ea42
:10cbac000044a14202fa0cf23fd92c1909f1ff30d2
:10cbbc0004d2a14202d9a9f102002c44641a9bb2fe
:10cbcc00b4fbfaf90afb194409fb08f843ea0441df
:10cbdc0088452cd9691809f1ff3304d2884502d94c
:10cbec00a9f10203294443ea0040a1eb0801a0fb90
:10cbfc0002894945c2464c4602d306d1464504d269
:10cc0c00b8eb020a69eb05040138afb1b6eb0a03c5
:10cc1c0061eb040606fa0efe23fa0cf34eea03034c
:10cc2c0026fa0cf6c7e900369ae74846c6e74b46a3
:0ccc3c00d9e73e463846f7e63e46f5e6ee
:020000040000fa
:020000040100f9
:10cc48002de9f04f054685b041208b46904620f0ef
:10cc5800e7fb044650b9a54b009302460423c221c2
:10cc6800ee200bf0c9fd05b0bde8f08feb78c21dd2
:10cc780005f1040a039205f10b0900f1110600f110
:10cc88002107002b40f0b280daf800300360baf8d0
:10cc9800043083809af806308371d9f80030c0f8e0
:10cca8000730b9f80430938099f806309371904ba7
:10ccb8001b681a7882735a79c2735b780374bbf164
:10ccc800000f00f08d80dbf80030c0f81130dbf881
:10ccd80004307360dbf80830b360dbf80c30f360c5
:10cce800ea6d02f5c07204f1310b1368c4f8213003
:10ccf80053687b609368bb60d368fb60ea6d02f59c
:10cd0800e07221461368c4f831305368cbf8043018
:10cd18009368cbf80830d368cbf80c30e86d412223
:10cd280000f5e873063002f0cbffd9f80030236035
:10cd3800b9f80430a38099f80630a371daf8003006
:10cd4800c4f80730baf80430a4f80b30e21d9af89a
:10cd580006309371eb6d93f8e430a373eb6d93f8a1
:10cd6800e530e373eb6d93f8e6302374b8f1000f08
:10cd780000f0b580d8f80030c4f81130d8f8043085
:10cd88007360d8f80830b360d8f80c30f360ea6df7
:10cd980002f5e07221461368c4f8213053687b60bd
:10cda8009368bb60d368fb60ea6d02f5c0721368d4
:10cdb800c4f831305368cbf804309368cbf80830a6
:10cdc800d368cbf80c30e86d412200f5c873063003
:10cdd80002f076ff204605b0bde8f04f20f022bbf8
:10cde8001022594630461ff003fd79e7d9f8003084
:10cdf8000360b9f80430838099f806308371daf853
:10ce08000030c0f80730baf80430a0f80b30c21d63
:10ce18009af806309371eb6d93f8e4308373eb6df9
:10ce280093f8e530c373eb6d93f8e6300374bbf108
:10ce3800000f4ed0dbf80030c0f81130dbf80430ba
:10ce48007360dbf80830b360dbf80c30f360ea6d30
:10ce580002f5c07204f1310b1368c4f8213053682d
:10ce68007b609368bb60d368fb60ea6d02f5e07293
:10ce780021461368c4f831305368cbf804309368fe
:10ce8800cbf80830d368cbf80c30e86d412200f5b8
:10ce9800e873063002f014ffdaf800302360baf8bd
:10cea8000430a3809af80630a371d9f80030c4f88a
:10ceb8000730b9f80430a4f80b30e21d99f80630b1
:10cec80093710b4b1b681a78a2735a79e2735b78db
:10ced8004be71022594630461ff08afcb7e710226c
:10cee800414630461ff084fc51e700bf30c70201bd
:04cef800f0aa00207c
:020000040000fa
:020000040100f9
:10cefc002de9f04f91b00025072906468df8135007
:10cf0c0001d0152949d10132a1f1050805a806a9be
:10cf1c0006921ffa88f81ff08bf906a90df116007e
:10cf2c001ff086f9424606a90ca81ff097fbbdf826
:10cf3c001440002c00f00881bdf81630a342c0f05c
:10cf4c000681747ae0073ed408ab01935ffa88f847
:10cf5c0007ab009342460cabbdf81610bdf814009d
:10cf6c0011f0fafc0446002800f0f480089b5b6882
:10cf7c00d3e9011210781ff0e7fd079a03468346a8
:10cf8c00d27b308801210ef0e3ff87b2002f49d00d
:10cf9c00adf814400024254603e0adf814502c469f
:10cfac0004279df813305bb9002f40f0db802a4634
:10cfbc00214630461ef0f1fa10b1284620f01efa38
:10cfcc0011b0bde8f08fb37ad907bdd514f00c0fb2
:10cfdc0010d0002474724ff4827020f01ffa0028d5
:10cfec00b2d01022027032888280847104211df02c
:10cffc005df9a9e75f4bb8f1020f1b88adf824303f
:10d00c0009d1424609a90ca81ef0b0fd18b944f08c
:10d01c000804747298e744f0040400257472122713
:10d02c002c46bee7079b9a7b920777d49df813306a
:10d03c00002bafd1b08820f0b4f90546002800f0e1
:10d04c008c80079b9b68b3f80090b3881a1f91459e
:10d05c008cbfa3f1020909f1020900f110031ffab8
:10d06c0089f9092106a806931ff0e6ff5ffa89f1fa
:10d07c0006a81ff0e1ff214606a81ff0e3ff079b5f
:10d08c00a9f10202596892b206a81ff0f1fa09f14f
:10d09c000203a2469cb2089bda894ff6ff739a42b0
:10d0ac003ff47faf04eb09030393039ab3889a42ce
:10d0bc003ff777af08ab0af10100019307ab80b2e1
:10d0cc00009342460cabbdf81610adf8140011f0ed
:10d0dc0043fc8246002843d0079a937b9b073ff57d
:10d0ec0060af93681b8802334b457ff45aaf5b46a5
:10d0fc00d27b308801210ef02bff00287ff451af3a
:10d10c00514606a81ff09eff079b9a685968128823
:10d11c0006a81ff0adfabdf80c40bce709933388a4
:10d12c00adf828300df11301082309a8adf82a40f9
:10d13c00adf82c708df82e3014f0c6ff00283ff49b
:10d14c0075af3c46074626e72546012729e700250b
:10d15c002c46fae705460a2723e70446112720e761
:10d16c0007461ee7fbb2bdf814200821304610f02c
:08d17c007dfa25e766ef0101d1
:020000040000fa
:020000040100f9
:10d184002de9f041044619f0f1fd08b9bde8f0813c
:10d1940020f0f3f805461bf0edfd014628461bf090
:10d1a40039ff002862d1914b1b699c4228bf1c4661
:10d1b4008f4b06221a6008331b68002b00f0028193
:10d1c400601e8a4ad26802fb00328a4b1b6813f045
:10d1d400806f06d0874b4ff000711960834bdb687a
:10d1e400d21a824b5b69934238bfd21a824b1a60bf
:10d1f4000433002119607e490b6843f001030b607e
:10d2040024b1bff34f8f30bfbff36f8f62b6bff34c
:10d214004f8fbff36f8f72b6bff34f8fbff36f8f14
:10d22400734b062119601b6813f4803f00f0cd8016
:10d234006e4ce168714b1b680b44013b9b1a62699d
:10d244009a4201d2994200d24b1e6b4a13606b4b37
:10d2540000221a60083b07221a60644bdb68013b1a
:10d26400654a13601af052fd62b68fe75f4dab69f1
:10d274009c4228bf1c465e4a136823f001031360d6
:10d284001bf078fd80464ff480701ff013fe20f0f1
:10d2940074f8a4fb00674ff47a72002316f5fa7051
:10d2a40047f100011cf07ef82b6a03b9eb69984240
:10d2b40088bfc01a40441ff08bf84ff480701ff0f1
:10d2c400f3fd4a4b00221a704d4b1b8813f0020fda
:10d2d40046d072b6bff34f8fbff36f8f06f0d0fe08
:10d2e400054601283fd1f8f78bfa24b1bff34f8fdd
:10d2f40030bfbff36f8f00201ff06af84ff48070c7
:10d304001ff0d8fdfff7e0f9012006f047ff28469b
:10d3140006f0c6fe62b6bff34f8fbff36f8f72b6cf
:10d32400bff34f8fbff36f8f314b06221a602f4b21
:10d334001b78fbb1013c2d4b00221a722f4b0022ab
:10d344001a602b4a136843f00103136020461af055
:10d35400ddfc264bdb68013b274a136062b615e708
:10d364001ef04afdb5e7032006f09afe002006f001
:10d3740015ffb8e71bf0fefc1c4b1b7af3b9a0ebbe
:10d3840008001a4e002333724ff47a7808fb00f831
:10d394001ff0f3ffb8fbf0f41ff0efffb8fbf0f35e
:10d3a40003fb1080f36803fb00f51ff0e6ffb5fbf9
:10d3b400f0f0f5682d1a104b1d60bfe70b4b5b684e
:10d3c400c01adee7094bdb68fae60c4b1a68074b18
:10d3d400db6804fb03f4a01ab0fbf3f000fb033397
:10d3e400141b1c44044b1c6031e700bfc0a7002081
:10d3f40010e000e004ed00e014e000e018e000e0dc
:04d4040000000142e1
:020000040000fa
:020000040100f9
:10d4080073b50468267e132e054641d003d8122e24
:10d418000cd002b070bd403e022efad8102901d0bf
:10d428001229f6d1002005f0d5fdf2e7112925d003
:10d438001ad81029edd194f86d306ff3410384f8b0
:10d448006d3020461ff02aff28461cf057fb132397
:10d458002376607e18f0f4fe20461ff0dbfa0521e3
:10d4680028460cf0dffcd4e712290dd08129d0d151
:10d4780000228121284611f083f8cae7114619f0e5
:10d48800efff13232376c4e728460df05ffbc0e7c0
:10d49800212900f0dc802ed81229f5d007d81029d0
:10d4a80072d01129b5d1114619f0daffb1e7162962
:10d4b800afd31729e8d92029abd1a36f1e0616d5fb
:10d4c80019f090f9d4f8c83023f08073c4f8c83044
:10d4d8001cf0fefd204616f00bff002871d019f055
:10d4e80081f9a36f43f08073a3671cf0f1fd284610
:10d4f80016f044f88de7242900f0a98023d82229c2
:10d5080069d0232985d11df056f8002881d1237dc3
:10d51800002b3ff47eafa36f5b0640f19080a37da4
:10d52800012b40f08c800021204618f06bf9002870
:10d5380000f0858019f056f9a36f23f04003a36724
:10d548001cf0c6fd7be0812992d0822900f09680ec
:10d5580025297ff45eaf18f04ffe28461af051ffd8
:10d56800a36f5b067ff555af20461bf03dfa20b34d
:10d5780019f038f9a36f23f04003a3671cf0a8fd46
:10d5880028461af03eff44e794f86d306ff34103e4
:10d5980084f86d303a4b1a686ff39a621a60204625
:10d5a8001ff07cfe28460ff08dfea36f23f40003c6
:10d5b800a36728461cf0a2fa4be728461cf09efaff
:10d5c80027e701a9d4f8cc001ef064fd019b5b0a93
:10d5d800c4f888301de7a36f13f0100203d0d4f805
:10d5e800bc21812147e794f86d10a4f8152062f357
:10d5f800c711180784f86d1009d519f0f3f8a36f4f
:10d6080023f4005323f00803a3671cf061fdd4e959
:10d618006f21284601f060fba36f59060cd5002145
:10d62800204618f0eff838b119f0dcf8a36f23f0b2
:10d638004003a3671cf04cfd28461df097fca36f20
:10d648001a067ff5e6ae28461df028fbe1e6637d65
:10d658000133637519f0c6f8a36f23f0400343f450
:10d668008063a3671cf034fd28461cf0a4ff002843
:10d678007ff4cfae20461bf063fe81e70022fae676
:04d6880030340141f8
:020000040000fa
:020000040100f9
:10d68c00f8b5037f914e022b044622d11ff0e3fb29
:10d69c00d4f8ac307bb92377a36f23f08053a36706
:10d6ac000123238433696362b4f86c3023f49073e0
:10d6bc00a4f86c3012e094f86d20920609d51b7911
:10d6cc0003f03003102b04d100232377c4f8ac30c3
:10d6dc00e2e7217f0029dfd0022970d0204613f029
:10d6ec0023faa17e84f8220094f8210019f0fafda7
:10d6fc00d4f89830184494f82130c4f898001bb131
:10d70c00b4f85230a4f85830e37dd4f8cc00012b97
:10d71c0040f0be801ff09efed4f8a430834238bf88
:10d72c00c01ad4e9262328bf00209a42a36f80f0a8
:10d73c00ac80824280f0a980d90040f19d8094f8a1
:10d74c006d2042f0010284f86d2043f04003a36782
:10d75c0019f046f85e49f2680868636a95b265f399
:10d76c000f00086040399bb2086863f30f00086033
:10d77c0094f82230537094f86d3094f86c20f06863
:10d78c0003f00101c2f38013db0043ea011394f8a8
:10d79c002010d2090b4343ea820303701cf096fc61
:10d7ac00a36f13f0200108d194f86c2043f02003f0
:10d7bc0061f3410284f86c20a3670020f8bdd4f813
:10d7cc00ac2013895589ed1aa36f23f08053a367fe
:10d7dc0094f86d306ff3000384f86d30137903f017
:10d7ec003000102829d112891abb03f00303012b36
:10d7fc001fd084f82010d4f8ac20b4f86010138932
:10d80c000c331344a94263621ed310681ff044fa10
:10d81c00d4f8ac301b7903f03003102b07461ed123
:10d82c0060681ff039fa27b3a36f43f08053a367e6
:10d83c000fe0012384f82030dde7032384f8203047
:10d84c0020460cf03affd6e7a36f43f08053a36752
:10d85c000d4684f8215020461ff0d1f83ee7a06811
:10d86c001ff01afa94f86d309b06dcd5002fdbd133
:10d87c00efe70028d8d1ece794f86c20d2063ff5fe
:10d88c0064afa27d012a3ff460af23f040035ee752
:10d89c001ff0e0fdd4f8a430d4f8a020834238bfa8
:10d8ac00c01ad4f8983028bf00209342bff450af70
:10d8bc008342bff44dafa36fdb0042bf94f86d30d1
:10d8cc0043f0010384f86d3042e700bfc8a8002084
:04d8dc008034014152
:020000040000fa
:020000040100f9
:10d8e0002de9f04f87b0d0f8dc30d0f8e09001930c
:10d8f000d0f8d830d0f8ec800293054640f60143ca
:10d900000490494604a8adf8143011f09bfe2b4654
:10d91000002453f8282fc8f800209b88a8f804306a
:10d920002b46264653f82e2fc8f806209b88a8f8c9
:10d930000a30d5f87471fb68039300bf95f89430f2
:10d94000b34202d807b0bde8f08fd7f80ca0daf8e0
:10d9500000306ff30203caf80030daf80020012328
:10d9600063f3c402caf80020daf800204ff0040b79
:10d970006bf3ca12caf80020daf8001052466bf3b3
:10d98000ce2142f8101bdaf8001092b262f3de31b9
:10d99000caf80010daf800206ff3df72caf800202e
:10d9a000daf804101ffa89f262f30f01caf80410c2
:10d9b000daf804101ffa88f262f31f41caf8041063
:10d9c000daf8082063f30102caf80820daf8082020
:10d9d00042ea0b02caf8082099f8012095f83510a0
:10d9e00095f822001bf0b7f8c7f80ca005eb860ae3
:10d9f0000022c7e904943a723a77caf864703f6823
:10da00002318fc6800932168052060f3020121605f
:10da10002168012363f3c401216023686bf3ca13f7
:10da2000236023686bf3ce23236095f89430013b89
:10da30009e4272d195f84730012b06d1bdf80c30cb
:10da4000226863f3de32226003e0236862f3de3390
:10da500023606268bdf8043063f30f02626062689d
:10da6000bdf8083063f31f426260a368022262f3cc
:10da70000103a360a36843f00403a360a3686ff3ea
:10da80005823a360a368012262f35a63a360222291
:10da900095f8351095f822001bf05df805233b72d0
:10daa000019b3b6100237b613b77fc60caf87040bf
:10dab000226805eb4601c2f3cf32a1f88820caf8ec
:10dac0007c30a1f88e30009b03f59c7318440eb98e
:10dad000c5f8240195f89430013b9e4208d195f891
:10dae0004730012b06bf0f4bc5f82031c5f8200188
:10daf000caf8580095f84730012b009b03f5a7742e
:10db000007d1252295f8351095f822001bf023f84f
:10db1000044401363f68f6b210e704f110039bb2eb
:08db20008ee700bf008813002e
:020000040000fa
:020000040100f9
:10db28002de9f0430446c3788e4ac06d617ca57a1e
:10db380095b004ae002b63d112688df82010012136
:10db480092f8009092f80580b2f801e0b0f8e4701d
:10db5800b0f82cc0d0f8e6208df8221002218df8fc
:10db68002150adf82a708df823908df82480adf8f7
:10db780025e0adf827c08df829100b9200f5c07785
:10db880008adfa5c595d4a40f2540133102bf8d1c4
:10db98000caa31466f300cf0dff8e178231d04f150
:10dba8000b02002940f08a8018689b88adf8243061
:10dbb8001368cdf826309388adf82a300b91089079
:10dbc8000cab08a910251a7811f8010b013d424049
:10dbd80015f0ff0503f8012bf5d1e06d10aa0ca98b
:10dbe8006f300cf0b9f8e76d102207f5b87110a87e
:10dbf8001df0beff90b30421204610f0a1fb5ae0af
:10dc080013688df82110012193f800e093f805c0fe
:10dc1800b3f80120d0f8e470838db0f8e8808df86f
:10dc2800221002218df82050cdf82370adf82e3047
:10dc3800adf827808df829108df82ae08df82bc0d3
:10dc4800adf82c20002300f5e07708adfa5c595dab
:10dc58004a40f2540133102bf8d199e707f5e072e6
:10dc6800334610685168adf8045007f5c07203c315
:10dc78001068516806ab03c307f17f02314607f10c
:10dc88006f00cde902550cf067f8e16d20467f3151
:10dc980018f030fe204608f0cdfbe36d20887f3376
:10dca80001aa02a91bf0f1fbe36d2a467f3329463e
:10dcb80020460ef0dfff15b0bde8f08310689288ab
:10dcc800adf824201a689b88adf82a300023cdf8d7
:10dcd80026200b9308900caa08ab1025117813f88e
:10dce800010b013d414015f0ff0502f8011bf5d17c
:10dcf800e06d10aa0ca96f300cf02ef8e76d102219
:10dd080007f5d87110a81df033ff00287ff473af12
:10dd180007f5e07233461068516807f5c07203c30f
:10dd28001068516806ab03c307f17f02314607f15b
:10dd38006f000cf011f8e16d20467f3118f0dafd24
:10dd4800e36d2a467f33294620460ef093ffe16da6
:10dd5800204601f5c07115f0dcff204608f06afb8b
:08dd6800a9e700bff0aa0020aa
:020000040000fa
:020000040100f9
:10dd70002de9f04f8bb00646894b00930222012318
:10dd80000321ec200af03cfd347896f801a0b6f8a7
:10dd900004b01ef047ff8146002840f0f480814f18
:10dda0003868214604301ff07df90546002800f050
:10ddb000ec8090f8f83023b1aaf10303012b00f2b4
:10ddc000e28005f1c8001ef0bdfd40f2726300eb79
:10ddd0000b08984509dd3868317804301ff062f986
:10dde000002112f03bfc072434e0baf1030f14d9f0
:10ddf00095f847300b2b05d840f61242da40d4078d
:10de000009d413b19a1e012a2ed8baf1030f02d1f8
:10de1000bbf11f0f38d912241ce0bbf1000fe7d073
:10de200010201ff001fb059058461ff0fdfa059adf
:10de30000346002a00f0ab800028059010460cbf76
:10de4000072400241ff0f2fa059b002b40f0a3806a
:10de5000002ccdd0544b0093019401230022ff21cc
:10de6000ec200af0cdfc8ae0baf1040f56d195f807
:10de7000f820002acfd0d5f8ac20002acbd0bbf1b7
:10de8000000fc8d1042bc6d9b8f1000f4fd0052b15
:10de90004dd98df81c3095f822308df81e3095f84c
:10dea00024308df81f3095f838308df8223095f8f1
:10deb00037308df8233000238df81d30297e1a4627
:10dec00021fa03f0c00748bf013203f1010344bf48
:10ded000d2b24ff00109032bf2d1b9f1000f01d0fa
:10dee0008df81d20b5f83530adf820301ffa88f2d6
:10def000294607a805f016fe6a6940f271235343cc
:10df0000984214d3cde90103284b00930222012348
:10df10008421ec200af074fc45249be7aaf1030a53
:10df2000baf1010fb0d9bbf1000fadd173e738687a
:10df3000317804301ff0b6f8b37880f8a930b38890
:10df4000029390f825300193194b00930546012365
:10df500002220421ec200af053fc73788df81c3067
:10df6000b388adf81e3007a8b368089300248df875
:10df70001d40099506f0d4f901201ef04bfe204605
:10df80000bb0bde8f08f0c2464e7422462e7002860
:10df90003ff429af072418461ff048fa58e700bf9e
:10dfa000da9b0201b4aa0020789b02016c270201cf
:04dfb000ec9b0201e3
:020000040000fa
:020000040100f9
:10dfb40030b591ea030f00f18280841a71eb030cef
:10dfc40005d2121953eb0c03001b71eb0c0140f248
:10dfd400000ccff6e07c1cea430f52d0bceb410f9f
:10dfe4005fd90c0da4eb135e5ff0010c6cf31f51b1
:10dff4006cf31f53def1200c2ad303fa0cf54019fd
:10e0040041f1000122fa0ef5401923fa0ef5694197
:10e0140012fa0cf2cd0208d349085fea30005fea35
:10e02400320228bf42f001020134013c5fea500c85
:10e0340072f1004250f1000051eb04514ff400130f
:10e0440013eb410f38bf30bd6ff31301002030bd17
:10e05400bef1200ebef1200f1ed223fa0ef5401998
:10e0640041f10001cef1200c124218bf012203fa43
:10e074000cf52a43cee711ea5c0f04bf002000210f
:10e0840030bd1cea410f04bf01f00041002030bd47
:10e0940001f00041002030bd21f4801101eb045156
:10e0a40030bd004218bf41f00101bceb410f08bf75
:10e0b40030bd4ff0fe4141f47801002030bd83f0c3
:10e0c4000043841a71eb030e07d28ef0004e001b3e
:10e0d40071eb0e01121953eb0e0340f2000ccff654
:10e0e400e07c1cea430fc6d0bceb410f72d90c0d87
:10e0f400a4eb135ec90241ea5051c00241f0004151
:10e10400db0243ea5253d20243f00043def1200c17
:10e1140041d312fa0cf522fa0ef203fa0cf542ea94
:10e12400050218bf42f0010223fa0ef3801a994146
:10e13400e30ac4f30a0411f0404f03d418d0013c9d
:10e1440040004941013c23d44205c00a40ea415001
:10e15400c90a51eac3715fea500c72f1004250f1ee
:10e16400000051eb045130bd01002fd00020203cb1
:10e174000029f9d0b1fa81fcdcf1200e11fa0cf17e
:10e1840030fa0ef510fa0cf02943a4eb0c04d9e78d
:10e194000020d90730bdaef1200ebef1200f0dd204
:10e1a400cef1200c03fa0cf533fa0ef32a4318bf10
:10e1b40043f00103c01a61f10001b9e721f0004105
:10e1c400c00a40ea4150c90a01eb045130bd0020a5
:10e1d400002130bd004218bf41f00101bceb410fea
:0ee1e4007ff467afbceb430f3ff463af30bd79
:020000040000fa
:020000040100f9
:02e1f200704774
:020000040000fa
:020000040100f9
:10e1f4002de9f04f054687b002f076fcd5f87c7126
:10e2040095f81931d5f8e460d5f8ac20fc682bb149
:10e21400c1680868a3b263f3de30086023686ff353
:10e2240002032360236895f8241061f3c403236078
:10e2340023684ff0040969f3ca1323602168234655
:10e2440069f3ce2143f8101b21689bb263f3de31de
:10e25400216023686ff3df732360a3684ff0010a22
:10e264006af30103a360a36843ea0903a360a368f4
:10e274006ff3c803a3606368b1b261f30f03636013
:10e2840093b2626863f31f426260664b02934ff07d
:10e294000008b5f8b03095f847008df80c303246d8
:10e2a4000deb090101958df80d800bf0ebfe7278f2
:10e2b40095f8361095f824001af04bfcfc60c7e979
:10e2c400046887f80880a7f81c803f68fc68236806
:10e2d4004ff0050b6bf302032360236895f82420a9
:10e2e40062f3c4032360236869f3ca1323602368b9
:10e2f40069f3ce232360236868f3de332360636805
:10e30400b5f8dc2062f30f0363606368b5f8d820c6
:10e3140062f31f436360a368022262f30103a360f4
:10e32400a36843ea0903a360a26804f110039bb243
:10e3340063f35822a260a3686af35a63a36000f1ee
:10e34400700695f8361095f8240022221af001fc84
:10e35400fc6087f808b0d5f8dc30a7f81c80c7e962
:10e36400043695f82430022b51d0032b51d0534559
:10e3740001d1a93006443f68fc6823684ff00408c3
:10e3840068f302032360236895f8242062f3c4032e
:10e394002360236868f3ca132360236868f3ce23d9
:10e3a400236023686ff3de33236023686ff3df7326
:10e3b400236063686ff30f03636063686ff31f4345
:10e3c4006360a368022262f30103a360a36843eac3
:10e3d4000803a3600e2295f8361095f824001af06d
:10e3e400b8fb0023c7e90436fc6087f80880bb83c8
:10e3f40095f82430022b0ed0032b0fd0012b01d122
:10e4040006448336c5e94e6607b0bde8f08fa230f6
:10e41400b0e7ac30aee706448a36f3e7064480360c
:08e42400f0e700bf0a0001004f
:020000040000fa
:020000040100f9
:10e42c002de9f04f05468fb00f460026bb5dab556e
:10e43c000136202efad13c464ff0000854f82c0f30
:10e44c00cdf82080616809abcde9068803c3a068cc
:10e45c00e16803c306aa20691860114633461046ca
:10e46c001bf09cfc06aa8346294628461bf096fc0a
:10e47c00ba4683445af8300fdaf8041009ab03c3d8
:10e48c00daf80800daf80c1006aa03c33346114672
:10e49c001046cdf834801bf081fc5ffa8bfb834473
:10e4ac0006aa294628461bf079fc3b465ffa8bfbf3
:10e4bc00834453f8200f01935968cdf82c800df14b
:10e4cc001809a9e803003a469868c9f8000052f800
:10e4dc00380f049251680cabcde9098806aa03c326
:10e4ec003346294628461bf059fc5ffa8bfb3a460b
:10e4fc005844c3b252f8240f059351680292bb469c
:10e50c0006ab03c39068c9f800005bf8340fdbf866
:10e51c00041009ab03c3dbf80800186003937b6b92
:10e52c000c933b6a0d9306aa3346294628461bf0ea
:10e53c0035fc059b6168cdf82c801844c3b220686b
:10e54c00059306ab03c33b6aa0680c93bb6ac9f87e
:10e55c0000000d9306aa334629462846cde90988c2
:10e56c001bf032f8059bdaf80410181ac4b2daf86a
:10e57c00000006ab03c3daf80800daf80c1003c38a
:10e58c007b6a0c93fb6a0d9306aa334629462846f0
:10e59c00cde90a881bf018f8dbf80410019a241a4c
:10e5ac00dbf8000006ab03c3dbf808005168c9f8c0
:10e5bc000000106809ab03c3039b906818603b6ba9
:10e5cc000d9306aa334629462846cdf830801af01a
:10e5dc00fbff049ae4b25168241a1068029a06ab45
:10e5ec0003c310685168c9f8008009ab03c3039bcf
:10e5fc00906818607b6b0d9306aa33462946284613
:10e60c00cdf830801af0e0ffe4b2241a64b244452d
:10e61c000f4e10db34b92022294630461bf0b6ffd2
:10e62c00012812d020233246294628461af0ccff66
:10e63c00241a64b2eee720233246294628461bf002
:10e64c00adfb044464b2002cf5db0fb0bde8f08fd9
:04e65c00dccb010111
:020000040000fa
:020000040100f9
:10e660002de9ff478d7804680f7894f8f860012d44
:10e6700038d9022d3cd094f82530cde901537f4b99
:10e680000093022201238f21ec200af0b9f87c4b81
:10e6900000930223ec2001971a4692210af0b0f869
:10e6a000b80640f1a180774f94f803913b689b69cd
:10e6b00098473b6804f5827a09f001098046db69d6
:10e6c0005146484698470546b8f1000f40f0818012
:10e6d00098b16d4b0093022201231821ec200af01f
:10e6e0008ff801e0002ec6d1002004b0bde8f0870d
:10e6f00094f8f930002bbed1f6e74ff4e67105200f
:10e7000012f020f980460028eed0c4f81c010568fc
:10e710003b6828881b6a52464946984794f8473018
:10e72000063b012b2cd8012385f8b43094f8472000
:10e73000072a07d80123934013f0130f34d113f0a5
:10e74000c00f29d1b21e564256413b6885f8c861b8
:10e75000d3f88430d4f81021d4f8d8104046984724
:10e76000012120461bf0ccfc002284f81621227bdc
:10e77000012384f81431002ab6d0a4f81731b3e786
:10e78000d4f8dc301b78990604d50e201df0dcf897
:10e790000028c8d10023c7e794f82430022b08d002
:10e7a000032b09d0012bcdd141f21113a5f819305b
:10e7b000c8e741f21223f9e721236b7694f836304b
:10e7c000012b0cbf22232323ab7694f83630eb7653
:10e7d000b8e72e4b0093022201231721ec200af008
:10e7e0000ff8002d80d074e77b060ad50121204662
:10e7f0001bf086fc012384f814313c2384f8163185
:10e8000072e7237bc3b194f84920aab194f8fb3096
:10e8100093b98db9022e0fd094f848300133dbb292
:10e820009a4284f8483007d8012120461bf068fc42
:10e8300044f20133a4f8173194f84770012f08d13e
:10e84000394620461bf05cfc3c2384f8147184f8a4
:10e850001631022e7ff448afd4f86c314bb1012d44
:10e860007ff442af84f81551294620461bf048fc3e
:10e870003ae7012184f81511f7e700bf8659020134
:10e880009f590201b8aa0020ab590201bb590201ed
:020000040000fa
:020000040100f9
:10e890002de9f04f84682378ef2b8fb004d903243f
:10e8a00020460fb0bde8f08f638823f07f03002b74
:10e8b000f5d162687d49a2f120038b42efd8a368ad
:10e8c000a3f120058d42ead89a42e8d8237b013b88
:10e8d000062be4d8237d032be1d894f8168008f0aa
:10e8e000fd08b8f1010fdad1237e032bd7d8637e60
:10e8f0000f2bd4d8c36801931ef050fb0d2805d907
:10e90000e37e042bcbd8237f042bc8d8684e207815
:10e910001cf0e6feb27873781340ff2b654b009332
:10e92000d3f8009099f8332018bfb0fa80f78246e8
:10e9300014bf7f090127002a00f0b08004f10d0206
:10e9400099f83230029209f1340b00259d4210d122
:10e95000f7b96288920700f08d80ab429fd0514694
:10e96000284610f0ebfd002899d002238df82730bf
:10e9700016e059460722029803931df0fdf80bf1ab
:10e98000280b039b0028e3d00135edb2dee7ff251d
:10e9900099f82130022b66d00df127001cf0bcfe47
:10e9a00023788df81c306388adf81e306368a28828
:10e9b000adf820201b0c8df82230a3682289607be3
:10e9c000adf823201b0c8df82530237b8df82630e5
:10e9d0001ef092fc23468df8280053f80e2fcdf838
:10e9e00029209b88adf82d30237d8df82f30637d55
:10e9f0008df83030a37d8df83130e37d8df83230e5
:10ea0000237e8df83330637e8df83430a37e8df80d
:10ea10003530e37e8df836300199237f8df837301d
:10ea200007a817f07dfe044600287ff439af9df853
:10ea30001c9048461cf054fe022809d17378ff2b25
:10ea40001dd0b378ff2b03d1464486f80190f570b2
:10ea5000009b1968afb191f82130012b7ff420aff2
:10ea60002231484617e05146284610f067fd00283d
:10ea700092d114e701238df82730ff2590e7a046b7
:10ea8000e2e791f83330002be5d005a81df038fd02
:10ea90009df81c0005a916f0f1fc01e7002f7ff49a
:10eaa00076af0df127001cf037fee6e7e03f1f00d0
:08eab00009aa00203caa002085
:020000040000fa
:020000040100f9
:10eab8002de9f04186b0844b01900646009302226e
:10eac80001231321ec2009f097fe012e09d97f4f6d
:10ead8003868f02104301ef0e1fa054630b90c24fc
:10eae80040e01ef0a3f80028f1d0f8e706b3032ea3
:10eaf8002bd113f0bbfb044614f09cff0ff0b0fcc5
:10eb08000df0d4fa204310f0ff0f40f0da8095f8aa
:10eb18004730012be3d06c7e012c19d128461ef01a
:10eb28004df8f0b195f8f830002b4fd0032e54d0a3
:10eb38003868f02104301ef0b1fa0446032e00f2c2
:10eb4800ae80dfe806f04e5a83b3012edfd8e2e745
:10eb5800acb9214604a81cf02dfb9df81030002b01
:10eb6800e0d012245a4b0093019401230022ff2184
:10eb7800ec2009f041fe204606b0bde8f081a31e56
:10eb8800012bcfd8aa7e9df8103062f300038df8d0
:10eb980010302b464ff0000853f81b2fcdf81120ea
:10eba8009b888df80e800df10e0104a8adf8153084
:10ebb80015f06aff0028b5d0022cafd141460df1ff
:10ebc8000f001cf0f7fa9df80f30c8e7284603f04d
:10ebd800fbf904460028a9d0c4e7284613f07afbbd
:10ebe800a6e794f8f810012902d120461bf084fa10
:10ebf80001201ef003f80024bde794f8f850002d1a
:10ec0800f6d10121084611f06ffa94f84710204612
:10ec180005f0cefc94f847302e4a012b1ebf6369dd
:10ec280005f271255d4342f21073c4f834310021b6
:10ec380001232046c4f8305184f8f83021730ef0cf
:10ec480001fed4f8680106f0a1fcd1e794f847105a
:10ec5800204605f0adfc65691ef03efa4ff4c86326
:10ec68005843b0fbf5f01df0f1ff1cf077fe20468d
:10ec780010f042fa14f022fc11f0dcfe0ef07afedd
:10ec8800002102232046c4f8301184f8f83021739b
:10ec9800104a0ef0d7fdd4f8680106f077fc002082
:10eca8001df0acff00201df0b1ffa4e71bf054ffde
:10ecb80008b11cf053fe94f84710204605f078fc84
:10ecc800dee71e244ee700bfcbbb0201b4aa00203a
:08ecd800a6a402018da00001b9
:020000040000fa
:020000040100f9
:10ece000f0b5046889b0054616461cf032f9a36fea
:10ecf00059020ed517f07afda36f23f48003a367a2
:10ed00001bf0eaf916b1304619f0d2fc002009b028
:10ed1000f0bde17f19b1b4f85230a4f8583094f83e
:10ed20006c7017f001073dd10027e26f930740f1a7
:10ed3000858094f8e23022f00302082be26701d0cc
:10ed4000032b03d1d4f8b431002b73d1d4f8b831ec
:10ed500000219889a4f854005889b4f850c084451b
:10ed600011d1b4f852e0b3f810c0e6450bd1b4f8b5
:10ed70003ee0b3f812c0e64505d1b4f83ce0b3f884
:10ed80000ec0e64558d0a4f85000198aa4f85210d5
:10ed9000588ae087db89a387a4f8581042f0040260
:10eda000e2674be00029bfd0a37f002bbcd02046f8
:10edb0001df0d4f90028b7d0e37fd4f8c421c4f8fb
:10edc000d050834214bf0823002384f8d830a37f97
:10edd000c4f8d420032b84f8d90084f8da3017d192
:10ede0001378022b07d117f001fda36f43f0004306
:10edf000a3671bf071f9d4f8d4301b78112b01d024
:10ee0000072b05d1e36f9a0744bf23f00303e367a1
:10ee10002246039552f8d00f516804ab03c39068a3
:10ee2000d168142203c3009603ab3149012015f0c9
:10ee3000e5fa7ae701218ce70029afd1002f3dd117
:10ee400016b1304619f034fc1bf04afa94f92c3014
:10ee500084f82b00002b3fd1c300e38584f82c00fd
:10ee6000d4f84431002b3ff451af94f8e22092b92a
:10ee700094f8e420213a012a0dd91a7c16070ad405
:10ee8000b3f81530b4f85c209b1a1bb2002b02dcdf
:10ee900028460cf04dfed4f844311a7c50067ff51c
:10eea00035afd3f82220137a99067ff52faf6ff391
:10eeb00045131372284609f06bfe27e794f82800e3
:10eec0000128c1d1022384f82830042203ab094968
:10eed000039513f0d7fbb7e7b4f92e30a3ebe303a8
:10eee00003441bb2e385db1084f82c30b8e700bf85
:08eef0006004010101060101ab
:020000040000fa
:020000040100f9
:10eef8002de9f04f8bb006467d4b0093022201238b
:10ef08000521ec2009f078fc347896f801b0b6f8c1
:10ef180004a01df083fe8146002840f0dc80754f78
:10ef28003868214604301ef0b9f80546002800f07c
:10ef3800d48090f8f8301bb1bbf1030f40f0cb80c0
:10ef480005f1d0001df0fafc40f2726300eb0a08ec
:10ef5800984509dd3868317804301ef09ff80121a2
:10ef680011f078fb072455e0bbf1030f37d995f86a
:10ef7800473013f0fd0f57d1bbf1030f5ed1baf143
:10ef88001f0f5bd83868317804301ef087f8b378e3
:10ef980080f8b930b388029390f825300193564b26
:10efa80000930446022206210123ec2009f024fce8
:10efb80073788df81c30b388adf81e300125b3681e
:10efc800089307a809948df81d5005f0a5f928465f
:10efd8001df01cfe002420460bb0bde8f08fbaf1ee
:10efe800000fc4d010201ef01bfa059050461ef0ea
:10eff80017fa059a0346002a71d000280590104692
:10f008000cbf072400241ef00dfa059b002b6ad1c3
:10f01800002cacd0394b0093019401230022ff212e
:10f02800ec2009f0e9fbd6e7a3f10a02012a07d987
:10f03800bbf1030f02d1baf1000f01d01224e9e7a6
:10f04800b8f1000f9ed0052b9cd98df81c3095f88f
:10f0580022308df81e3095f824308df81f3095f841
:10f0680038308df8223095f837308df8233000236a
:10f078008df81d30297e1a4621fa03f0c00748bfd3
:10f08800013203f1010344bfd2b24ff00109032b4f
:10f09800f2d1b9f1000f01d08df81d20b5f8353047
:10f0a800adf820301ffa88f2294607a804f036fd8b
:10f0b8006a6940f2712353439842fff463afcde984
:10f0c80001030f4b0093022201238421ec2009f055
:10f0d80093fb45249ee70c249ce742249ae70028ea
:10f0e8003ff440af072418461ef09cf990e700bf94
:10f0f80068c20201b4aa0020ec9b0201789b0201bd
:04f108006c2702016d
:020000040000fa
:020000040100f9
:10f10c0070b5734b73491a68052060f31f721a604f
:10f11c001ef0bdf87048028840f23b1464f30f02f5
:10f12c0002806e4a148844f001041480048840f272
:10f13c00e24565f30f0404801088694c40f002002e
:10f14c0010800a8f42f004020a8722684ff4347050
:10f15c0060f31a422260634a1088a5f5ef7565f3d7
:10f16c000f00108060480268142565f31742026096
:10f17c005e4a15884ff44b7666f30f0515804ff0f9
:10f18c008842126c02f44052b2f5005f584a15885e
:10f19c000cbf24260c2666f307051580554a156806
:10f1ac006ff31e55156002f5407215886ff3070555
:10f1bc0015801a686ff307021a604f4a13686ff3d1
:10f1cc000003136013686ff34103136013686ff34c
:10f1dc000413136013686ff34513136013686ff314
:10f1ec0086131360454b1d886ff300051d801d8829
:10f1fc006ff341051d801d886ff304151d801d885c
:10f20c006ff345151d801d886ff386151d801568dd
:10f21c0045f004051560156845f0080515601a8859
:10f22c0042f004021a801a8842f008021a8003681d
:10f23c005c2262f30f230360b1f85031a12262f318
:10f24c000f23a1f85031b1f850318c2262f307032f
:10f25c00a1f85031d1f8143102f26f1262f3184355
:10f26c00274ac1f81431136843f000531360254b3f
:10f27c001a686ff3cf321a60883b1a686ff310422a
:10f28c001a60b1f8083c122262f34913a1f8083c49
:10f29c001d4b1a8842f400421a801a88102161f31f
:10f2ac0009021a8023680f2262f30503174a2360b0
:10f2bc00138843f0030313800368182262f30703d7
:10f2cc000360134b1a686ff342021a6070bd00bfe3
:10f2dc000c3a014100240141043e0141183e014118
:10f2ec0054380141143c0141683401411c3c01413a
:10f2fc00243c014104370141203a0141283a0141a3
:10f30c00003f014138370141a83801412038014103
:04f31c003037014144
:020000040000fa
:020000040100f9
:10f32000f7b54388032b044605d0082120460ff08b
:10f330000bf803b0f0bdc06d0191e43001a91df0e0
:10f3400051fde06d01a9e5301df04cfde06d01a916
:10f35000e6301df047fde06d01a9e7301df042fdec
:10f36000e06d01a9e8301df03dfde06d01a9e93037
:10f370001df038fd94f85520e36d3ab194f854101f
:10f3800093f8e620914201d00521cfe7002284f8ce
:10f39000552093f8e72084f8522093f8e620d00710
:10f3a00004d55d4a12685278d10701d401225a71fe
:10f3b000e26d92f8e730073b092b01d90621b5e74a
:10f3c00092f8e630544d13f0080f2b6803d19b7967
:10f3d00023b10321aae75b78c3f3c00384f8573055
:10f3e000204610f0fdfa04f1600717f000f84b49d1
:10f3f000384606f041fce66d737813f1ff3218bf12
:10f40000012284f8562094f85720002a4dd0012b71
:10f4100007d096f8e7300f2b03d8384608f0e0fd08
:10f42000cce794f8533083b902201af029fb002866
:10f4300037d12b68da789ab13949402204f11200a9
:10f440001cf0a8fb022384f85330204614f028f95e
:10f4500004f11201204616f0a7ff0a23a37068e703
:10f460007278032a06d1996821b191f850300bb116
:10f470004022e3e72b481df04dfc064600287ff4b0
:10f4800054af2868022384f85330103008f0a8fde8
:10f490002b6883f828609b680bb183f850600923c0
:10f4a000dce7012384f85330f9e7204614f0f8f83c
:10f4b000e36d93f8e920d2075cbf01225a71e16d38
:10f4c0004b78012b0ad120466f3103f03dfee16df0
:10f4d000204601f5d87113f05dfc2ae7022b13d109
:10f4e0002b681b78022b03d1204616f0d5fd20e7b0
:10f4f000042b05d191f8e430022b01d0042bf3d179
:10f5000020461bf0e2fc14e7032b7ff412af2046e9
:10f510001bf0ecfc0de700bff0aa0020a064d101b5
:08f52000b0710201c96902018a
:020000040000fa
:020000040100f9
:10f528002de9f04190f8e230062b92b0044640f005
:10f53800ea80002108f01ef9d4f84431d87d1df086
:10f54800adf8d4f8443193f91b20197c003218bf68
:10f55800012262f304111974d4f84421137c590769
:10f56800054621d56ff38203137441f22103adf8e8
:10f5780000302388adf8063002238df80830431c8c
:10f588008df809300022d4f844318df80420197f11
:10f598008df80a109b7e8df80c20c3f30103684692
:10f5a8008df80b3019f036f9d4f8443193f91c2052
:10f5b8007e2a00f08c807f2a00f099802b441a71f3
:10f5c800d4f844315a199b7e1373d4f844311a7c09
:10f5d80002f01202122a1fd141f22102adf80020d6
:10f5e80000228df804202288adf8062001228df82b
:10f5f8000820aa188df809205a1992f904108df8d4
:10f608000a10127bc2f301028df80b20db7e8df805
:10f618000c30684619f0fef8d4f844315b7f013ba2
:10f62800dbb2fd2b53d8294620461cf0c7fcd4f882
:10f638004421537fc7b2fb1a5355d4f844612e4472
:10f6480080460121304617f00ffe3072d4f844216d
:10f658005357434517d0db1b82f82030d4f8443188
:10f668005a192946127ada77d4f844210123ab4093
:10f6780093772046d4f844611cf0a0fc86f821005a
:10f6880020461af0fafad4f844311a7cd2071ed56b
:10f6980041f22102adf8002000228df804208df8f7
:10f6a80008202188adf806106a1c8df809205a57e1
:10f6b8008df80a205a196846127ac2f301028df8a9
:10f6c8000b205b5ddb1b8df80c3019f0a3f8d4f828
:10f6d80044311b7c1b071ad50a200af0d7fac4f854
:10f6e800b40120461df03cf912b0bde8f0814ff49a
:10f6f8008153adf800302388adf804304ff6ff731e
:10f70800adf8063085e724211bf075fbece70120f6
:02f71800eae71e
:020000040000fa
:020000040100f9
:10f71a002de9f34114466a4607460e460d6801f084
:10f72a00d4fe2378012262f305039df8002023709a
:10f73a0012f0010c1fbfdbb2072161f3050323702e
:10f74a0012f0020006d02378c3f30501063161f3f3
:10f75a000503237012f0080107d02378c3f3050ebe
:10f76a000ef1020e6ef305032370d30607d5237834
:10f77a00c3f3050e0ef1030e6ef305032370930611
:10f78a0007d52378c3f3050e0ef1120e6ef30503a7
:10f79a002370530607d52378c3f3050e0ef1010e25
:10f7aa006ef305032370737a3bb12378c3f3050e16
:10f7ba000ef1090e6ef30503237012f07b0f08d1c8
:10f7ca0096f809e0bef1000f03d123786ef3050322
:10f7da0023703379093b042b19d8dfe803f00303bc
:10f7ea00090909003b78a3f1080ebef1010f03d8fd
:10f7fa0023786ff3871309e0a3f1060ebef1010f18
:10f80a006dd823784ff0010e6ef387132370237897
:10f81a00627013f03f0318bf0123bcf1000f0cd034
:10f82a0003f1010cae46a4445ef8288fccf80080a0
:10f83a00bef804e0acf804e0063360b1581cac46ec
:10f84a0020445cf82eefc0f800e0bcf804c0a0f831
:10f85a0004c00633dbb2d9b13878a0f10a01012914
:10f86a00bdf8041042d8b5f8c20060f30b01adf838
:10f87a00041095f825009df8051060f307118df81e
:10f88a000510e118bdf80400a1f801000233dbb24b
:10f89a00d00644bf0333dbb2910644bf1233dbb256
:10f8aa00520605d5e21895f8271051700133dbb2dc
:10f8ba00727a8ab15a1c22441c44e96b0823637089
:10f8ca00282353700b4653f81c0fc2f802001b7909
:10f8da0093714b8ba2f8073002b0bde8f0810a3b66
:10f8ea00012b94d823784ff0020e8de70c280abf1b
:0af8fa00e86bb5f8b200c08db7e767
:020000040000fa
:020000040100f9
:10f90400f8b56f4a6f4f704c704ea17100233b7075
:10f9140013706f4b30801880e1b9642019f0b2fc89
:10f924004ef280330340b3f5025f04d042f2ff018c
:10f93400642018f08bfc3d2019f0a4fc4ff6e17311
:10f9440003404ef24032934204d04ef254313d20f3
:10f9540018f07cfc622019f095fc4ff08243a179e9
:10f964009a69237cd2b2a2f10b0cdcf1000242ebc7
:10f974000c0262f30003237403f0010320f4e35246
:10f984000b4322f01f0200f07f0551d0012905bf6f
:10f9940000233b7033783378a2810cbf1a3b193ba8
:10f9a400edb20129e370657131d12e23494ea37064
:10f9b400002200bf5f1c59b202d15ab1a17009e004
:10f9c400f75caf424ff0010203f1ff311dd3e2783f
:10f9d4001344a370637c801260f3020308206374f1
:10f9e40019f050fc20f01e03e381637c401060f3a7
:10f9f400c6036ff3c713637494f902302370637002
:10fa04002371354bc4f81230f8bd0b46d2e71f23df
:10fa1400324ea370002200bf5f1c59b2cdd0f75cf8
:10fa2400af424ff0010203f1ff31d0d20b46f3e7ae
:10fa3400317822811d39c9b2edb22922284fe170f3
:10fa44006571a270b2f1ff3f56b202d15bb1a670ec
:10fa540009e017f802c0ac454ff0010302f1ff368c
:10fa64002bd30a44a270237c801260f34303082042
:10fa7400237419f007fc20f01e036381237c4010db
:10fa840060f307136420237419f0fcfb20f4e353a0
:10fa940023f01f03a381637c801260f302033d20e3
:10faa400637419f0effb20f01e03e381637c4010c4
:10fab40060f3c60363f07f039de73246c2e700bfed
:10fac4007cab00207dab0020e0a8002062ab0020ce
:10fad40060ab002007940201cec4baf6bcb30201a5
:04fae4007a9e020103
:020000040000fa
:020000040100f9
:10fae80030b585b000230293adf8043090f8523059
:10faf800012b044601a902a82ad119f0a1fa029af9
:10fb0800a36db4f854101a44bdf804300b449bb2ea
:10fb180040f2e1418b42c2f31602029285bfa3f282
:10fb2800e2430132adf80430adf8043088bf0292e8
:10fb38006178626911f004054bd19442d0693bd0d9
:10fb480053785b0707d441f04001617005b030bdc0
:10fb580019f076faece7a26e02f59c735b0040f2ae
:10fb68007122b3fbf2f30344c3f3160365f34511a3
:10fb7800e3616170514abdf804001168029a9b1a4a
:10fb880091f8402202f58e7240f27125c3f31603f4
:10fb98006b4331f812504ff4005105eb900594f87f
:10fba8005000c5eb53051af033fb6464294604f191
:10fbb800380006f05df8c9e7a26e02f59c735b0099
:10fbc80040f27122b3fbf2f30344c3f31603e3617b
:10fbd800d0e79442e369029aa3eb0203c3f3160346
:10fbe80040f2712202fb03f31cbf6ff345116170f1
:10fbf800012b4fea530584bfbdf80430a5eb9305ec
:10fc08002e4b1a6892f8403203f58e7332f813308f
:10fc180003f27122aa4217d9a06828b1837843f069
:10fc2800080383700df03eff4ff4002194f8500054
:10fc38001af0eefa20461af0fbff0022214694f84b
:10fc480050001df0b6fb81e7ed1a94f85230646459
:10fc5800012b0df1060103a82cd119f0f1f9039a33
:10fc6800a36db4f854101a44bdf806300b449bb287
:10fc780040f2e1418b42c2f31602039285bfa3f220
:10fc8800e2430132adf80630adf8063088bf039282
:10fc9800dde902239a4204d1bdf80630b3f5966f28
:10fca80001d3a5f59c754ff4005194f850001af053
:10fcb800affa7be719f0c4f9eae700bfe8aa002029
:020000040000fa
:020000040100f9
:10fcc8002de9f04f1646a1b0102281460c460debe7
:10fcd8000200002198461cf08bfd30461df0a0fb69
:10fce800074600287ed0a319421ea3427dd118ad35
:10fcf8001022002128461cf07bfd0df1500a10222d
:10fd080000211ca81cf074fd8723102200215046f6
:10fd18008df87f301cf06cfd10aa514648460af059
:10fd28001bf80cac10aa0023d17b19550133102bfa
:10fd380002f1ff32f8d19df93030002b5adb04a9cb
:10fd480020461bf071fd9df91030002b5cdb08a9e3
:10fd580004a81bf069fd06f10f00000906f00f0664
:10fd68005cd01ffa80fb002e5ad100f18050013878
:10fd780010aa04a907eb00101cf02cfc102200218b
:10fd880068461cf035fd00260bf1ff339e422246e3
:10fd980065d310a968461cf01dfc0023e27bea54d9
:10fda8000133102b04f1ff34f8d11caa2946484628
:10fdb80009f0d2ff1cab0022d97b0df802100132ea
:10fdc800102a03f1ff33f7d10df10f02002300bf12
:10fdd80012f8011908f803100133102bf8d138462e
:10fde8001df020fb21b0bde8f08f13f8011d02f8cb
:10fdf800011f7ae7294620461bf016fd04aa1ca914
:10fe080028461cf0e7fb9ee7294604a81bf00cfdda
:10fe180008aa1ca928461cf0ddfb9ce74ff0010b43
:10fe28000bf18053013b1a010023b6b2194680201a
:10fe38001ffa83fc66450cd907eb020c1cf803c0bb
:10fe48000af803c00133102bf2d110aa08a95046b2
:10fe580092e70cbf0af803000af80310f2e707eb71
:10fe6800061168461cf0b6fb0023d17be954013328
:10fe7800102b02f1ff32f8d11caa2946484609f096
:10fe88006bff1caa0023d17b0df803100133102b44
:0cfe980002f1ff32f7d10136b6b275e777
:020000040000fa
:020000040100f9
:10fea4002de9f84381460e4698469500284606f00b
:10feb4001ff9002800f099800746542006f018f92d
:10fec4000446002800f08e80542200211cf092fc8d
:10fed40027632a46a52138461cf08cfc043d236b7d
:10fee4001d4425f007058eb1337884f8343053b1be
:10fef400334604f134010f3613f8012f01f8012fb2
:10ff04000ab1b342f8d1002384f84330089b042b90
:10ff140028bf04231f46e3626364261d30461df098
:10ff24002ffa04f118001df02bfa2461c7f1050320
:10ff3400a361646242464946284619f0fdfb2060ed
:10ff4400099b03b11c601bf087f8474bd3f8902042
:10ff54000132c3f890205b68002b4ad0424bd3f89f
:10ff6400e8303bb9404b5b68da6ae36a9a429cbf6b
:10ff74003d4b5c603c4dd5f8ec300133c5f8ec30ba
:10ff8400e36a296801229a400a432a6003eb830347
:10ff940005eb8303db68a3609a68e26056609e60a9
:10ffa400e26a05f108019300981801eb8001616190
:10ffb40005eb80018b6801338b601cf03bfad5f8ac
:10ffc400e830002b4bd06b68da6ae36a9a4248d275
:10ffd400264b4ff080521a60bff34f8fbff36f8fe1
:10ffe400012004e038460ef0a3fb4ff0ff30bde8db
:10fff400f8831d4b5c60d3f89030012bbad11a4db5
:020000040101f8
:1000040005f108001cf0e1f805f11c001cf0ddf816
:1000140005f130001cf0d9f805f144001cf0d5f8c6
:1000240005f158001cf0d1f805f1ac0840461cf06d
:10003400ccf805f1c00738461cf0c7f805f1d40028
:100044001cf0c3f805f17c001cf0bff805f1980022
:100054001cf0bbf8c5f87480c5f894708ae70120d9
:10006400c5e70120c3e700bf40fd012004ed00e027
:020000040000fa
:020000040101f8
:100074002de9f04f03789146a3f10802012a87b0d5
:1000840080460f4665d891f8f920b9f1000f06d1e2
:10009400134622b991f8fc10002900f0b8804ff4ff
:1000a4008073adf80930002301978df80d30002ad4
:1000b4004dd197f8fc308df80b306a460a2301a91c
:1000c40040468df8083001f003fa01a9684611f0a2
:1000d40044fa01266a46834601a940468df8096020
:1000e40001f0f6f901a9684611f037fa0025524be0
:1000f40002936a4601a90446404601978df80d50c3
:1001040001f0e6f901a9684611f027fa6a4601a947
:10011400824640468df809601ffa8bfb01f0d8f93e
:1001240001a9684611f019facb4575d2a9eb040967
:100134001ffa89f329461ffa8afa01319a45c9b28e
:1001440003d21d1aabb2002bf7d1002565e00123c1
:10015400b1e70a3b012b4ff0000460d8b9f1000f5e
:1001640062d0364b01916a4601a902938df80d4085
:1001740001f0aef901a9684611f0eff94ff0010b57
:100184006a46824601a940468df809b001f0a0f9fb
:1001940001a9684611f0e1f9274b02936a4601a9c7
:1001a4000546404601978df80d4001f091f901a9eb
:1001b400684611f0d2f96a4601a9064640468df810
:1001c40009b01ffa8afa01f083f901a9684611f00f
:1001d400c4f9ca4525d2a9eb05091ffa89f32146ba
:1001e400b6b201319e42c9b224d21c1aa3b2002b6a
:1001f400f7d11c4687f84a3087f84b1087f84d40f2
:1002040087f8500087f84f5007b0bde8f08f1046cc
:10021400154614461146ede729460123eae7204630
:10022400254621462346e5e748464d464c46494681
:100234004b46dfe70024f5e70d0001000b00010049
:020000040000fa
:020000040101f8
:1002440070b5c56d86b00446002d00f0db8095f8ce
:100254002e30de0722d511201df0a7f80646e8b19e
:1002640000f11003062104a804931cf0e9fe2b46b8
:10027400049953f8a02f0a605a684a609a688a6001
:10028400da68ca60062300933246002311212088cd
:1002940018f02dfc10b130461df0b4f8e56d95f85a
:1002a4002e30980721d50b201df07ff80646e0b1cb
:1002b40000f11003072104a804931cf0c1fe049b61
:1002c400b5f8b0201a80049a55f8b23f13606b68f1
:1002d400536006230093324600230b21208818f034
:1002e40006fc10b130461df08df8e56d95f82e3002
:1002f400590722d511201df058f80646e8b100f13f
:100304001003082104a804931cf09afe2b460499b8
:1003140053f8bc2f0a605a684a609a688a60da689f
:10032400ca6006230093324600231121208818f066
:10033400defb10b130461df065f8e36d93f82e3006
:100344001a0728d508201df030f8054618b300f127
:100354001003092103a803931cf072fe0df111018f
:1003640004a81af029ff9df8101003a81cf068fed9
:10037400039bddf811201a60bdf815209a8006232e
:1003840000932a4600230821208818f0b0fb10b1fe
:1003940028461df037f8e56d95f82e30db0622d59a
:1003a40011201df002f80646e8b100f110030a21fd
:1003b40004a804931cf044fe2b46049953f8d32f4d
:1003c4000a605a684a609a688a60da68ca600623d2
:1003d4000093324600231121208818f088fb10b1c5
:1003e40030461df00ff8e36d93f8ea2052b95b79bb
:1003f40013b920460cf0aef8e06d18b11df014f8f6
:080404000023e36506b070bda2
:020000040000fa
:020000040101f8
:10040c002de9f047c388172b8cb0074640f0bd8010
:10041c00837a0c2b07d003f0fd03082b03d080202c
:10042c000cb0bde8f0874ff440701cf0f7ff80462d
:10043c000028f4d01022002108a81cf0d7f95e4b3c
:10044c00cdf808801b681c6800250cbb28461cf0e6
:10045c00e5ff0646002800f094802a4641461cf031
:10046c00f3f840461cf0dcff04ab2a46314608a8e2
:10047c00fff724fc30461cf0d3ff3b685a6804abf2
:10048c0003cb1060516003cb9060d1600020c7e7b4
:10049c00a689e389b34201d22468d6e7b4f80c905c
:1004ac006368a6eb090903eb091999f80e305b0791
:1004bc004fd4d9f8001001a81cf0b8fdbdf80430d9
:1004cc00a3f52052032a02d9b3f5245f44d1d9f8fd
:1004dc00083093f800a055441ffa85fa0af1040578
:1004ec00adb2b5f5407f4cd8314602a81cf0aafd40
:1004fc00bdf8041002a81cf0a5fdd9f80830d9f8f5
:10050c0004101a7802a81cf0b3f8bdf8042042f6c7
:10051c0002039a421dd1d9f808301b88042b18d13c
:10052c00d9f804100df106001cf080fd03aa04a9f3
:10053c00bdf8060018f0aafc58b10af11405adb2ca
:10054c00b5f5407f1dd8049b1022596802a81cf0f9
:10055c008ff80136b6b29ce703f55643ff339bb2d6
:10056c00042bf6d80435adb2b5f5407f09d8314629
:10057c0002a81cf067fdbdf8041002a81cf062fd77
:10058c00e7e740461cf04cff49e7152b7ff447afdb
:10059c00837a0c2b04d003f0fd03082b7ff43fafc0
:1005ac00b88818f023fe00283ff439af3b68827af4
:0c05bc005b681a706ae700bf4caa0020c0
:020000040000fa
:020000040101f8
:1005c8002de9f3410e4604464ff4003190f85000ef
:1005d800174619f01dfe3378990609d53369236645
:1005e80003f59c735b0040f27122b3fbf2f32362c4
:1005f80033785a0609d57369636603f59c735b0003
:1006080040f27122b3fbf2f363623378db0744bf35
:10061800737884f8513033789d072bd5b3784bb372
:1006280001204ff4006119f0f3fda378580700f199
:10063800a080d4f80880b8f1000f68d098f800308e
:10064800012b454602d140460df02cfa0023c5e99e
:100658001a3385f85330ab702b886d6123f49f6390
:1006680023f007032b80284610f02af9ab7843f0d3
:100678000403ab703378590744bfb368a365337874
:100688001a0744bfb388a4f854303378db063bd547
:10069800f368e269e3655b0a9a4235d0012fe361aa
:1006a80032d0012384f85330a36e6bb394f85230e0
:1006b8000df1020101a8002b38d118f0c1fc0199f5
:1006c8002d4ae3695b1a116891f8402202f58e728f
:1006d800dbb231f8121001f2a932520040f2712057
:1006e800b2fbf0f29a423dd85843bdf802309b085d
:1006f800c3eb500301f271229a4205d86464591a77
:1007080004f1380005f0b4fa02b0bde8f0812569bb
:10071800002dafd07822214628461bf037faa56075
:10072800ec60c4f80c80c5f808808fe718f088fce6
:10073800019aa36db4f854101a44bdf802300b4462
:100748009bb240f2e1418b42c2f31602019285bf8f
:10075800a3f2e2430132adf80230adf8023088bfaf
:100768000192ace70022114694f850000ef054faba
:0c077800cae725466ae700bfe8aa002097
:020000040000fa
:020000040101f8
:100784002de9f04f07298db0054601d0152936d142
:10079400053901321ffa81fb04a805a905921bf053
:1007a4004bfd05a90df112001bf046fd08a85a46a1
:1007b40005a91bf057ff284615f0aefd18bb5a4695
:1007c4005b4908a81bf0d6f9002840f0ab80bdf8bf
:1007d4001000002800f0a880bdf81210884200f232
:1007e400a38006ab5ffa8bfb07af0093019708abbe
:1007f4005a460ef0b5f8044668b90a2003e000230f
:10080400adf810300420c3b2bdf8102010212846e2
:100814000cf030ff52e0079b5b68d3e901121078bb
:100824001cf096f9069a03468246d27b2888012159
:100834000bf092fb80b210b1adf81040e3e7a8884a
:100844001cf0b3fd8046002870d0069b9b68b3f86b
:10085400009009f1040600f11003112105a8b6b2b5
:1008640005931cf0edfbf1b205a81cf0e9fb214651
:1008740005a81cf0ebfb079b05a8d9891cf0e6fb37
:10088400069b9a685968128805a81bf0f5fe09f1c1
:100894000604a4b2079bd8894ff6ff73984204d08c
:1008a400ab8804eb060999450bdd424621462846f0
:1008b4001af077fe10b140461cf0a4fd0db0bde85f
:1008c400f08f06ab013080b20093019708ab5a4613
:1008d400bdf81210adf810000ef042f80390002895
:1008e400e3d0069a93681b880433b342ddd15346a0
:1008f400d27b288801210bf02ffb0028d5d1039946
:1009040005a81cf0a3fb079b05a8d9891cf09efb36
:10091400069b9a685968128805a81bf0adfe1ffa59
:1009240089f4b7e710206ee701206ce711206ae72d
:04093400a0d4020148
:020000040000fa
:020000040101f8
:1009380084b02de9f34109ac84e80e00042800f2e4
:100948009080dfe800f0038e9daab2000c680c9b33
:10095800c4f84031574a0b9bc4f844310123137043
:10096800554a00251380554b84f8fb501d701cf028
:1009780013fc534b94f821101d7038b194f847209c
:10098800072a01d00b2a71d101221a70012584f897
:10099800fa504c481cf018fc284621460cf00efa78
:1009a8002146284604f01affd4f87c312046dd6839
:1009b800d4e9506817f064fc20461bf0b3fb2046ce
:1009c80015f0aefb94f824203f4b022a04f5be77bd
:1009d8004fd0032a50d01a88492161f30e021a8099
:1009e8003a4b94f836101a8861f304121a806c3b5b
:1009f80003201a686ff34d321a6094f824101cf023
:100a080095f92a464146384614f00ef994f85210e2
:100a180038461bf075f83946204617f089f82c4bf4
:100a28001b680bb1204698472a4b1a686ff30f02d0
:100a38001a60043badb21a686ff341021a601a6873
:100a480065f31f421a60244a1168b6b266f31f4163
:100a580011601a6842f001021a60d4f844011af0d1
:100a6800c9fc02b0bde8f04104b0704700298bd141
:100a78008ce71a882d21b0e71a884ff4d371ace7b8
:100a88000b6893f8fa30012bebd10cf03ffe0a4ac1
:100a9800138843f004031380e3e701910f4901ab86
:100aa8000422012011f0eafddbe7019101ab0422e9
:100ab8000b49f6e781ab002066ab002080ab002035
:100ac80082ab0020051802016c380141c034014195
:100ad80038ab00205c3e0141703e01410700010136
:040ae8000800010100
:020000040000fa
:020000040101f8
:100aec002de9f04fd0f87c31d0f8e0a0d0f874614b
:100afc001a1c89b04ff0000b18bf0122054600925a
:100b0c00d9465f4695f89420ba4212d895f8193117
:100b1c005bb1d5f82071d5f87461c437002400bfdf
:100b2c0095f89430a34200f29d80584609b0bde878
:100b3c00f08ff46822686ff302022260226895f845
:100b4c00221061f3c40222602268042161f3ca12ec
:100b5c002260226861f3ce22226095f89420013a3b
:100b6c0097420fbf2268216804f1100292b213bfa2
:100b7c0062f3de316ff3de322260216022686ff3a4
:100b8c00df722260a2686ff30102a260a26842f0d9
:100b9c000402a26061681ffa8af262f30f016160bd
:100bac0062686ff31f4262600395002b57d040f2ce
:100bbc000112adf8112009224ff000088df8102019
:100bcc0003a9524695f8470001938df81380adf8b0
:100bdc00148009f053fa9af8012095f8351095f81d
:100bec00220017f0b2ff3ab2c6e904a905eb820164
:100bfc00009bf460737786f80880c6f8188086f836
:100c0c001c800c674e66c1f87c8095f894e0019bc3
:100c1c000ef1ff3c67450ebf05eb4e0205eb4202a1
:100c2c00103400f1860007bfa2f88680a2f88c80f1
:100c3c00a2f88840a2f88e8081440fb9c5f824919f
:100c4c00674508bfc5f8209107f10107c1f8589016
:100c5c0008bfb3460af1420a3668ffb252e7adf854
:100c6c001130a8e79df8113073b100238df81830be
:100c7c0095f82430013b8df8193073693146fb1a15
:100c8c0006a807930df082fa01343668e4b247e700
:020000040000fa
:020000040101f8
:100c9c002de9ff470025044689461f46057001f1e2
:100cac00ff3813780bb145450bd3624b1b7803b956
:100cbc002370454588bf09f10105284604b0bde8fd
:100ccc00f087252b07d05b49097811b904f8013b53
:100cdc0001350132e5e75378252b37d0561c337894
:100cec00302b4ff000001ad101464ff00a0c725c09
:100cfc00a2f13003dbb2092b0ed922f0200eaef19b
:100d0c00410ea2f16103bef1050fdbb206d8052b33
:100d1c0026d8a2f15703dbb2092b29d90e4433781c
:100d2c006c2b08bf01363378702b5fd027d8632b20
:100d3c0039d0642b51d0582b3ad13e4b3a681b78a2
:100d4c0003920437002b68d1019058e03949097897
:100d5c00961c0029c3d104f8013b01353246a0e7ab
:100d6c00a2f14103052b02d8a2f13703d3e70023ec
:100d7c0001310cfb0030735c002bb8d1cee7752b26
:100d8c0018d0782bd9d0732b12d13b680437013b88
:100d9c005a1c0dd013f8012f52b1454508d204f856
:100dac00012b0135f4e73b6804f8013b04370135ae
:100dbc00721c76e71f4b3a681b78039204370bbb07
:100dcc00019000930a23a8eb050120460ff0caf806
:100ddc005ffa80fa54445544eae7164b3a681b789c
:100dec000392043773b901900123eae7114b3a6877
:100dfc001b78039204372bb904230193012300932e
:100e0c001023e0e7002808bf04205ffa80fa52465e
:100e1c0003a920461af0b8fedce740b1c107c0f3c5
:100e2c00470af4d50af1010a5ffa8afaefe74ff0a4
:080e3c00010aece771ab002094
:020000040000fa
:020000040101f8
:100e4400f0b587b003790393c378029303880193c1
:100e54000546634b0093ec2001230222512107f045
:100e6400cdfc288819f0f8fe002800f0b78004684b
:100e7400204619f030fb002800f0a2800a2008f078
:100e840007ff0121c4f8b401204619f0c7ff00216f
:100e94000646204619f0c2ffaa78032a074610d056
:100ea400eb78b34223d12979814220d1042e08d191
:100eb400eb88012b08bfe376eb88022b01d10023da
:100ec400e37630461bf060fd064638461bf05cfdb9
:100ed40000250746d4f8b40117f0cefbc4f8b4518a
:100ee4002b463a463146204617f014fc44e012f0f3
:100ef400010f18bf072384f84231ab78d4f8b4212a
:100f04009b0754bf2b79072384f84331eb88d380a4
:100f14005a1e012a07d8012b08bfe376eb88022b5f
:100f240004bf0023e37694f8f23043f0020384f81c
:100f3400f230d4f8443133b32a79042a03d1e9884e
:100f4400e9b9e17ee9b9da75d4f8443100261e76b0
:100f5400e8781bf0a5fb01462046d4f844511bf069
:100f64002ff86876d4f84421137c43f008031374f3
:100f740020461bf098f90025284607b0f0bd022949
:100f8400e1d00822dfe720461bf0ecfc05460028f0
:100f9400f1d194f8f23060f3410384f8f230d4f8dc
:100fa400b40117f069fbc4f8b45107250d4b009345
:100fb400019501230022ff21ec2007f01ffcdbe751
:100fc4002868696804ab03c3082204ab04212046e3
:100fd40012f0d6fc05460028e8d1cce70225e5e767
:080fe40050a1020142a102012b
:020000040000fa
:020000040101f8
:100fec0070b50468154620460e4616f051fe297859
:100ffc00204611f0d5f92b78023b232b13d8dfe8d0
:10100c0003f01e121212363d124412364b52125479
:10101c00125c3636636a711212121212127878123e
:10102c001212127e8c97e37d002b00f08c80e37df6
:10103c00012b00f098802b78022b02d007e0022eb7
:10104c000bd0d4f8c43023f00103c4f8c430297891
:10105c00204619f0cefe012070bd294620461cf01a
:10106c0059f929782046bde87040f6f73fb8012eb3
:10107c0014bf00260126002ef3d1e8e7022ee6d19c
:10108c00294620461cf04af9ebe7092edfd1294608
:10109c00204603f0e9fee4e7062ed8d12946204687
:1010ac001af016f9dde7022ee2e7182ecfd10f2247
:1010bc002946204610f0cffed3e7032ec7d1294690
:1010cc0020461cf02ff9cce7092ec0d1294620462a
:1010dc0012f024fcc5e7092eb9d12946204616f09a
:1010ec00d1ffbee7032eb2d12946204619f0fcfcf5
:1010fc00b7e7022e9fd16b7884f82a30b1e7d4f889
:10110c004431002ba3d0042ea1d12a4632f8011f62
:10111c00a3f8171092785a76a3e7d4f84431002b31
:10112c0095d0052e93d1d5f80120c3f81a2098e755
:10113c00d4f84431002b8ad0052e88d1d5f8012063
:10114c00c3f81e208de70d4b1b68002b3ff473afcb
:10115c002a4631462046984702283ff468af0128ba
:10116c003ff47faf67e7064b1b68002b3ff463af80
:10117c002a46314620469847f1e700bfccaa00200a
:04118c00d0aa0020c5
:020000040000fa
:020000040101f8
:101190002de9f743054635201cf046f9044610209a
:1011a0001cf042f9064610201cf03ef907460cb12f
:1011b00006b150b95c4b009300220423c321ee20fa
:1011c00007f01efb03b0bde8f083584a13680360c4
:1011d0005368436093688360d368c360e96d3346a6
:1011e00020222f31fef770fd95f8038050484ff410
:1011f000807904f1020e2b1d04f1090c05f10b019d
:1012000004f11002a4f80090b8f1000f4ed1d3f809
:101210000090c4f80290b3f80490aef804909b7963
:101220008ef806300b68c4f809308b88acf80430af
:101230008b798cf80630e96d01f5c0710b6823617c
:101240004b6853608b689360cb68d360ea6d02f59e
:10125000e072214613682362536863629368a36255
:10126000d368e3620123206384f83430eb6d3522c8
:10127000a0333046fef728fde96d2846a03115f071
:101280003dfb84f83480eb6d352206332146304631
:10129000fef71afd20461cf0c9f830461cf0c6f8cf
:1012a000384603b0bde8f0431cf0c0b8d1f8008068
:1012b000c4f80280b1f80480aef8048089798ef811
:1012c00006101968c4f809109988acf804109b79c5
:1012d0008cf80630e96d01f5c0710b6823614b682d
:1012e00053608b689360cb68d360ea6d02f5e0725f
:1012f000214613682362536863629368a362d368cc
:10130000e3620123206384f83430eb6d3522a0338f
:101310003046fef7d9fce96d2846a03115f0eefa0b
:10132000002384f83430aee71cc7020124cd02014b
:04133000656c746212
:020000040000fa
:020000040101f8
:101334002de9f04182b00378012b04d0022b76d042
:1013440002b0bde8f08144682378062bf8d801a2e6
:1013540052f823f075130101a9130101b913010116
:10136400451301014513010145130101eb1301016b
:10137400a378002be4d1554b1d68ab784bb1012306
:10138400a81c194610f8232022b10133082bf8d1e8
:10139400d6e7002105eb810301229a70a38825f882
:1013a4002130cde7608817f049f80028c8d0002222
:1013b4000260c5e76588284617f040f8064600280d
:1013c400bed0c378002bbbd02379002b0cbf0723de
:1013d40008238df80030adf80250684614f0aefbd7
:1013e4000023f370ace7394b1b6893f82a30002bc9
:1013f400a6d0b4f80480e788268965892b4632464e
:10140400394640460df04ef960b1adf80080adf8b4
:101414000270adf80460adf80650694660881af0b1
:1014240041f98de73b2160881af025f888e7446884
:101434002378e3b1012b83d16588284616f0feff9b
:10144400064600283ff47cafa388002b3ff478af16
:10145400c378002b3ff474af08238df80030adf847
:101464000250684614f06afb0023f37068e765884d
:10147400284616f0e3ff00283ff462af134b1b68c5
:1014840093f82a30002b3ff45baf63892289e1880b
:10149400a0880df007f9a0b10021284619f0faff41
:1014a400a388adf80030e388adf802302389adf8a5
:1014b40004306389adf80630694660881af0e4f8b0
:1014c4003ee70121284619f0e5ff39e72caa002060
:020000040000fa
:020000040101f8
:1014d40010b5137803f07b0313700b79093b042bcd
:1014e40036d8dfe803f003599facb50004780b2c21
:1014f4002ed80123a34013f44c6f49d19c0528d462
:10150400db0525d54979137889b18178032908d178
:101514006ff300031370137823f07a0343f0180376
:1015240015e081790029f3d143f00103f2e78179d1
:1015340081f0010161f3000303f0c5031370c37963
:1015440013b18378032b4cd113786ff38613137084
:1015540010bd4979137879b18178032923f0030305
:1015640004d11370137823f07803d7e78179002925
:10157400f7d143f00303f4e7817923f0030321b1a6
:101584001370137823f03803d8e743f00303f7e725
:10159400137823f07b03c1e70378063b052bd7d8e8
:1015a400dfe803f0343a0326343a8378032b1378c4
:1015b40001d18479ccb16ff300031370137823f055
:1015c4000a0343f0080313704c79dbb264f3041389
:1015d4001370c979dbb261f345131370c379002b1f
:1015e400b2d0137843f04003b1e743f00103e4e7da
:1015f4008378032b137823f0030301d1847914b186
:1016040013701378dde743f00303f9e7137823f04d
:101614003b0343f00903e0e7137823f03b0343f073
:101624000b03dae7137823f00b0343f00903137079
:101634004979dbb261f304136ff34513cde71378f3
:1016440023f0030313708c79dbb264f3c303eee776
:10165400137823f0030313708879dbb260f3c303b8
:1016640013704979dbb261f3041303f09f036ee74f
:020000040000fa
:020000040101f8
:1016740037b5428840f201139a4204460d4605d01c
:10168400082120460cf05efe03b030bd09f0d6ff01
:101694000028f5d1e06d019501a9e4301bf0a0fb11
:1016a400e06d01a9e5301bf09bfbe06d01a9e6307c
:1016b4001bf096fbe06d01a9e7301bf091fbe06d98
:1016c40001a9e8301bf08cfbe06d01a9e9301bf0a7
:1016d40087fbe36d93f8e72084f85220a27a83f81d
:1016e40058212346e26d53f8041fc2f859119b8810
:1016f400a2f85d31e36d93f8e620d50704d5414a9d
:1017040012685278d00701d401225a71e26d92f81e
:10171400e730073b092b01d90621b2e792f8e630fe
:10172400384d13f0080f2b6803d19b7923b10321a3
:10173400a7e75b78c3f3c00384f8573020460ef064
:101744004df92b68da7932b15b78590703d5e36d2b
:101754005b78012bebd0204614f047fee36d5a78fa
:1017640012f1ff3118bf012184f8561094f8571074
:10177400002940d0012a03d093f8e7200f2acbd9bf
:1017840093f8e82022f0090283f8e820e26d92f849
:10179400e93023f0090382f8e930e26d92f82c3045
:1017a40092f8e8100b4023f0040382f82c30e26d29
:1017b40092f82d3092f8e9100b4023f0040382f8dc
:1017c4002d3002231049a37004f1600004f052fa92
:1017d40008201bf027fe014600283ff455af0623de
:1017e400037023888380e36d93f8e63083710820c7
:1017f4001bf04cfd48e793f8e920d2075cbf0122b7
:0c1804005a71cae7f0aa0020a064d101cc
:020000040000fa
:020000040101f8
:1018100030b5624d2b688bb0c3f8040204461bf050
:10182000dbfb58b14ff4004194f8500018f0f4fc81
:101830000022012120460ef091f84fe0002c4dd0ff
:101840002378022b4ad1adf80e000df10e0104a849
:1018500017f0fafb94f85230012b18d1049aa36dbb
:10186000bdf80e101a44b4f854300b449bb240f249
:10187000e1418b42c2f31602049285bfa3f2e24318
:101880000132adf80e30adf80e3088bf04922b68ef
:10189000049993f8402203eb42032046b3f8343214
:1018a000bdf80e2017f022f8a3785a071ed51b07a3
:1018b0001cd5e5684ff48031012018f0adfc002202
:1018c000012120460ef04af82b78022b08d1284639
:1018d000fff79effa3786ff3c303a3700bb030bd77
:1018e0000022214601200df09bf9f3e72b68d3f885
:1018f0000822002a4dd100284dd1c3e98104236f6d
:101900001b7a1a1f012a03d8042b3cd119f0c8fff7
:10191000206f1bf033fca26a94f8500040f2712350
:1019200053435b08e3624ff4007118f075fca17833
:101930002046c1f3800109f027fe2b68d3f844321a
:1019400033b194f85100032894bf00200120984738
:10195000656f03232370002dc0d0236fcde90534bc
:10196000e36d0793e36a0893a378c3f380038df8cc
:1019700024300aab13e903008de8030005ab0ecb5e
:101980000020a847aae7b4f85410a06d19f022f877
:10199000bee70028a2d04ff4807145e7e8aa0020f6
:020000040000fa
:020000040101f8
:1019a0002de9f041477817f00407bab0044610d18a
:1019b00090f85030d0f81480012b04d1404508d164
:1019c00040f6111312e0404509d098f80120520763
:1019d00017d46078c0f380003ab0bde8f081c26de2
:1019e000520ac261002bebd103f20123adf818308b
:1019f0000ee0012766e0012ffbd163786ff38203cd
:101a00008fe0002bdcd142f20523adf8183001271e
:101a1000e66e06f59c7640f271237600b6fbf3f68f
:101a2000a38cb6b29d19adb2b5f5487f88bfc3f59a
:101a30004876d8f81c30079384bfb6b24ff4487587
:101a400019f0ccfb384bdff8e4c01a6892f840324a
:101a500002eb430240f23911b2f83832b2f83c22bc
:101a60001a44b2fbf1f20132104494f85220012ad8
:101a700000ea0c0005d1e269a16d521a02ea0c02db
:101a80000792d8f82420a16e03f2a93340f2712cfa
:101a90005b00b3fbfcf3134401f59c725200b2fbf4
:101aa000fcf29a4202d2002f18bf1a46079b1f4928
:101ab00013440b401f1a17f48007f9d1013d1d4450
:101ac00007930d4000238df8163001238df8173051
:101ad000079bcde908350df1170301930df120089f
:101ae0000df1160306a80093cdf80880334607aa27
:101af0002146c05df9f77afb079b00939df81720fc
:101b00009df816104346204603f0d8fd00283ff408
:101b100072afe369eb1a5b023ff56daf637843f098
:101b20000403637055e700bfe8aa0020ffff7f00b1
:020000040000fa
:020000040101f8
:101b30002de9f743d0e90358008917f05dfb04460f
:101b4000002800f0b78090f83d30002b00f0b48002
:101b500015b1b8f1000f11d18df804301bf0e8f980
:101b60000823adf806008df8053001a9208818f08b
:101b70001ff8054655b984f83d5007e0082b4cd0b6
:101b80001c201bf051fc064620b90225284603b054
:101b9000bde8f0831820308094f83d300a2b0cbf4c
:101ba0000b230d23b3702b68c6f8033006f103092d
:101bb0006b68c9f80430ab68c9f80830eb68c9f83d
:101bc0000c30d8f80030c6f81330d8f80430c6f816
:101bd0001730a38883421ad8276c27b91bf024fc3e
:101be0000746002864d03146208814f015f80546d1
:101bf00048b932884946384619f0ccff2764304648
:101c00001bf014fcb6e738461bf010fcf7e7314632
:101c1000208814f001f80546f1e71a201bf004fcb7
:101c200006460028b1d01a23038083701bf080f988
:101c3000a6f803002b68c6f80530771d6b687b603b
:101c4000ab68bb60eb68fb60d8f80030c6f81530b5
:101c5000d8f80430c6f819303288a38802329a4284
:101c600021d9023b9bb23380b370d4f84080b8f1e5
:101c7000000f04d118201bf0d7fb8046c0b13146bd
:101c800020880ff04bfb054658b9434607f1180270
:101c900057f8041b43f8041b9742f9d1c4f840805d
:101ca000ade74046b0e7314620880ff037fbb2e79a
:0c1cb0000225a4e7032569e7012567e78a
:020000040000fa
:020000040101f8
:101cbc0070b5c0b2012894b0154616d028b10228d0
:101ccc0000f09780002014b070bd574c19f044fe02
:101cdc002368db6f984718b12368d3f8983098477e
:101cec00002103200ef0fef9ece7504c23681b7f1b
:101cfc0001934f4b009302231a46ec20772106f0f8
:101d0c0079fd2368986c20b10bf03afa2368002215
:101d1c009a642368186c20b114f094f9236800229b
:101d2c001a64414a13680021197026682d78337f94
:101d3c00a5b3012b21d141f20903adf808308df880
:101d4c000c502022ff210df10d001af04ffd3a2d01
:101d5c000fd1337f012b05d1706916f089fc2368f4
:101d6c0000225a612368186916f082fc236800224d
:101d7c001a6102a816f04cfda4e741f208032022d8
:101d8c00ff210df10d00adf808308df80c501af054
:101d9c002dfd2022ff210df12d00d6e7bbb91268d5
:101dac000121517025688df80c3041f20802adf814
:101dbc000820296920220df10d0019f0e5fe296992
:101dcc00202211440df12d0019f0defecae741f27c
:101ddc000903adf808308df80c50202231690df153
:101dec000d0019f0d1fe706916f042fc23685d619c
:101dfc00b8e716780f4d0d2455f8043b73b9013c28
:101e0c0014f0ff04f8d1012014f02efd0a4b8df8cc
:101e1c000c401c700e23adf80830aae730469847ea
:101e2c000028ecd04ee700bfdcaa0020d4aa00208a
:0c1e3c0040d30201d0a6002077ab0020ac
:020000040000fa
:020000040101f8
:101e4800f0b585b00468cb790293238801930d46d9
:101e58005b4b0093022201235d21ec2006f0ccfcb1
:101e6800eb79012b2bd059b219b1182b2ed005b014
:101e7800f0bd94f8f230d80702d5204610f05efa8b
:101e88001121204617f023ff1bf04af90128eed94b
:101e980094f8aa30002bead00021d4f8cc001af02c
:101ea80042fa0028e3d094f8aa30013b84f8aa301b
:101eb80094f86d3043f0040384f86d30d7e71221ad
:101ec800204605b0bde8f04017f001bf13212046b9
:101ed80017f0fdfe0121204618f09eff1af052fd72
:101ee80000210646204618f097ff1af04bfd002304
:101ef80002463146204616f00bfcd4f84431bbb3f9
:101f0800e57d012d2ed1032e43d1002583f82050e5
:101f1800d4f844319a7ada77d4f8443104229a779b
:101f280002212046d4f844711af048f887f82100b5
:101f3800204617f0a2fed4f8443183f82050d4f894
:101f48004431da7ada77d4f8443108229a77d4f827
:101f58004451314620461af031f885f821002046d0
:101f680017f08bfed4f844311a7c6ff3c3021a744d
:101f7800144b1b681a7ad10754bf5a7a072284f87f
:101f880042211a7a92074cbf07239b7a84f843317f
:101f98006de72946204616f009fcd4f844310022a2
:101fa80083f82020d4f844311a188540127ada7759
:101fb800d4f844319d770146d4f84451cae700bfac
:081fc8008a960201d4aa002050
:020000040000fa
:020000040101f8
:101fd0002de9f3410023027e04461d4622fa03f157
:101fe000c90748bf013503f1010348bfedb2032b18
:101ff000f4d194f8473013f0fd0f51d1042007f0cd
:1020000049fe05eb4505c4f8e000edb24a2007f0b3
:1020100041fec4f8ec00422007f03cfec4f8dc00ae
:10202000ff2007f037fec4f8d8002db24fea05189c
:1020300008f1040007f02efe82b20646002a4bd1ba
:10204000424b0093fe210123ec2006f0d9fb371d03
:1020500068011bf0e9f994f84730032b05463dd1a0
:102060003eb1d4f8e03023b1d4f8ec300bb1002805
:102070005bd1304616f002fb0026d4f8e00016f0e3
:10208000fdfac4f8e060d4f8ec0016f0f7fac4f8f2
:10209000ec6028461bf0caf9072002b0bde8f081c9
:1020a000012b01d0042b08d1022007f0f3fd6d00b5
:1020b000c4f8e000edb20c20a9e7032b0ad10220fe
:1020c00007f0e8fdc4f8e000252007f0e3fdc4f8c0
:1020d000ec00aae70025a8e70746b9e766b1d4f8ff
:1020e000e0304bb1d4f8ec3033b1d4f8dc301bb174
:1020f000d4f8d83003b1c0b9304616f0bffa002684
:10210000d4f8e00016f0bafad4f8ec00c4f8e060b5
:1021100016f0b4fad4f8dc00c4f8ec6016f0aefaad
:10212000d4f8d80016f0aafab3e7c4f8a060b8440f
:10213000474501d10020b0e7ef60294604f5ba70a9
:102140001af065fe10372035f2e700bf17d2020102
:020000040000fa
:020000040101f8
:102150002de9ff470c4617f04ff8054620b9032438
:10216000204604b0bde8f0872088013880b24ff6e1
:10217000fd739842f3d8ab886288033b9a42eed84d
:1021800002aa01a916f088fe0028e8d0019e4e4957
:102190003068022219f0f0fc0028e0d194f8f82011
:1021a00073681b2a1b784cd113f0100fd7d02088ee
:1021b000013002aa01a980b216f06efe0028ced02e
:1021c00022880199013292b2284617f025fb002897
:1021d000c5d1019b0df1020059681af02dff94f84a
:1021e000f8601b2e32d1bdf80230da07b7d5b4f84b
:1021f000029034f804ab09f103081ffa88f840464e
:102200001bf0d5f8074600285bd000f110033146db
:1022100003a803931af016ff514603a81af018fffb
:1022200021464a46039819f0b5fc3a4641462846ed
:1022300019f0b9f90446002892d038461bf0e4f8aa
:102240008ee71d2ab3d113f0200fafe71d2e86d1e4
:10225000bdf802309b0782d523882b82ab7c73bbf1
:10226000b4f80290b4f800a009f103081ffa88f846
:1022700040461bf09cf8074618b300f110033146a6
:1022800003a803931af0defe514603a81af0e0fefd
:10229000211d4a46039819f07dfc3a4641462846de
:1022a00019f081f904460028c7d10123ae74a5f8be
:1022b0007e30064905f1740003f0defc50e7072488
:1022c0004ee702244ce700bf9ed40201a064d10176
:020000040000fa
:020000040101f8
:1022d0002de9f04705460521002018f0c3fd95f8cb
:1022e000e23003f0ef03032b044602d1d5f8b471ba
:1022f0000fb9d5f8b871002c00f0a2801823237311
:102300007b7895f8426195f843911e403b7809ea45
:1023100003094ff00003a4f80d300121284618f0fe
:102320007ffd00218246284618f07afd95f843117a
:10233000804695f8420117f08ffc20b939787878fb
:1023400017f08afc70b316ea090605d0b24501d130
:10235000b04501d06673a673637bbb70a67bfe702d
:10236000637b1e434ed04ff0ff33e37323741af0a8
:10237000b7f9064600283fd01823c37101234371e3
:10238000bb1cc360014628461af0deff21462846e2
:102390000af05cfeb97828460df01afaa5f860003c
:1023a00001202de006ea0a03dbb2002b18bf00264d
:1023b00019ea080f46d12eb1f0070cd4b1070dd59c
:1023c000022309e0b9f1000fc6d019f0010f09d0be
:1023d0000123a373c0e701236373f6e77207f4d503
:1023e0000423f9e719f0020f01d00223f1e719f0f5
:1023f000040fb1d00423ece720461af03fff30462b
:10240000bde8f087e673267495f8f2309b0712d585
:102410000121284618f004fd1af0b8fa314680462a
:10242000284618f0fdfc1af0b1fa33460246414640
:10243000284616f071f91321284617f04cfca5e741
:0c2440002046dde7002e87d08146b5e77e
:020000040000fa
:020000040101f8
:10244c002de9f34790f85050012d04460fd0594b0d
:10245c001b6893f8402203eb4203b3f83852b3f8ed
:10246c003c321d4440f23913b5fbf3f50135524fa4
:10247c000026a36e03f59c7340f271225b00b3fb44
:10248c00f2f3e2691344e26d3b40c2f30802e361ec
:10249c0002eb4323e36594f852300df1020101a8dd
:1024ac00fbb916f0cbfdddf80490d4f81c8009ebd9
:1024bc0005033b40a8eb03035a0209d494f85030af
:1024cc005bb3637843f00403637002b0bde8f0873c
:1024dc00013616f0ff06ccd00021204618f0cdfcba
:1024ec00c7e716f0abfd019aa36db4f854101a446b
:1024fc00bdf802300b449bb240f2e1418b4202ea40
:10250c000702019285bfa3f2e2430132adf802301b
:10251c00adf8023088bf0192c5e794f85230bdf88f
:10252c000260012b08d1a36da8eb0308a9eb0309ea
:10253c0008ea070809ea07091e4d14f051f92b683f
:10254c00d3f814a217f0c2fdb608baf1000fb8d038
:10255c0014f046f9daf8007017f0b8fddaf8080054
:10256c0043785b0724d5c369434521d1c36d08f17a
:10257c000102c3f30803c26103eb4223a2eb09027d
:10258c0040f27121c2f316024a432968c36591f8df
:10259c00403203f58e73c6eb520231f8131001f280
:1025ac0071239a4204d34064511a383003f05efb15
:0c25bc00ba46cae7e8aa0020ffff7f0033
:020000040000fa
:020000040101f8
:1025c8002de9ff470678012e054672d02eb1032e5d
:1025d80000f09a8004b0bde8f0878478002cf9d127
:1025e800534ed6f800a00af1100300bf53f8247028
:1025f8005ffa84f977bb90201af012ff04f10408ff
:102608004af82800336853f82800b0b190223946b8
:102618001af0eef83368a400234417211a69918050
:102628001b6983f8029033681c440122236983f8ec
:102638008d2023695f6523699f65336853f82840b7
:1026480064b93c4b0093002204239221ee2006f04b
:10265800d3f8bfe70134082cc8d1f2e7ab88238050
:10266800aa79e37812bb43f02103e37020460df00a
:10267800f5f9b4f86430a178a16640f2014203f09c
:10268800f8031343a4f86430b4f87c30c4f880101d
:1026980003f0f8031a433368a4f87c20db68002ba6
:1026a80098d0284604b0bde8f047184743f0110316
:1026b800dbe74588284616f09bfd044650b9cde96e
:1026c80001561d4b0093024604239321ee2006f089
:1026d80093f87fe7037adb0710d54ff482701af07e
:1026e8009ffe40b11122027022888280a27a8271f4
:1026f800042117f0ddfd204614f0a6f9a07804b0f7
:10270800bde8f04709f078bf0379002b7ff462af8a
:102718004488204616f06cfd024628b9064b009303
:10272800cde901460423d0e7012380f88c3051e736
:0c273800f4aa0020f05802010a59020126
:020000040000fa
:020000040101f8
:102744002de9f0410678012e86b0044667d026b103
:10275400032e7bd006b0bde8f0818578002df9d139
:10276400524e376807f12c0353f82580b8f1000f57
:1027740020d178200a351af055feaa003368174490
:1027840013447860586818b1782241461af032f838
:10279400336803eb85056d6885b923780293a388b4
:1027a4000193434b009300220423c921ee2006f039
:1027b40025f8cfe70135082dd6d1eee70127af7014
:1027c400a6882e80a379eb70234653f8082f6a60fd
:1027d4009b882b81e379003318bf0123ab72e37923
:1027e400bb420fd8143400230622214604a80493c4
:1027f400adf8143019f0bef920b123686b60a388da
:102804002b81af72102385f85230ab6e03f0f803be
:1028140043f4a06343f00103c5e91a369ae74588f7
:10282400284617f015f9044638b9cde90156214b6d
:10283400009302460423ca21b8e7603005f0cefbba
:10284400204606b0bde8f04114f078b84788384611
:1028540017f0fef8054610b9cde90176e7e72379cc
:10286400002b7ff477af603005f0b8fbeb6dcbb194
:10287400ea78012a12d195f857205ab95a794ab1ff
:1028840093f82e20d20705d50022a03311462846fe
:102894000af0f2f92846fdf7d3fc03e093f8ea3096
:1028a400002bf7d0012385f8593053e7f0aa002014
:0828b4005b2e02018c2e0201d3
:020000040000fa
:020000040101f8
:1028bc002de9f0410468554b436023460027c4e9d9
:1028cc00017743f80c7f0d4623618046164608f0cd
:1028dc0041fd2a46a782a77552f80c0f516804f1e6
:1028ec00300303c39068d16803c310691860928adf
:1028fc009a8094f8373013b9012384f8373098f85c
:10290c000830042b72d10023e375414a1188a4f8d6
:10291c004610d2f80210d2f80620e26400230122fd
:10292c00c4e91e33c4e93133c4e91423a36594f814
:10293c006c30a16423f03c0384f86c30ff23e383f8
:10294c00e37d84f82020002b54d194f86c3003f0f4
:10295c003f0384f86c3002236377b4f86c3023f4b3
:10296c008173002523f00103a4f86c302a4631460c
:10297c002046a4f8215065620ff07afd0623c4e9c5
:10298c002433c4f88850204609f03afc94f8b4304b
:10299c00a4f85c50bbbb84f8b630012384f8ba5061
:1029ac00a4f8b8301b4b1c4a1b88a4f86030a4f860
:1029bc005e3094f86d301288a4f8622023f0700316
:1029cc0084f86d3094f84530144a62660020c3f3e5
:1029dc004213c4e92b0084f82a300323c4f8cc003a
:1029ec0084f8280084f8aa30bde8f081052b8cd13e
:1029fc00012389e7012baed194f86c3003f03f032f
:102a0c0043f04003a5e784f8b650cbe725bb0001a3
:102a1c0088a900205aab00205cab00201b004801a9
:020000040000fa
:020000040101f8
:102a2c0000b589b002f084f9414a136823f49f730e
:102a3c0023f0010343f0110313601af025fa0df093
:102a4c00d1fc06f0b4fb11f0fffc19f0b3fc002133
:102a5c0010200cf0c7fa0120f2f740fe354b364a35
:102a6c001a60364a5a60364a9a60364ada60364af2
:102a7c001a61364a5a61364a9a61364ada61364ade
:102a8c001a62364a5a62364a9a62364ada62364aca
:102a9c001a63364a5a63364a9a63364ada63364ab6
:102aac001a64364900200ff081fe354b1860002364
:102abc001a461946334811f084f9002305930693fe
:102acc0007930df11600f5f7a7fa9df8153060f392
:102adc0000038df815300df11d00f5f7affa9df8d8
:102aec00153060f341038df8153005a8f5f7ccfad5
:102afc0010b903238df814300023029303934ff481
:102b0c00f8430093204b01930223049305ab6a46d0
:102b1c0008491c4804f040fc0e2017f0a1fe19f0e7
:102b2c00adfc18f091fd0ff0fff909b05df804fb56
:102b3c00002401441400002085bd0201b9c102012a
:102b4c00cf3d0201c7c802019dbd02015d750201a6
:102b5c00d9c802016dbd0201adc30201217502018c
:102b6c00a3c80201b5c8020185c3020199c30201c1
:102b7c00a3c10201afd20201b7d20201209f020110
:0c2b8c00100000200c0000200080012040
:020000040000fa
:020000040101f8
:102b9800f0b58db0002304290546adf80c30adf82a
:102ba8000e308df809308df80a3040f297800539db
:102bb800013203a88fb204a9049219f03bfb04a9bf
:102bc8000df10e0019f036fb2846049e13f0a2fb07
:102bd8000446002868d11221bdf80c0012f0b2fb9f
:102be8000446002860d106aa05a9bdf80c0016f015
:102bf8004ff9002876d0069b5b68d3e9011210785c
:102c080019f0a4ff059a0346d27b2888102109f001
:102c1800a1f984b2002c47d1bdf80e301bb1059b39
:102c28009b7bda0660d595f83b30072b5ed8059b71
:102c38009b7bdb072ed52b88adf82430bdf80c30f4
:102c4800adf82630bdf80e30adf828301623adf8b3
:102c58002c300df10901059b07930df10a0207a815
:102c6800adf82a70089606f013fb9df80a309df817
:102c78000b10044643b3072916d8063155f821002e
:102c880090b11af0cffb9df80b300633002245f8bf
:102c9800232009e0bdf80c200df10b01284611f0a6
:102ca80017f904460028c6d09df8093053b9bdf875
:102cb8000c20ecb9bdf80e30009331463b4628464f
:102cc8000ff03efe0db0f0bd8b1d55f82330002be4
:102cd800ead007aa28460ef005fce5e71e461f467f
:102ce8000424e1e70124dfe78024dde70924dbe7aa
:0c2cf800e3b2162128460af0bbfce3e71b
:020000040000fa
:020000040101f8
:102d04002de9f843dff858913d4e3e4cdff85481ed
:102d14003d4f0025484600211af088fb29463b48d0
:102d240035701af083fb337839493a4804eb0312bf
:102d3400116039495160394991603949d1605a1c4f
:102d4400d2b204eb021250603648d760c2f8008059
:102d540090609a1cd2b204eb0212334810603348dc
:102d64005060334890603348d060da1cd2b204eb30
:102d74000212314850603148c2f80080c2e90207ab
:102d84001a1d2f48d2b204eb0212c2e90009dff87f
:102d9400d8902c480533c2e9020148463370022317
:102da40000f8013b07211af041fb09f1030042f648
:102db400a6211af03bfb3178234a244804eb011383
:102dc400c3e902270122c3e900898b18204f02704e
:102dd400dbb204eb0313c3e900701e4898601e487d
:102de400d8601e480231c0e90054c9b285608281ae
:102df400c18105743170bde8f84311f025bc00bff2
:102e040001aa002044fe012005000001f6a80020cc
:102e1400a0d40201d7d3020192d4020194d40201b6
:102e24000200000152bd0201263e020108a8002052
:102e340092a9002020001b11d2d30201ce9e0201d0
:102e440042160201b6f401013ab002016aab002055
:102e5400fe360201ee03020101000001f8a8002081
:0c2e64002ea600209ed402010eaa002021
:020000040000fa
:020000040101f8
:102e70002de9f041052192b00446002017f0f2ff41
:102e80000646002800f09d80d4f84431d87d19f022
:102e900009fc24233373d4f8443193f918200546f0
:102ea000002a00f091800146204619f08bf8d4f8f2
:102eb0004421137ec7b23b445355d4f8443103eb4d
:102ec00005080121404614f0d3f988f80800d4f829
:102ed0004421535ddb1bd376d4f84421537fff2b71
:102ee0001cd153191b7a990718d092f91830002b6e
:102ef000535dccbf03f1ff3301335bb25355d4f8bc
:102f0000443103eb05080121404614f0b1f988f87b
:102f10000800d4f84421535ddb1bd376d4f8443148
:102f20001a7cd2071ed541f22102adf80020002202
:102f30008df804208df808202188adf806106a1c51
:102f40008df809205a578df80a205a196846127ac6
:102f5000c2f301028df80b205b5ddf1b8df80c7056
:102f600015f05cfc29462046d4f8447119f02af883
:102f70003877d4f844315a7fff2a1cbf00225a7791
:102f8000d4f84421517f4b1edbb2fd2bb4f85c30ea
:102f90001cd81375b4f85c30d4f844210233a2f87d
:102fa0001530d4f844311d4420462a7a9a76d4f854
:102fb0004431d3f81a30c6f80d3031460af046f8dd
:102fc000012012b0bde8f081da76cbe7ff2903d10a
:0c2fd000e17d09b90733e2e70133e0e7d7
:020000040000fa
:020000040101f8
:102fdc0070b5594d2b68d3f808420646002c00f00a
:102fec008680d3f8483203b1984794f850202b6868
:102ffc0003eb82034ff48061d3f8fc21a24204bf9f
:10300c000022c3f8fc2194f8500017f0fff80023bd
:10301c00237026b1012231462046fdf7cffa2b68ea
:10302c000022c3f80822a36e13b1204618f097fab9
:10303c002b68d3f8fc0118b9d3f80002002857d03c
:10304c000278022a54d1fef7ddfba378d90716d5f6
:10305c00b4f8013023f4817343f00203a4f8013077
:10306c0020460ff039fa20460df08cfe204617f062
:10307c00cbfd4ff0007194f8500017f0c7f8a26e1a
:10308c00002a4ed1637862f382036370a3789a06a8
:10309c0018d5a378e6686ff34513a37096b920464c
:1030ac000df070fe204610f0a7f9637866f300036c
:1030bc002046637017f096fd4ff0807194f8500025
:1030cc0017f0a4f863786ff3c3036370a3691bb1a3
:1030dc005a7842f020025a70a1782046c1f3800140
:1030ec0008f04cfa2c6816f021f884f84c0270bdec
:1030fc0093f8f83123b10022114610461af057f913
:10310c002b6893f8f931002b9fd094f850004ff4b2
:10311c00805117f07bf80022114601200bf07afd4c
:10312c0093e7a3789b06b4d4204617f05bf82046af
:0c313c00fcf7d4fcaae700bfe8aa0020c2
:020000040000fa
:020000040101f8
:103148002de9f0430446c278c36da67a407c0d464b
:103158008db05549002a5ad109688df80000012020
:1031680091f8009091f80580b1f801e0b3f82cc00f
:10317800b3f8e470d3f8e6108df8020002208df859
:1031880009008df801608df803908df80480adf882
:1031980005e0adf807c0adf80a70039108a803f57b
:1031a800e073995c1df80260714011540132102ad5
:1031b800f7d104aa08a9284606f0cefde178231d18
:1031c80004f10b02002951d118689b88adf804302e
:1031d8001368cdf8063093880090adf80a30039153
:1031e80004aa68461023117810f8016b013b71405e
:1031f80013f0ff0302f8011bf5d1e26d02f5d87256
:1032080004a9284606f0a8fd0db0bde8f0830a68b9
:103218008df80100012092f800e092f805c0b2f89c
:103228000110d3f8e4709a8db3f8e8808df80200a5
:1032380002208df80900adf80e208df80060cdf859
:103248000370adf807808df80ae08df80bc0adf873
:103258000c10002208a803f5c073995c1df80260e1
:10326800714011540132102af7d1a2e710689288f0
:10327800adf804201a689b88adf80a300023cdf811
:1032880006200393009004a96b461022087813f8cf
:10329800016b013a704012f0ff0201f8010bf5d101
:0c32a800e26d02f5b872abe7f0aa00205e
:020000040000fa
:020000040101f8
:1032b40070b5514b514c1a88514d42f008021a8096
:1032c4001a8842f004021a801a8842f002021a8014
:1032d4001a8842f001021a80236813f0100f60d09c
:1032e40013f082fa474b1b6803f00f03072b54d1ea
:1032f400082015f015fc22684ff68c33134043f078
:1033040008032360032015f00bfc2a684ff68c3366
:10331400134043f008032b60032015f001fc16f062
:10332400d9fe2068266829682a682b68c0f3c00083
:10333400c6f38006c1f38001304313f06063c2f327
:10334400c00241ea000142ea010218bf012313430b
:1033540050d12c492c4a0b681807fcd11368db06a2
:10336400f9d12a4a136903f00703022bfad013692f
:1033740003f00703042bf5d0254ce36a43f0010363
:10338400e362032015f0ccfbe36a6ff30003e3620e
:103394000320bde8704015f0c3bb082babd104205b
:1033a400a7e713f021fa1b4b1b68db0703d41a4b66
:1033b4001b68de0708d5134b1b6803f00f03072bac
:1033c40014d1082015f0acfb2a684ff68c33134057
:1033d40043f008032b60032015f0a2fb22684ff68c
:1033e4008c33134043f00803236095e7082bebd19b
:1033f4000420e7e700bf94e7303a0141283a01414d
:10340400203a01415c380141583801410010014122
:0c34140000240141243a01412c3a0141fe
:020000040000fa
:020000040101f8
:1034200084b02de9f84308ac84e80f00002017f0c1
:1034300053fa8046012017f04ffadff84c91064608
:10344000022017f049fad9f800100d7f0746002d29
:1034500059d1474c4748b4f8ac3043f04003a4f886
:10346000ac3020221d3118f095fb20224249434800
:1034700018f090fb20224249424818f08bfbb4f828
:10348000a43065f34103a4f8a430b4f8a43065f384
:103490000413a4f8a430b4f8a43043f08003a4f8d3
:1034a000a430b4f8a43065f30003a4f8a430b4f851
:1034b000a43043f00203a4f8a4304ff6ff710020bb
:1034c00013f050f94ff6ff71012013f04bf94ff64e
:1034d000ff71022013f046f94146002017f00efa62
:1034e0003146012017f00afa3946022017f006fa91
:1034f00046f40051012089b217f000fabde8f84304
:10350000002004b07047012dd7d1194c1948b4f8e8
:10351000ac3043f04003a4f8ac302022896918f0a5
:1035200039fbd9f8003015485969202218f032fbd0
:10353000d9f80030134859692022114418f02afba9
:10354000b4f8a4306ff34103a4f8a430b4f8a43065
:103550006ff30413a4f8a430b4f8a43043f080034c
:10356000a4f8a430b4f8a4306ff300039de700bfc3
:1035700000240141002901414cd1010120290141d0
:0c3580006cd1010140290141d4aa0020b7
:020000040000fa
:020000040101f8
:10358c002de9f843574bd3f8f430002b40f0a180d1
:10359c00544b1d6f01351d67bdb1524bdb6eab42f9
:1035ac0021d900204f4b5a68d26a02eb820203ebfe
:1035bc0082039b68022b28bf01204a4bd3f80031b1
:1035cc00002b18bf0120bde8f8835a6fd3f8941074
:1035dc005967c3f89420d3f8fc200132c3f8fc20bf
:1035ec0017f054f8d9e700203e4a06464ff0010c7c
:1035fc0002f1080934e03b4b4ff0ff32da66d1e7b9
:10360c00384bd966cee7dc6ad2f800800cfa04fe9f
:10361c004eea080ec2f800e004eb840402eb8404ca
:10362c00e4689c60d4f808e0c3f80ce0cef8041011
:10363c00a160dc6aa10001eb040e09eb8e0ec3f84d
:10364c0014e001eb040e02eb8e0edef808100131d3
:10365c00cef808105468d96ae36a994288bf0120f1
:10366c00536f1b68002bc6d0536fdb68db6859683f
:10367c008d42c5d3d3f814e09968dc688c609968e6
:10368c006160191ddef804408c4204bfdc68cef882
:10369c0004405e61def80040013ccef80040d3f8f7
:1036ac0028e0bef1000faed01c6adf69bc60df6998
:1036bc00676003f11808def80440444504bf1c6a37
:1036cc00cef804409e62def80040013ccef800408b
:1036dc0099e7044ad2f8f8300133c2f8f8300020e8
:0836ec0071e700bf40fd012061
:020000040000fa
:020000040101f8
:1036f40030b5046894f8ff300025d90793b0c4f8b6
:1037040068517bd523f0010384f8ff3004f5d270af
:1037140004f064fc94f81431002b7cd094f8162146
:1037240084f81451002a70d1d4f81c311d688db16d
:103734002988204609f0b4fe2a8895f8b4308df81b
:10374400063041f214016846adf80010adf80420cb
:1037540015f062f894f8173163b1002384f8173137
:103764003c4b94f818211b681b68002a55d1298802
:1037740020469847d4f87c3133b12046012109f022
:1037840071fb00200ff00cfe0021204609f06afbbb
:1037940094f8f830022b19d1b4f8b0304bb1d4f806
:1037a400ac0008b114f068ff0023c4f8ac30a4f8ee
:1037b400b030b4f8c0304bb1d4f8bc0008b114f048
:1037c4005bff0023c4f8bc30a4f8c030002384f8a5
:1037d400f83018f071f818b9012102200cf086fcb9
:1037e40094f8153153b1002384f8153186226846c4
:1037f400adf800208df8043015f00ef894f8ff3081
:103804009a070dd4002013b030bd4ff6ff71204647
:1038140009f046fe9ee71d469ce74ff6ff71a7e7b9
:1038240023f0020384f8ff3094f8f830002be9d039
:10383400084b1b685b6843b9204694f847100cf0aa
:10384400cdfe204603f036fcdce7204698470028ee
:08385400f2d0d8e7b8aa002069
:020000040000fa
:020000040101f8
:10385c002de9f04385b00446884601921d460027a9
:10386c00534e46e0a66b2a46414620460df0f2fb2d
:10387c00a36ca3b1022d00f09680204610f0fafa4a
:10388c0038b14b4b4ff080521a60bff34f8fbff3e0
:10389c006f8f18f0cbfd012005b0bde8f083636a93
:1038ac0053b90028f5d0424b4ff080521a60bff349
:1038bc004f8fbff36f8fece704f1240005f070ff1e
:1038cc000028e6d03a4b4ff080521a60bff34f8f6e
:1038dc00bff36f8fdde718f0a9fd0020dce702a82d
:1038ec0018f0b8fd12e020460af090fe01f0f2fb51
:1038fc00012717f0adfba26be36b9a42b2d3022dfa
:10390c0047d0019b002be6d0002fe8d018f08efd9d
:10391c0018f096fd17f09cfb94f844305bb2b3f1b1
:10392c00ff3f04bf002384f8443094f845305bb269
:10393c00b3f1ff3f04bf002384f8453018f076fd47
:10394c0001a902a80df0fcfbe0b917f081fbd4f83b
:10395c003890e76b18f06afdb945c4d1019904f1b0
:10396c00100017f063fe20460af050fe01f0b2fb87
:10397c000028bdd14ff080533360bff34f8fbff39e
:10398c006f8fb5e720460af041fe01f0a3fb002043
:10399c0082e7a66b0222414620460df05bfba36c2e
:1039ac00002b3ff47caf002e7ff473af65e700bfb4
:0439bc0004ed00e036
:020000040000fa
:020000040101f8
:1039c0002de9f04f97b016f0e1ff504bdff8509122
:1039d0001a886ff3820283461a8000270beb0703d5
:1039e00023f0704303934a4b1d7859f825404ff05c
:1039f0000208484b03ebc5030593002694b949f828
:103a000025400024a6426dd8b8f1010f76d0404b76
:103a10001d7885f001054ff0010859f82540e8e7c9
:103a20004746dbe7039a6368d31a1a01e7d494f890
:103a300014a0baf1000f2ad104200ef0e7fb60b108
:103a4000227a6af345122272a26842600279e16822
:103a50008160530718d115f0affa17f005ff2d4b11
:103a6000049053f83520d4f800a0eab92a4b00930b
:103a700011460523ef2004f0c3fe049816f062ff00
:103a8000002323755446b9e712f00ef9e5e71af062
:103a9000020fe2d02369636016aa731c02eb86064c
:103aa00046f8404c9eb2d8e7944210d143f835a076
:103ab000baf1000fe1d1059a03ebc5035a60dce7c8
:103ac0001a4623b9154b009301210523d2e7136849
:103ad0009c42f5d123681360002bced10d4b03eb34
:103ae000c503ebe716ab03eb84030022039953f8fd
:103af000400c013407f020fbe4b283e7002f8fd0a5
:103b0000584617b0bde8f04f0af0feba203e01411a
:103b100075ab002050a90020776302018f6302017a
:043b2000c4a9002014
:020000040000fa
:020000040101f8
:103b24002de9f0430d4697b080461746fcf7a0fafe
:103b340095f84a9095f84b40019519eb040318bf8a
:103b440040f20113adf8093009238df8083006aab4
:103b5400002301a940468df80b30adf80c30fbf77b
:103b6400dafd9df80c209df8183098f8041098f8a8
:103b74000200c3f3050301321a44d2b214f0e9ff80
:103b840098f80130863000fb03f6b9f1000f33d00a
:103b9400012301958df80a3094b38df8093095f816
:103ba4004d308df80c3095f8f93073bb95f8fc3036
:103bb4008df80b3000238df80d3006aa0a2301a9d5
:103bc40040468df80830fbf7a6fd9df80c209df8c3
:103bd400183098f8051095f82400c3f30503013252
:103be4001a44d2b214f0b5ff06f5e8769df80c300d
:103bf400ff1a0644bfb254b9304617b0bde8f0838b
:103c04008df809408df80c70cde70123d0e7013c15
:103c140014f0ff044ff000038df80a301fbf012396
:103c24008df8093095f850308df80c304ff00003c2
:103c34008df80b308df80d3006aa4ff00d0301a955
:103c4400404604bf8df809408df80c708df808309b
:103c54000195fbf760fd9df80c209df8183098f84d
:103c6400051095f82400c3f3050301321a44d2b2b7
:0c3c740014f06fff00f5e870b8e700bf27
:020000040000fa
:020000040101f8
:103c800005292de9f74f81460d464ff000070ed06c
:103c9000adf800704ff0010a3e460424e3b25246ec
:103ca0000421484609f0e8fc002e7fd07be0013279
:103cb00001a96846019218f0c1fa01a90df10200ac
:103cc00018f0bcfa4846bdf800a012f027fb0446e5
:103cd000002878d1bdf80030002b76d0bdf8022046
:103ce0009a4272d3b9f8040019f061fb064608b98c
:103cf0001124d3e706f11003294601a8019319f016
:103d0000a1f94ff00108334bbdf80050bdf8020097
:103d10001b681b68002b3dd09a89aa4202d99042a9
:103d2000f7d31546d989a942f3d35b68aa1a03ebe6
:103d3000021b7db3b8f1010f9bf80e3039d103f0af
:103d40000403002b14bf02270127394601a814bf22
:103d50001224042419f076f94ff00208294601a82c
:103d600019f076f9a21e92b2dbf8001001a8a04467
:103d700018f084fc1ffa88f8b9f8043008eb040244
:103d80009a4207dc0135bdf80230adb2ab42adf866
:103d90000050b8d2b8f1010f1ad032464146484619
:103da00017f001fc10b1304619f02efb03b0bde84e
:103db000f08f5b0703d5012fefd00227cee7022f4c
:103dc000ebd00127cae73e4668e70646012465e7cf
:083dd0000a2463e74caa00205d
:020000040000fa
:020000040101f8
:103dd80030b597b00c68082827d8dfe800f005420e
:103de800464b4f648d9b9f0015780295238801935d
:103df8004c4b0093022201235e21ec2004f0fcfcd2
:103e0800252d04d008d8022d12d0192d09d1022150
:103e1800204603f0affc04e0272d11d001d3292d53
:103e2800f5d90021204615f091ff002017b030bdcc
:103e38001621204616f099fb002384f8e230f0e7bb
:103e4800e36f5a0706d523f00403e36700212046f1
:103e580011f0a8fb94f8e230082b0cbf00210121d7
:103e6800d6e7204613f016ffdfe72221204616f09a
:103e78007cfbdae7204617f039fdd6e7204618f034
:103e880031fa48b11221204617f05cfb0028ccd04b
:103e9800042384f8e230c8e794f86e3043f0020354
:103ea80084f86e30c1e7d4f8443194f85c10187d7a
:103eb8008842bad092f900201a760021204614f0e0
:103ec80075fcd4f84431012101fa00f0d875204678
:103ed80014f06cfc01462046d4f8445118f06ef8f2
:103ee8006876b4f85c30d4f844210133a2f8153070
:103ef800204618f0d6f998e74ff48153adf8103002
:103f08002388adf8143004a81388adf8163014f0df
:103f180081fc8ae7204605f0e9fd86e7204615f092
:083f2800a7f882e7cfa3020114
:020000040000fa
:020000040101f8
:103f30002de9f04184b0044601914ff00008464657
:103f400045464f4f43e0013ba36323684bb12369d0
:103f50005bb918f071fa4ff00108404604b0bde8b3
:103f6000f08118f087faa060f1e704f1100005f085
:103f70001dfc0028edd0424b4ff080521a60bff379
:103f80004f8fbff36f8fe4e718f056fa4ff0000839
:103f9000e3e702a818f064fa23e017f05ff8a068de
:103fa00006f0b8fc804618f047fa40e020460af0d8
:103fb00033fb01f095f809e020460af02dfb01f0f3
:103fc0008ff8204618f00ef9002844d1012617f08a
:103fd00045f8a36b002bb6d1019b002bd4d0002e4b
:103fe000d7d018f029fa18f031fa17f037f894f80a
:103ff00044305bb2b3f1ff3f08bf84f8445094f8fb
:1040000045305bb2b3f1ff3f08bf84f8455018f06c
:1040100013fa01a902a80df099f80028ccd1204686
:1040200018f0e0f80028c1d02368002bb5d0019922
:1040300004f1240017f000fb20460af0edfa01f02d
:104040004ff80028c2d14ff080533b60bff34f8f31
:10405000bff36f8fbae7b8f1000f3ff47eaf16f0f1
:10406000fdff616a19b1236b1968c1f10501a068f0
:1040700008f04cff18f0e0f94ff000086de700bfc2
:0440800004ed00e06b
:020000040000fa
:020000040101f8
:10408400064b1b6a1b0e5a0606d403f0a003a02b92
:104094000cbf02200320704701207047003e0144fa
:1040a40038b50146fff7ecff884201d100200fe04c
:1040b4004ff088431c6814f480641cbf4ff4806282
:1040c4005a6002293fd003294ad0012901d0012096
:1040d40038bd314deb69c3f30f4222f08002d204a4
:1040e400d20c42f4814262f31f432b4aeb61d36941
:1040f40002296ff39653d36113463cd0032942d06f
:104104000129e4d11a6ac2f3076202f0c002402a0c
:10411400f8d101280fd1204da86ac0f30f4141f016
:104124000401c0f3072010f003fae86a010cc0f39d
:10413400072010f0fdf9002cb8d04ff088434ff45d
:1041440080629a60b2e7144deb69c3f30f4222f028
:104154008002d204d20c42f4204242f08002c2e730
:104164000d4deb69c3f30f4222f08002d204d20c4e
:1041740042f40042f1e71a6ac2f3076202f0e00275
:10418400a02af8d1c5e71a6ac2f3076202f0e00276
:10419400802af8d1bde700bf003e014408b50146be
:1041a400fff76eff03280fd1084bd86a39b9c0f363
:1041b4000e41c0f3072010f0bbf9012008bdc0f385
:1041c4000f4141f40041f4e70020f7e7003e0144c9
:020000040000fa
:020000040101f8
:1041d4002de9f34180460c200f4615461e4619f082
:1041e40021f90446002800f09380a0f8008087702d
:1041f4008580284619f016f9a060002800f0858013
:10420400a288314617f0c4fca388b3f5297f16d8d9
:10421400a278022a4ed1012b11d920883e4f15f0e5
:104224001dff0828054615d13b6800250c331a7874
:1042340092b10135edb2082d03f10c03f7d1a0685a
:1042440019f0f2f819f0fcf8204602b0bde8f0418c
:1042540019f0eab814f07efea3683a6818880c23b3
:1042640003fb05f6043080b202eb060803f57e7307
:104274009842a8f81200e2d819f0d4f83b68c8f8bc
:10428400140033445a69002ad9d02288da810022e2
:104294001a82dff88480a288d8f800600c276f4364
:1042a4003e44308a738a811899420add284614f004
:1042b40051fec4e7208815f0d1fe08280546e8d150
:1042c400bde77369a168184417f062fca288338ab9
:1042d4001344728a9bb29342338213d12188002201
:1042e40001927069009001f5005189b240f2031007
:1042f40015f0bcfad8f8003020881f449b6879690f
:104304009847d3e70123337399e719f097f89be7ac
:0c43140002b0bde8f08100bf54aa0020f8
:020000040000fa
:020000040101f8
:104320002de9f74f4578436807780193012db0f8e0
:104330000280846843d0002d48d0022d46d1e36b23
:104340004ff0010b03f1240603f1340907f0fd02dd
:10435000012a52d1294620460cf080f9032f4ed075
:10436000012f08bf3773102019f05ef882464046cf
:1043700019f05af84246caf808008af80c800199e8
:1043800017f008fc0022caf80020d9f80420caf867
:104390000420022fc2f800a0c9f804a02fd137735f
:1043a000cdb994f8fe30d80702d5012384f8fd304a
:1043b0002946204603b0bde8f04f08f0c4ba04f126
:1043c000b80604f1d0094ff0000bbfe704f1a806ce
:1043d00004f1c809f7e7012dead194f8fe309907f6
:1043e00048bf84f8fd50e3e7012d16d194f8fe2074
:1043f000930748bf84f8fd500fe0022fb3d9fa1e8f
:10440000012a30d8032f08d1002dedd194f8fe20d9
:10441000d20702d5012284f8fd2004eb0b0292f8aa
:10442000f82022b15a46012120460ff091ff032fb8
:1044300013d1706818b114f021f900237360b8f13a
:10444000000f03d0404618f0efff7060a6f8088018
:1044500042460199706817f09dfb304603b0bde8f5
:0c446000f04f17f055b803b0bde8f08f26
:020000040000fa
:020000040101f8
:10446c002de9f3470223d0f8e0908df8043090f852
:10447c00b030d0f8eca000900546063349466846ab
:10448c008df805300bf0d8f82b4653f8282fcaf8c6
:10449c0000209b88aaf80430b5f8b0202ab1d5f8d2
:1044ac00ac100af1060017f06ffb4ff00008d5f8be
:1044bc007471464695f89430b34202d802b0bde808
:1044cc00f087fc6823686ff30203236023680122e2
:1044dc0062f3c40323602368042262f3ca132360cb
:1044ec00236862f3ce23236095f89430013b9e42ff
:1044fc000fbf2368226804f110039bb213bf63f350
:10450c00de326ff3de332360226023686ff3df73d8
:10451c00236062681ffa89f363f30f0262606268ba
:10452c001ffa8af363f31f426260a3686ff30103ff
:10453c00a360a36843f00403a36099f8012095f8e5
:10454c00351095f8220014f000fb32b2c7e904983c
:10455c0005eb82010023fc603b723b774f660c67d6
:10456c00cb6795f894c0863080440cf1ff308642be
:10457c000ed105eb4c02a2f88630a2f88c3086b135
:10458c00c5f82081c1f8588001363f68f6b291e732
:10459c0005eb42021034a2f88840a2f88e30002eaf
:0c45ac00f0d1c5f824810028ecd1e9e72b
:020000040000fa
:020000040101f8
:1045b8002de9f04f90f8199090f810a085b00446b6
:1045c800884600f1280500f1410700f11b06b9f102
:1045d800030f45d8dfe809f0020a1616294600201d
:1045e80016f0e8fd002384f8343039e0baf1f00f12
:1045f80003d1284618f05cf828e03b688362bb8842
:10460800ab8023e09df80830827e62f300038df8ca
:1046180008303368cdf8093002a8b388adf80d30fa
:104628000ff064fa834698b10df1070102a810f063
:104638002bfa94f8fd3023b19df80710012000f003
:10464800dbfa29469df8070016f084fe0123cae725
:10465800b9f1020f41d1294616f0acfd84f834b007
:1046680094f8383013b1ff2384f834309df80830bb
:10467800a27e657e62f300038df808303368cdf8ba
:1046880009304ff00009b3888df8079002a8023d61
:10469800adf80d3009f09efa012d04f12e0722d84d
:1046a80008b30df1070102a810f0eef99df8071004
:1046b800484600f0a1fa394602a812f0e7f90023ab
:1046c80084f8fd300b4b196801eb88014b6a0bb17c
:1046d8002046984705b0bde8f08fbaf1f00f88d0b2
:1046e8003b68a3628be73368c4f82e30b388bb807d
:0846f800e5e700bfb8aa0020ad
:020000040000fa
:020000040101f8
:104700002de9ff410546502018f08efe044610208a
:1047100018f08afe064604b150b9484b00930022b7
:104720000423c121ee2004f06bf804b0bde8f08151
:10473000ea6d02f5c07204f110001368236053683b
:1047400063609368a360d368e360eb7804f130079b
:1047500005f11208002b68d1e96d2022eb3117f02a
:1047600019fa20224146384617f014fae86d33460c
:104770005022214600f5e070fbf7a6fa314603a867
:1047800017f0fcfb03992e4ab1fbf2f302fb131363
:104790000393eb6d102283f86f20eb6d32681a677c
:1047a000204618f043fe304618f040fe0c20039cd3
:1047b00018f03afe01460028b7d0224ab4fbf2f3c3
:1047c00003f13000887102fb13434ff47a7042f218
:1047d0001072b3fbf2f33033cb71b4fbf2f302fb94
:1047e0001343b4fbf0f2b3fbf0f300fb124230339f
:1047f0006420b2fbf0f230320b724a72b4fbf0f379
:104800000a2200fb1343b3fbf2f330338b72b4fb89
:10481000f2f302fb134430340223cc720b702b886a
:104820008b800c2018f034fd7fe72022414617f0e2
:10483000b1f9e96d2022eb3195e700bf44c70201d1
:0848400040420f00a0860100b8
:020000040000fa
:020000040101f8
:104848002de9f0418ab0174602294ff000020646ca
:104858000d468df804208df8052020d9013302a9d2
:104868000df10600029317f0e5fc3046ddf80880ec
:1048780011f050fd044630b93946bdf8060010f075
:1048880061fd0446c0b1122f06d19df804301bb952
:1048980054b9304611f04ef80ab0bde8f081122f35
:1048a800adf80620f8d10424e3b2bdf806201221a1
:1048b800304608f0ddfeefe704aa03a9bdf80600bc
:1048c80014f0e6fa002859d0049b5b68d3e901127a
:1048d800107818f03bf9039a0346d27b30881021f0
:1048e80007f038fb84b2002ccdd1039a937b9289d0
:1048f800033d13f0080fadb232d1aa4232d103f012
:104908002103202b30d03388adf81c30bdf8063099
:10491800adf81e300023adf820308df825300df1ac
:104928000502039b059301a905a8adf822508df84f
:104938002470cdf8188004f0abfc039b9a7bd10758
:104948000446a0d400289ed12a465868414617f04c
:104958001df9039b9a7b120795d59b681d8092e7ea
:10496800aa42ccd20d248ee7bdf806204146304637
:104978000af03af80446002885d1c4e7012482e702
:020000040000fa
:020000040101f8
:104988000378012b00d0704770b594b04468237841
:10499800002b62d1a3780bb114b070bd444b1e68d4
:1049a80033684bb1321d01231d4652f8041b21b157
:1049b8000133082bf8d1efe70025202018f073fc0d
:1049c80046f825003a4b1e6856f825000028e3d023
:1049d8002022002117f00cff56f82550002ddbd0bf
:1049e800a3882b80a379ab70281d234653f8072f83
:1049f8006a609a889b79828083710123eb7007f043
:104a080057fca877082809d1a388adf806300123f8
:104a18008df8043001a811f08ff8bde74c22002171
:104a280001a817f0e5fe01a9a87f03f001fe002800
:104a3800ead19df84c10c1f300029df8003062f3f2
:104a48004103c1f3400262f300038df800306a4667
:104a58008908288811f03bfcd6e7012b9cd100235c
:104a68008df804306388adf80630608811f040f89e
:104a780060b1827f8df8082012f056f90d4b1b7833
:104a8800002b89d000240c4e0a4d09e008238df82c
:104a98000830f3e701342a78e3b29a427ff67caf14
:104aa800e3b256f82330002bf4d001a89847f1e779
:0c4ab80028aa00200000002004000020bc
:020000040000fa
:020000040101f8
:104ac4002de9f04f092989b007460d4601d0172971
:104ad40027d1013205a904a8059217f0adfb05a959
:104ae4000df1120017f0a8fb03a8022205a917f084
:104af400b9fd3846ddf81490bdf8108011f00cfcb7
:104b0400002874d1bdf81030002b72d0bdf81220eb
:104b14009a426ed3b88818f048fc044680b9112034
:104b240005e00024adf810404ff001080420c3b2a2
:104b340042460621384608f09dfd002c54d050e032
:104b440004f11003072105a8059318f079fa073d2d
:104b5400adb20126dff8a0b00df11c0a06ab00933c
:104b6400cdf804a003ab0222bdf81210bdf810006a
:104b740009f0f6fe58b30222594603a816f0faffcc
:104b84000028ebd1069b9a681288aa4211d12a46c2
:104b94004946586816f0eeff58b9079b05a899894d
:104ba40018f054fa079b05a8d98918f04ffa04366f
:104bb400b6b2ba88331d934209d8079bbdf81220b8
:104bc400db8901339bb29a42adf81030c2d2012e78
:104bd40001d10a20abe722463146384616f0e1fc03
:104be40010b1204618f00efc09b0bde8f08f002487
:0c4bf4009de7044601209ae7a0d40201ce
:020000040000fa
:020000040101f8
:104c00002de9f34107460c46c92501f007060321ab
:104c100001a80af0d5fc9df80630dff81c8103f0ee
:104c20007f0343f040038df8063000bfd8f8003012
:104c30009900fbd43b4b1a8842f040021a801a8834
:104c400042f020021a8017b1204601f0c5f9364b18
:104c5000d3f8682f66f31242c3f8682fb3f86c1fbd
:104c600087f0010262f30001304aa3f86c1f11685b
:104c70009df8040060f30701116011689df80500bc
:104c800060f30f21116011689df8060060f3174171
:104c90001160d3f8682f42f48002c3f8682f00bf78
:104ca000d3f8682f5202fbd4d8f8003013f0807f7d
:104cb0001f4b1b6814bf1f200020013d13f0020f83
:104cc00018bf1f2015f0ff0501d01f289fd02fb35c
:104cd000184b1968144b062505fb0411d3f8a42fb3
:104ce00081f84321d3f8a42fc2f3072281f844218d
:104cf000d3f8a42fc2f3074281f84521d3f8a42f9b
:104d0000c2f3076281f84621d3f8a82f81f8472122
:104d1000d3f8a83fc3f3072381f8483102b0bde8b8
:104d2000f08100bfc434014100240141103401412d
:0c4d30008c34014104ab00203034014100
:020000040000fa
:020000040101f8
:104d3c004ff08842d2f8003113f4007ffad00023f0
:104d4c00434901334a6a12f0010f11d1b3f5fa5fee
:104d5c00f7d13f4b5b6a13f0010f0cd13c4a5368ff
:104d6c0043f480735360536a13f0010ffbd002e0dd
:104d7c00b3f5fa5fedd2374ab2f8ba3403f0fd035b
:104d8c00a2f8ba340022324901324b6a03f0030311
:104d9c00032b13d0b2f5fa5ff6d12d4b5b6a03f0ff
:104dac000303032b0dd02a4a536843f4007353605a
:104dbc00536a03f00303032bfad102e0b2f5fa5f56
:104dcc00ebd24ff088430022c3f8b020224ac3f83c
:104ddc00b02002f12b42a2f54b12a2f6ab42c3f863
:104dec00b02003f520631d4a1a624ff481721a60d9
:104dfc0001229a601a46136813f0010ffbd1184b6d
:104e0c0048f20902c3f8502140f201221a674ff40c
:104e1c0000429a674ff088434ff410421a66002202
:104e2c001a67c3f880200f4ac3f8c02047f6fe72f9
:104e3c00c3f8e0204ff03332c3f8b020044b5a686b
:104e4c0042f010025a604ff088721a60704700bf2f
:104e5c000040014100200141556699aa080101c09a
:084e6c00000a0044cd01002002
:020000040000fa
:020000040101f8
:104e740038b590f8e230012b04460d460ed1d0f837
:104e8400b4316bb9082004f003ff2a46c4f8b40116
:104e940052f8013f03605368436001e0032bf1d0f3
:104ea4003f4b69781b681a780a4084f8ed20a9788a
:104eb4005a780a4084f8ee20e9789a780a4084f80f
:104ec400ef20da7829790a4084f8f0206a791b798e
:104ed400d4f844511340e26f84f8f13042f00802f0
:104ee400e267002d3fd113f0060f3cd0262004f0da
:104ef400cffec4f84401b0b34ff07e330360d4f85e
:104f040044215360d4f844314ff002329a60d4f80b
:104f14004431dd60d4f844311d74e27dd4f8443169
:104f2400002a3ad1072159759a75d4f844210023ef
:104f340013751c4ad4f8441192f912004874d4f839
:104f4400441192f913008874d4f8441192f914208e
:104f5400ca74d4f8442182f8223082f8233082f8cb
:104f6400243082f8253094f8ee301b075cbf40f6fd
:104f74004803a4f85a31e37d73b9d4f8f03003f44c
:104f84008413b3f5004f01bf94f8f23023f05003bb
:104f940043f0500384f8f23038bd5d759d75c4e765
:084fa400d4aa0020e0a80020bf
:020000040000fa
:020000040101f8
:104fac0070b5044688b0008815f052fe002800f059
:104fbc0087800568d5f84461002e00f08380d6f810
:104fcc00223023b9092004f05ffec6f82200d5f880
:104fdc004431d3f82220002a76d0a378ff2b69d055
:104fec00e1780b441370d5f84431e178d3f82220e2
:104ffc00a3785b1a5370d5f844316179d3f8222029
:10500c0023790b449370d5f844316179d3f822207d
:10501c0023795b1ad370d5f84431e288d3f8223067
:10502c009a80d5f84431d3f82220137a43f0010347
:10503c001372d5f84431d3f8222000239371d37125
:10504c00d5f84421d2f822100a7a42f020020a72d2
:10505c00d5f84421d2f822100a7a42f006020a72dc
:10506c00d5f84421d2f822100a7a42f018020a72ba
:10507c001d46e38806936379059323790493e378bb
:10508c000393a378029323880193104b009302227d
:10509c0001235521ec2003f0adfb45b10c4b0093e3
:1050ac00019501230022fd21ec2003f0a3fb2846ef
:1050bc0008b070bd1370d5f84421d2f8222099e7be
:1050cc000225d6e71a25d4e70725d2e7202f0201bf
:0450dc007a960201bd
:020000040000fa
:020000040101f8
:1050e000f8b515f0bbff484bd3f8f420013ac3f8ec
:1050f000f420d3f8f430002b40f08180424bd3f8f9
:1051000090300bb900247be000233f4a1c46012568
:1051100002f10806d2f8d41000294ad0d2f8e030c3
:10512000db68996ad8691f6a8760186adf69476017
:1051300003f118004f68874204bf186a48609c62f8
:1051400008680138086059699f68d868b8609f6826
:105150004760181d4f68874204bfdf684f605c617d
:105160000f68013f0f60d96ad2f800c005fa01f755
:1051700047ea0c07176001eb810102eb8101c96866
:1051800099608f68df6078608860d86a81000f1846
:1051900006eb87075f610f1802eb8707b9680131db
:1051a000b9605168d86ac96a8842b3d9c2f8005157
:1051b000b0e70bb115f070fa134bd3f8f8407cb19f
:1051c0001e46012501e0013c06d0fef7dff900286c
:1051d000f9d0c6f80051f6e70b4b0022c3f8f820cf
:1051e000094bd3f800415cb15b68084b4ff080522b
:1051f0001a60bff34f8fbff36f8f012400e00024cc
:1052000017f01af92046f8bd40fd012004ed00e03a
:020000040000fa
:020000040101f8
:10521000f0b540f2ff7681ea030c16ea115e1ebf7c
:10522000b64516ea1355b54252d021ea465141f42b
:105230008011a1fb024723ea465343f48013ae4496
:10524000a0fb03650cf0004c36197d41a1fb034720
:1052500047f10003a0fb0217f619654153f1000363
:10526000094218bf46f0010640f2fe74b3f5007f14
:1052700013d2aef5806ea64523d24cea0331280343
:1052800041ea155140ea16503203450872f10042d6
:1052900050f1000051eb0e51f0bdaef2ff3ea645bd
:1052a0000fd24ceac321e80241ea555140ea565078
:1052b000f202450872f1004250f1000051eb0e512c
:1052c000f0bd1eea0e0f2dd50cf000410020f0bd00
:1052d00016ea115f04bf01f000410020004218bf30
:1052e00041f0010116ea135f04bf03f000430022fe
:1052f000124218bf43f0010306ea1354b44218bf28
:10530000b64503d00cf000410020f0bd21f0004173
:1053100023f00043b1eb065f0cd8b3eb065f09d86e
:1053200041b13bb10cf0004141f0fe4141f470014c
:105330000020f0bd40f20001c7f6f8710020f0bd7a
:020000040000fa
:020000040101f8
:105340002de9f043b9b00e4618af402204460021c3
:10535000384617f051fa96f9012000235200934283
:105360006fdb96f90040e5b26a00002352b218469e
:1053700059b28a426ddc002860d006f10409224649
:105380003946484615f008f901286dd107eb0408a5
:1053900022464146484615f0fff8012864d12346cd
:1053a000424628a804f00efc28a96846f9f73ef802
:1053b0002022002110a817f01ffa96f9008003237d
:1053c0003a4608ac8df840303946434628a804f0e8
:1053d000f9fb28a92046f9f729f8434610aa2146e7
:1053e000204614f0f7f818b14a46204614f0dcfcc9
:1053f00016f9843b3a46214628a804f0e3fb28a985
:105400002046f9f713f8434632462146204614f069
:10541000cbfc28b94246484615f0bef8012805d015
:1054200043464a462146204614f0d4f86b1e5bb230
:1054300000201a0611d5b0fa80f0400939b0bde855
:10544000f08338a91944e05c01f8800c0133dbb229
:1054500085e7f95c013308438ae71df80320e15c26
:0c5460004a401043013be4e70020e7e76e
:020000040000fa
:020000040101f8
:10546c00f7b5c568008914f0effa0446002800f07f
:10547c008780c66d002e00f08380ab882868adf85d
:10548c00043000906b4606251a78013d303a15f031
:10549c00ff0503f8012bf7d19df801209df8003092
:1054ac009df803109df8047042f210705043354a79
:1054bc0002fb03039df805201344642212fb013206
:1054cc009df802304ff47a7101fb03230a2101fb92
:1054dc00073106f16f0017f0a7ffe26dc2f87350a9
:1054ec00c2f87750c2f87b50e36d01229a7094f8a1
:1054fc005730e16d83b391f8713091f870201b0433
:10550c0043ea022391f86f2013438b62e36d83f817
:10551c002650e36d93f82620996ad14001f00101e1
:10552c0041f08001204604f0a5f9e378e16d3bb928
:10553c0001f5d871204603b0bde8f0400df024bc55
:10554c00cb7813b9002003b0f0bdcd70e36d9d7026
:10555c00e16d01f5b871ede7e3782bb96f312046b9
:10556c00fdf7ecfde16de3e7cb78002bead0cd70d5
:10557c00e36d9d70e16d20466f31fdf7dffde7e7d0
:08558c000120e0e7a086010008
:020000040000fa
:020000040101f8
:1055940070b586b0044600230df1120105a8adf8dc
:1055a400123013f04ffd059b94f85020039394f8a8
:1055b4005130cde90143002a65d13b4b00930223ce
:1055c4001a467e21ec2003f019f911f00df96378e5
:1055d40043f00103637094f85330012b4ff000053e
:1055e4001dd16378e66984f8535043f00403637073
:1055f400059bf61a2d4b1a6892f8403203f58e7308
:10560400c6f3160632f8135040f2391105f271252b
:10561400b5fbf1f50135b5422cbf002501256369c1
:105624009c4202d05b78db0729d595b31f4bbdf8ac
:105634001200196891f8402202f58e7240f271232b
:10564400734331f8126006eb9006c6eb5306e36928
:105654000293059b0193164b009302231a467f2164
:10566400ec2003f0cbf8314604f13800646400f018
:1056740001fb204613f052f920460af0b7fd14f05e
:1056840029fd06b070bd0b4b009302231a467f21ff
:1056940098e7204615f0cefa0122294694f85000e6
:1056a40009f0bcfaebe700bf98f20101e8aa002078
:0856b400fbf20101caf2010141
:020000040000fa
:020000040101f8
:1056bc002de9f341089d04461f4609b1002a35d057
:1056cc00e06ec8b93b68ab4213d17b68216a5b1ba7
:1056dc009ab291420dd8e561b2f5487f4fea452563
:1056ec00e565636a01d1a36202e09342fbd3a26237
:1056fc00012002b0bde8f081d1b10025bc46ff21ec
:10570c002b464ff6ff7e93420ed0dce90006361a8c
:10571c00206a06ea0e08404555d8a0784007c6f323
:10572c00160647d5f5b21946ff2905d10020e0e74a
:10573c00d7e90035ed1aedb2637813f0040f0eb211
:10574c002ad194f85020012a42d1626a95423fd95d
:10575c001b073dd402210df1060009f02bff636af3
:10576c00bdf80620c3f101032b44b2fbf3f503fb98
:10577c00152557f8363053fa85f5c5f31605e5614e
:10578c00e3695a02e26594f85220012a01bfa26d26
:10579c009b18c3f31603e36107ebc603e2695b686e
:1057ac009b1a9ab2b2f5487f626aa0d09bb29a4219
:1057bc009dd398e794f850000128b3d1b0b285423c
:1057cc0001d2f5b219460133dbb20cf1080c9ae7a1
:0857dc0057f83630e361d3e712
:020000040000fa
:020000040101f8
:1057e40038b50d4600287dd001f1280420460ef07e
:1057f40051f9414ba86a1860aa8d404c9a80b4f8bc
:105804006c3f43f04003a4f86c3fd4f8683f43f482
:105814008063c4f8683f95f847200b2a05f11b0004
:1058240025d840f69203d340db4313f001031ed185
:10583400d4f89c2fa97e63f31842c4f89c2f16f069
:10584400f1f8282003f0d8fbd4f8643f43f4007344
:10585400c4f8643f2a4b1b7843b1284bd3f89c2fe0
:1058640040f2ff1161f31842c3f89c2f38bd95f83c
:105874002130032b0fd8dfe803f00215222c1f4b35
:10588400d3f89c2f40f2ff1161f31842c3f89c2f08
:10589400002000f05df91b4b18680028dad103f0f2
:1058a400abfbd7e7154bd3f89c2f202161f31842ab
:1058b400c3f89c2f082003f09ffb0120e9e70f4b5e
:1058c400d3f89c2f082161f31842c3f89c2f2020a1
:1058d400f1e70a4bd3f89c2f6ff31842c3f89c2fbf
:1058e4002820e8e7054bd3f8642f60f34922c3f876
:1058f400642f00f02df9ade7ac33014100240141e0
:0859040082ab002000ab002083
:020000040000fa
:020000040101f8
:10590c002de9f743d0f84c318046002b55d115f0da
:10591c005ffc98f848314ff4207202fb030020f032
:10592c007040c8f84c010021404611f0fbfb0028e8
:10593c0070d00b21002015f08ffa014600286bd097
:10594c00364a2923037312680023c0f80d30c0f8bf
:10595c001130a0f815301278314812f0080237d007
:10596c0007684ff0010c9946d7e918620192ba6d9d
:10597c0006ea020efa6d019e164006ea09050eeac9
:10598c000c0454ea05024fea430001eb930200f0c9
:10599c00060014bf0126032686400133507b1ceb06
:1059ac000c0cdbb240ea060049eb0909252b5073bd
:1059bc00dad1404607f044fb06e015f009fcd8f8b4
:1059cc004c31c01a0301a2d5002003b0bde8f0830e
:1059dc00d0f800c0012300254ff0030edce916407f
:1059ec0003ea040605ea000756ea07000bd101ebaf
:1059fc009204500094f80d9000f006000efa00f09e
:105a0c0040ea090060730132db18d2b26d41252add
:105a1c00e4d1cee74320d8e70720d6e748ab0020f7
:045a2c00d4aa0020d8
:020000040000fa
:020000040101f8
:105a300030b5c36d5a78012a89b0044601d0042ad2
:105a400012d10021204603f01bffe06d102200f56b
:105a5000b87100f5f07016f08ff880b1042120467f
:105a600008f072fc09b030bd022a08d193f8262054
:105a7000996ad14001f0010141f08001e3e7e26d54
:105a80005378042b0bd12046fef73afe2046fbf755
:105a90007ffb002211462046f7f7d6f8e2e7012bfc
:105aa0000ed12046fbf774fb002211462046f7f783
:105ab000cbf8e16d204601f5e8710ef05bf9d1e716
:105ac000022b31d192f82630122b27d8684620219c
:105ad00009f076fde56d6b4603cb05f5e072c5f880
:105ae000c001516003cb9060d160e26d92f8263026
:105af000013382f82630e36d93f82620996ad1406d
:105b000001f00101204641f0800103f0b9fee16d92
:105b1000204601f5d8710df03df9a3e72046fbf7cb
:105b200037fbe26d6f32c0e7032b9bd12046fbf7ba
:105b30002ffbe36d997809b103f16f0193f8e5202c
:105b4000002ab3d0024b1b689a684032aee700bf10
:045b5000f0aa002097
:020000040000fa
:020000040101f8
:105b5400002858d0454b1b683bb9454ad2f8643fee
:105b640043f00103c2f8643f70479a071fbf4049de
:105b7400d1f8642f42f00102c1f8642f13f00c0f26
:105b84001fbf3b49d1f8642f42f00202c1f8642fd1
:105b940013f0300f1fbf3649d1f8642f42f00402ce
:105ba400c1f8642f13f0c00f1fbf3149d1f8642f1f
:105bb40042f00802c1f8642f13f4407f1fbf2c4940
:105bc400d1f8642f42f01002c1f8642f13f4406f2f
:105bd4001fbf2749d1f8642f42f02002c1f8642f77
:105be40013f4405f1fbf2249d1f8642f42f04002f2
:105bf400c1f8642f13f4404f36d01d4ad2f8643fe5
:105c040043f08003aee71a4bd3f8642f60f300022d
:105c1400c3f8642fd3f8642f60f34102c3f8642ff0
:105c2400d3f8642f60f38202c3f8642fd3f8642f8f
:105c340060f3c302c3f8642fd3f8642f60f3041233
:105c4400c3f8642fd3f8642f60f34512c3f8642fac
:105c5400d3f8642f60f38612c3f8642fd3f8642f4b
:105c640060f3c712c3f8642f704700bf00ab002075
:045c740000240141c6
:020000040000fa
:020000040101f8
:105c78002de9f3410e46044650b93f4b00930246c6
:105c880005230421ef2002f0b7fd02b0bde8f08142
:105c980014f00cfe15f0e4fd7600804614f072fe58
:105ca80040f2e1439e42257a92bf022640f27121da
:105cb800b6fbf1f6ab060644074626f0704609d453
:105cc80045f020056660257201223946204605f018
:105cd8002ffa18e015f0070518bf0125274b53f8d0
:105ce80025209442194619d1254a1278aa4222d170
:105cf80063681a1a44bf03f180531a1a012a08d894
:105d0800022323752661404602b0bde8f04114f035
:105d180015be236841f8253008f0f2f9194b53f8fd
:105d2800352019465ab9184b009311460523ef2020
:105d380002f062fd0ce0226843f82520eee7a2425b
:105d48000fd1226843f8352012b903ebc5056d6001
:105d58006660b9e71a4623b90c4b00930121052365
:105d6800e5e71368a342f5d123681360002befd150
:105d780001ebc5056a60ebe762630201c4a9002074
:105d880075ab002050a90020776302018f630201e0
:020000040000fa
:020000040101f8
:105d980070b5284d284e2846002117f045fb274ba3
:105da800274a1e62274e5e62274e9e620426de62e6
:105db800264e1a60264a5a60c3e90c65254a264dc4
:105dc80026499a609d63264a264dda60264a5a611a
:105dd800c3e90f51254a264d9a615d64254a264d2f
:105de80026481961c3e91252254dda610024c3e936
:105df80014500470234898652348c3e917012349c0
:105e0800596623492348c3e91a12234a1a67234ac1
:105e18005a67234a9a67234ada67c0e90043224b44
:105e280083600122214bc36002740821bde87040e1
:105e38000ef008bc5eab0020a6d40201a8a4002086
:105e4800a0d402017cd40201b4d402019cd4020182
:105e5800b6d40201b8d40201b2d402019ed4020120
:105e68000200000102002011ebd30201acd40201b0
:105e7800e1d3020105000001a8d402017bab002098
:105e8800a2d40201aed4020101000311e6d302013b
:105e9800aad402010ca90020a4d4020160a9002000
:105ea800b0d402011000020178d4020110001700da
:020000040000fa
:020000040101f8
:105eb80070b590f81931856888b004460bb111f0b7
:105ec80055fe94f8fa3094f8f860d3b13a4b1a6852
:105ed8006ff300021a60a3f24c4321461a686ff36d
:105ee800db621a60002006f069ff21460020fff7f8
:105ef80075fc94f84730012b03d104f5c67002f005
:105f08006bf82e4a00952e4d2e490023137084f805
:105f1800fa308df806302b88adf8043008226b462d
:105f280001200cf0abfb2b88274d13f0280f3ad13a
:105f3800022e38d094f81911a9bb94f84720012ae9
:105f480031d013f4c27f1ed013f4c07f08bf0121e3
:105f5800204607f0b3ffd4f8983013b101232b7013
:105f680014e02b70194b94f894201b78013a934253
:105f78001cda0133dbb284f8543004eb83035b6e24
:105f8800c4f89830eae72b78002bebd018220021d0
:105f980002a816f02dfc02238df8083001238df895
:105fa8000a3002a803e02b78002befd10020fdf780
:105fb80011f808b070bd00bf583e014184ab002005
:105fc80066ab00200000010180ab002083ab0020fd
:020000040000fa
:020000040101f8
:105fd80070b5444b1c68444b272101fb0042d3f8a1
:105fe800845f92f8226066f31f65c3f8845fd3f874
:105ff800885f92f8236066f30705c3f8885fd3f8d3
:10600800885f92f8246066f30f25c3f8885fd3f899
:10601800885f92f8256066f31745c3f8885fd3f860
:10602800885f92f8266066f31f65c3f8885fd3f827
:106038008c5f92f8276066f30705c3f88c5fd3f886
:106048008c5f92f8286066f30f25c3f88c5f92f88e
:106058002960d3f88c5f66f31745c3f88c5f92f814
:106068002a60d3f88c5f66f31f65c3f88c5f92f8db
:106078002b60d3f8905f66f30705c3f8905f92f83a
:106088002c60d3f8905f66f30f25c3f8905fd3f8c0
:10609800905f92f82d6066f31745c3f8905fd3f8c8
:1060a800905f92f82e6066f31f65c3f8905fd3f88f
:1060b800945f92f82f6066f30705c3f8945f92f82f
:1060c8003050d3f8942f00fb011165f30f222144bf
:1060d800c3f8942f897ad3f8942f61f31742c3f841
:0c60e800942f70bd04ab00200024014187
:020000040000fa
:020000040101f8
:1060f40070b5431e13f10a0f6ed800f1080414f0b2
:10610400070305d0c3f10803da43a24264d31c4455
:1061140016f09af93a4b9b68002b64d0002c1adbda
:1061240004b3374b1e69a6421fd335490b6821e0df
:106134004ff4204332490a60002048601344083b6e
:1061440023f007038b6058601860981a506013603e
:10615400c8600861e2e7fef7c1ff16f0d6fb002530
:10616400284670bdfef7bafff7e7fef7b7fff4e77e
:10617400194613465a68a24202d21a68002af7d175
:106184001f4a92689a4224d00d6808351a680a603a
:106194005868001b102805d91a1950605c600868fb
:1061a40018510a605968761a15480661c068864213
:1061b4003cbf1348c66041f00041596000221a6098
:1061c4000f4a536901335361fef788ff002dc7d18d
:1061d400c3e7fef783ffc0e716f036f9084b9b6868
:1061e400002bbfd10024074a12f0070fa0d0d11d05
:1061f40021f0070102f520435b1a0a469ae700bf23
:0862040074000020900000204e
:020000040000fa
:020000040101f8
:10620c0070b586b0038801930546414b0093ec2092
:10621c00012302224c2102f0edfa288814f018fd1b
:10622c0000286ed00468e37d012b03d194f8ed3087
:10623c00990768d5204614f04af9002846d030203a
:10624c0003f022fdc4f8b4016b880380ab88438053
:10625c00eb8883802b89c3806b890381ab89438155
:10626c0094f86d301a0755bf94f8f2306ff3c303ee
:10627c0043f0010384f86d3058bf84f8f2300646c1
:10628c0016f04cff01281fd97388628fd4f8cc000c
:10629c009a421abf40f2e2415943002116f041f8ec
:1062ac00a4f8a800b4f8a82032b17188b2fbf1f3bd
:1062bc0001fb1323a4f8a830204612f06af820b38f
:1062cc000024204606b070bd0023f3e728686968f7
:1062dc00aa8902ab03c3a86818609a80204602ab57
:1062ec000e2201210df048fb04460028e8d0094b92
:1062fc000093019401230022ff21ec2002f07afa92
:10630c00dfe70224f3e71a24f1e70724efe700bfe5
:08631c0028a1020142a10201c7
:020000040000fa
:020000040101f8
:106324002de9f04192b01e464b7906930b79059303
:10633400cb7804938b7803934b7802930b78019377
:106344003a4b009380460c46174601230222202133
:10635400ec2002f053fa16f021ff00283cd1b8f1ea
:10636400010f50d033463a46214640460cf020f9fe
:1063740000284dd116f002fa0546002853d19df8a5
:10638400203068f3000360f341038df82030236864
:10639400cdf82130a388adf825303b68cdf82730ff
:1063a4007b68cdf82b30bb68cdf82f30fb68cdf877
:1063b40033303368cdf837307368cdf83b30b36889
:1063c400cdf83f3008a8f368cdf843300df0a8f8b5
:1063d400284612b0bde8f081154d2b68db6f984755
:1063e40078b92b68d3f88030984750b92b68d3f824
:1063f4008430984728b92b68d3f888309847002808
:10640400add00c2505e0637903f0c003c02ba9d0ff
:106414001225084b0093019501230022ff21ec2053
:1064240002f0ecf9d4e70725f3e700bf009d020171
:08643400dcaa0020e6bf020112
:020000040000fa
:020000040101f8
:10643c0070b5044686b00e2200210df10a0016f04c
:10644c00d5f9e06d02a9b0f8b030adf8083000f124
:10645c00a0024f3003f07efce16d2046a03110f01d
:10646c0047fa102016f0daff054680bb334b009339
:10647c0002460423c521ee2002f0bcf9102016f0d0
:10648c00cdff0546102016f0c9ff064605b180bbae
:10649c002b4b009300220423c421ee2002f0aaf916
:1064ac00102016f0bbff054678b11022002116f023
:1064bc009df90123ab70e06d294600f1d3024f30fa
:1064cc0003f048fc284616f0abff06b070bd032362
:1064dc0000f8013b0f22002116f088f9e06d2946e7
:1064ec0000f18f025f3003f035fc284616f098ff60
:1064fc00c4e7e26d52f8b23f2b6053686b60002327
:10650c00ab60eb60e06d324629468f3003f022fc25
:10651c00e26d337892f8b0104b4082f8b030e26df7
:10652c00737892f8b1104b40284682f8b13016f0cf
:10653c0077ff304616f074ffb2e700bfb796020142
:04654c00ce960201e4
:020000040000fa
:020000040101f8
:106550002de9f04385b00446884601920026354671
:10656000dff8f89035e04146204614f0a7f87b1e8e
:10657000a36323692bb915f05fff012005b0bde8c7
:10658000f08304f1100003f011f90028f3d0334b2d
:106590004ff080521a60bff34f8fbff36f8feae75f
:1065a00015f04aff0020e9e702a815f059ff1ae0ac
:1065b000204608f031f8fef793fd09e0204608f088
:1065c0002bf8fef78dfd204615f00cfe002842d179
:1065d000012614f043fda76b002fc4d1019b002bb3
:1065e000ded0002ee0d015f027ff15f02fff14f0bd
:1065f00035fd94f844305bb2b3f1ff3f08bf84f837
:10660000445094f845305bb2b3f1ff3f08bf84f8c3
:10661000455015f011ff01a902a80af097fd0028c6
:10662000ccd1204615f0defd0028c1d0019904f13f
:10663000240015f001f8204607f0eefffef750fdac
:106640000028c5d14ff08053c9f80030bff34f8ff9
:10665000bff36f8fbce7002090e700bf04ed00e0c0
:020000040000fa
:020000040101f8
:106660002de9ff473c4e336890461a7882468946aa
:10667000002a5ad1b8f1000f02d15b78002b54d018
:10668000402003f007fb0546202003f003fb0746ec
:10669000002d5fd000285dd0304c14f00bf922683b
:1066a000012313773268514613702846202215f0d3
:1066b00071fa20224946a81815f06cfa2368b8f13f
:1066c000000f1fd0264a9a611b2015f03df9e0b15a
:1066d00016f042fe01462846fef732fea8b92846cb
:1066e00011f0ccff384611f0c9ff122402ab05228d
:1066f0001c498df80c4001200bf0c4ff204604b06b
:10670000bde8f08703f11d02dde72368c3e90475e6
:106710000bf080fe044648b13368002228461a7008
:1067200011f0acff384611f0a9ff0c240e4b00937a
:10673000022201233421ec2002f062f8002cddd08b
:106740000a4b0093019401230022fd21ec2002f06a
:1067500057f8d3e70724e9e7dcaa0020d4aa0020f1
:10676000e43202010105010194cc020190a1020171
:020000040000fa
:020000040101f8
:1067700038b5324a137813f001045dd143f00103b8
:1067800013702f4b2f4a5a6240f2016003f082fad5
:106790002d4d286010b90724204638bd2b4b00f53d
:1067a000c0626a60596a80b260f30f0159629969e8
:1067b00092b262f30f019961ff204ff4c063ac60a5
:1067c000c5e9033303f066fa68610028e3d0204b83
:1067d000c3e900431f4bc3e900431f4bc3e9004318
:1067e0001e4b1b221a801e4b02f22d121a801d4bcb
:1067f0004ff001121a604ff448621a815c601a4b24
:1068000018222146184615f0f7ff8268174b02f050
:10681000f801174a1c700a4382601649042016f0da
:106820004dfc10f025fc144816f060fc0df038fd0e
:10683000124b70221a80afe70024ade779ab00203d
:10684000d0a60020c989010198a800200024014198
:10685000cca90020d4a90020dca900205aab00203c
:106860005cab002088a90020b0a800207aab0020f3
:1068700001016104fdc3000185ab020158ab00209a
:020000040000fa
:020000040101f8
:10688000f0b5d0e96dc715290cbf61463946b0f89f
:1068900058610d894a89b0f85a318c88b1f806e000
:1068a000b54228bf3546934228bf13460a88944212
:1068b00028bf14464a88724528bf7246b0f85ee089
:1068c000ae450bd1b0f862e09e4507d1b0f864e068
:1068d000a64503d1b0f866e0964555d01a2d27d8c5
:1068e0001b2590f8e260a0f86050b0f86050a0f866
:1068f0005e50132e20d1acf808501a2c22d81b243d
:10690000a0f86440447ee40626d5b2f5a47f1dd2eb
:106910004ff4a472a0f86620827ed20627d5b3f584
:10692000a47f2ad24ff4a473a0f862300120f0bdf6
:10693000b54228bf3546d4e790f8e460132e08bf6f
:106940003d81dae7fb2c88bffb24d9e7c988914257
:10695000e0d2b0f85a21dde7b2f5296f02d24ff448
:106960002962d7e7c9888a4228bf0a46d2e7b3f529
:10697000296f02d24ff42963d6e7b0f85a219a4220
:0c698000d2d2a0f86220d1e70020d0e7be
:020000040000fa
:020000040101f8
:10698c002de9f3410446d0f86c0100230193c8b102
:10699c0001a9d4f8206115f07bfb054690b9d4f819
:1069ac0074310198db68d96813f044fc344b98427d
:1069bc0008d815f025f806f5a576864202d8314b95
:1069cc00984208d91f250127d4f874612eb928469e
:1069dc0002b0bde8f0812f46f6e7d6f8108098f8a3
:1069ec00033043f0100388f80330f368d968002fa4
:1069fc0042d1019813f01efc15f002f8224b98427c
:106a0c0095bf1e234ff49673b0fbf3f0b0fbf3f07d
:106a1c0099bfc0f30c00bc46c0f30c004ff0010c46
:106a2c0098f8032094f852e094f8241012f0010f17
:106a3c0014bf0723012312f0020f18bf06331207ed
:106a4c0044bf0233dbb243440ef03f0eda781871c8
:106a5c006ef3050202f0bf026cf3c712da705a79ba
:106a6c00013922f01f0201f0070142ea102061f304
:106a7c00471058713668a9e700208446d0e700bf5c
:0c6a8c0038feff7fd47e2500c3bf03004e
:020000040000fa
:020000040101f8
:106a98002de9f0430578012d85b0044656d05db147
:106aa800032d64d0394b1b681b68002b42d020464d
:106ab80005b0bde8f04318478578002df2d1334b77
:106ac8001f68984607f1100353f825605ffa85f9a7
:106ad8009ebb0c2016f0a4fc2a1d47f82200d8f80b
:106ae800003053f82230a3b11e609e605e60d8f873
:106af800003003eb850540212b69198129690123a1
:106b0800cb71296981f80290d8f8001051f8221049
:106b18008b72d8f8003053f8223093b92378029357
:106b2800a38801931a4b0093002204235321ee20db
:106b380001f062fe05b0bde8f0830135082dc3d130
:106b4800ece7a2881a80a279da70abe7468830466b
:106b580012f048fe024630b90e4b0093cde90165ac
:106b680004235421e3e7807813f046fe9ae7468829
:106b7800304612f037fe02460028edd0237913b9cb
:106b88000123c3728ee70023fbe700bf44aa00205d
:086b9800f82d0201292e020173
:020000040000fa
:020000040101f8
:106ba0002de9f04786b081460e46174614f056f898
:106bb000002871d00468d4f84431002b6ed0002135
:106bc000204611f0f7fdd4f84431804616b11a562c
:106bd0007e2a07d0002f53d003eb080292f904203d
:106be0007e2a4dd1204613f078fc00283ad0d4f804
:106bf00044311a7c66f300021a74d4f844311a7cca
:106c000067f341021a74d4f84421012303fa08f30c
:106c1000d375d4f8443100251d7641462046d4f87a
:106c200044a115f0cff98af81900204616f010fc9f
:106c30001b4b0093cde90267cdf80490012302229b
:106c40005421ec2001f0dcfd45b1164b0093019579
:106c500001230022fd21ec2001f0d2fd284606b0e0
:106c6000bde8f08705ab042207212046adf814905b
:106c70008df816608df817700cf084fe0546d7e786
:106c80001a7c66f300021a74d4f844311a7c67f354
:106c900041021a740025cbe70225c9e71a25c7e788
:086ca000627c02017a960201f8
:020000040000fa
:020000040101f8
:106ca80070b586b006460d4613f000fe782016f043
:106cb800b7fb044600286fd07822002115f098fd14
:106cc8003146282204f1500014f060ff236ea66eae
:106cd800646103f59c72636e03f59c7340f2712145
:106ce8005b00b3fbf1f36362e36d5b0a0036e361bb
:106cf8004fea4202b2fbf1f2226218bf012614f0f9
:106d080069fa94f85030cde90360002b3ad194f831
:106d18005130cde90143214b009302231a467e21cd
:106d2800ec2001f069fd94f85030012b09d178204e
:106d380016f076fb064620b17822002115f058fda2
:106d48002661637843f008036370236c03f0f8034b
:106d580043f4802323640023c4e902336364236f6c
:106d68001b7a042b03d04bb994f8503033b90c4b31
:106d78001a6892f84232013382f842322c600020bd
:106d880006b070bd94f85130cde90143054b00932e
:106d980002231a467f21c3e70720f1e74c080201c6
:086da800e8aa00208a0802019c
:020000040000fa
:020000040101f8
:106db00070b53f4c4ff419720021206815f01cfd8e
:106dc0002368002203f5c071c3f88021c3f8841141
:106dd0000c26154606fb02f123685d502368d3f8a4
:106de00084010b440132586003602368202a19444f
:106df000c3f88411eed103f5c47103f5f8700022d5
:106e0000c1e9002108318842fad103f50371c3f8c2
:106e1000101203f50871c3f8241203f50571c3f8c5
:106e2000181203f50a71c3e97c20c3f80c22c3f8d9
:106e30002022c3f81422c3f8282283f84022c3f882
:106e40002c1214f00dfe2368c0f307104ff4966265
:106e5000b2fbf0f2a832a3f838224ff4c872b2fbaa
:106e6000f0f2a3f830224ff4a072b2fbf0f2a3f8d4
:106e70003422a3f83c224ff4f062b2fbf0f2a832c5
:106e8000a3f83a224ff48262b2fbf0f2a3f8322266
:106e90004ff45272b2fbf0f2a3f836224ff47a723a
:106ea000b2fbf0f00122a3f83e0283f84c2270bd41
:046eb000e8aa00202c
:020000040000fa
:020000040101f8
:106eb40030b5c16d4b78042b89b004460fd101f570
:106ec400c0710cf028ff2046fdf718fc2046faf7a5
:106ed4005df9002211462046f5f7b4fe41e0012b8e
:106ee40004d101f5c0710cf016ffefe7022b47d176
:106ef40091f82630132b41d8896ad94001f0010159
:106f040041f0800102f0bafce56d102205f5d8715c
:106f140005f5d07014f02efe58bb05f5c07120465f
:106f24000cf0f9fee36d93f82630122b1bd82021c8
:106f3400684608f043fbe56d6b4603cb05f5c0726c
:106f4400c5f88001516003cb9060d160e26d92f886
:106f54002630013382f82630e36d01229a7005232e
:106f6400a37009b030bd2046faf710f9e26d6f3214
:106f7400b0e70421204607f0e5f9f2e70121fae73a
:106f8400032beed101f5c0710cf0c5fe2046faf7d3
:106f9400fdf8e36d93f8e51019b1054a126891689c
:106fa40040319a78002a96d003f16f0293e700bf2c
:046fb400f0aa00201f
:020000040000fa
:020000040101f8
:106fb8002de9f04190f857300446b3b13a4dc66d0b
:106fc800d5f8008098f8043033b94022374906f1e3
:106fd800eb0014f0cdfd40b104f11207eb3620228e
:106fe8003146384614f0c4fd28b90a212046bde8c8
:106ff800f04107f0a5b998f80310304616f0faf9f1
:107008000328f2d008b10821f0e72b6883f828009c
:10701800e27852bbe16d4a78022a12d11b78022b22
:1070280004d12046bde8f0410ff032b8042b03d15b
:1070380091f8e430022bf4d12046bde8f04113f07a
:1070480040bf032a0dd15b7923b12046bde8f0414a
:1070580013f026bf204601f5e071bde8f0410cf0c1
:1070680058be0523a370bde8f081394620460ff0cd
:1070780097f9e36d5b78012b01d0042b0bd12046e7
:10708800002102f0f9fbe16d204601f5b871bde879
:10709800f0410bf07bbe032be3d12b685b79002b0f
:1070a800d3d10623dee700bff0aa0020b0710201a9
:020000040000fa
:020000040101f8
:1070b80038b590f84730012b1ebf426940f2712362
:1070c8005343d0f87c2108bf00230446c0f8303170
:1070d800002a3dd142f21073c4f83431314a0021fc
:1070e800204606f0affbd4f87c315bb394f8193135
:1070f80043bbd4f82051d4f8383194f82320d4f87d
:107108003011e818002a41d0a1f5a5731b1a5b08b5
:1071180003f5a57301fb02521a440344cb1ac4f8c1
:107128004c31c4f8482101211f4a204606f08afb49
:10713800d4e95a1016f094f9d4f87c3113b194f8c4
:1071480019312bb3d4f86801bde83840fef71ebaf0
:1071580090f81921002abdd194f82310d0f82021e5
:10716800d0f8380179b102449b1aa3f5a5735b08de
:10717800b3fbf1f342f210729342d4bfc4f8343136
:10718800c4f83421aae742f21073f3e71346bfe7c5
:10719800d4e95a0116f066f9d4f86c01fef7f6f94d
:0c71a800d0e700bf8da0000139090101f3
:020000040000fa
:020000040101f8
:1071b40070b598b015f0daf83a4d0bac2e460fcef8
:1071c4000fc4336824f8023b1b0c237007ac05f191
:1071d40014030fcb07c4237001268df840600024ec
:1071e400adf842404ff4c8631193129307238df80e
:1071f4004c30cdf84d4014948df854400c238df848
:10720400553003258df856500a238df857308df8e4
:1072140058508df859608df85a408df85b408df8c0
:107224005c400deb050110a814f010fd8df804600e
:107234008df805508df806401320adf8080016f0bf
:1072440034f8039020b1bdf808200ba914f0a0fc79
:1072540001a814f001fe039816f02bf801238df811
:10726400103003238df8113000238df812300d20d7
:10727400adf8140016f019f8069020b1bdf81420ea
:1072840007a914f085fc04a814f0f2fd069816f082
:1072940010f80df102010f2014f058fa05f0a4fbc8
:0872a40018b070bde4a5020161
:020000040000fa
:020000040101f8
:1072ac0000000000b5ca020101000000b5ca0201cd
:1072bc0002000000b5ca020105000000d5ac0101b6
:1072cc0006000000d5ac010107000000b5ca0201a0
:1072dc0008000000b5ca020113000000b5ca020183
:1072ec0009000000b5ca02010a000000d5ca02015b
:1072fc000b000000c5ca02010c000000b5ca020157
:10730c000d000000b5ca02010e000000d5ac010151
:10731c000f000000d5ac010110000000f5ca0201fd
:10732c0011000000b5ca020120000000b5ca02011c
:10733c0012000000b5ca020114000000b5ca020117
:10734c001500000005cb020116000000f5ca020171
:10735c001700000015cb02011800000015cb02012c
:10736c001900000015cb02011a000000f5ca020139
:10737c001b00000005cb02011c000000b5ca020175
:10738c001f000000e5ca02011d000000b5ca020181
:08739c001e000000b5ca020149
:020000040000fa
:020000040101f8
:1073a400f8b5144618b911b100263046f8bd324a72
:1073b400324d10602960324a324e3348002b44d19a
:1073c400324933700f6817608f888979978091717b
:1073d400032303702e4b0b221a700ef073f812f075
:1073e40065fed4e900010df0d7f902f0b1fa0646c2
:1073f4000028d9d0274b4022c3f88420bff34f8ff5
:10740400bff36f8fa02183f82613c3f884215a6039
:107414002a6862b98022c3f88420bff34f8fbff378
:107424006f8fc02183f82713c3f884215a6002f0b8
:1074340077f810f0f3fd20460af0cefb237bdb0740
:10744400b3d4bde8f8400ff0f1be5978c9074bbf7b
:1074540019460e4951f8027f0f6817608f8897808c
:10746400897991715a7812f0020218bf93f90920b0
:1074740032701b78ade700bf6caa002068aa002018
:10748400f4a900206dab00206bab002070d3020187
:087494006cab002000e100e0f8
:020000040000fa
:020000040101f8
:10749c002de9f041374c94f90420824209d094f93b
:1074ac000230834203db94f90330834203dd9a42ba
:1074bc0002d1bde8f08103462f4f217c3e789b1b07
:1074cc00deb2a37901f0010853ea080872b21dd0ac
:1074dc00012b2a4b17d11344d11c29499a7eacbfde
:1074ec00002001200870657c05f00703a58945ea9a
:1074fc00832515433b781e44267129466220bde83e
:10750c00f04110f09fbe13445a7eece71d4b94f9ea
:10751c0011001344042a93f81dc014dd2289c1f311
:10752c00420342ea8323002843ea0c05e2db638929
:10753c00090943ea4101082010f084fe637c43f002
:10754c0080036374d6e7617ca38901f0070543eae5
:10755c008523002843ea0c05ccdae389c1f3c30187
:10756c0043ea4101082010f06dfe637c68f3c713f9
:10757c00e7e700bfe0a8002062ab002007940201ff
:08758c007dab00207a9e020194
:020000040000fa
:020000040101f8
:107594002de9f74f2f4f304c3e78dff8e490b51ebd
:1075a400edb205f102084fea081ccde90023acf165
:1075b4002003234483468a460fcb04eb0c0e8ee84b
:1075c4000f000cf1100eacf1100ca4449ce80f0059
:1075d400a6448ee80f00b11c204815f027ff3b7825
:1075e40048460222023300f8012b414604eb0515fc
:1075f4003b7015f01bff09f1030042f6042115f05e
:1076040015ff174a174bab60174beb60c5e9002910
:10761400164d5946284615f009ff5146a81c15f089
:1076240005ff0099281d15f001ff013e0199a81dd1
:1076340015f0fcfef6b20e4b3a7804eb0614c4e9de
:1076440000350c4ba3600c4be3600c4bda8103b0a8
:10765400bde8f08f01aa002044fe01200faa0020fb
:107664009ed4020188d4020105000001aca90020c7
:10767400168d020190d4020108000001f8a8002030
:047684001daa00201b
:020000040000fa
:020000040101f8
:107688002de9f04194b080460e4613f0e3fa002845
:1076980068d00568d5f84431741ee7b2002b63d072
:1076a8003b4493f904207e2a3ed1284612f011ff6c
:1076b80070b3d5f844311a7c42f004021a74d5f834
:1076c80044210123a340d375d5f8443100241c7606
:1076d80039462846d5f8446114f070fc707628467f
:1076e80015f0b0fe214b0093022201235321ec2018
:1076f80001f082f844b11e4b00930194012300224b
:10770800fd21ec2001f078f8204614b0bde8f081a6
:1077180002ab032206212846adf808808df80a60de
:107728000cf02cf90446dde7002441f22102adf803
:1077380008208df80c402a88adf80e2002228df81a
:1077480010208df8116093f904208df812201b7b0e
:107758008df81440c3f3010302a88df8133011f01b
:1077680059f8bfe70224bde71a24bbe7e6bb0201cc
:047778007a960201fa
:020000040000fa
:020000040101f8
:10777c0030b5044685b00d46b1bb90f8e2300193ac
:10778c00354b0093ec2001230222132101f032f837
:10779c0094f8e230d4f8b401032b18bf84f8e2500b
:1077ac00002584f8e35018b110f062ffc4f8b4510e
:1077bc00208813f04dfa94f8e630032b05462cd1b3
:1077cc0094f8e7102046eff791fc30b3002384f8cf
:1077dc00e630d4f8a83133b303ab04221f49039528
:1077ec0003200af049ff1ce00129e1d190f8e430b4
:1077fc0001931b4b0093ec200b460222132100f04b
:10780c00f9ffd4f8b8010025a4f8e4500028cfd033
:10781c0010f02effc4f8b851cae794f8e630002bec
:10782c00d7d005b030bd94f86e309b07f9d594f8dd
:10783c00e350002df5d11221204613f081fe0028d3
:10784c00efd094f86e3065f3410384f86e30042366
:10785c0084f8e230e5e700bf805102010706010120
:04786c00a65102011e
:020000040000fa
:020000040101f8
:1078700038b504680df036f9a36f002543f4c073e2
:10788000a36729462046c4f89850a57510f023fa3e
:107890002d4b218e1a6861f30f021a601a68618eef
:1078a00061f31f421a60294a136843f00103136011
:1078b000274b94f834101a6861f30f221a60b4f859
:1078c00035101a6861f31f421a60a17e607e06f0cf
:1078d00013fe204b0221586910f00efd15f0eaf955
:1078e0001d4b01881a6861f30f021a609a6881883b
:1078f00061f30f029a60204609f076fb607e0ff07c
:1079000051f9a17e012013f002fb617e022013f0e9
:10791000fefa294620460ff088fdd4f8443173b1b1
:1079200018567e280bd0fff7b9fd94f92c0014f0ff
:10793000b3f80a4a938f43f08003938738bd084b0e
:1079400093f90100efe700bf603401413034014199
:107950005c340141c8a800204834014100240141a1
:04796000e0a800207b
:020000040000fa
:020000040101f8
:10796400f0b585b013780193364b00930546042394
:10797400ee200f4616465021022200f03fff284613
:1079840011f032ff044658b92f4b0093024601957b
:1079940004235221ee2000f031ff002005b0f0bd99
:1079a40003a902a8039615f01bfa03a90df1090017
:1079b40015f016fa03a90df10a0014f03dfcbdf808
:1079c4000a203b1f9a4213d0062015f02bfd0146d6
:1079d40038b107230370002345808380062015f007
:1079e4002dfc00231a461946284606f0fbfad4e774
:1079f4009df80930a3719df80830013bdab2192ac9
:107a040014d9062015f00efd014638b10723037082
:107a1400002345808380062015f010fc00231a46bd
:107a24001946284606f0defa0120b7e7074a52f85d
:107a3400233023b13246394628469847f4e718469e
:107a4400ace700bfa6740201bd7402010420020168
:020000040000fa
:020000040101f8
:107a540010b588b00023052904468df8033045d1bc
:107a6400013202a901a8029214f0e6fb0df106000e
:107a740002a914f0e1fb20460ef04efc002838d198
:107a840004aa03a9bdf8040011f004fa00284bd09d
:107a9400049b5b68d3e90112107815f059f8039a36
:107aa4000346d27b2088012104f056fa80b200bb41
:107ab4000399bdf806208b681b88934236d38b7bd1
:107ac40013f0020f28d02388adf81830bdf8043025
:107ad4000591adf81a300df103010c2305a8adf89a
:107ae4001c208df81e300af0f3fa02e0adf80430e1
:107af40004209df803306bb9d0b9039bbdf8061080
:107b04009a6858681288521a0d23014492b220468a
:107b14000bf022fe08b010bd9b06ead5bdf8042088
:107b2400204611f077fee4e70120e2e70720e0e7d2
:107b3400c3b2bdf804200c21204605f09bfde9e703
:020000040000fa
:020000040101f8
:107b44002de9f04106460f4600200c2113f088f978
:107b5400d6e96d3496f8e4200546112a18bf1c4670
:107b6400002839d00023f90703733dd56288082a19
:107b74009abf02f1ff33dbb208232373b6f8a830af
:107b8400e38122826368c4f81230ba0704d594f8fa
:107b94002010638b11bb2382237b6b73e389eb81fe
:107ba400238a2b82638a6b82a38aab8214f096fdac
:107bb4000746002837d000234ff001080c34c37166
:107bc400014680f80580c460304615f0bbfb3046a2
:107bd400294605f039fa4046bde8f081b3fbf1f2dd
:107be40001fb12329b1ad6e7628b082a9abf02f174
:107bf400ff33dbb2082323737b0711d5a18c4ff627
:107c0400ff73994206d10123e381e3692282c4f818
:107c14001230c1e7b6f8a830002b08bf0b46f3e7d3
:107c2400b6f8a830f0e7284615f026fb3846d3e727
:020000040000fa
:020000040101f8
:107c340030b50179334b002934d0012948d01a6872
:107c440042f080021a60304a11686ff30f0111602c
:107c540011686ff31f4111602c490c686ff3040421
:107c64000c601c6844f040041c601c686506fcd46d
:107c74001c686400fcd5d0f8054014600a68407a9a
:107c840060f304020a601a6842f040021a601a683b
:107c94005106fcd41a685200fcd51d4b1868c0f379
:107ca400054030bd1b4a0588146865f30f04146051
:107cb4001468458865f31f4414601a6861f34d32f3
:107cc4001a60134a4489116864f30f011160b6e71e
:107cd400114a0488116864f31f4111605168448893
:107ce40064f30f015160516841f4e02151601a6856
:107cf40042f400521a60094a4489116864f31f412e
:107d0400e4e700bf54340141583401415c3401417b
:107d1400b03401416034014154360141bc34014165
:020000040000fa
:020000040101f8
:107d240030b50388132bc3b0044620d041f20a02b5
:107d340093422cd0052b45d10579002d42d1c08822
:107d440011f0f0f858b12f4bc5701a681378013b45
:107d5400dbb213701bb11821b1fbf3f35370e0884d
:107d640012f07cf908282dd011f0f4f82ae0c0882c
:107d740011f0d8f830b3227a83789b1a214adbb207
:107d84001268837052789a421cd843b030bd03798c
:107d9400c3b91c4a126802f16f0100bf11f8230035
:107da40040bb02eb8303e188a3f86c104ff48071ad
:107db400a3f86e1013780133dbb213701821b1fbf2
:107dc400f3f353702188104a002300bf32f82300d4
:107dd400884213d102eb8303211d9b788df8043074
:107de400442202a813f0d4fe064b1b6801a85b686a
:107df4009847cae70133082bd0d1e3e70133202b9e
:0c7e0400e4d1c2e754aa0020f0fe010106
:020000040000fa
:020000040101f8
:107e10002de9f843002969d00e460024344d354b36
:107e2000471ca44607e0194481f8c0809a60621c90
:107e30000134964250d96a6802f00702012a1dd027
:107e40009968d3f80ce04a1cd3f81080424528bf4b
:107e50000022964541d010f80480d5f804e00ef0d9
:107e6000070ebef1010fded1490003eb010e8ef8c3
:107e7000c0800131194481f8c0c0d7e79968d3f8b0
:107e80000ce04a1cd3f81080424528bf00229645da
:107e900023d017f8148010f814e04eea082ed5f815
:107ea000048008f00708b8f1010f07d05ffa8efed2
:107eb000194481f8c0e09a60621cb9e749005ffa92
:107ec0008ef903eb010888f8c09001314fea1e2ead
:107ed000194481f8c0e0eee7144613f09bff10b19f
:107ee000034b01229a752046bde8f8830c46f4e75f
:087ef000000c004000fc012021
:020000040000fa
:020000040101f8
:107ef8007fb5304a304800231446c158d150043366
:107f0800102bfad12d4b1a8842f001021a801a88d8
:107f180042f004021a801a8842f002021a801a8873
:107f280042f008021a801a68d007fcd41a68510770
:107f3800f9d41a689207f6d41a68c2f3c002002a64
:107f4800f1d11f4d1f482b68adf800300368c3f30b
:107f58000f43adf802301c4b1968adf804101b49eb
:107f68000e68adf806601b68c3f30f43adf8083020
:107f78002b68adf80a300368adf80c300b68adf823
:107f88000e30694613460a460878e55c01332843f3
:107f9800102b01f8010bf7d10d4b0e4cb3f8a015bf
:107fa8006ff30001a3f8a0150fca84e80f0004b00e
:107fb80070bd00bf40a9002000400144143e0141ab
:107fc800043e0141003e0141083e01410c3e014191
:087fd800002401418029014150
:020000040000fa
:020000040101f8
:107fe000f7b5064648b9324b0093052302461946b9
:107ff000ef2000f005fc03b0f0bd12f05bfc13f0c5
:1080000033fc337a9b0605463ad512f0bffc347a2e
:10801000284b6ff34514347214f0070418bf012481
:10802000194653f8242096420ed1234a1278a242d0
:10803000326819d1736841f824201f1a44bf03f134
:1080400080531f1a012f0cd81c4b53f834201946ab
:108050006ab91b4b009311460523ef2000f0d0fbbb
:108060000ee006f051f8efe743f82420ece7b242c7
:1080700013d1326843f8342012b903ebc4046460ae
:10808000284603b0bde8f04012f05cbc1a4623b9a4
:108090000c4b009301210523dfe71368b342f5d1b0
:1080a00033681360002bebd101ebc4046260e7e797
:1080b00040c60201c4a9002075ab002050a90020d1
:0880c000776302018f630201e6
:020000040000fa
:020000040101f8
:1080c80073b503790193354d354b00930222012393
:1080d8000f210446ec2000f08ffb2868f0210430c3
:1080e80014f0dcff064614f0a1fd002849d11eb1aa
:1080f80096f8f830002b44d12388203b9bb244f6f5
:10810800e072934248d86388203b9bb2934243d89d
:10811800637b002b40d02868f021043014f0beffa8
:10812800237980f84730012380f82230617b01767b
:1081380063884361a37b80f8213063794376a37910
:10814800837654f8073fc0f81b30a388a0f81f3087
:10815800002380f8943000bf21fa03f2d20748bf09
:1081680090f8942003f1010344bf013280f8942071
:10817800032bf1d1012014f041fd0024204602b068
:1081880070bd0c24074b0093019401230022ff21aa
:10819800ec2000f031fbf1e71124f3e7b4aa00204a
:0881a8008ea40201a6a402014d
:020000040000fa
:020000040101f8
:1081b000f0b5334c334d246814f0040f5cd0002824
:1081c00050d12e6896f84c72002f4ad02e4c2f4d6d
:1081d0002468641a611e21f07041a94241d840f21e
:1081e00071214ff0884c61436ff41c742144dcf81a
:1081f000404040f6fd6504f4405440f60d0eb4f5e1
:10820000005f0cbf2c4674464908214db5fbf2f5c2
:108210002544a94225d9dcf8404004f44054b4f583
:10822000005fa1eb050109d196f8424234b14ef24c
:108230008f24a14215d9a1f5624190394ff47a7586
:10824000b1fbf5f005fb101102fb00f44a43b4fb4f
:10825000f5f40f49b2fbf1f214441c44c6f8544241
:108260003846f0bd2a680b48d2f85442e41a8442da
:108270008cbf00200120f4e72b6893f84c02f0e754
:10828000203e0141e8aa0020343e0141feffff07e5
:0882900040420f00feffff7fda
:020000040000fa
:020000040101f8
:10829800f7b513780193354b009307460423ee2076
:1082a8000e4615469021022200f0a6fa384610f034
:1082b8009fff044658b92e4b0093024601970423aa
:1082c8009121ee2000f098fa002003b0f0bd8388d9
:1082d800b342f9d329780d2929d02cd8062907d0fb
:1082e8001cd8032923d00dd8012920d002290dd16b
:1082f800204b1b685b681bb12a46314620469847cd
:108308000120e2e70429f3d0052910d011f040023a
:10831800f6d10623204605f0abf9f1e7092906d086
:1083280003d8072903d00829e1e70b29e0d1114b2d
:108338001b689b68dfe71729f9d00ad81229d7d01c
:1083480003d81029d4d01129dfe71329efd0162933
:10835800cde71b29ebd003d81829c9d01929d4e7b0
:108368001e29c5d05229c3d01d29cee7307302017a
:0883780048730201f4aa002081
:020000040000fa
:020000040101f8
:1083800084b070b504ac84e80f00012012f0a4faa8
:108390004ff6ff71044601200ef0e4f944f4007139
:1083a00089b2012012f0aafa049b2c4c002b48d071
:1083b0002268137813f0030308d153702268937076
:1083c00022681178938063f38201117023681a7810
:1083d0006ff345121a70224b00211970214b1a8835
:1083e000022666f383021a8003f5ac6303201a6841
:1083f00060f313421a601a6860f317521a60a3f50b
:10840000be631a6861f300021a6006f021fd069d42
:1084100013f046fa23681a7866f301021a7022688c
:10842000079b6d0a40f271212846b3fbf1f3d38517
:1084300002f0acf92368db8d53b1a81902f008faf9
:1084400006e023681a78586b9306f7d402f09ef979
:10845000bde87040002004b0704700bf48ab00206a
:0884600088ab0020c03401418b
:020000040000fa
:020000040101f8
:108468002de9f0411c4693054bd53149314a0b782b
:10847800314e83f00107002b56d1304d2b68107810
:108488005ffa83fe33689a7803eb020898f806c00f
:10849800864598bf0cf1010c88f806c002f1010c62
:1084a8009c44d5f800809cf806e0c8f307284045ae
:1084b80028bf0ef1010e8cf806e002f1020c9c4474
:1084c800d5f800809cf806e0c8f30748404528bf67
:1084d8000ef1010e03328cf806e013442d689a79e8
:1084e8002d0e85428cbf1046501c987132680f7053
:1084f800937813490433937000231a4618460af0f8
:10850800bdf814f0300f11d00b4b1b681b7803f02b
:108518000303022b0ad100231a464ff4843118466c
:10852800bde8f0410af0aab8064da7e7bde8f0811a
:1085380088ab002004a7002048ab0020583c01412c
:08854800010801005c3c014147
:020000040000fa
:020000040101f8
:10855000f8b5cb68477e1e785d78002102460ef0a4
:1085600064ff022e0446d37d2ad0042e2cd0012e87
:1085700004d1012b4ff011012dd15176022d2ed0b7
:10858000042d30d0012d39d1012b4ff0110134d100
:108590009176212f537e43d1212b31d0d2f8800008
:1085a000d2f884106ff4c6754ff49c73284403fb13
:1085b0000101b1fbf3f003fb1013c2e920301fe00f
:1085c000012b4ff01201d7e7012b01d12121d4e774
:1085d000d17e11b923219176d0e72221fbe7012b2f
:1085e0004ff01201d3e7012b06d1d37e13b9232319
:1085f0009376cee72223fbe721215176012bc8d0c9
:10860000d2f844515db1002110460ef00eff2b57f9
:108610002b54d2f84431184423441b7a0372f8bd1a
:10862000212bedd1d2f88000d2f8841003f2171379
:0686300000f28d10bbe713
:020000040000fa
:020000040101f8
:0286360070478b
:020000040000fa
:020000040101f8
:10863800072866d870b50d4684b204f50056304652
:10864800edf71cff00285ed03046edf73aff08b979
:10865800012059e0344608342046edf70fffc8b131
:108668002046edf72eff08b901204de0274c0fcc2e
:10867800c5f81700c5f81b10c5f81f20c5f823302a
:108688002068c5f82700a288a379a5f82b2085f8cb
:108698002d300ce00022c5f81720c5f81b20c5f8be
:1086a8001f20c5f82320c5f82720c5f82a20184c14
:1086b80004f124060fce28606960aa60eb60306878
:1086c8002861b288b379aa82ab75234653f83b0f69
:1086d80059689e68dc68c5f82e00c5f83210c5f8e0
:1086e8003660c5f83a4018695969c5f83e00c5f8ba
:1086f8004210198b9b7ea5f8461085f8483000205b
:1087080002e003207047032070bd00bf8ca5002045
:0487180088a5002010
:020000040000fa
:020000040101f8
:10871c0030b52f4c236885b02546002b4fd02d4902
:10872c002d4c012013f0d0fb2b682c4a1a602c4bdb
:10873c0018689a889b798df806302a4badf804207e
:10874c00294a1a6000254ff6ff53009002a8adf895
:10875c000830cdf80a50adf80e5014f055fe2368d1
:10876c001d7023684ff461721a636946072010f07c
:10877c0075fb2068213014f00efe206890f8213033
:10878c0013b122300ff09efb012126200ef0cafb04
:10879c00012129200ef0c6fb0120144a062113f0fa
:1087ac00c3fb2168d1f8ec3103f0f802104b1343f2
:1087bc00c1f8ec31fff79afb002005b030bd30203a
:1087cc0014f02cfe20600028a9d10220f5e700bf90
:1087dc0040aa0020edc402013caa0020cc65020195
:1087ec0008d3020148aa002095970201e1850201f5
:0487fc000106020070
:020000040000fa
:020000040101f8
:108800002de9f041334d1e462b68a2b004460f46b9
:108810009046002b58d014f009fc002854d114f0d5
:10882000c9fb002850d1f20703d52b4b1b68db078f
:108830000bd4b00703d5284b1b68990705d47207e2
:1088400042d5254b1b685b073ed5244b8df8008035
:108850001b788df801408df80270002b37d1c4f1e0
:10886000ef041f4f04eb84042744384613f082fcc6
:1088700039460646c4b2024602a813f08bf922ab71
:108880001e4401343a2306f8803ce4b202ab1819c6
:1088900029ab289a0193c4f17e01f8f7fff954fa45
:1088a00080f0c0b222ab03440d2203f8802c431c9d
:1088b00022aa52fa83f302300a2203f8802cc1b2b2
:1088c0002b6802aa6846984722b0bde8f08102a84a
:1088d0000024dde7a0aa0020a4aa002071ab00209c
:0488e0002cc602019f
:020000040000fa
:020000040101f8
:1088e400f0b58db0064607924b7906930b79059344
:1088f400cb7804938b7803934b7802930b78019392
:108904002d4b00930c46012317462c210222ec2008
:10891400fff774ff00238df8273014f03ffc08b3f1
:10892400264d2b68db6f984750b10c25244b0093e0
:10893400019501230022ff21ec20fff75fff37e0c0
:108944002b68d3f8803098470028eed12b68d3f8f1
:10895400843098470028e8d12b68d3f888309847aa
:108964000028e2d19df8283006f0010666f30003e2
:108974008df828302368cdf829300df12701a3881c
:10898400adf82d300aa80cf081f805460028cdd1a9
:108994009df8283066f300038df828302368cdf85d
:1089a40029303946a388adf82d300aa804f03cfce0
:1089b40028460db0f0bd00bfec7b0201dcaa00200c
:0489c400e6bf020107
:020000040000fa
:020000040101f8
:1089c8002de9f0412e4d2c6880460027002c35d12a
:1089d8002c4b2d4d70221a802c4b1b221a802c4bad
:1089e80002f22d121a802b4b4ff001121a604ff42d
:1089f80048625c601a812b781bb12748fff7ecfab4
:108a08002c70b8f1010f16d1244ce06800250ff046
:108a180031fe2069e5600ff02dfe606925610ff0d9
:108a280029fe65611e4c20680ff024fe60692560f0
:108a38000ff020fe65610020bde8f081a268137a7e
:108a4800043b012b17d81668f06808b113f057f9e2
:108a58000021304611f063fd0121304611f05ffd21
:108a6800a06804f0a1fe30880ff062fba0680df04a
:108a7800ebfa1fb92c6827462468a7e73c46fae7b3
:108a8800e4a9002058ab00207aab00205aab0020a4
:108a98005cab002088a90020b0a80020c8a800204e
:048aa80098a800206a
:020000040000fa
:020000040101f8
:108aac001fb5044612f094fb94f85030012b237838
:108abc000194cde902302dd12e4b009302231a469e
:108acc008521ec20fff796fea3785b0707d52a4b90
:108adc00009302231a468521ec20fff78bfe0df044
:108aec007ffe2378012b33d194f85030012b234b8c
:108afc0005bf1a6894f851301b68313314bfd3f892
:108b0c00f00152f8330070b9002411f0dffa20465e
:108b1c0004b010bd1a4b009302231a468621ec2098
:108b2c00fff768fedbe78268036894420ed12046ab
:108b3c0004f0b6ff204608f025f920460af05cfc4c
:108b4c0063786ff3000363700124dee71846dae7fd
:108b5c00023b012b09d8a378012243f02003a37018
:108b6c00114620460cf018facee704f13800fff756
:108b7c0031fadfe7180d0201460d0201e8aa0020c8
:048b8c005e0d020177
:020000040000fa
:020000040101f8
:108b900073b505680646012128460ef046fcd5f857
:108ba0004421104490f904307e2b39d095f82c10d4
:108bb000d2f822205b1a117ac1f3c100dbb203287c
:108bc00042d8dfe800f02f023902d4789c423dd22f
:108bd00014789c4294bf02240124844228d0c1f31b
:108be0004100a042908800d0b0bbd288b5f85c109c
:108bf0000244c9430a44120412d58df804300622f7
:108c00006b461b49009601208df8054009f03afd9e
:108c1000d5f84431d3f822301a7a64f3c4021a72b8
:108c200002b070bd1078984212d99078984209d954
:108c3000b5f85c30d380f3e7d07898420ad2507808
:108c40009842f5d30124cae70446c6e70024c4e7e6
:108c50000224c4e70024c2e764f342011172d5f88c
:108c60004431b5f85c20d3f82230da80d8e700bf71
:048c700006060101f2
:020000040000fa
:020000040101f8
:108c7400f8b5364b04685b6918785f7894f86c3003
:108c8400e7771646c21062f38203c0f3800200f055
:108c9400030562f3c303001160f30413a57784f89a
:108ca4006c3029b9dbb261f3410384f86c300ce019
:108cb40094f86c30c3f3801191422ed043f0020338
:108cc40084f86c3020460ef071ff94f86c306ff32a
:108cd400000384f86c30aeb194f8c83113b11c4b66
:108ce4001b787bb994f86c30c3f38002b2ebd31fca
:108cf40008d1627f012a05d0e27f8ab943f00103db
:108d040084f86c30617ee07f0ef0f0fad4f898308d
:108d14001844c4f8980000200be06ff34103c4e743
:108d2400204610f0c1fe28b1a36f43f01003a367df
:108d34000120f8bd94f8283023b9032d1cbf01236a
:108d440084f8283094f86c30d8e700bfc8a8002015
:048d540086ab0020ca
:020000040000fa
:020000040101f8
:108d580070b505460e460020182112f07ff804462b
:108d6800002845d00f2e067343d1d5f8b4311a88a0
:108d7800a0f80d205a88a0f80f209a88a0f8112092
:108d8800db88a0f81330b5f8a8304ff6ff72002b37
:108d980008bf134603834ff0ff33c0f81a30c0f8fa
:108da8001e3080f8223080f82330b4f80d20b4f853
:108db8000f309a4208bf0023637514f0b1f9a98fe8
:108dc800b5f85030b5f85c200131052813fb01f3e4
:108dd8008bbf03ebc30303eb430302eb430302eb39
:108de80083039bb22846e382214604f02bf9012035
:108df80070bd102ed9d1d5f8b8311a8ba0f80d2036
:108e08005a8ba0f80f209a8ba0f81120da8ba0f8c3
:108e18001320b5f8a82002b99a8c2283da8c6283d1
:108e28001a8da2835a8de2839a8d2284db8d638406
:028e3800bbe796
:020000040000fa
:020000040101f8
:028e3a0070477f
:020000040000fa
:020000040101f8
:108e3c000023834200d1704700bf00bf00bf00bfba
:108e4c0000bf00bf00bf00bf00bf00bf00bf00bf1e
:108e5c0000bf00bf00bf00bf00bf00bf00bf00bf0e
:108e6c0000bf00bf0133e4e7034a536823f40063f7
:108e7c0043f00103536070470040014108b550b9fd
:108e8c005d200df025fb4ff6ff3101405d20bde864
:108e9c0008400df00dbb5d200df01afb40f4806115
:108eac0089b2f3e7044b1a6818b922f040021a6031
:108ebc00704742f04002fae704300141044b1a6853
:108ecc0018b922f002021a60704742f00202fae767
:108edc000430014108b50c4b5a6842f400025a6048
:108eec005a6ad106fcd540f27710fff7a1ff074a6a
:108efc00d2f8303443f08003c2f83034024b1a6a93
:108f0c00d203fcd508bd00bf004001410020014147
:020000040000fa
:020000040101f8
:108f1c0030b50b4689b00c680c2810d8dfe800f08f
:108f2c0007160f0f1a34386456525a0f60008a68ad
:108f3c004968003218bf0122204607f043fc00218b
:108f4c00204609b0bde8304002f018bb20460af0bc
:108f5c0041fdf4e7012194f8500011f057f96378c2
:108f6c00db07ecd5a06828b1837843f00803837045
:108f7c0004f096fd204611f059fe94f850000022a2
:108f8c00214614f014fadae720460cf0efffd6e78e
:108f9c002278032ad3d14d6894f850004ff4001175
:108fac0011f034f9236f8df81450cde9033408ab6c
:108fbc0013e903008de8030003ab0ecb656f0220b1
:108fcc00a847bce72046f8f71dfcb8e78a68187973
:108fdc002146d6e7002249682046f7f7effaaee7bc
:108fec0003200cf04ffbaae7204611f0fbfda6e78f
:020000040000fa
:020000040101f8
:108ffc00364bd3f8602f10f0010114bf42f0010280
:10900c0061f30002c3f8602f304bd3f8602f10f0df
:10901c00020114bf42f0020261f34102c3f8602f57
:10902c002a4bd3f8602f10f0040114bf42f0040255
:10903c0061f38202c3f8602f244bd3f8602f10f039
:10904c00080114bf42f0080261f3c302c3f8602f99
:10905c001e4bd3f8602f10f0100114bf42f0100219
:10906c0061f30412c3f8602f184bd3f8602f10f083
:10907c00200114bf42f0200261f34512c3f8602fa7
:10908c00124bd3f8602f10f0400114bf42f0400295
:10909c0061f38612c3f8602f0c4bd3f8602f10f0dd
:1090ac00800114bf42f0800261f3c712c3f8602f35
:1090bc00064bd3f8602f10f4807014bf42f480720a
:1090cc0060f30822c3f8602f704700bf00240141f1
:020000040000fa
:020000040101f8
:1090dc0070b58378052b044668d1c36d0122da7014
:1090ec00c678c36d90f857500a68beb98db103f5b8
:1090fc00f070c3f8e0214b6843608b688360cb68e9
:10910c00c360e16d204601f5e071bde870400af0e6
:10911c00febd03f5b870c3f87021ece725b3c3f8b6
:10912c00a02103f5d0754b686b608b68ab60cb6886
:10913c00eb60c26d136823f07f4323f0ff03b3f59c
:10914c00813f33d192f82630916ad94001f0010168
:10915c0041f0800100f08efbe16d204601f5b87105
:10916c00bde8704009f010bec3f8b02103f5d8700b
:10917c004b6843608b688360cb68c360e16d4b7850
:10918c00012b04d0023b012b10d88b7873b16f31bb
:10919c002046f9f7d3ffe16d204601f5b87109f0cf
:0e91ac00f3fde26d00239370e26dd37070bd91
:020000040000fa
:020000040101f8
:0291ba007047fc
:020000040000fa
:020000040101f8
:1091bc002de9f843c6683378ef2b60d8457a3f2dfc
:1091cc005dd8077a1fb10321012010f0f3fa324663
:1091dc00294638460af074fb044600282ad1002f91
:1091ec002bd1002d30d1274b1870274b1a681378d0
:1091fc0023f0080319e000bf08fb01f3f05c12f048
:10920c0069fa01289fbf3b7809fa00f018433870bf
:10921c000131cbb29d42efd81a4b1b78002be4d016
:10922c00194b1a68137843f00803137003210020bc
:10923c0010f0c0fa2046bde8f88301464ff006084e
:10924c00104f4ff00109e4e70e4f01464ff00608ae
:10925c004ff0010908fb01f3f05c12f03bfa012816
:10926c009cbf3b7809fa00f001f1010198bf23ea99
:10927c000000cbb298bf38709d42ebd8cce70324ea
:0c928c00d8e700bf09aa00203caa00207f
:020000040000fa
:020000040101f8
:109298002de9f04104460089884617460ff0a8ffdb
:1092a800064600284dd000233b7088f800306389bb
:1092b800a3f11002072a04d82046bde8f0410af0bd
:1092c80033be013b0d2b06d821460bf091f9012343
:1092d8003b70bde8f0814ff4827014f0a1f80546a8
:1092e80000283cd00b230370238983806389c380c3
:1092f800237c0372a3894381e3898381637c43725e
:10930800e2891ab161680e3012f040fc0421284647
:1093180010f0ceff23689b7bd90712d5012388f86c
:109328000030237c522b18bff374237c122b0ad1f4
:1093380023689b7b9a0604d56389b38263681b887c
:10934800f3820020c5e7162bfbd101233b7086f87a
:10935800383096f83930013386f83930f1e7236828
:0a9368009b7bdb07edd58020b3e707
:020000040000fa
:020000040101f8
:02937200704742
:020000040000fa
:020000040101f8
:10937400f8b54ff088431b6c03f44053b3f5805f9a
:109384001b4b0cbf41f2850244f685029a60447877
:109394000323b4fbf3f303eb4302a41a14f0ff0416
:1093a40024d1ddb2861c2746af4214d1104da86ae1
:1093b400010cc0f307200bf0bbf8e86a010cc0f302
:1093c40007200bf0b5f8286b010cc0f307200bf055
:1093d400aff82046f8bdb178737816f8030b03eba9
:1093e400012101370bf0a4f8ffb2dde70124f0e717
:1093f400003e0144f8b544780323b4fbf3f303ebd4
:109404004302a41a14f0ff0412d1ddb2861c2746cd
:10941400af4201d12046f8bdb378717816f8030b3a
:1094240001eb032189b201370df046f8ffb2efe7f3
:109434000124efe7014608b51020eef7c3fdb0faaa
:0894440080f0400908bd00bfe3
:020000040000fa
:020000040101f8
:10944c0073b50023022904461546adf8063054d1f5
:10945c000cf05eff002852d16d78012d4dd894f898
:10946c003b6094f838305eb9012b0ed1294620466a
:10947c000ff03cfd182384f83860e37402b070bd23
:10948c00204613bb2db910f0fdfe20460bf0a1fbbe
:10949c00f4e710f0cbfd054678b90df10601204636
:1094ac000af008fc054640b9204608f041fe054686
:1094bc00204610f0e7fe002de7d0ebb2bdf80620f9
:1094cc001821204604f0d2f8d8e735b910f0dafeae
:1094dc00294620460ff00afdd0e710f0a7fd0546ff
:1094ec0078b90df1060120460af0e4fb054640b9b7
:1094fc00032384f838300121ebe70425dde712253e
:10950c00dbe7204602210ff0f1fc002384f8383011
:08951c00204610f0b7fed0e775
:020000040000fa
:020000040101f8
:109524002f4b70b500251d702e4b80241c802e4bb4
:109534001d802e4b302628464ff6ff711e800df0fd
:109544000ff94ff6ff7101200df00af94ff6ff7184
:1095540002200df005f9264b03f5d952118864f366
:109564000f011180918865f30f01918003f5d952a1
:10957400118966f30f01118103f5d9514ff6ff727a
:10958400088a62f30f00088203f5d951888a62f3ce
:109594000f00888203f5d95103f5d853088b62f381
:1095a4000f000883998962f30f019981114bd20747
:1095b400c3f88020bff34f8fbff36f8f83f81f432f
:1095c400c3f880211a600122c3f88420bff34f8faf
:1095d400bff36f8f83f82043c3f884215a6070bdb2
:1095e40074ab002002aa002054ab002056ab00202c
:0895f4000024014100e100e048
:020000040000fa
:020000040101f8
:1095fc00f0b585b0137801932f4b009306460423e6
:10960c00ee200f461546c0210222fff7f3f8304634
:10961c0010f01afa044658b9284b009302460196ea
:10962c000423c621ee20fff7e5f8012005b0f0bdbc
:10963c0003a90df10b00039513f0cefb9df80b3035
:10964c00013bdab20d2a04d90821204604f076fe3b
:10965c00ebe71b4ad25cba4201d00a21f5e7194a62
:10966c0052f8233013b103992046984794f8593097
:10967c00002bdad0e36d002bd7d093f8ea20002a28
:10968c00d3d01b789342d0d1e37813b92046f6f7a8
:10969c00d3fde36d5b7913b9204602f057ffe36d00
:1096ac00002583f8ea50e06d10b113f0b9fee565c2
:1096bc000123a370b9e700bfe3740201fa7402013d
:0896cc0054ce0201e08102010d
:020000040000fa
:020000040101f8
:1096d40073b5c588032d04460e4617d1837a0c2b27
:1096e40005d003f0fd03082b01d080200ce0236893
:1096f4000df10700596811f01ffd0028f5d123680a
:109704009df807209b681a8002b070bd13f00efc10
:10971400854239d1a0880ff06dfd054608b90020b7
:10972400f2e7a37a0c2b1bd1236880889a89511cf9
:10973400884234d2218999b1296c002931d05868e2
:1097440012f026fa236821899b89aa885b1a0133bf
:109754009a42e4d3286c13f067fe00202864d3e710
:109764004ff4827013f05efe0028bed0a27aea7431
:1097740085f83d2015220270a2888280042110f011
:1097840099fd01233370cae7e58813f0d5fb8542c0
:10979400abd123685c6809f0a3f86070bfe70b20c5
:0697a400b2e70e20b0e761
:020000040000fa
:020000040101f8
:0297aa00fee7d8
:020000040000fa
:020000040101f8
:1097ac0038b5c368dc68a36ae169226a8a60e1693a
:1097bc00516004f118015a688a4204bf226a5a6047
:1097cc000022a2621a68013a1a60294bd3f8f430cd
:1097dc00002b3cd16369a168e2688a60a168516082
:1097ec00201d5a68824204bfe2685a6000226261fe
:1097fc001a68013a1a60e26a1d4b1d6801219140fa
:10980c002943196002eb820203eb8202d268a26048
:10981c009168e16048609060e16a03f108008a0099
:10982c00551800eb8500606103eb850083680133fc
:10983c00836010f02bff0e4b5b68e26adb6a9a4286
:10984c0083bf01200a4bc3f80001002038bd084b30
:10985c00d3f8d820e261906820624160916003f1f6
:10986c00d402a262d3f8d4200132c3f8d420e2e7a8
:04987c0040fd01208a
:020000040000fa
:020000040101f8
:109880002de9f341044641200f4613f0cdfd054676
:1098900050b92f4b009302460423c821ee20fef757
:1098a000afff02b0bde8f081064604f1120806f8e9
:1098b000017be37800f121076bbb20224146304653
:1098c00012f068f9e16d2022eb31384612f062f9ae
:1098d000e06d412200f5b873294600f5c070f6f737
:1098e000f3f9e16d2022eb31304612f053f92022da
:1098f0004146384612f04ef9e06d412200f5d8732a
:10990000294600f5e070f6f7dff9284602b0bde819
:10991000f04113f08bbde16d2022eb31304612f0a7
:1099200039f920224146384612f034f9e06d4122df
:1099300000f5b873294600f5c070f6f7c5f9202286
:109940004146304612f026f9e16d2022eb31d0e796
:0499500008c7020141
:020000040000fa
:020000040101f8
:109954002de9ff412c4e2d4c2d4b2268009333688a
:1099640003922c4a02930192002b38d0236833b916
:109974004ff4487013f056fd2060002835d0264d72
:109984002b68a84623b9102013f04cfd286060b35f
:10999400336802930021236803930df1040c02ae93
:1099a4006c460f46d8f800300b44c3e9007300201e
:1099b400bcf8002082421cdc083110290cf1020c96
:1099c40006f1040604f10204ecd1144b1a460021fa
:1099d40042f8081fc3e90013da60012006e0902072
:1099e40013f020fd30600028c0d1002004b0bde891
:1099f400f0813568228800fb0252013057601760fd
:109a04005d682a605a60d3e78caa002084aa0020eb
:109a14000c0028000c00140088aa002030a90020a3
:020000040000fa
:020000040101f8
:109a24002de9f0418ab01d462f4b01900746009363
:109a3400ec200e469046012302224b21fef7defe67
:109a4400384611f009f9002848d00468204610f07f
:109a540042fdf8b194f8ed30db0741d53368c4f822
:109a6400ff307368c4f80331a4f808812b68c4f884
:109a7400223104f591726b685360ab689360eb68b4
:109a8400d36020460df0c0ff60b3002420460ab026
:109a9400bde8f081336828686968cdf80e307368d2
:109aa400cdf8123006ab03c3a868e968adf80c70b2
:109ab40003c31c22204603ab0521adf8168009f030
:109ac4005fff04460028e0d0084b00930194012373
:109ad4000022ff21ec20fef791fed7e70224f3e7f2
:109ae4001a24f1e70724efe7049c0201209c0201f9
:020000040000fa
:020000040101f8
:109af40038b5d0f8a8410546002c32d0012380f8af
:109b0400b03123790a2b0bd8dfe803f0062c30356b
:109b14003c0a40464d0a5200a368188804f082fbb0
:109b2400254b1b680bb120469847244b1b680bb18f
:109b34002046984795f8b031012b0fd1d5f8a831bc
:109b44001b68c5f8a8311bb905f5d473c5f8ac3149
:109b5400a06813f069fc204613f066fc002385f826
:109b6400b03138bda068fcf74ffbd9e7a36818886b
:109b740005f008fbd4e7a3689a885988188801f08f
:109b840063f9cde7a068f7f75bf9c9e7a3689978ab
:109b94001888fdf777fdc3e7a368da789978188801
:109ba400fcf7fcffbce7a368187802f07ffcb7e77a
:109bb400a06801f077fbb3e7bcaa0020c0aa00208c
:020000040000fa
:020000040101f8
:109bc4002de9f04f00252f462c4600bf4ffa85f8ab
:109bd400984512db4fea430909f1ff3a4ff00008b8
:109be4005ffa88f606eb030e4ffa8efed64528dba5
:109bf400484400f8014cbde8f08f4ff0000c02eb34
:109c04000509e64611f80ca019f8016944ea07248d
:109c14000afb06f616fa84f4a4b20cf1010ca6426f
:109c240088bf0ef1010e4ffa8cf6b0454fea1427a7
:109c34005ffa8efee4b2e5da44553c4601357746d8
:109c4400c4e701363d4676b2002700bf4ffa86fcd2
:109c5400634505dc00f80e4008f101082c46bfe717
:109c640002eb0e0cc6f1000b44ea05251cf80bb000
:109c740011f806c00bfb0cfc1cfa85f5adb2ac4523
:109c840088bf0137ecb2ffb201362d0adee700bf10
:020000040000fa
:020000040101f8
:109c94002de9f7432a4bd3f8008018ea000f044655
:109ca40038d1002836d0083463071cbf24f00704d9
:109cb4000834002c2ed0234b1e68a642994629d383
:109cc400214b1d686a68a24202d22a68002a34d154
:109cd4001e4a1268aa421dd02a681f681a606b685f
:109ce4001b1b102b07f1080704d9281943606c606b
:109cf4000bf00efc16496a680868b61a864248eaf0
:109d040002024ff00003c9f8006038bf0e606a60b9
:109d14002b6077b90f4b1b680bb1002098470e4b93
:109d240000930194052300220221ef20fef766fd33
:109d34000027384603b0bde8f0832b461546c1e73b
:109d440074aa002078aa0020b4a9002080aa0020c8
:0c9d54007caa002064aa00201cbf0201b1
:020000040000fa
:020000040101f8
:109d60002de9ff4705460e46144610f0a3fd0027d7
:109d7000294b98461a689200fcd428686968274bda
:109d8000dff8a0a0dff8a09003c3a868e96803c3c8
:109d900030687168dc3b03c3b068f16803c30cf042
:109da00025fdd8f8003043f00063c8f8003010f00b
:109db00093f900bfd8f800309b00fbd4daf80030ec
:109dc000c3f3400353b9164a03ca2060616003ca53
:109dd000e160e27ba06042b1184619e0b9f80030ba
:109de00043f02003a9f80030d9e72fb11022214613
:109df000684611f0c1fe58b1206861686b4603c324
:109e00000137a068e168ffb2052f03c3b0d101207c
:109e100004b0bde8f08700bf30340141dc340141bb
:0c9e2000203401418c340141c434014164
:020000040000fa
:020000040101f8
:109e2c0073b50e4605682b4c0bf010fdf9f73cfa98
:109e3c00294b1a886ff3cf321a80b5f88c10687ed4
:109e4c000ef0b6fd2368062262f3134323602368e9
:109e5c0062f317532360214b1a687f2161f30f02c1
:109e6c001a601a6861f31f421a6001a9d5f8cc0078
:109e7c0012f00ef9019a1a4b042ec2f3472214d198
:109e8c00202129751749088862f3070008801a8871
:109e9c0042f001021a80236843f010032360236808
:109eac0043f00203236002b070bd012129750e49f5
:109ebc00088862f307000880226842f002022260e0
:109ecc001a8842f010021a801a8842f001021a8095
:109edc00e9e700bf203a01416c380141103a0141d9
:0c9eec00283a0141083a0141003a0141c6
:020000040000fa
:020000040101f8
:109ef80010b586b00023032904468df8013038d107
:109f08000df10200511c13f093f820460cf002faf0
:109f1800002831d102aa01a9bdf802000ef0b8ff4d
:109f280000283fd0029b5b68d3e90112107812f039
:109f38000dfe019a0346d27b2088012102f00af81f
:109f480080b2c8b901998b7b9a0723d52388adf8cd
:109f58001030bdf802300391adf81230adf814009e
:109f68000a230df1010103a88df8163008f0aef8a8
:109f780002e0adf8023004209df8013043b998b9e9
:109f880001998a68496812880b23204609f0e2fb88
:109f980006b010bd9b06efd5bdf8022020460ff095
:109fa80037fce9e70120e7e7c3b2bdf802200a2140
:089fb800204603f05dfbebe71e
:020000040000fa
:020000040101f8
:109fc00038b5214c214d21782846222300f8013b49
:109fd000023113f02dfa42f68831e81c13f028fa0a
:109fe00023781b4a1b4802eb0311c1e900051a48fc
:109ff00088601a48c860591cc9b202eb01111848a0
:10a00000086018484860184888601848c860991c5b
:10a01000c9b202eb01121649116016495160164986
:10a02000164891601649d1600333027c1549dbb2b2
:10a0300023709bb221f8223001eb8201022401320d
:10a040004c800274c38138bd01aa002013aa0020ed
:10a0500044fe01209ed40201ded20201050000016f
:10a060005244020180a800208cd40201180002038f
:10a070009cd40201f6a800208ad40201f8a800208e
:08a080000200203350aa002069
:020000040000fa
:020000040101f8
:10a088002de9f04385b00d689df8003095f81a90d9
:10a0980069f300038df800302b461446174653f831
:10a0a8001b2fcdf801200e469b88adf80530804661
:10a0b800684603f08ffd3279224917f8023b8a5c23
:10a0c80062f3030343f02003237095f83420003231
:10a0d80018bf0122dbb262f386132370dbb258b3d8
:10a0e80043f08003237095f822308df80a3095f8f4
:10a0f80024308df80b3095f838308df80e303379e0
:10a108008df808800c2b0abfeb6b95f837301b8a4b
:10a118003a4608bfc3f38013314602a88df80f30c2
:10a12800f5f7f7faa378c3f30502337a134401333a
:10a13800637005b0bde8f083b9f1000fd0d169f3c1
:08a14800c713cfe764cd02014b
:020000040000fa
:020000040101f8
:10a15000f7b52e4b019004460f46009302220123cf
:10a160001121ec20fef74cfb12f064fd00283ed1db
:10a170001f2c47d834b12046fff78cfd002843d070
:10a180000ef07cfa224b1868f021043012f08aff9e
:10a19000054654b32046fff77dfd0646d5f8ac00d2
:10a1a00020b10ef06bfa0023c5f8ac3034b1c5f81d
:10a1b000ac6022463946304611f0ecfc95f8fe3092
:10a1c000a5f8b040db0744bf012385f8fd3095f8c2
:10a1d000f8301bb1022128460ff092ff012012f047
:10a1e00011fd0024204603b0f0bd2646d6e70c241e
:10a1f000084b0093019401230022ff21ec20fef77d
:10a20000fffaefe71224f3e70724f1e77ec2020129
:08a21000b4aa0020a6a402017b
:020000040000fa
:020000040101f8
:10a21800f7b52e4b019004460f4600930222012306
:10a228001221ec20fef7e8fa12f000fd00283ed1da
:10a238001f2c47d834b12046fff728fd002843d00b
:10a248000ef018fa224b1868f021043012f026ff9d
:10a25800054654b32046fff719fd0646d5f8bc005d
:10a2680020b10ef007fa0023c5f8bc3034b1c5f8a8
:10a27800bc6022463946304611f088fc95f8fe301d
:10a28800a5f8c0409b0744bf012385f8fd3095f829
:10a29800f8301bb1022128460ff02eff012012f0e2
:10a2a800adfc0024204603b0f0bd2646d6e70c24ba
:10a2b800084b0093019401230022ff21ec20fef7b4
:10a2c8009bfaefe71224f3e70724f1e7b8bc020191
:08a2d800b4aa0020a6a40201b3
:020000040000fa
:020000040101f8
:10a2e00073b54ff4de71002006f02cfb0546002804
:10a2f0004ed004684ff4de720021204612f07cfa42
:10a3000004f1c803c4f8cc3004f1d003c4f8d4304d
:10a3100004f5ba73c4f8783104f5be73c4f880311b
:10a3200004f5c273c4f888311b4ba5601a68002677
:10a330002660916861600c6094601a68137801333c
:10a3400013703146182204f5c67012f055fa134bfb
:10a35000c4f898511822c4f89431314604f5d270eb
:10a3600012f04afa0e4bc4f8b051c4f8ac310121d6
:10a370000df1070005f024f99df807102522b1fb27
:10a38000f2f302fb131384f85230064b6b60254640
:10a39000284602b070bd00bfb4aa00200001010031
:08a3a000010103004550020118
:020000040000fa
:020000040101f8
:10a3a8002de9f8430446008913f026f8002855d013
:10a3b80026893046d4e903790ef01aff8046002832
:10a3c8004ed0fa2013f02cf8044600284ad012f098
:10a3d800abfd2080182060803b686360251d7b688a
:10a3e8006b60bb68ab60fb68eb60d9f800306361f9
:10a3f800d9f80430a3611d2384f8f830b8f8043084
:10a40800834223d8013b6380d8f840701fb913f00a
:10a4180007f8074600b330462146f7f795fe06468b
:10a4280080b93b4605f1180255f8041b43f8041b94
:10a438009542f9d1c8f84070204612f0f3ff304633
:10a44800bde8f883384612f0edfff5e730462146bf
:10a45800f7f77afe0646efe70226ede70426eee771
:08a468000326ece70226eae7f7
:020000040000fa
:020000040101f8
:10a47000304bd3f8842f6ff31f62c3f8842fd3f8c7
:10a48000882f6ff30702c3f8882fd3f8882f6ff354
:10a490000f22c3f8882fd3f8882f6ff31742c3f821
:10a4a000882fd3f8882f6ff31f62c3f8882fd3f853
:10a4b0008c2f6ff30702c3f88c2fd3f88c2f6ff318
:10a4c0000f22c3f88c2fd3f88c2f6ff31742c3f8e9
:10a4d0008c2fd3f88c2f6ff31f62c3f88c2fd3f817
:10a4e000902f6ff30702c3f8902fd3f8902f6ff3dc
:10a4f0000f22c3f8902fd3f8902f6ff31742c3f8b1
:10a50000902fd3f8902f6ff31f62c3f8902fd3f8da
:10a51000942f6ff30702c3f8942fd3f8942f6ff39f
:10a520000f22c3f8942fd3f8942f6ff31742c3f878
:08a53000942f70470024014143
:020000040000fa
:020000040101f8
:10a5380070b590f84740052c01d8032c18d1a9b95b
:10a5480000eb8200036f1fe000eb830200eb430186
:10a55800126fb1f888401168013364f3de3111607d
:10a56800dbb290f894209a42eed870bd0023f8e749
:10a5780014f0fd0327d109bb00eb8200036f1a68b2
:10a5880061f3de321a60c36f1a6861f3de321a6053
:10a59800ebe71ab200eb820100eb42020c6fb2f853
:10a5a8008860256866f3de352560c96fb2f88e408d
:10a5b8000a68013364f3de320a60dbb290f8942053
:10a5c8009a42e6d8d1e7042ccfd10029b8d000238d
:10a5d8000de000bf00eb830200eb4301126fb1f8fe
:10a5e80088401168013364f3de311160dbb290f802
:08a5f80094209a42eed8b8e766
:020000040000fa
:020000040101f8
:10a60000f0b5d0e9037585b000890ff023fa044650
:10a61000002854d0c16d002951d090f85730002b3c
:10a620004dd007b13db92046082103f08dfe044608
:10a63000204605b0f0bd2b68c1f86f306b68c1f8db
:10a640007330ab68c1f87730eb68c1f87b30c36d0d
:10a6500001229a70412012f0e7fe064688b30023db
:10a6600000f8013be16d2022eb3111f093fae16d2e
:10a670002022eb3106f1210011f08cfa4122314603
:10a6800028466b46f5f720fb10226946384611f044
:10a6900073fa78b9e37853b9e16d204601f5e071ba
:10a6a00009f03bfb0446304612f0c0fec0e706232b
:10a6b000a370f7e70421204603f046fef2e70124e9
:06a6c000b6e70224b4e736
:020000040000fa
:020000040101f8
:10a6c60070b5d0f8ac301e7b182e044602d038d8b0
:10a6d600012e38d8182ee56802d1b3f80f3093b39f
:10a6e6006b7983b312f01dfda18fb4f85030b4f826
:10a6f6005c20052801fb03338cbf12210c2101fbd2
:10a706000323012eab6030d0f6b1182e16d194f883
:10a71600e220d4f8ac1002f0ef02032a02d1d4f8fa
:10a72600b4210ab9d4f8b8219bb29380a1f80f30ae
:10a73600d4f8442112b10733a2f8153000236b7107
:10a7460001e0272e19d070bd94f8e220d4f8ac10a1
:10a75600112a01d0032a02d1d4f8b4210ab9d4f8b7
:10a76600b8219bb2d382cb82e8e7d4f8ac20d4f8e8
:10a77600b4119bb2cb805382e0e7c36f43f0010371
:04a78600c367e0e7de
:020000040000fa
:020000040101f8
:02a78a00fee7e8
:020000040000fa
:020000040101f8
:10a78c0070b52c4c2268157815f0040551d1517810
:10a79c00294b49001e68c9b261f307061e60517847
:10a7ac001e6801314900c9b261f30f261e60517851
:10a7bc001e6802314900c9b261f317461e60517818
:10a7cc001e6803314900c9b261f31f661e605378dd
:10a7dc00043353702368821c22f070425a63174a68
:10a7ec001188c0b260f307011180a2f5e472116800
:10a7fc0065f34d31116012490a8842f001020a805a
:10a80c005a78272a0ad95d702368da781979013abf
:10a81c00914202bf1a7842f004021a702368da8d52
:10a82c00013ada855a7901325a711a7842f02002cb
:10a83c001a7070bd48ab0020503c0141003a0141f8
:04a84c00243a014168
:020000040000fa
:020000040101f8
:10a8500070b52c4c2268157815f0040551d151784b
:10a86000294b49001e68c9b261f307061e60517882
:10a870001e6801314900c9b261f30f261e6051788c
:10a880001e6802314900c9b261f317461e60517853
:10a890001e6803314900c9b261f31f661e60537818
:10a8a000043353702368821c22f070425a63174aa3
:10a8b0001188c0b260f307011180a2f5e872116837
:10a8c00065f34d31116012490a8842f001020a8095
:10a8d0005a78272a0ad95d702368da781979013afb
:10a8e000914202bf1a7842f004021a702368da8d8e
:10a8f000013ada855a7901325a711a786ff34512a2
:10a900001a7070bd48ab0020543c0141083a014127
:04a910002c3a01419b
:020000040000fa
:020000040101f8
:10a91400002856d070b50446c26a2b494968c96af2
:10a924008a4245d28169002905db27494968c96af9
:10a93400c1f10501816102eb8202244901eb82022b
:10a944006169914205d0204a5268d26ae2620120cc
:10a9540036e0251d284610f0eaf938b91a490b6883
:10a96400e06a0122824023ea02030b60164b5a6814
:10a97400d26ae2621e68012000fa02f131431960d2
:10a9840002eb820203eb8202d268a2609168e1606a
:10a994004d609560e16a03f108058a00561805ebdd
:10a9a4008605656103eb8604a3680344a36007e09e
:10a9b400054a5268406cd36a98422cbf002001209b
:10a9c40070bd0020704700bf40fd012048fd0120fc
:020000040000fa
:020000040101f8
:10a9d40010b5284c4ff47a43e3604ff4837323613a
:10a9e4005e23636112f0c9fc00f5fa70224ba3fbed
:10a9f400003080094ff0ff33b3fbf0f0a061002377
:10aa0400e361236212f0b9fcb0f5fa4f12d34ff0b0
:10aa140088431b6c03f44053b3f5005f1ed012f05f
:10aa2400acfc00eb40008000144ba3fb0030400b57
:10aa3400104bd8610f4c012323720021104812f0ef
:10aa44003ffa002323700f4a13600f490b600f4b2a
:10aa54004ff6ff1119600723136010bd12f08dfc2f
:10aa6400162303fb00f30548a0fb03235b0b2362bf
:10aa7400e0e700bfc0a70020d34d62105917b7d13b
:10aa8400b1c4020110e000e018e000e014e000e0ce
:020000040000fa
:020000040101f8
:10aa9400f8b5294b294c1a8842f008021a801a8802
:10aaa40042f002021a80236803f00f03072b3cd103
:10aab40008200ef035f8224a224e11684ff68c33e6
:10aac4000b4043f008031360156817683068316859
:10aad4003368c5f3c005c7f38007c0f380003d4366
:10aae40013f06063c1f3c00140ea050041ea0001cc
:10aaf40018bf01230b431cd1134d144a23681b07b1
:10ab0400fcd1166816f01f06f8d1eb6a43f0010376
:10ab1400eb6203200ef004f8eb6a66f30003eb62c9
:10ab24000320bde8f8400df0fbbf082bc3d104207f
:10ab3400bfe700bfc8e700bf303a01415c380141bc
:10ab4400283a0141203a0141002401415838014189
:020000040000fa
:020000040101f8
:10ab540038b50468a36fd90505462bd51a0525d544
:10ab6400f8f7a6fb294bda6a42f40032da62da6ab1
:10ab74006ff35142da62da6c42f40032da64da6c6e
:10ab84006ff35142da64da6c42f48022da64da6cec
:10ab94006ff39242da6494f96d30002b0bdb637d22
:10aba4000133637520460ef0cdfb15e00ff005fd73
:10abb4000028d5d038bda36f1b0605d5e37d012b36
:10abc4001ad1284610f06cf80bf00efea36f23f098
:10abd4004003a3670ff07efae37d012b06d1237daa
:10abe40013f0180f02d028460bf008fb284600216a
:10abf400bde83840ebf7a8bf0bf0f6fda36f23f0d8
:10ac04008073a3670ff066fadee700bf00240141fa
:020000040000fa
:020000040101f8
:10ac1400434f4e4e3a41636c5478446f6e653a48e4
:10ac2400646c3d3078253034782c6c656e677468bc
:10ac34003d257800434f4e4e3a4374726c50647510
:10ac44005263763a48646c3d3078253034782c4f22
:10ac540070436f64653d3078257800434f4e4e3a1b
:10ac64004c4c206465736320616c6c6f6320666177
:10ac7400696c3a2530327800434f4e4e3a44617441
:10ac8400615263763a48646c3d3078253034782cd0
:10ac94006c656e6774683d256400434f4e4e3a41bf
:10aca400434c206465736320616c6c6f6320666140
:10acb400696c3a2530327800416e63686f72204dba
:0facc4006f76653a48646c3d30782530347800ff
:020000040000fa
:020000040101f8
:10acd40030b503780e2bc3b0044622d00f2b3ed0e0
:10ace400062b1bd100250ce009238df8083004eb5a
:10acf400850302a8db88adf80a3009f0e9ff0135c5
:10ad0400edb22379ab42efd80022043401920094cf
:10ad1400222313214ff482700ef0a8fd012043b0ca
:10ad240030bd03798df80a300025411d20220df134
:10ad34000b008df8085010f02bff04f125012022a0
:10ad44000df12b0010f024ff043402a80ff032fda3
:10ad54000195009441232a4640f63e01dae7012397
:10ad6400411d20228df8083003798df80a300df149
:10ad74000b0010f00dff02a80ff01cfd043400229c
:0cad840001920094212340f63e11c3e729
:020000040000fa
:020000040101f8
:10ad900003297fb5044615464cd10bf0bffa0028b5
:10ada00049d1e3789a074dd413f0100f264b1b6856
:10adb00005f101010df10a0014bf1e8a5e8a12f02e
:10adc0003bf9bdf80a30162b9cbf1723adf80a30ab
:10add000bdf80a30b34228bf3346a380032012f0e7
:10ade000e6fa0546b0b100f11003032103a803936e
:10adf00012f028f9314603a812f02af9042300932f
:10ae00002a460023032120880df073fe10b1284646
:10ae100012f0fafa4ff4827012f006fb40b10e22e3
:10ae2000027022888280a288c28004210ff044fa36
:10ae300004b070bd0420c3b200220221204602f0fb
:0cae40001bfcf5e70620f6e74caa0020fa
:020000040000fa
:020000040101f8
:10ae4c00f0b587b02b4b0190cde902120746009369
:10ae5c00ec200e461546012302225021fdf7cafcb8
:10ae6c0038460ff0f5fe00283dd0046894f8ed301c
:10ae7c009a063ad520460ff02afbd8b10c20fef7e3
:10ae8c0003ff94f8ee30c4f8b4011b07a4f8586122
:10ae9c0004d440f648039d4228bf1d46fb23a4f86a
:10aeac005a510380204611f050fd00b30024204677
:10aebc0007b0f0bd204604ab06220321adf810709c
:10aecc00adf81260adf8145008f056fd0446002899
:10aedc00ecd0094b0093019401230022ff21ec20bc
:10aeec00fdf788fce3e70224f3e71a24f1e70724d3
:0caefc00efe700bfe58c020142a102015b
:020000040000fa
:020000040101f8
:10af080030b52c4d2b685a79013a5a719a78272a0c
:10af180089b0294622d900249c702a681379013304
:10af2800dbb21371d2789a4218d8012008f03afea1
:10af38002b681a781c7164f382021a702b681a78cd
:10af480064f301021a702046f8f744f823462246b3
:10af58001949012007f092fb09b030bd0b681a7837
:10af680002f00702022af7d1da8d5ab102ab142295
:10af78000021184611f03cfc002200920fc8fdf792
:10af8800fbf9e9e759790029e6d1182202a811f05e
:10af98002ffc012008f006fe9df8083043f002035c
:10afa8008df8083002a801238df80a30f8f712f856
:0cafb800d2e700bf48ab002000070101f9
:020000040000fa
:020000040101f8
:10afc4002de9f843eff311874ff0200484f311883f
:10afd400bff36f8fbff34f8f856bc46ba54206d34e
:10afe400022b04d0002087f31188bde8f8831d46a6
:10aff4009046044690f8456076b2d0f838901a46e8
:10b0040006f02cf8b6f1ff3f21d1a36c7bb1022de1
:10b0140002d1b9f1000f24d1204608f02fff10b35c
:10b02400b8f1000f21d00120c8f80000dbe7636a03
:10b034000bb90120d7e704f12400fef7b5fbb0b14a
:10b04400b8f1000f15d00120c8f80000cbe711f0cb
:10b054003dff86420fd2013676b284f84560012066
:10b06400c1e70120bfe70120bde70120bbe70120c4
:0ab07400b9e70120b7e70120b5e7b6
:020000040000fa
:020000040101f8
:02b07e00fee7eb
:020000040000fa
:020000040101f8
:10b0800030b50378152bc3b0044623d1851d037951
:10b0900040798df80a3029460ef0baff63898df8a1
:10b0a0000b00d4f806000390adf8103002a80d2371
:10b0b0008df80830043409f00dfe0022019200944e
:10b0c000082341f23e314ff482700ef0d1fb012093
:10b0d00043b030bd1b2bfad1407910f001fb0128a1
:10b0e000134b05d801228240187820ea020018701c
:10b0f000187840b90f4b1a68137823f008031370bf
:10b1000003210ef05dfb237a8df80e3054f8042fe6
:10b11000cdf80a20122302a88df8083009f0dafdd4
:10b120000022cde90042062341f23e21cbe700bfd9
:08b1300009aa00203caa00203e
:020000040000fa
:020000040101f8
:10b138002de9f04f047a14f00704034618bf0124e0
:10b14800274850f8346084467eb900ebc4051e6079
:10b1580040f834306b60234840f82430002a3cd053
:10b168000846bde8f04f02f0cbbfd3f804a04ff07b
:10b17800000eaaeb010bb0463746f146bbf1000fb3
:10b188001ffa8ef5786807db401a002816daddb951
:10b198001e604cf83430dee7b9f1000f0ed1401aca
:10b1a800002809db38680135adb20ef1010eb8464a
:10b1b8000028ecd00746e1e74ff001097868a0ebda
:10b1c8000a000028eedde2e7d8f800201a6012b97c
:10b1d8000cebc4046360c8f80030bde8f08f00bf12
:08b1e80050a90020c4a90020b9
:020000040000fa
:020000040101f8
:10b1f00038b51f4b1f4a5a604ff4017012f014f912
:10b200001d4c1e4d20604ff40172002111f0f4fa24
:10b21000882012f009f988220021286011f0ecfa48
:10b22000206804300cf0c3f80446f8b9144811f053
:10b230006fff144811f072ff134811f013fd13480b
:10b2400011f05aff124811f015fd1249204611f075
:10b2500035ff2b68104a9a65104ada66104a1a6759
:10b26000104a9a6709f0eefa04f03efc204638bd19
:10b27000d0a60020e5d80101b4aa0020b8aa002079
:10b280007db20201bdb80201f9a90201f16f02010c
:10b290001daa02019db2020161e60001f53601011d
:08b2a00061550201bdb202017b
:020000040000fa
:020000040101f8
:10b2a80030b5044687b000880ff0d4fc00284bd096
:10b2b800e2880568a38802fb03336a8f53436289d7
:10b2c800b3eb820f42da95f8f13003f06003602b9c
:10b2d8003ed128460ff0fdf8eb6f10b31a0722d5c0
:10b2e8001420fef7d3fcc5f8b40163880380a38853
:10b2f8004380e38883802389c38063890381284648
:10b3080009f04df8002814bf00240724114b0093be
:10b31800022201235b21ec20fdf76efa204607b0dc
:10b3280030bd1b0702d4288803f02aff2068616813
:10b3380003ab03c3a06818600c2203ab0a2128469c
:10b3480008f01cfb0446e1e70224dfe71224dde7ee
:08b358001a24dbe794c2020194
:020000040000fa
:020000040101f8
:10b3600038b50468294a94f8f430126823f00303ce
:10b3700084f8f4300023c4e96d33a4f8e230c4f853
:10b38000e43084f8f2301178c4f8ee30204b84f8c1
:10b39000ed10c4f85831137ad90754bf537a0723f4
:10b3a00084f84231137a9b0754bf937a072384f8b9
:10b3b0004331184bc4f854310546014640f202624d
:10b3c00004f5b07010f092fc40f20362294604f5d7
:10b3d000bc7010f08bfc40f20462294604f5c87082
:10b3e00010f084fc94f86e306ff3410384f86e30f3
:10b3f00004f5d4720023c4f84431c4f85031c4f8c1
:10b40000a831c4f8ac2184f8b03138bdd4aa0020ea
:08b41000fb009042b80bdc05c3
:020000040000fa
:020000040101f8
:10b4180070b5d0f8443193f921307f2b92b00446af
:10b4280043d00426012500bfd4f844319b7f1d4238
:10b4380032d0284611f032f9d4f844311a1893f86a
:10b4480021301371d4f844311a18db7f1373d4f800
:10b4580044311a7c92071fd541f22102adf8002031
:10b4680000228df804202288adf80620012210441d
:10b478008df809008df8082093f821208df80a200e
:10b48800da7fc2f301028df80b2093f820308df893
:10b498000c3068460df0bef9013e6d0016f0ff064f
:10b4a800edb2c1d1012012b070bd4ff48153adf897
:10b4b80000300388adf8043068464ff6ff73adf8e6
:08b4c80006300df0a7f9ede7d5
:020000040000fa
:020000040101f8
:10b4d0002de9f0418ab00468294b0993236f5b0280
:10b4e000039340f20113adf80230638f15465a0002
:10b4f00040f27123534306464ff0000820460f46a2
:10b5000005938df800800ff089ff628f049040f260
:10b51000e24353438df80170cde90638089645bbe8
:10b52000adf80450029504f1cc016846fbf7bcfb72
:10b53000237e122b16d1e37da3b994f83700658fd3
:10b5400003f2e24358435d430ff025fd00220d4b0b
:10b5500011f00aff0ff0b8fb2a4681b2d4f8cc00f4
:10b560000af02efdd4f8cc00faf714f80ab0bde8c2
:10b57000f0812b68adf804306b680293d3e700bf0d
:08b58000513b020100888340e9
:020000040000fa
:020000040101f8
:10b588007fb590f85040064634bb294d2b68d3f858
:10b59800583283b10ff01efe296891f860220346e5
:10b5a8005ab13246d1f858122046aff300802b68c2
:10b5b8000022c3f8582204b070bd012081f860024f
:10b5c8000092d1f858220393cde901266b46102248
:10b5d800184907f053f8eae7012cecd1144d2b6811
:10b5e800d3f85c32002be6d0002918bf02240ff0f4
:10b5f800f1fd296891f86022034652b13246d1f82c
:10b608005c122046aff300802b680022c3f85c224e
:10b61800d1e7012081f860020094d1f85c220393fd
:10b62800cde901266b461022024907f027f8ebe71f
:08b63800e8aa00200d01000149
:020000040000fa
:020000040101f8
:10b6400030b5c36d85b00446002b3ad04ff4f87284
:10b650000021e06d11f0d0f8e06dbc3010f046fc38
:10b66000684611f09efee26d0098c2f8cc0002f12f
:10b67000cc03bdf804109df80620998025469a71e8
:10b6800035f80b0b02a90ff009fdddf80930c4f8fd
:10b690000b30bdf80d30ab809df80830e26d003303
:10b6a00018bf01236374022382f82c30e26d82f804
:10b6b0002d30104b1b68587810f001000ad105b0ee
:10b6c00030bd4ff4f87011f0affee0650028bdd139
:10b6d0000120f4e7e26d92f82c3043f0010382f888
:10b6e0002c30e26d92f82d3043f0010382f82d30ba
:08b6f0000020e4e7f0aa0020ad
:020000040000fa
:020000040101f8
:10b6f800f8b52a4e2a4c012715e0226a0ab3616a76
:10b70800236a38469847a36a0133226b934228bfbd
:10b71800002316e0a26aedb2224482f84050a362e8
:10b7280094f8343013bb337e13f0040f35d0b56a68
:10b73800a36a0133226b934228bf0023e26a9a422c
:10b74800dbd0e26a9a42eed0726802f00702012a60
:10b75800e0d1a26a5200e8b2a11881f84000013293
:10b76800c5f30725224482f84050d8e710f05afb69
:10b77800236a002bd7d0616a94f83c3033b1a36bad
:10b788009842d0d3236a00209847cce7a36b98420d
:10b79800c9d1236a00209847c5e7f8bd000c0040ce
:04b7a80000fc012080
:020000040000fa
:020000040101f8
:10b7ac0038b50c461546294b1a7842f001021a702e
:10b7bc001a786ff341021a7000211960244a117033
:10b7cc001a7861f384021a705a78012161f38302aa
:10b7dc005a70d0f8f430182b1dd0202b28d0102bf9
:10b7ec000dd001460bf00eff184a137843f00203fc
:10b7fc0013702946204606f0ddf8002038bd134aa8
:10b80c0053786ff30103537090f889316ff3010390
:10b81c0080f88931e5e70d494b78012262f3010389
:10b82c004b7090f8893162f3010380f88931d8e7c5
:10b83c0006494b78022262f301034b7090f8893170
:10b84c0062f3010380f88931cbe700bf00040042aa
:04b85c00040400429e
:020000040000fa
:020000040101f8
:10b86000f7b5047a082c4cd8c5680023a5f1280147
:10b870002820dab294423ed8254f3b681e78002e2d
:10b8800041d130460bf014fb0cf05afb3f6807f136
:10b8900034034ff4a0723146184610f0adff87f81c
:10b8a000324094b304eb8402d200294610f072f9be
:10b8b00028460af013ff95f82720012a0fd12b788c
:10b8c0008df800302b46684653f8011fcdf8011063
:10b8d0009b88adf805308df807200cf0b5fe0136d9
:10b8e000f6b2b44205f12805e2d101200bf0e0faee
:10b8f000002003b0f0bd013300fb03f28a5c012a93
:10b90000b7d90320f5e70520f3e72046f1e700bfac
:04b910003caa00202d
:020000040000fa
:020000040101f8
:10b914001f4b204a204810b59a6011f0a9fb1f481c
:10b924001f4c11f0abfb1f49032011f051f91e49c4
:10b93400042011f04df91d49072011f049f91c4864
:10b9440011f0a2fb2146062011f04af92146194cb8
:10b95400072011f045f92146082011f041f921464c
:10b96400154c092011f03cf921460a2011f038f950
:10b9740021460b2011f034f908f090fc0f4811f027
:10b98400e9fb0f4811f09efb10f016ff002010bddc
:10b99400d0a60020f59802014b950201f14702015f
:10b9a400f5e10001799502011d95020153c20201de
:10b9b40025c1000119b80001f1850001f1ff010161
:04b9c400051b02015c
:020000040000fa
:020000040101f8
:10b9c80013b502460c4611f059f9002847d0262a2b
:10b9d8002ad0292a35d0202a43d1234bf1b11b681c
:10b9e800da7812f0300f3cd01a7942f001021a715d
:10b9f80000241e4b0093022201232d21ec20fcf78a
:10ba0800fbfe44b11a4b0093019401230022ff214d
:10ba1800ec20fcf7f1fe204602b010bd1a6813793d
:10ba280023f001031371e4e70f4b1a68137929b166
:10ba3800980616d543f040031371d9e723f0400365
:10ba4800f0e7094b1a68537929b1d90709d543f0aa
:10ba580002035371cce723f002035371c9e70c24a6
:10ba6800c7e71124c5e700bfd4aa002033c80201e4
:04ba7800e6bf020122
:020000040000fa
:020000040101f8
:10ba7c0030b5c278837885b004462abb0c2b0bd129
:10ba8c00c06d102200f5c87010f070f8054628b192
:10ba9c000b21204602f052fc05b030bdadf804007d
:10baac00cde9020020460cf005f8e36d2088a033a8
:10babc0001aa02a90df0e7fce36d2a46a033294642
:10bacc00204601f0d5f8e7e7082be5d1c56d10222b
:10badc0005f5e87010f04af80028d9d16b78042be2
:10baec0016d101232b71e36d9a78002ad4d01871ea
:10bafc00e36d9870e16d01f5c871204608f034f9da
:10bb0c0020460bf0d7ffe36d0022a0331146d7e798
:10bb1c00012b02d105f5c871efe7022bfad0032bec
:04bb2c00bad1f7e7ac
:020000040000fa
:020000040101f8
:10bb300073b50468638fd4f84451f02b94bf94f923
:10bb40002c3094f92b3095f913209a4206460edcde
:10bb500094f92c3095f911209a4208dbb4f85c3046
:10bb6000d4f844210133a2f8153002b070bdaa7c8c
:10bb70000121d21a204652b20bf057fc002a1eddda
:10bb80002b181b7b9907e9d4144b009693f91530b9
:10bb90009a42b8bf1a46002a08da284490f90430bd
:10bba00099181031bcbfc3f1f00252b28df80420d5
:10bbb0006b4605220a49012006f064fdcee7cdd090
:10bbc00029180b7bdb07c9d42b7c03f03003202b17
:10bbd000c4d091f904300f33c0dbd5e7e0a80020d2
:04bbe0000506010154
:020000040000fa
:020000040101f8
:10bbe40084b030b587b00aac84e80f00274c2268d3
:10bbf400137803f0030102293cd19df830506ff310
:10bc040082031370002007f0cfffddb91822294604
:10bc1400684610f0effd23681978012262f30101f0
:10bc2400197023689978597023685d719df8003004
:10bc34008df8022043f002038df800306846f7f7d0
:10bc4400cbf917e02368032d1a7819d1012565f380
:10bc540001021a7023689a785a7023680020587178
:10bc6400f7f7baf90a9b009304226b460849284661
:10bc740006f006fd002007b0bde8304004b0704770
:10bc84006ff301021a700020d9e700bf48ab00200f
:04bc9400040701019f
:020000040000fa
:020000040101f8
:10bc9800f8b50446008a11f0affb00284dd0208a81
:10bca800a768a67ce5680df0a3fa0446002846d0ec
:10bcb8004fb345b33b7843727b78837205eb8606b6
:10bcc8000023e27a9a4211d998002a4609e0e168ed
:10bcd80017880144b1f800c0bc4504bf57884f809d
:10bce80004329642f3d10133dbb2eae7637adb0729
:10bcf80005d54ff6ff720121207807f059fd237a08
:10bd080043f001032372012304f1540584f83c3005
:10bd1800284610f084fa78b1284610f02fff05461f
:10bd280042680189204604f05ff8686811f07afbe0
:10bd3800284611f077fb0020f8bd0420fce703201b
:02bd4800fae718
:020000040000fa
:020000040101f8
:02bd4a00fee712
:020000040000fa
:020000040101f8
:10bd4c0070b582b0284d294c032616e0e21892f803
:10bd5c00c0208df80620013322699a4298bf002337
:10bd6c00e3606b6803f00703012b14bf9df80630ea
:10bd7c00bdf80630ab62237dd3b92b7e13f0010fd7
:10bd8c002fd0a268e3689a4228d06a6802f00702b2
:10bd9c00012adbd15a00a11891f8c0108df80610b9
:10bdac000132224492f8c0208df807200133d3e7ea
:10bdbc0010f01efb2368002bdfd06168237f33b1aa
:10bdcc00a3699842d9d3236830469847d5e7a3692d
:10bddc009842d2d1236830469847cee7024b0122d5
:10bdec001a7502b070bd00bf000c004000fc0120b1
:020000040000fa
:020000040101f8
:10bdfc0038b5254d2549032010f066f82b682c46e4
:10be0c0033b9502011f00afb286060b9022538e0e4
:10be1c000025236803eb8503d86a08b10af08afd74
:10be2c000135082df5d150220021206810f0defce0
:10be3c002368174803221a70236809225a70226853
:10be4c0010210023917053712268d3710df09ef96b
:10be5c000546b0b90f480df0b1f9054688b90e4a40
:10be6c000521012010f060f80c4906200ff090f924
:10be7c002268936903f0f80343f0011343f4a063c1
:10be8c009361284638bd00bff0aa002045cb0201c3
:10be9c0045270101090e020179140201fd950101ea
:020000040000fa
:020000040101f8
:10beac0070b583780a2b044641d1c06d4022eb302b
:10bebc000ff06afe94f853308bb902200df0dafdc6
:10becc0000283bd11f4d2b68da786ab11e494022fd
:10bedc0004f112000ff058fe022384f85330204670
:10beec00bde87040fbf762b8e278012a0ad1e26d36
:10befc005278032a06d1996821b191f850300bb1d0
:10bf0c004022e5e7114810f0fffe064680b928688c
:10bf1c00022384f853301030fcf75cf82b6883f85c
:10bf2c0028609b680bb183f850600b23a37070bd25
:10bf3c0020460821bde8704002f000ba012384f8c5
:10bf4c005330f2e7f0aa0020b0710201c969020176
:020000040000fa
:020000040101f8
:10bf5c0073b51e4600230d4614468df806308df839
:10bf6c0007300df043f910b90f2002b070bd2c4210
:10bf7c0004d1012d0cbf02200320f6e7012d04d1c2
:10bf8c0014f00e0f1cd10020efe714f0e00ffad0e4
:10bf9c00102d09d1610620d50df107030df1060214
:10bfac000321008806f09bfb9df8073003bb14f0bf
:10bfbc00ee0fe8d09df80630b342e4d20c20d4e763
:10bfcc006507e9d4a2070ad414f0080fecd00df1e0
:10bfdc0007030df106020121e3e7a30605d50df1d8
:10bfec0007030df106020221dbe714f0800fede7e9
:0cbffc00012bb9d0022bc6d10520b6e7fe
:020000040000fa
:020000040101f8
:10c0080010b50ff02dfc214b1b685b071fd5204a8c
:10c018004ff088411368096c01f44051b1f5005f95
:10c028000cbf0a3b043b13601a4b1a8842f001020a
:10c038001a801a68d407fcd4174b184a1b68126870
:10c048009b1a012b03d9bde810400ef077bc144ca5
:10c0580001232370134b596841f400015960596a50
:10c06800c906fcd50ef06afcbc200cf057fd0ff099
:10c07800f7fb2378002be6d00b4a138e43f080039e
:10c088001386084b1a6ad203fcd5dce7203e01412f
:10c09800343e0141143e0141083e014190aa00206e
:0cc0a8006fab002000400141002401416a
:020000040000fa
:020000040101f8
:10c0b40038b5244d24492c68302204f138000ff09f
:10c0c4008bf9224bb4f839201a8094f83b201a716a
:10c0d4002b6894f838201a72224652f83c1fc3f891
:10c0e40002109288da802b68b4f84e209a8494f86f
:10c0f400422083f82620164ab4f846101180154ac7
:10c10400b4f848101180b4f94c205a85b4f94a2087
:10c114009a85114bd4e918011b68c3e9160122461c
:10c1240032f8501f198192789a7294f84320da7287
:10c1340094f844201a73d4e9182313430cbf1e2027
:10c14400002038bddcaa002008420144e0a80020f9
:0cc1540062ab002060ab0020d4aa0020e9
:020000040000fa
:020000040101f8
:10c1600073b50468636f628fdb68998891420646f5
:10c1700007d1a08fd988884203d1e08f19898842de
:10c180000ad0032184f8aa10998891421fbf012286
:10c1900022650022a4f858201a7884f837205a889b
:10c1a00022879a886287da88a2871b89216fe387b2
:10c1b0002046012206f062f9a36f628f23f001038b
:10c1c000a367e38f00252046c4f88850db00b3fb4b
:10c1d000f2f3c4f8903000f019f8b4f8bc300093d2
:10c1e0006a46d4f8c03001930c213046fff770f94d
:10c1f00094f86d3065f3041384f86d30a36f23f069
:0cc20000040343f00803a36702b070bd04
:020000040000fa
:020000040101f8
:10c20c0070b505460ff094f86b8fb5f8604040f2ae
:10c21c00e2465e43ab7e122b2bd0222b2dd0112b62
:10c22c0030d100ebc404e6346b7eb5f86400122bfd
:10c23c002dd0222b2fd0112b32d104ebc004e6349d
:10c24c000ff076f8b44224f00042a4eb00004ff05b
:10c25c00000394bf341b002496422cbfb61a1e4612
:10c26c00c5f8a400c5f89c40c5f8a060c5f8983086
:10c27c0070bd00eb8404c234d6e700eb041404f563
:10c28c001974d1e700eb841404f26634cce704eba8
:10c29c008004c234d4e704eb001404f51974cfe71e
:0ac2ac0004eb801404f26634cae7c4
:020000040000fa
:020000040101f8
:02c2b600fee7a1
:020000040000fa
:020000040101f8
:10c2b8002de9f04383b00378032b43d00646684644
:10c2c8000ff0ecfd002842d14ff40054214f07f144
:10c2d800250818e04846eaf7f4f860b107226946ed
:10c2e800381d0ff045fc10b305e0711c07f12b0059
:10c2f80003f0bafc38bb0135edb20134a4b242f206
:10c3080008039c421fd0e5b22046eaf7b7f8002898
:10c31800f1d02046eaf7d5f80028ecd004f1080956
:10c328001ffa89f94846eaf7a9f80028d2d13378e4
:10c33800022bdad006224146701c0ff019fc0028a7
:10c34800d9d100e00825284603b0bde8f0830825c8
:08c35800f9e700bf88a50020f1
:020000040000fa
:020000040101f8
:10c360002de9f04104468846264b1d6f5e6fd3f8d9
:10c3700094705a68002182f85110586804300ef009
:10c38000d8fc40b91f4b59681a68c86a012181401e
:10c3900022ea01021a60b4f1ff3f0dd02c44194b80
:10c3a0005b685c60a54222d9164b59680431384657
:10c3b0000cf0c8f8bde8f081b8f1000feed0114bd9
:10c3c000d3f89c2059688a6059689068c860596899
:10c3d000043141605968043191605a6803f1980151
:10c3e0005161d3f898200132c3f89820e2e7054d57
:10c3f0006968043130460cf0a5f8eb6ea34288bfa3
:08c40000ec66d7e740fd0120c6
:020000040000fa
:020000040101f8
:10c4080010b5274c206890f82130032b8cb01ad136
:10c41800223010f071f8206890f82130012b02d9f1
:10c4280022300bf051fd23680020d3f8743198476f
:10c438002068038e2bb11b4900f5f2705943f9f7b8
:10c4480017fc0cb010bd022be5d1032104a803f0a2
:10c45800b3f80d2200210df1130010f0c9f99df871
:10c46800123003f07f0343f0400368468df8123022
:10c478000ff038fd08aa04a96846fdf76dfc23688b
:10c48800bdf820109df82220598483f82420bdf897
:10c4980010109df81220a3f8251083f82720bae77a
:08c4a8003caa002040420f00f5
:020000040000fa
:020000040101f8
:10c4b0002de9f347264e336807461d7bf8b9db7a32
:10c4c000ab4201d90135edb2224b1c684ff0000898
:10c4d0004ff00109ccb9b9f1000f2cd033682046d8
:10c4e0001d733268137b0bb9012f2ed0d27a9a427a
:10c4f00002d1002f08bf432002b0bde8f087012819
:10c50000e2d1002de0d0013ddde7a268137a043bc3
:10c51000012b0bd8d2f800a050460ff0e7fe38b937
:10c52000d4f80880814650460ff0cafe2468d1e74f
:10c5300033681d73f7e78df8047001ab0222082100
:10c54000d8f8000007f01efacbe74320d4e700bf7d
:08c55000d4aa0020e4a9002098
:020000040000fa
:020000040101f8
:10c5580073b505460df1010168460ef02bfe9020db
:10c5680010f05eff0446002844d0e96d00f108068b
:10c57800442201f596714c300ff008fbe96d442216
:10c58800a03130460ff002fb95f857305bb194f8b4
:10c59800663043f0010384f8663094f8223043f0a3
:10c5a800010384f8223095f856305bb194f8663070
:10c5b80043f0020384f8663094f8223043f0020313
:10c5c80084f8223095f8522094f8663062f3870395
:10c5d80084f8663095f8522094f8223062f3870385
:10c5e80084f82230052323702b88a38021469020cd
:08c5f80010f04afe02b070bd14
:020000040000fa
:020000040101f8
:10c60000072870b54cd8274d041d2b6853f82460bb
:10c61000002e45d096f84e301bb106f15c00fbf7ba
:10c62000dffcb37c1d2b03d106f17400fbf7d8fcb3
:10c630002b6853f82430d86808b110f0f7fe2b6847
:10c6400053f82430986c08b110f0f0fe2b6853f8c2
:10c65000240054300ff0e7fd68b12b6853f8240034
:10c66000543010f08ffa064628b1406810f0defe14
:10c67000304610f0dbfe2b6853f824000df008fe66
:10c680002b6853f82430186c08b110f0cffe2b68db
:10c6900053f8240010f0cafe2b68002243f824202f
:08c6a00070bd00bff4aa0020e8
:020000040000fa
:020000040101f8
:10c6a80073b5254e254c336825491d7f186920220e
:10c6b800adbb0ff06bfab4f8a430214943f0100376
:10c6c800a4f8a430b4f8a43065f3c713a4f8a430d0
:10c6d800b4f8a43043f00203a4f8a430336818690e
:10c6e800202210440ff052fab4f8a43065f3410345
:10c6f800a4f8a430b4f8ac3065f38613a4f8ac30d1
:10c708000020f6f767fc00246b4605220d498df8da
:10c718000440012005f0b2ff204602b070bd0ff0c2
:10c7280035fab4f8a4306ff34103a4f8a430b4f890
:10c73800ac306ff38613e1e7d4aa0020002401414e
:08c74800602901410105010116
:020000040000fa
:020000040101f8
:10c7500070b505460ef0f2fd6b8fb5f8604040f203
:10c76000e2465e43ab7e122b2ad0222b2cd0112b1b
:10c770002fd100ebc404e6346b7eb5f86400122bb5
:10c780002cd0222b2ed0112b31d104ebc004e63457
:10c790000ef0d4fd24f00043b442a4eb000094bf9b
:10c7a000341b00249e4234bf0023f61ac5f89c4077
:10c7b000c5f8a40034bfc5f89c30c5f8a06070bdb2
:10c7c00000eb8404c234d7e700eb041404f51974b9
:10c7d000d2e700eb841404f26634cde704eb800466
:10c7e000c234d5e704eb001404f51974d0e704eb68
:08c7f000801404f26634cbe76b
:020000040000fa
:020000040101f8
:10c7f80030b5244b048e1a68418e64f30f021a6018
:10c808001a68214c61f31f421a60204a13686ff3bb
:10c818004d3313602368b0f85c1061f30f03236095
:10c82800136843f080031360194b19686ff30f0105
:10c83800196019686ff31f41196016490d686ff385
:10c8480004050d60156845f04005156015686d060e
:10c85800fcd415686d00fcd5056c1d600b6890f85c
:10c86800440060f304030b60136843f04003136053
:10c8780013685906fcd413685b00fcd52068c0f324
:10c88800054030bd60340141b034014154340141a8
:08c89800583401415c340141f8
:020000040000fa
:020000040101f8
:10c8a0002de9f3470446008910f0aafd002848d07e
:10c8b000278938460cf09aff064600283dd0c378f9
:10c8c000002b3ad01c20b4f80aa0b4f80c90b4f8ad
:10c8d0000e80248a10f0a8fd054680b300f11003f5
:10c8e000122101a8019310f0adfbf1794b1cf371fb
:10c8f00001a810f0a7fb082101a810f0a9fb5146e0
:10c9000001a810f0a5fb494601a810f0a1fb414683
:10c9100001a810f09dfb214601a810f099fb2a46c2
:10c920000c2138460cf0e3fd044610b1284610f007
:10c930007dfd204602b0bde8f0870124f9e702241e
:06c94000f7e70424f5e70f
:020000040000fa
:020000040101f8
:10c9460001292de9f0470546894615d021b102296e
:10c9560017d000231b81ffde00f1c80700f1a804f1
:10c96600a7b9002628462681494603f074fe2046cc
:10c97600bde8f0470ef0c9bd00f1d00700f1b804dc
:10c98600eee7c46b04f134072434e9e7d7f80080f6
:10c996000026b8f1000f1fd1002ee2d0606818b152
:10c9a6000bf069fec4f804803046fdf770f9824644
:10c9b60060600028d5d03f684ff00008002fd1d026
:10c9c6003a7bb9680aeb08000ff0e1f83b7b3f6859
:10c9d60098441ffa88f8f1e798f80c30d8f80080e8
:06c9e6001e44b6b2d5e7c5
:020000040000fa
:020000040101f8
:10c9ec0010b58cb0244810f0c1fafff701fa01f031
:10c9fc003dfb00200ef0d0fe0df000fe1f480df0a8
:10ca0c000ffe1f4a02ab07ca03c31a8002a90a20f1
:10ca1c000ef08afe00248df82040adf822408df8ef
:10ca2c0024408df82e408df82f4008a80ff028fade
:10ca3c00adf802408df8044003238df80030092333
:10ca4c008df8013068460bf079f901238df81e3012
:10ca5c008df81c300623adf814304ff44863adf854
:10ca6c001630adf8184040f2f313adf81a3005a8a3
:10ca7c000ef0c0fd0cb010bdcd1e02013b8e0101ad
:04ca8c0070ce020165
:020000040000fa
:020000040101f8
:10ca9000072848d8f8b50c4607460e46234d56f8e9
:10caa000170f7168b268f3680fc530692860b28ae1
:10cab000b37daa80ab71bdb205f500500830e9f72f
:10cac00093fb08b90120f8bd194f07f1240620682f
:10cad0006168a268e3680fc620693060a28aa37dfe
:10cae000b280b37154f82e1f6268a668e068c7f878
:10caf0003b10c7f83f20c7f84360c7f847002169db
:10cb00006269c7f84b10c7f84f20218ba27ea7f8a7
:10cb1000531087f8552005f50050e9f765fb80f0c4
:10cb20000100c0b2cfe70320704700bf8ca50020f2
:04cb300088a50020b4
:020000040000fa
:020000040101f8
:10cb340073b5054600230df1020101a8adf80230da
:10cb44000cf080fa95f85230012b18d1019aab6d94
:10cb5400bdf802101a44b5f854300b449bb240f2ad
:10cb6400e1418b42c2f31602019285bfa3f2e24374
:10cb74000132adf80230adf8023088bf0192134b98
:10cb8400bdf802101a68124e92f8403203f58e7303
:10cb940040f2712032f8134004eb910404f59c74c4
:10cba4006400b4fbf0f4019804443440ec610021c7
:10cbb4002846edf753fc6b7820443040e86143f09d
:10cbc40004034002e8656b7002b070bde8aa00205f
:04cbd400ffff7f00e0
:020000040000fa
:020000040101f8
:10cbd80020200001ffffffffffffffffffffffff18
:10cbe800000000000000000000000000010000003c
:10cbf800ffffffff512563fcc2cab9f3849e17a744
:10cc0800adfae6bcffffffffffffffff00000000db
:10cc1800ffffffff96c298d84539a1f4a033eb2d4a
:10cc2800817d0377f240a463e5e6bcf847422ce136
:10cc3800f2d1176bf551bf376840b6cbce5e316b7a
:10cc48005733ce2b169e0f7c4aebe78e9b7f1afe3e
:10cc5800e242e34f4b60d2273e3cce3bf6b053cc8a
:10cc6800b0061d65bc86987655bdebb3e7933aaa26
:04cc7800d835c65a8b
:020000040000fa
:020000040101f8
:10cc7c002de9f7430546a420884691461e4610f040
:10cc8c00cdfb044678b30127af70a42200210ff02e
:10cc9c00adfd002020702b88a38084f8068084f8da
:10ccac000790b8f1000f21d13268c4f809207268de
:10ccbc00c4f80d20b268c4f81120f268c4f815202d
:10cccc00eb6d63b15b7953b927728df8043085f83d
:10ccdc0058702b88adf8063001a810f00df82146dd
:10ccec00a42010f0cffa03b0bde8f08395f85330d0
:10ccfc00022bf4d105f084fa0028f0d0436803f03d
:10cd0c00f802034b1343436008f0ecffe7e700bf66
:04cd1c00010502000b
:020000040000fa
:020000040101f8
:10cd20002de9f843264d00242a6802eb840211699c
:10cd300000293fd0002691f80b80cf68ce72106991
:10cd400002f090fe334607eb8800261d2a6852f851
:10cd50002620d27a9a4221d94fea830c3a464ff0e4
:10cd6000000e16e0296851f82610c9686144a1f840
:10cd700002e02968b2f8008051f82610c9686144c1
:10cd8000b1f80090c14504bfb2f80280a1f802805a
:10cd900004329042e6d10133dbb2d7e717b138460f
:10cda00010f044fb2b6853f82600037adb0701d50b
:10cdb00009f04efe0134082cb6d1bde8f88300bf5f
:04cdc000f4aa0020b1
:020000040000fa
:020000040101f8
:10cdc4002de9f041064600200f460df083fd05468f
:10cdd40001200df07ffd044602200df07bfd80460e
:10cde4002eb345f4605189b200200df085fd97f80b
:10cdf400473013f0fd0f01d0042b0fd144f0100184
:10ce040089b201200df078fd6fea08516fea1151e3
:10ce140089b20220bde8f0410df06ebd97f81931da
:10ce24001bb10f4b1b78002be8d02146e9e74ff6e6
:10ce3400ff71304609f094fc4ff6ff71012009f0b0
:10ce44008ffc4ff6ff71022009f08afc2946304618
:10ce54000df052fd214601200df04efd4146d8e76c
:04ce640081ab00207e
:020000040000fa
:020000040101f8
:10ce6800f8b500ebc1060446d6f874710d469fb3b9
:10ce780099bbd0f8a0000bf0fdfbc4f8a0503846d1
:10ce880010f0d0fa04ebc503002703f5ba7304ebde
:10ce98008505c6f87471c6f87831d5f8e00018b180
:10cea8000bf0e8fbc5f8e070d5f8ec0020b10bf00a
:10ceb800e1fb0023c5f8ec30d4f8dc0020b10bf01e
:10cec800d9fb0023c4f8dc30d4f8d80020b10bf02b
:10ced800d1fb0023c4f8d830f8bd012907d1d0f818
:10cee800a4000bf0c7fb0023c4f8a430c7e702294d
:10cef800c5d1c36bd86b0bf0bdfbe36b0022da63c3
:02cf0800bde783
:020000040000fa
:020000040101f8
:02cf0a00fee740
:020000040000fa
:020000040101f8
:10cf0c00002847d038b50446426c914238bf1146d0
:10cf1c00c26a8a4202d0806c012800d038bde1621e
:10cf2c00a0690028a4bfc1f10501a16102eb820236
:10cf3c00194901eb820261699142efd1251d284606
:10cf4c000df0f1fe38b915490b68e06a01228240f8
:10cf5c0023ea02030b60e26a104b1868012191402e
:10cf6c000143196002eb820203eb8202d268a260d9
:10cf7c009168e1604d609560e16a03f108008a00f8
:10cf8c00551800eb8500606103eb85008368013365
:10cf9c008360c3e7704700bf48fd012040fd0120be
:020000040000fa
:020000040101f8
:10cfac002de9f0410c4600258046d1f8ac008f6885
:10cfbc000bf05efbc4f8ac50a4f8b050d4f8bc0035
:10cfcc000bf056fbe66bc4f8bc50a4f8c05026b16d
:10cfdc00b06a0bf04dfbb562b5850021204603f01d
:10cfec0037fb0121204603f033fb0221204603f0de
:10cffc002ffb00212046fff731ff01212046fff7d0
:10d00c002dff20460221fff729ffe06b08b110f03d
:10d01c0007fad4e900236ab15360d4e900231a60fb
:10d02c00064b1a681378013b13703846bde8f04183
:10d03c0009f008b8c8f80430efe700bfb4aa002024
:020000040000fa
:020000040101f8
:10d04c0037b50b7b01930d46234b0093044601230c
:10d05c0002221321ec20fbf7cdfb2b7b023b212b77
:10d06c0025d8dfe803f02e15241521241524152bc3
:10d07c0011241515242415241524151524152424e0
:10d08c00241524242424241594f8e230022b0ed1e8
:10d09c0094f8f230114943f0040384f8f23004f5ab
:10d0ac00b070f8f7e3fd02e0e37d002bf0d02946e9
:10d0bc00204603b0bde830400ff028b9e37d012bca
:10d0cc00e5e794f8f23043f0040384f8f230e38f90
:10d0dc0042f210715943e2e701bc0201005a6202ac
:020000040000fa
:020000040101f8
:10d0ec00ffffffffffffffffffffffff0000000040
:10d0fc00000000000000000001000000ffffffff27
:10d10c00fcffffffffffffffffffffff0000000022
:10d11c00000000000000000001000000ffffffff06
:10d12c004b60d2273e3cce3bf6b053ccb0061d65cf
:10d13c00bc86987655bdebb3e7933aaad835c65a58
:10d14c0096c298d84539a1f4a033eb2d817d037795
:10d15c00f240a463e5e6bcf847422ce1f2d1176b30
:10d16c00f551bf376840b6cbce5e316b5733ce2b03
:10d17c00169e0f7c4aebe78e9b7f1afee242e34f32
:020000040000fa
:020000040101f8
:10d18c00f7b504460df090fba4b36378db0731d5fb
:10d19c002046fbf785fc28b301221046214601f0fe
:10d1ac0039fd01ab042207210220019405f064fa39
:10d1bc004ff0807194f85000184d0df027f894f84a
:10d1cc0050602b68012e1ad1d3f85c720ef000f867
:10d1dc00224603463946304600f016fc2b680022e6
:10d1ec00c3f85c22a06808b1fbf75afc206908b1af
:10d1fc0010f016f9204610f013f903b0f0bdd3f877
:10d20c0058620df0e5ff224603463146002000f03f
:10d21c00fbfb2b680022c3f85822e3e7e8aa0020a6
:020000040000fa
:020000040101f8
:10d22c00f0b5244e244c0346006830609a889b79f4
:10d23c00b371b280b4f86c3f43f00203a4f86c3fb6
:10d24c00d4f8683f5a008bb00f4631d5d4f8945fb0
:10d25c00d4f8683fc5f3026565f31243c4f8683f20
:10d26c002722314668460ef08ffc9df8003007f0ff
:10d27c00010767f341032722694630468df80030d9
:10d28c000ef082fcd4f8683f43f48013c4f8683f76
:10d29c00d4f8683fdb02fbd4084b1b68272202fb47
:10d2ac0005350020eb7a67f34103eb720bb0f0bd50
:10d2bc000220fbe7703301410024014104ab002044
:020000040000fa
:020000040101f8
:10d2cc00f7b50568ec68064644b3ab6f234f43f4df
:10d2dc008053ab67a388f3b9e2790abbab6f1a072b
:10d2ec000ad5012323716b46082239460120cde96a
:10d2fc00006405f0c1f90ee043f40053ab67b5f8d8
:10d30c005c30a268db4313441bb2002b03dc2146c8
:10d31c0028460ef00ffc2468002cdbd103b0f0bdc6
:10d32c00a368b5f85c105b1a1bb2002bf3dc01236d
:10d33c009a4223710dd0182aedd121462846fbf7cd
:10d34c0001f92846fff7fef9ab6f43f40013ab6706
:10d35c00c9e7214628460df0e5fdc4e7a00401010c
:020000040000fa
:020000040101f8
:10d36c00254bd3f8f43023b1234b0122c3f8002111
:10d37c00704710b5204b0022c3f8002159685a6839
:10d38c005b6812681b6b9a4204d90b6b1a68b2f17a
:10d39c00a53f23d0184b5968586834310ff0a8fac0
:10d3ac00154a1368b3fa83f3dbb2c3f11f03990078
:10d3bc00c81802eb8000c4686468c460024610326e
:10d3cc00944204bf4169c1600b4a03eb830302eb37
:10d3dc008303db68db685360536810bd5a68b2f195
:10d3ec00a53fd7d19a68b2f1a53fd3d1db68b3f191
:0cd3fc00a53fcfd1d4e700bf40fd0120c9
:020000040000fa
:020000040101f8
:10d4080013b50321846801a802f0d6f89df8053009
:10d418009df804201f4820491b0243ea02439df857
:10d4280006201343b3fbf1f201fb1232b3fbf0f118
:10d43800b2fbf0f200fb1131303242f21070227070
:10d44800b1fbf0f1b3fbf0f2303100fb12324ff4d4
:10d458007a706170b2fbf0f2b3fbf0f1303200fb8e
:10d4680011316420b1fbf0f13031a270e170b3fbef
:10d47800f0f20a2100fb1232b2fbf1f230322271d3
:10d48800b3fbf1f201fb123330330020637102b0b9
:0cd4980010bd00bfa086010040420f0044
:020000040000fa
:020000040101f8
:10d4a40010b592b0d0f8d8308df8042001228df850
:10d4b400082090f803218df8092000f58272adf858
:10d4c400061041f20a0411689288adf80040cdf8c4
:10d4d4000a10adf80e20da8aadf81c201a8badf8cc
:10d4e4001e205a8badf8202093f82130c3f3421349
:10d4f4008df8223000f585731a689b88adf81a30d0
:10d50400437ecdf81620012b08d800230493adf8f0
:10d51400143068460bf080f912b010bd90f8343026
:10d52400012bf2d190f82d305b06eed5034653f86b
:0cd53400280f04909b88adf81430eae743
:020000040000fa
:020000040101f8
:10d5400070b58ab00b7806934b7805938b7804936b
:10d55000cb7803930b7902934b7901931c4d1d4bb0
:10d560000093064601230c4602221d21ec20fbf706
:10d5700047f92b68d3f88c30984750b10c24164be0
:10d580000093019401230022ff21ec20fbf738f9de
:10d590001ae02b68d3f8903098470028eed12b681a
:10d5a000d3f8943098470028e8d10df1270221469e
:10d5b000304604f0ebfb30b93146204603f09cfcca
:10d5c00008b90724dbe7002420460ab070bd00bf7d
:0cd5d000dcaa00202a9d0201e6bf020137
:020000040000fa
:020000040101f8
:10d5dc002de9f0411f4f3b68002b39d01e4b1c68c6
:10d5ec00984614b90020bde8f081ff20fcf74cfbf5
:10d5fc00054650b9194b1c78002cf3d1012218495f
:10d60c0018481a70f8f732fbece7627b2169284660
:10d61c0008f088fc3e68627b217de08a2b46b0478f
:10d62c00114b1e6896b90c480ff0bcf9237b43f0e4
:10d63c000403237307f060fcd8f80040002ce4d1fd
:10d64c0028460bf015f8002ed4d1cbe70126f7e7ce
:10d65c000220c8e7e0aa0020cca900207aab002069
:0cd66c00a0860100b0a80020e4aa002065
:020000040000fa
:020000040101f8
:10d6780012292de9f34104460e4690461f462ad149
:10d68800838a0bb10023838205200ff08cfe0546a8
:10d69800002839d000f11003012101a801930ff0ef
:10d6a800cdfc314601a80ff0c9fc414601a80ff096
:10d6b800cbfc394601a80ff0c1fc20462a460521bb
:10d6c8000df06dff044610b128460ff099fe204674
:10d6d80002b0bde8f08116290ad190f83930013b33
:10d6e800dbb280f83930002bced180f83830cbe768
:10d6f8001829c9d190f83830032bc5d10cf0c4fdd6
:0cd70800002384f83830bfe70224e0e77b
:020000040000fa
:020000040101f8
:10d7140038b5224c2368022262f35a6323602368db
:10d7240043f00063236003200bf0faf91c4b1a68e2
:10d7340042f400621a601a681105fcd423686ff37e
:10d744005a63236003200bf0ebf923686ff3db6368
:10d754002360144b1a685207fcd11a6812f0380f70
:10d76400f8d1114d2b6813f0606f00d138bd2368d8
:10d7740043f00063236003200bf0d2f923686ff3b6
:10d78400db63236003200bf0cbf923682268c3f327
:10d794004163013363f35a622260e3e70c3a0141c7
:0cd7a400583e0141703e0141203a014115
:020000040000fa
:020000040101f8
:10d7b00010b5046820460ef0f9fb04f5b070faf7d6
:10d7c0000ffc94f8f430d4f8b80123f0030384f884
:10d7d000f43020b10af052ff0023c4f8b831d4f875
:10d7e000b40120b10af04aff0023c4f8b431d4f8e0
:10d7f0004431b3b1d3f8220060b10af03fffd4f84e
:10d800004431002283f8222083f8232083f8242047
:10d8100083f82520d4f844010af030ff0023c4f82f
:10d820004431d4f8500120b10af028ff0023c4f895
:10d830005031002384f8e23084f8e43084f8e63094
:0ad840002046bde810400cf0adb822
:020000040000fa
:020000040101f8
:02d84a00fee7f7
:020000040000fa
:020000040101f8
:10d84c0070b50c46182190b001fb04010023022c8a
:10d85c00d1f83061adf81a3018bfd1f834311c4909
:10d86c000c960546095d8df81910b4fa84f095f8fc
:10d87c0019110d9340098df8180001b3fcb9d5f8b6
:10d88c003811d5f8200101440b91cde903630b9bb2
:10d89c000a91a968cde901430e4b0093cde90e1214
:10d8ac00012302229021ec20faf7a4ff04f15a0183
:10d8bc0005eb810106a8f9f7f1f910b070bd18213c
:10d8cc0001fb0451d1f820010b90d1f82411dce7b5
:08d8dc00b527020130700201c2
:020000040000fa
:020000040101f8
:10d8e400f8b51d4d2b685c6806466cb9012e1bd03b
:10d8f400214628684ff401720ef07cff2868bde8c9
:10d90400f840043009f051bd04f5c6702768faf7f1
:10d9140065fb04f5d270faf761fb286821460430f0
:10d92400fff742fb3c46e0e728680ff07dfd2c60e2
:10d934000a4d28680ff078fd094b2c601c60094bd8
:10d944001c60094b1c60094b1c60094b1c60094b93
:10d954001c602046f8bd00bfb4aa0020b8aa00206d
:10d9640018ab002020ab002024ab002030ab0020fb
:08d9740034ab002028ab0020b9
:020000040000fa
:020000040101f8
:10d97c0030b41f4b19681f4b1a881b7981f83b3048
:10d98c000b46a1f8392053f8022fca639b88a1f8e3
:10d99c0040300b7a81f838308b8ca1f84e3091f8ee
:10d9ac00263081f84230144b1b88a1f84630134bbb
:10d9bc001b88a1f848304b8da1f84c308b8da1f809
:10d9cc004a300f4b1b68d3e91645c1e918451a4676
:10d9dc00383132f8080f088392788a76da7aca726c
:10d9ec001b7b0b733022074830bc0df0f1bc00bf21
:10d9fc00dcaa0020e0a8002062ab002060ab002075
:08da0c00d4aa002008420144e5
:020000040000fa
:020000040101f8
:10da14007fb515461e460446b0b91e4b009302233b
:10da240001911a467f21ec20faf7e8fe029695f858
:10da340051300193184b009302231a467f21ec20a6
:10da4400faf7dcfe04b070bd01280ed1134b00932d
:10da5400022301911a467f21ec20faf7cffe0296a9
:10da640095f8513001930e4be5e70228ead10b4bb0
:10da74000191024600937f210346ec20faf7befe93
:10da8400029695f851300193064b009322462346a3
:10da9400d4e700bfe4180201f418020109190201d5
:08daa4001919020135190201f4
:020000040000fa
:020000040101f8
:10daac00f8b590f85030234e012b05bf90f851304b
:10dabc0032683368313314bfd3f8f04152f8334035
:10dacc00054604b9f8bd08f08bfe27680cf0fefa89
:10dadc00a3689d422cd108f083fe95f85030012ba1
:10daec00d4e900231ed10ab1536006e095f8511019
:10dafc00326802ebc102c2f88c31d4e900231a60ff
:10db0c0095f850203368134493f8f821013a83f8c0
:10db1c00f82100232b700cf0d9fa2046bde8f84010
:10db2c0009f08cbf002adfd13268c2f8f431e4e787
:08db3c003c46c6e7e8aa002000
:020000040000fa
:020000040101f8
:10db44007fb5044607200ff030fc054600283fd07f
:10db5400204e00f11003022103a803930ff070fa82
:10db6400336803a819780ff06bfa336803a859795e
:10db74000ff066fa336803a859780ff061fa336836
:10db840003a899780ff05cfae36d03a893f82c10be
:10db94000ff056fae36d03a893f82d100ff050fa26
:10dba400062300932a460023072120880af09fffba
:10dbb400064648b994f8573023b10a23a370304677
:10dbc40004b070bd0523f9e728460ff01bfcf6e707
:08dbd4000226f4e7f0aa00208c
:020000040000fa
:020000040101f8
:10dbdc0030b522490346006808609a889b798b719e
:10dbec001f4b8a80b3f86c2f42f00202a3f86c2f03
:10dbfc00d3f8684fc4f380748bb034b3d3f8942f3c
:10dc0c00d3f8680fc2f3026262f31240c3f8680fd4
:10dc1c00d3f8945f272268460df0b6ffc5f3026572
:10dc2c00002300bf0deb0302d27982b90133102b14
:10dc3c00f8d101220b4b1b681b78eb4013f001034e
:10dc4c0007d11c4620460bb030bd0025f1e7002261
:10dc5c00f0e7002cf6d082f00104f3e770330141b9
:08dc6c000024014104ab00207b
:020000040000fa
:020000040101f8
:10dc740008b5204b1b6b13f4806f35d01e4b052267
:10dc84001a701e4b5b6813f0040f12d01a4b042257
:10dc94001a70184b4ff0ff325a63184b00221a6067
:10dca4001a605a605a600bf065f8154b1860012031
:10dcb40008bd124b5b6813f4807f03d00e4b012226
:10dcc4001a70e6e70d4b5b6813f0080f03d00a4b9c
:10dcd40002221a70dde7094b5b6813f0100fd8d0ed
:10dce400054b03221a70d4e70020034b1870044b31
:10dcf4001860dde7000a0044a7a4002000100142d8
:04dd040030aa002021
:020000040000fa
:020000040101f8
:10dd080000b5c5b01e4b1b7823b1012b26d045b0fa
:10dd18005df804fb0cf03cf9f9f748fa194b1b883d
:10dd280013f0020f12d001208df804000023adf883
:10dd380006308df8083001aa01460df0dbf9124bc8
:10dd4800188030b10e4b01221a70e0e70ef052f83d
:10dd5800e9e711210d48faf757f8f3e74ff0ff32da
:10dd680003a90b480ef099fd0028d0d09df80c307f
:10dd7800002bccd10df10d0008f0b6ffc7e700bfae
:10dd88005c00002000000142640000209cc40201e5
:04dd98006000002007
:020000040000fa
:020000040101f8
:10dd9c00012870b5204c214d0cd120680af068fc8c
:10ddac000026286826600af063fc2e600ef0d8fc72
:10ddbc00002070bd2368186920b10af059fc236853
:10ddcc0000221a612368586920b10af051fc2368bb
:10dddc0000225a612368186c20b108f033f92368cb
:10ddec0000221a642268002393642a6813702a683c
:10ddfc0053702a68c2f8023028681372d3800c3032
:10de0c0043830377faf7e6f801f0fcf9044b0121a0
:10de1c00186809f06dfecbe7d4aa0020dcaa00201c
:04de2c00fcaa00202c
:020000040000fa
:020000040101f8
:10de300010b51478082c0b46114630d006d8012caa
:10de400022d0dcb1032c25d0022421e0182c2bd0c9
:10de500005d80a2cf8d1013b5c425c4118e0272c24
:10de600027d0282cf0d1164a126892f90420002af3
:10de7000eada042be8d10bf019ff03e00c2b07d1f1
:10de800006f0f0ff012403e0082b17d10bf074fd1e
:10de9000204610bd172b11d10af0c1fef2e7092b65
:10dea0000cd1f6f7e7ffede7052b07d10bf0fcf8f7
:10deb000e8e70b2b02d107f0b0fde3e70024e7e72a
:04dec000d4aa0020c0
:020000040000fa
:020000040101f8
:10dec40030b4d0f87431ff2273b1d0f89c409c4236
:10ded4002dd81d7adc68042d25d0052d23d02dbb2b
:10dee4002268c2f3411212bbc0f8983090f8941023
:10def400ff2380f8543000f164020023994207d0d4
:10df040052f8044bd0f89850a5421cd180f85430f4
:10df14000f4b90f854201b789a4217d8ff22012106
:10df240030bcfcf707bb2268c2f341122ab11b685c
:10df3400cae731b11b68002bd6d01a7a022af8d866
:10df4400d2e7203bf7e70133dbb2d7e730bc7047b9
:04df540083ab00207b
:020000040000fa
:020000040101f8
:10df580000283ed038b50446c36b002b3bd0006c7c
:10df6800a0fb03230bb1002036e00d460df072f83c
:10df78002268216ce36b03fb01f3d018a06000203a
:10df8800a06362605b1a1344e360ff2384f84430a3
:10df980084f84530a5b923691bb90ef049fa012068
:10dfa8001ae004f11000fbf7fdfb0028f5d00b4b3d
:10dfb8004ff080521a60bff34f8fbff36f8fece7bb
:10dfc80004f110000ef0fff804f124000ef0fbf845
:10dfd800e3e700207047002038bd00bf04ed00e0f3
:020000040000fa
:020000040101f8
:10dfe8002de9ff478a46164699460bf0fbfb054686
:10dff80020b90125284604b0bde8f0871ffa86f845
:10e0080008f1060738460ff0cef904460028f0d08c
:10e0180000f11003012103a803930ff00ff8a97969
:10e0280003a80ff00bf808f1020103a80ff00cf891
:10e03800514603a80ff008f826b13246494603981e
:10e048000df0a4fd2888224639460bf04cfa054607
:10e058000028cfd020460ff0e5f9044b00930022aa
:10e0680004235121ee20faf7c7fbc3e7b0bb020136
:020000040000fa
:020000040101f8
:10e0780038b51849184c02200df028ff174b184adc
:10e088001a602368254633b930200ff0c9f920609b
:10e0980048b902201ce0002420460134e4b20cf008
:10e0a800abfb082cf8d13022002128680ef0a0fb29
:10e0b8000c480bf06df80c4b0c4a1b685a600c4a64
:10e0c8005a612b680b4a5a600b4a9a600b4ada600d
:10e0d80038bd00bf29c5020144aa0020a4a9002018
:10e0e80010d30201996a010158aa0020657901013b
:10e0f80015c5020135cb020105d40201dda70201d5
:020000040000fa
:020000040101f8
:10e1080010b51f4a1368002b30d059680b1a48bf46
:10e1180001f18053516848bf1b1a31b349680c1a82
:10e1280044bf01f180510c1a1b1b002bd4bf0023e4
:10e13800012352f823201349134c08682370134b0a
:10e14800cab11c6814f0040f546812d020f0704053
:10e15800844209d018886ff38200188052680a60d8
:10e168001a8842f004021a8010bd012383f00103cb
:10e17800dfe70c60f4e7198862f382011980f3e79e
:10e18800c4a90020343e014175ab0020203e014166
:020000040000fa
:020000040101f8
:10e19800f0b5214b0a691b6820491b7b0578447838
:10e1a80013f01f0f4368d0780cbf012600268b425e
:10e1b80095bf1e214ff49671b3fbf1f3b3fbf1f356
:10e1c80095bfc3f30c03c3f30c030027012710f01a
:10e1d800010f14bf0721012110f0020f18bf0631eb
:10e1e800000744bf0231c9b20a4405f03f05d1789f
:10e1f800137165f3050166f3861167f3c711d170d2
:10e20800517921f01f0104f0070441ea132364f354
:10e2180047135371f0bd00bfd4aa0020c3bf030049
:020000040000fa
:020000040101f8
:10e228007fb5204b01900546009302220123582117
:10e23800ec20faf7e1fa28460cf00cfd064678b314
:10e24800046820460cf045f90146a8b194f8f2306c
:10e258001b070ad503ab042213490396032004f0d5
:10e268000dfa0024204604b070bd20460ef02ff8a9
:10e278000028f6d1072409e0204603ab0222adf8b6
:10e288000c5005f07bfb04460028ead0074b0093ae
:10e29800019401230022ff21ec20faf7adfae1e70f
:10e2a8000224f3e7b8af02010806010142a1020106
:020000040000fa
:020000040101f8
:10e2b80008287fb50c4603d00d281bd004b070bdcc
:10e2c8000e6820791d4c8a6801233146ecf758fc0a
:10e2d8002368d3f85c52002df0d00cf07bff324657
:10e2e800034629460220fff791fb23680022c3f862
:10e2f8005c22e3e7d4e90223087849680393cde96f
:10e3080001128df80300fff781fb0c4b1b680022fc
:10e3180083f86022aff300800028cfd103ab02aab4
:10e3280001a90df10300aff30080dde90223019993
:10e338009df80300fff76afbece700bfe8aa00209e
:020000040000fa
:020000040101f8
:10e34800f0b5064685b002200f460ff02cf80546ba
:10e35800c8b91e4b00930224024601940423c72126
:10e36800ee20faf749fa06f16000f9f735fe304673
:10e3780000233a460121fef77dfc0023204686f85b
:10e38800533005b0f0bd00f11003052103a8039335
:10e398000ef054fe394603a80ef050fe06230093f3
:10e3a8002a460023022130880af09ffb04460028f1
:10e3b800d9d0064b0190009300220423c721ee20f8
:10e3c800faf71afa28460ff01bf8cce70fad02014e
:020000040000fa
:020000040101f8
:10e3d8007fb5054607200ef0e6ff044600283ad030
:10e3e8001e4e00f11003012103a803930ef026fe30
:10e3f800336803a819780ef021fe336803a8597909
:10e408000ef01cfe336803a859780ef017fe336827
:10e4180003a899780ef012feeb6d03a893f82c1060
:10e428000ef00cfeeb6d03a893f82d100ef006fe0f
:10e438000623009322460023072128880af055fb6b
:10e44800064620b90323ab70304604b070bd2046a1
:10e458000ef0d6fff8e70226f6e700bff0aa002084
:020000040000fa
:020000040101f8
:10e46800f8b5214c214926684ff4bc7206f5ba70fc
:10e478000cf0b0ff236896f874211a700025206804
:10e488000378eb40db0723d5272202fb05f303f1d2
:10e498000b0706f27f11194438440df077fb20680a
:10e4a8002946384407f03cf9236806f277122b44d2
:10e4b800525dda70062202fb05f1236801f243126d
:10e4c800134406f2b7220a441168196092889a80a8
:10e4d8000135082dd3d196f875010cf04bff236850
:10e4e80096f876219a70f8bd04ab00208842014462
:020000040000fa
:020000040101f8
:10e4f800224b1a686ff31f721a601a6812286ff39a
:10e508001b621a601a461cd002d8112804d0704722
:10e518002138022824d9704712290cd002d8112991
:10e5280003d07047213902290ad81368142161f3ee
:10e538001743136070471a68162161f317421a606f
:10e548007047122909d002d8112903d07047213900
:10e558000229f5d813681821e9e71a681b21ece7a6
:10e56800122909d002d8112903d07047213902296c
:10e57800e6d813681021dae71a68dee76834014143
:020000040000fa
:020000040101f8
:10e58800f0b50468a36fdb0585b005460e4617464f
:10e598000ed506f0cdfaf4f789fe08f023f9a36f3b
:10e5a80023f48073a3670bf093fd0020f4f712fdaa
:10e5b800812e11d0822e13d0802e05d108f012f9a9
:10e5c800402323760bf084fdd4f8cc3063b1284681
:10e5d8000df0c0fa05b0f0bd08f004f94123f0e7ea
:10e5e80008f000f94223ece703953fb1009703ab2d
:10e5f80004220649012005f0fdfeebe703ab0422e7
:10e608000249012004f03af8e4e700bf14040101cc
:020000040000fa
:020000040101f8
:10e6180070b505460cf01efd95f8454064b2002c17
:10e6280019dd05f1240608e06b6aa3b13046fbf753
:10e63800b9f868b9013c64b26cb1ab6c002bf3d08b
:10e64800284605f019fc0028f4d00ef017faf1e777
:10e658000ef014faeee7ff2385f845300df0e8feda
:10e668000cf0f8fc95f8444064b2002c11dd2b69dd
:10e678007bb105f1100606e00ef000fa013c64b229
:10e688003cb12b692bb13046fbf78cf80028f5d04c
:0ee69800f2e7ff2385f844300df0cafe70bd96
:020000040000fa
:020000040101f8
:02e6a6007047bb
:020000040000fa
:020000040101f8
:10e6a80030b4841fa4b240f67a45ac4228d88c1ff7
:10e6b800a4b2ac4227d8b2f5fa7f26d2a3f10a0455
:10e6c800a4b240f67645ac4221d8884221d8541ce1
:10e6d80014fb01f46400a4b2b4ebc30f1bd8124bb3
:10e6e8001b685c8c844218d3188c884217d8d98c44
:10e6f800914216d3988c90428cbf0020012000e0f4
:10e70800002030bc70470020fbe70020f9e700201c
:10e71800f7e70020f5e70020f3e70020f1e7002005
:0ce72800efe70020ede700bf2caa002066
:020000040000fa
:020000040101f8
:10e73400002840d038b5044650f8042c002a02dae8
:10e7440050f8081c01b138bda0f1080522f00042c0
:10e7540040f8042c0df078fe54f8041c164a136992
:10e764000b44136100e01a4613689d42fbd85068bd
:10e774001418a5420ed06968681883420ed02b6025
:10e78400aa4218bf15600c4a936901339361f6f7e6
:10e79400a5fcd8e7014451601546ece706488068bb
:10e7a400834206d05b681944696013681b682b6058
:0ce7b400e6e72860e4e7704774000020ee
:020000040000fa
:020000040101f8
:10e7c00000283cd070b50446826c013a8264c06a6d
:10e7d000616c884235d00ab1002070bd251d2846e5
:10e7e0000cf0a7fa38b918490b68e06a0122824098
:10e7f00023ea02030b60636ce362c3f10502a261ca
:10e80000114a1668012000fa03f13143116003eb4d
:10e81000830302eb8303db68a3609968e1604d60ca
:10e820009d60e16a02f108058b005e1805eb860524
:10e83000656102eb8604a3680344a360cde7002072
:0ce8400070470020c9e700bf40fd012028
:020000040000fa
:020000040101f8
:10e84c00f8b5eff311864ff0200383f31188bff373
:10e85c006f8fbff34f8f836bc26b9a4228d90f46d1
:10e86c00044690f845506db201338363b5f1ff3f18
:10e87c0014d1836c33b105f0fdfae8b1f7b1012086
:10e88c00386016e0436a0bb9012012e02430faf725
:10e89c0087ffa8b1b7b1012038600ae00ef012fb77
:10e8ac00854211d201356db284f84550012000e04b
:10e8bc00002086f31188f8bd0120fae70120f8e763
:0ce8cc000120f6e70120f4e70120f2e74c
:020000040000fa
:020000040101f8
:10e8d800f0b5214c2368197885b0002937d1c5686f
:10e8e800067a7db16a881a86684610222f1d0df0b7
:10e8f8007fff1022394668460df03af910b13846c4
:10e908000df0fcfab6b12b789a1e012a21d8688836
:10e91800421eb2f5e16f1cd2022b01d108f0e4fad5
:10e9280023682a7883f821202368002083f833603d
:10e9380005b0f0bd206821300ef02ffd206890f85a
:10e948002130012bf0d1223009f0befaece7052086
:0ce95800eee70320ece700bf3caa002023
:020000040000fa
:020000040101f8
:10e964002de9f84f9946204b0a9f1b681d6888467d
:10e97400164604464ff6ff7a0db92c4630e0aa89b4
:10e98400a2420ed942450bd92d68f5e7102e1ce0a2
:10e994005445f9d001340bf11003a4b23b6008e0f4
:10e9a4001446eb89a342efd36b68a21a03eb02125d
:10e9b4003a60eb89a342e7d34445e5d8d7f800b0e1
:10e9c4009bf80e305b07e1d4022ee1d13246494672
:10e9d400dbf800000df0cef80028d9d10b9b1d60a8
:0ce9e4002046bde8f88f00bf4caa0020c0
:020000040000fa
:020000040101f8
:10e9f000f7b50446c07a15460023dab2904201d832
:10ea0000802022e09e00e268925baa4203f10103ab
:10ea1000f3d10df106000ef00ffb6b1e0d2b16d877
:10ea200028460cf0abfbbdf80630022be8d80bb142
:10ea30000342e5d0e26816447380207a10f00100aa
:10ea400003d0204608f004f8002003b0f0bd0a4bc4
:10ea50001b6818680028e6d0017c0023dab29142d6
:10ea600001d80068f6e7826802eb83020133178859
:0cea7000af42f3d15088d6e74caa00203a
:020000040000fa
:020000040101f8
:10ea7c0038b5174d174c28462178022300f8013b76
:10ea8c0019440ef0cffc42f6f531e81c0ef0cafc2e
:10ea9c002378114a114802eb0311c1e90005104813
:10eaac0088601048c860104840f201110180591c60
:10eabc00c9b202eb01120d49c2e900100c49916078
:10eacc000c49d16002330c4adbb2d381237038bdc0
:10eadc0018aa002001aa002044fe01209ed40201a5
:10eaec0052ca020105000001a5a40020824c0201bb
:0ceafc008ed4020102000201f8a80020e4
:020000040000fa
:020000040101f8
:10eb080010b5232192b0044601f0aefa00283bd09c
:10eb1800d4f84431d87d0df0c1fdff282cd0d4f8ad
:10eb2800443193f919207e2a2cd07f2a15d0d87d1c
:10eb38000df0b4fdd4f8443118445b7e037194f8a9
:10eb4800e230062bd4f844310cbfff2200225a775a
:10eb58002046f4f789f912b010bd4ff48153adf88f
:10eb680000302388adf8043068464ff6ff73adf8df
:10eb7800063009f04ffee2e720222321204607f065
:0ceb880043f9e8e71e22f8e70120e4e76b
:020000040000fa
:020000040101f8
:10eb940038b50d46044607f027fe012d1e4b2ad139
:10eba4001a6892f84032012b11d094f8501092f860
:10ebb4001c3292f81d0281b961698c420dd194f81e
:10ebc4005210034439b9012b01dd82f84052bde8eb
:10ebd40038400bf07fba022bf6e7e16e034411b91b
:10ebe40061698c4205d0022bf1dd012382f84032a9
:10ebf400ede7012bf8e71b6893f84022002ae6d0e2
:10ec040093f81c2293f81d120a44012adcbf002247
:0cec140083f84022dbe700bfe8aa0020e4
:020000040000fa
:020000040101f8
:10ec20007fb5034610461f4a1268d41894f8f8417d
:10ec300014b3012b22d102f5f475002402f5c07241
:10ec40002e6806b1b468a4b1cde90143039166789a
:10ec5000b6070ed4a37813f0040f4ff00c0201abeb
:10ec60001bd0114918b9012003f00cfd04e003206a
:10ec7000fae7083d9542e3d104b070bdd2f8f02127
:10ec8000002af9d09268002af6d05478a407f3d469
:10ec9000cde90123039101ab0c2208210028e3d028
:0ceca0000220e1e7e8aa002008010001c2
:020000040000fa
:020000040101f8
:10ecac0010b50c461e490346006808609a889b798b
:10ecbc008b711c4b8a80b3f86c2f42f00202a3f8c4
:10eccc006c2fd3f8680fc0f380708ab0c8b1d3f83a
:10ecdc00942fc2f302622270d3f8680f62f31240d1
:10ecec00c3f8680f272268460cf04eff002300bfc4
:10ecfc000deb0302d07938b90133102bf8d10ab0df
:10ed0c0010bdff232370fae7074a1268272101fb85
:10ed1c000323d87ac0f3400080f00100c0b2eee7c4
:0ced2c00703301410024014104ab0020c1
:020000040000fa
:020000040101f8
:10ed380084b070b504ac84e80f001f4bb3f8a4206e
:10ed48006ff34102a3f8a420b3f8ac206ff3861246
:10ed5800a3f8ac20b3f8a4206ff30002a3f8a42012
:10ed680000200bf0b5fd064601200bf0b1fd05466d
:10ed780002200bf0adfd4ff6ff710446002007f0ae
:10ed8800edfc4ff6ff71012007f0e8fc4ff6ff712c
:10ed9800022007f0e3fc314600200bf0abfd2946ca
:10eda80001200bf0a7fd214602200bf0a3fdbde8d2
:0cedb8007040002004b0704700240141ae
:020000040000fa
:020000040101f8
:10edc40038b51c4c237813f0010530d143f001030e
:10edd40004202370faf75cffe06010b90725284689
:10ede40038bd0420faf754ff20610028f6d00a2029
:10edf400faf74eff60610028f0d0e3681d70e36805
:10ee04005d70e3689d70e368dd700b4ba1891a683f
:10ee140061f30f021a60094906200ef0ddf9084a71
:10ee2400084b1360084a13600df0c2fed7e70025b3
:10ee3400d5e700bfc8a8002080340141f9c9020108
:0cee44003cab0020bbd4020140ab00201e
:020000040000fa
:020000040101f8
:10ee500008b5204b198821f4e06141f4c06113200a
:10ee600009f0f6f91c4b03f59b52a020116960f3e1
:10ee70008901116103f599520620516841f04071f2
:10ee8000516003f59a52516860f39951516003f54e
:10ee90009a520420916860f39851916091684c20d7
:10eea00060f35f61916003f59a523d20116960f350
:10eeb0000e211161d168432060f31641d1601369be
:10eec000322161f31a5313611369382161f3060388
:0ceed000136108bd68ab00200024014164
:020000040000fa
:020000040101f8
:10eedc002de9f043c3681f887a1eb2f5fa7f85b01e
:10eeec0039d25c88621eb2f5fa7f34d29e88b6f5b0
:10eefc00fa7f30d2dd88b5f5fa7f2cd2b3f80890c2
:10ef0c00a9f10a039bb240f67642934223d8a7425a
:10ef1c0021d806fb0443b3f5fa7f1cdcac421ad9aa
:10ef2c00b0f80880b8f5706f15d2404609f066ff4e
:10ef3c0088b101a8adf80480adf80670adf80840b2
:10ef4c00adf80a60adf80c50adf80e9008f082ffe9
:0aef5c0005b0bde8f0830320fae7da
:020000040000fa
:020000040101f8
:02ef66002a2b54
:020000040000fa
:020000040101f8
:10ef680008b5194b9847194b9847eff3108172b6bb
:10ef7800174ad2f8883043f47003c2f88830bff3d8
:10ef88004f8fbff36f8f01b962b6124a936823f0af
:10ef9800010393601346da6812f0010ffbd10d4ba1
:10efa80024225a6001229a6009f0bef90a4b23f024
:10efb8007f03074a9360094b9847094b9847094bc9
:10efc80098470df0e8fefee7a98d0201a7e60101ca
:10efd80000ed00e00020004100000000653c020157
:08efe800a7e60101a7e6010103
:020000040000fa
:020000040101f8
:10eff00038b505460c46ecf719ffe5f7c3fc054ba1
:10f0000005481d80054b0c221c801421bde83840aa
:10f010000cf0acbe68a8002034aa00206aa800202a
:10f0200030b5044685b00d46ac4201d905b030bdbf
:10f0300069462046e7f726f9d8b1bdf8021041b974
:10f040004ff0200383f31188bff36f8fbff34f8f0f
:10f05000fee700222046e5f747fd10f0fd0f08d03f
:10f060004ff0200383f31188bff36f8fbff34f8fef
:08f07000fee70134a4b2d7e76a
:020000040000fa
:020000040101f8
:10f078002de9f84f067ad0f80c9090f810a00c20e3
:10f088000ef0cef9054610b90220bde8f88f194fe9
:10f098003b68d3f800801ffa86fbb8f1000f04d153
:10f0a80028460ef0bff90320efe7d8f804309a6835
:10f0b80012885a4506d13246494658680cf058fd20
:10f0c800044610b1d8f80080e7e730460ef0a8f9fa
:10f0d800a8600028d8d0324649462e710cf056fd5b
:10f0e800386885f805a0083029460df07dfa2046d5
:08f0f800cbe700bf4caa002089
:020000040000fa
:020000040101f8
:10f1000070b51f4b1c6890f847302376037e6376fa
:10f1100090f82130a376437ee376837e23770346ff
:10f12000054653f81b2fc4f81d209b88a4f82130f6
:10f13000b0f8b02004f10c062ab1d0f8ac1004f1fc
:10f1400024000cf027fdb5f8b03084f82330b5f872
:10f15000c0202ab1d5f8bc1004f20b100cf01afd37
:10f16000b5f8c03084f80a3195f8943084f8f1315c
:10f1700031464ff4fc720348bde870400cf02eb9e4
:08f18000b4aa00201040014474
:020000040000fa
:020000040101f8
:10f188007fb51f4b019006460093ec200123022215
:10f198004d21f9f731fb30460bf05cfd68b305688b
:10f1a800eb7d012b19d195f8ed3013f0080f14bf42
:10f1b80000241a2428460bf08cf980b128460bf05d
:10f1c80071fca8b907240f4b009301940123002276
:10f1d800ff21ec20f9f710fb0ce00024eae70222fb
:10f1e80003ab11462846adf80c6004f0c7fb044693
:10f1f800002ce8d1204604b070bd0224e3e700bf2c
:08f2080064aa020142a1020107
:020000040000fa
:020000040101f8
:10f2100038b51f4d1f4c0df0c1fe2b684ff46172c5
:10f220009a842368ff221a702368f9225a7023688f
:10f2300001229a7023680822da7009f0d5fa2a6848
:10f24000136bdb075fbf21680b7943f00e030b7173
:10f2500023680c2183f844104ff0ff301f21c3e9cd
:10f260001601c3e9180140f20771a3f80910002143
:10f2700082f82e104ff08842126c02f44052b2f520
:10f28000005f14bf07220a46da721a7338bd00bf46
:08f29000dcaa0020d4aa002032
:020000040000fa
:020000040101f8
:10f2980052433a53746172745265712050726565b5
:10f2a8006d7074203078253032782c7072696f72e6
:10f2b8006974793a25642c636c6b3d307825303459
:10f2c800780052433a5374617274526571204e6fdc
:10f2d800726d616c203078253032782c7072696fcd
:10f2e800726974793a25642c636c6b3d30782530eb
:10f2f80034780052433a46617220616e63686f72d7
:10f308002c204e6f773a30782530347820616e6b38
:08f318003a307825303478000a
:020000040000fa
:020000040101f8
:10f3200038b51d4c2368254633b94ff410700ef0e4
:10f330007bf8206060b938bd00242b6804f1880296
:10f3400053f8220008b10ef071f80134082cf4d102
:10f350004ff41072002128680df04efa2c680f4906
:10f360000f4a04f5bc7304f5ce7500bf43f8041bc7
:10f370009d42c3f88020f9d14822002104f5da70bb
:10f380000df03afa0023c4f89c316b60ab60054b7a
:10f39000c4f874310120cee73caa002071d40201e8
:08f3a00099d402019bd4020183
:020000040000fa
:020000040101f8
:10f3a80070b51b4b1c6853f8045f210609d5194b2f
:10f3b8001b6824f0800403b19847174b1b6803b1fe
:10f3c8009847e20509d5154b1b6824f4807403b1ee
:10f3d8009847134b1b6803b19847ab0613d5114ade
:10f3e800136843f008031360138943f0080313817b
:10f3f8000df0c6fe46684eb12b462246b4460021a3
:10f40800bde87040604754ea0503f1d170bd00bf04
:10f41800143f014108ab002010ab00200cab0020ca
:08f4280014ab0020203a014161
:020000040000fa
:020000040101f8
:10f4300000000100020101000100050106010200b7
:10f440000801010001000b010c010d010e0101007a
:10f45000010003000300130101000100010001008d
:10f46000180101001a010100010001000100010062
:10f470000100010001000100010001000100010084
:10f4800001000100010001000100010001002f0145
:10f490000100010001000100010001000100010064
:10f4a00001000100010001003c013d0101000100db
:06f4b00001000100420111
:020000040000fa
:020000040101f8
:02f4b600020052
:020000040000fa
:020000040101f8
:10f4b800f0b51e4ad36a956aa9b30e46ab4208bf97
:10f4c80000222cd001221a4f184c10e0e11891f8b4
:10f4d80040c0411e01f802c00133216b994298bf18
:10f4e8000023b2421ad2511cab4218d00a4679689e
:10f4f80001f007010129e9d1590004eb010c9cf83e
:10f5080040e0a0f1020c0cf812e00131214491f81e
:10f5180040c0411e01f812c00133dee71d46034b0f
:10f52800dd621046f0bd1d460a46f8e700fc0120e2
:04f53800000c004083
:020000040000fa
:020000040101f8
:10f53c002de9f04385b00546684688460cf0d0fcb2
:10f54c001a4b1b4ed3f8009099f83270af4283bf20
:10f55c00282303fb05954b356d460024a0451fd091
:10f56c007378ff2b1cd01cb999f82130022b17d1c2
:10f57c00f1788f420dd9282303fb019110224b31d6
:10f58c0028460cf0f3fa58b905b0bde8f083012415
:10f59c00e4e72cb91022694628460cf0e7fa10b1c2
:10f5ac000136002cf3d02046eee700bf3caa002029
:04f5bc0009aa002078
:020000040000fa
:020000040101f8
:10f5c00070b505460e4607f011f9174bb3f8a04584
:10f5d00044f00104a3f8a045b3f8a04544f00204a8
:10f5e000a3f8a0451c4600bfd4f8a0359b07fbd468
:10f5f000324628460d490cf0cdfa0d4b1a680d4bda
:10f600001a600d4a12685a600c4a12689a600c4ad5
:10f610001268da60b4f8a0356ff30003a4f8a035df
:10f62000bde870400af058bd002401419029014115
:10f630008029014100400144842901418829014178
:04f640008c290141cf
:020000040000fa
:020000040101f8
:10f644002de9f34107689df80030be7e66f30003a0
:10f654008df800303b46054653f81b2fcdf80120aa
:10f664009b88adf8053068460c46fef7b5fa2a7952
:10f67400134923788a5c62f30303237080460e20c7
:10f684000cf060f9237860f34513237097f8342065
:10f69400003218bf0122dbb262f386132370dbb29f
:10f6a400b8f1000f07d043f0800323706b796370c7
:10f6b40002b0bde8f081002ef5d166f3c713f4e77c
:04f6c40064cd02010e
:020000040000fa
:020000040101f8
:10f6c8007fb506460d460bf0c5fa70b30268d2f84e
:10f6d800443163b3d3f8221059b3097ac90728d53e
:10f6e800197c65f3861119742db3d2f84431d3f817
:10f6f8002220137a43f01803137200240f4b00934f
:10f70800cde90165012302225621ec20f9f774f8ae
:10f7180044b10b4b0093019401230022fd21ec20fe
:10f72800f9f76af8204604b070bd0224e6e71a2407
:10f73800e4e70c24e2e72c46e0e700bf4c8702012f
:04f748007a960201aa
:020000040000fa
:020000040101f8
:10f74c0037b51e4b019005460093ec200c46012367
:10f75c0002225c21f9f74ef828460bf079fa48b3ef
:10f76c000068c37d012b0cd00c24154b0093019425
:10f77c0001230022ff21ec20f9f73cf8204603b0ce
:10f78c0030bd2368c0f8223100f591726368536074
:10f79c00a3689360e368d36090f8e430213b012bbd
:10f7ac00e2d890f8e530032bded10bf0a1fd18b9af
:10f7bc000724dae70224d8e70024dfe7a8a3020134
:04f7cc00c1a30201d2
:020000040000fa
:020000040101f8
:10f7d00000293ad04b0716d5b0f86030b0f8621067
:10f7e0009a0102f5747292b291422cd2a1f574730f
:10f7f000c3f387131a2b2bd9b0f86020934200d99a
:10f80000d3b218467047ca070dd5b0f86030b0f8cb
:10f810006210da00703292b2914214d2a1f17003f8
:10f82000c3f3c703e6e78b0712d5b0f86030b0f832
:10f8300062109a003c3292b2914204d2a1f13c0390
:10f84000c3f38703d6e7dbb2d4e790f86030d8e79c
:04f850001b23d6e7b9
:020000040000fa
:020000040101f8
:10f8540038b5054668200df0e5fd164b164c1860ca
:10f86400682200210cf0c6ffa0200df0dbfd002172
:10f87400a02220600cf0beff104b114a1a602368ce
:10f884001d63fff7c3fc23685a6902f0f8010d4aaf
:10f894000a435a6100229a610b4ac3e91e22c3e952
:10f8a4002022c3e92222c3e92422084b084a5a61d0
:10f8b40038bd00bfd4aa0020dcaa0020d0a60020b6
:10f8c4009ddd01010101000559d40201e4a70020d6
:04f8d400bd1c010155
:020000040000fa
:020000040101f8
:10f8d800f7b51c4f3b681e78e6b91b4c0af0e6ffeb
:10f8e800206820211d30fff767fe4020faf7cef987
:10f8f800054628b323681e773b6801221a702368df
:10f90800186102f083fd044628b13b6828461e7042
:10f9180008f0b0fe0c240d4b009302220123332182
:10f92800ec20f8f769ff44b1094b009301940123d7
:10f938000022fd21ec20f8f75fff204603b0f0bd60
:10f948000724e8e7dcaa0020d4aa002040ca020164
:04f9580090a1020177
:020000040000fa
:020000040101f8
:10f95c0070b504460e4690f85000082115460af082
:10f96c0055fc2378032b32d0022b13d106f038ff31
:10f97c00174b1a6894f8503002eb8303d3f8fc1140
:10f98c00a1424ff0000108bfc3f8fc11c2f80412e9
:10f99c000af09cfba26e1ab9637862f3820363705f
:10f9ac00002323701eb1294620460bf066faa36e85
:10f9bc006bb1a3789b060ad420460bf0d0fd2046f1
:10f9cc000af010fc2046bde87040f0f787b870bd17
:04f9dc00e8aa002075
:020000040000fa
:020000040101f8
:10f9e00090f85720c36d30b51c4c42b12268527953
:10f9f00012b993f8e52032b103225a7029e0226847
:10fa00005279002af5d193f8e620510705d42268ef
:10fa10005278520701d40122efe72468c578104ad2
:10fa200093f8e41024786db901eb81010a44125d6a
:10fa30005a7090f85720c36d62b15a78062a06d1e1
:10fa40000422dae704eb84042244525cf0e7052a3e
:10fa5000f6d030bd5a7822f00402cee7f0aa00209a
:04fa600039bd0201a9
:020000040000fa
:020000040101f8
:10fa64002de9f8431e4d2a681468804698f80b3037
:10fa740064b9980043b10df0d5fcc8f80c0018b176
:10fa84002b681f6825464fbbbde8f883227c1344ce
:10fa940088f80b302468e9e7bb89012b24b2d8f835
:10faa4000c3013d0ba6832f8262023f82420d8f872
:10fab4000c3003eb8404013600236380f6b23b7cf4
:10fac4007419b342e4b2e7d83f68dbe7304603eb8e
:10fad40084090df037faa9f80000e8e70026eee7fc
:04fae4004caa002008
:020000040000fa
:020000040101f8
:10fae80038b5154b154d00241c60154b4ff0ff32ef
:10faf8001a601f221a71134b1c60134b1c60134ba6
:10fb08001c70134b1c60134b1c60134b1c60134b75
:10fb18001c600bf0a1ffc0f307134ff4b470b0fbe7
:10fb2800f3f028600cf00afc0d49286020460df01f
:10fb380051fb204638bd00bf18ab00201cab00208d
:10fb480022aa002020ab002024ab002080ab00209c
:10fb580030ab002034ab002028ab00202cab0020b9
:04fb6800d193000134
:020000040000fa
:020000040101f8
:10fb6c0030b585b0043205460c46039209f038fed8
:10fb7c0038b10c2c07d000231a4619462846fef73c
:10fb8c002dfa05b030bdc378012bf4d003a901a820
:10fb9c000cf04efb03a90df106000cf049fb03a978
:10fbac0002a80cf045fb03a90df10a000cf040fb78
:10fbbc0020460df033fc01460028e2d000230370f0
:10fbcc00bdf804308380bdf80630c380bdf8083022
:10fbdc000381bdf80a304381458020460df02afb95
:02fbec00cfe761
:020000040000fa
:020000040101f8
:10fbee004348433a63684d706d3a2530325825309c
:10fbfe003858004348433a63684d7073323a2530a3
:10fc0e00325825303858004348433a63684d707374
:10fc1e00333a2530325825303858004348433a435a
:10fc2e004820496e6420432c2564004348433a63c0
:10fc3e00684d703a253032582530385800434843c5
:10fc4e003a434820496e6420502c256400434843b3
:10fc5e003a63684d7073313a253032582530385832
:01fc6e000095
:020000040000fa
:020000040101f8
:10fc700010b5fab00c46103072ab76a910f8012d11
:10fc800003f8012b8b42f9d172a968460bf0c6ff2d
:10fc900010b100207ab010bd00237693779378934b
:10fca0008df8e43163798df8e53123798df8e6310b
:10fcb000e3788df8e73176ab72aa102168460cf034
:10fcc000defd90b9a3788df8d83163788df8d931fd
:10fcd00023788df8da31032276a90df2d5100bf0d6
:10fce0004bffb0fa80f04009d4e70020d2e700bf14
:020000040000fa
:020000040101f8
:10fcf00000b587b0002303930493059349228df840
:10fd0000082044228df809204c228df80a20452233
:10fd10008df80b208df80c30114a019200934ff4ae
:10fd2000807202a90f48f0f7bdf8012812d14ff0f8
:10fd3000200383f31188bff36f8fbff34f8f0a4bfc
:10fd40004ff0ff32da660122c3f8e82000221a677a
:10fd500005f064fa054b1b6807b05df804fb00bfb3
:10fd600030fe01206952020140fd012090ab0020cd
:020000040000fa
:020000040101f8
:10fd700070b5c568008909f06dfe0446a0b3c66d74
:10fd800096b390f857207abb25b90821bde870409a
:10fd9000fef7daba2b68c6f86f306b68c6f87330b6
:10fda000ab68c6f87730eb68c6f87b30c36d0121cd
:10fdb0009970c378c16d53b96f31f3f7c5f9e16d2f
:10fdc00001f5d8712046bde8704002f0e3bfcb7862
:10fdd00063b1ca70c36d9a70c16d6f31f3f7b4f936
:10fde000e16d01f5b871ede7012070bd1846fce743
:020000040000fa
:020000040101f8
:10fdf0002de9f04190f83c8006460d461746b8f1d3
:10fe0000000f1cd1184b1b689b8adb0717d50c20f1
:10fe10000df00afb044628b328460df005fb606090
:10fe200000b33946c4f8008025812a460bf0b2fea3
:10fe3000214606f15400bde8f0410cf0d9bb3978f9
:10fe40000a4a002312f83300884208d102ebc303a8
:10fe500029463a4630465b68bde8f0411847013311
:10fe60000c2befd1bde8f0814caa0020a430020198
:020000040000fa
:020000040101f8
:10fe70002de9f8431d4e038937683d684ff00008af
:10fe80000db9012010e0aa899a421dd1bc684ff03b
:10fe900000095cb93068424629460bf02afb287cf1
:10fea00010b1fcf73dff0020bde8f8836b682279b4
:10feb000996809788a4204d15968a0680bf05cfe01
:10fec00028b1a1462468e4e7a8462d68d8e707f1e1
:10fed00008004a4621460bf00cfba06808b10df063
:10fee000a5fa20460df0a2fad4e700bf4caa0020e4
:020000040000fa
:020000040101f8
:10fef00005000000080001000c00020010000500d1
:10ff000013000600300007005700200086001f0085
:10ff10000110080002100a0003100900041011006b
:10ff200005100b0006100c0007100d0008100e0045
:10ff300009100f000a1013000b1016000c1012000d
:10ff40000d1010000e1017000f10180010101900df
:10ff500011101a0012101b001310150014101400b9
:10ff600020101d0021101c0023101e0000000000a6
:020000040000fa
:020000040101f8
:10ff7000f8b5079c07469df8180092b91b4e601e05
:10ff80003d4620eae0742246302128460cf034fc3d
:10ff9000314628190df034f93846bde8f8400cf028
:10ffa000e9b800b30a2b1ed1002a1cda3d462d20e9
:10ffb00005f8010b5242601e01396e1800213170a4
:10ffc0000cb10028ddddb2fbf3fc03fb1c21092989
:10ffd00088bf07313031934206f8011d00f1ff3030
:10ffe000cfd86246ece720463d46e5e751190201cd
:020000040000fa
:020000040101f8
:10fff00070b58ab003790593c3780493837803932b
:020000040102f7
:100000004378029303780193164b0093044602232e
:100010001a468b21ec20f8f7f3fb2068237908902f
:100020008df82430002607ab09220f4907960220dd
:1000300002f028fbc5b28db123790593e3780493d0
:10004000a37803936378029323780193074b00937b
:10005000324601238c21ec20f8f7d2fb28460ab067
:1000600070bd00bf822f020102000100ac2f02010f
:020000040000fa
:020000040102f7
:1000700070b5c57d04460a468dbb90f8e230a3f109
:100080002106012e18d8b0f8e23040f221118b423f
:1000900003d001f201318b4208d10323002084f800
:1000a000e63084f8e72084f8e40070bd3d21204666
:1000b0000af05ffa0020f8e790f8e42003ea02066d
:1000c000f50613d593420cbf23222a2205f0a0fe89
:1000d0000028ead001212046f7f750fbeae7012d7e
:1000e00004d190f8e430213b012bdfd90120dce77b
:020000040000fa
:020000040102f7
:1000f000022838b50d4618d0032827d0012813d17f
:10010000194c236893f8263043b90bf02bfc206878
:100110001649838c0c305943f5f7aefd236893f8ec
:100120002610294383f8261038bd0f4b186890f825
:1001300026100029f8d021ea050180f826100029b0
:10014000f2d10c30bde83840f7f74abf064b1868cb
:1001500090f82630002be7d0838c04490c305943ab
:10016000bde83840f5f788bddcaa002040420f000a
:020000040000fa
:020000040102f7
:1001700037b50d4614460af071fdc0b9ff232b7048
:1001800023700224184b0093022201233721ec2014
:10019000f8f736fb44b1154b00930194012300227c
:1001a000fd21ec20f8f72cfb204603b030bd02689f
:1001b000937e122b10d002d3213b022b0ed90123a8
:1001c0002b70537e122b0bd002d3213b022b09d96b
:1001d000012323700024d5e70223f1e70323efe78f
:1001e0000223f6e70323f4e773cd0201eaaf02012d
:020000040000fa
:020000040102f7
:1001f000f8b51e4e90f85020336803ebc203044656
:10020000d3f80c7267bb08f0afff0546846006f0b8
:10021000edfa2f6094f85020336803ebc202d2f855
:1002200010226a6094f8502003ebc203d3f8103216
:100230001d6094f85020336803ebc202c2f81052dc
:1002400094f85020134493f81c22013283f81c22a6
:1002500009f042ff20460121bde8f840fef79abcb4
:10026000bb689c42f6d03f68cce700bfe8aa0020fc
:020000040000fa
:020000040102f7
:1002700030b51b4b91f845401a6864f30c221a60a4
:100280001a68047864f305021a601a686ff34d3235
:100290001a60144a4588146865f30f041460124c00
:1002a0000d6c256091f8445010490c6865f3040406
:1002b0000c6019686ff3c7111960196841f04001ab
:1002c000196019684c06fcd419684900fcd51268fd
:1002d000c2f3054242711b68c3f30563037130bd6d
:1002e00054340141b0340141583401415c3401417e
:020000040000fa
:020000040102f7
:1002f00008b51c4b1320198807f0aaff1a4b187871
:100300001a4b03f59b52116960f38901116103f5e2
:10031000995251686ff31961516003f59a5251680f
:100320006ff39951516003f59a5291686ff39851a8
:1003300091609068062161f35f60906003f59a52c6
:1003400010696ff30e201061d06861f31640d06021
:1003500013696ff31a531361136961f30603136191
:1003600008bd00bf68ab002087ab0020002401411e
:020000040000fa
:020000040102f7
:1003700010b50921044600200af074fd68b3142367
:100380000373193b437300238373b4f85831a0f807
:100390001130b4f85a3144f29022934281bf6ff089
:1003a0006f03c3744223037598bfa0f8133094f809
:1003b000ee3088bfa4f85a211b070fd56ff06f03ea
:1003c000c37342230374d4f8b43144f2902201463b
:1003d0005a802046fcf73afe012010bd4823c37323
:0e03e00008230374d4f8b43140f64802efe766
:020000040000fa
:020000040102f7
:0203ee0001000c
:020000040000fa
:020000040102f7
:1003f0001b4b1c4a1a604ff6a0029a814ff4403200
:100400005a601a46d369002bfcd1154a136843f091
:1004100002031360d369002bfcd1134b00221a6234
:100420009a62da6283f8342083f83c209a63da8790
:100430001a609a60da601a751a779a61084b5b68dd
:1004400003f00703012b084b14bf802240221a63dc
:100450001a61034b80229a7504229a75704700bf77
:0c046000000c00400401124000fc0120d0
:020000040000fa
:020000040102f7
:10046c0073b50446019168460d4601a90bf0e0fef8
:10047c0001a90df102000bf0dbfebdf80230019a70
:10048c00062b1ad8dfe803f00b040b190d1115001d
:10049c00114b1b681b68bdf800102046984702b032
:1004ac0070bd0d4b1b689b68f5e70b4b1b685b68bd
:1004bc00f1e7094b1b68db68ede7074e336829460b
:1004cc005b69204698470128e9d0336829461b69a7
:0c04dc0020469847e3e700bf58aa002024
:020000040000fa
:020000040102f7
:1004e80073b51b4b019006460093022201230c2191
:1004f800ec20f8f781f90cf091fbe0b9154d28686c
:10050800314604300cf0cafd00b390f8f83093b9c6
:1005180090f8f9407cb92868314604300cf0befdeb
:100528002b680146181dfcf73dfd01200cf06efb01
:10053800204602b070bd0c24074b009301940123a0
:100548000022ff21ec20f8f757f9f1e74224f3e7fe
:0c0558002eb50201b4aa0020789b02011d
:020000040000fa
:020000040102f7
:1005640073b51b4b0093022201230d21ec20f8f7f5
:1005740045f90cf055fbf8b9164b1d686c68234619
:100584000bb9043510e093f8f820aab993f8f920d0
:1005940092b91b68f4e7237c2668f02b03d021462c
:1005a4002846fcf701fd3446002cf4d101200cf060
:1005b4002ffb204602b070bd0c24074b009301941e
:1005c40001230022ff21ec20f8f718f9f1e700bf1e
:0c05d400f2cd0201b4aa0020789b0201c5
:020000040000fa
:020000040102f7
:1005e00073b51c4b01910d46009304460123022272
:1005f0009521ec20f8f704f90c2d174e13d1d4f8ff
:1006000084311bb102212046fcf72efce26b3368db
:1006100051781b69204698472946204602b0bde81c
:100620007040f3f7c9bfd4f874311bb100212046e4
:10063000fcf71afcd4f87c311bb101212046fcf7f1
:1006400013fc3368052d94bfdb689b6820469847f0
:0c065000e2e700bfd8b80201b8aa002001
:020000040000fa
:020000040102f7
:10065c0002292de9f04105460f4603d1c66b96b928
:10066c00bde8f08141b10129fad110f1d00615d1c4
:10067c00002385f8c430f3e710f1c8060ed100232f
:10068c0085f8b430ece7343608d1002ff7d0022fc0
:10069c00e6d1eb6b002283f83020e1e7346814b923
:1006ac00012ff2d1e4e7a068d4f800800cf0b8fe7a
:1006bc00d4e9002342b15360d4e9002320461a60e8
:0c06cc000cf0aefe4446eae77360f5e770
:020000040000fa
:020000040102f7
:1006d80013b50388019304461a4b0093ec200123b9
:1006e80002224e21f8f788f820880af0b3fa10b3ee
:1006f80000686288d0f8b8311a80a2885a80e288e7
:100708009a802289da8062891a81a2895a8190f8ae
:10071800e430112b11d10cf069fa80b907240a4b87
:100728000093019401230022ff21ec20f8f764f8dc
:10073800204602b010bd0224f1e70c24efe70024a4
:0c074800f6e700bf88aa020142a10201ee
:020000040000fa
:020000040102f7
:10075400d3b5194b01681b681a46f2e91667996507
:1007640001791171d3e9160202f01f01c3e91601e0
:10077400124b1c6844b1124b1c692cb1b94208bf1e
:10078400b04216d0a04704460e4b00930222012328
:100794001f21ec20f8f732f844b10b4b009301947d
:1007a40001230022fd21ec20f8f728f8204602b0ae
:1007b400d0bd0024e8e700bfd4aa002048ab002045
:0c07c40004a7002078a1020190a102010e
:020000040000fa
:020000040102f7
:1007d00070b50d4616460446b8b34ff0006190f868
:1007e000500009f019fd00212046faf7cdfe1db991
:1007f000637843f0100363702378a580012b18d829
:10080000637843f002036370204601f06bfe2046dc
:1008100000f0befa20460af0fdf994f850004ff0bf
:10082000007109f0f9fc20460021bde87040faf79c
:10083000abbea37843f00103a37036b1204600227b
:0c0840000421bde8704004f0adbb70bda9
:020000040000fa
:020000040102f7
:10084c0052433a41646452657120507265656d7013
:10085c0074203078253032782c7072696f7269741c
:10086c00793a25642c706572696f646963616c3abe
:10087c0025642c636c6b3d30782530347800524302
:10088c003a416464526571204e6f726d616c203018
:10089c0078253032782c7072696f726974793a25c8
:1008ac00642c20706572696f646963616c3a2564ad
:0c08bc002c636c6b3d30782530347800e4
:020000040000fa
:020000040102f7
:1008c80038b5054608f04cfc8560044605f08afffb
:1008d80095f850300022012b174b22601a6823d15b
:1008e80095f8511002ebc101d1f88c11616095f8af
:1008f800511002ebc102d2f88c21146095f8511006
:100908001a6802ebc102c2f88c4195f850201b68a6
:10091800134493f8f821013283f8f82101232b704e
:10092800bde8384009f0d4bbd2f8f4216260146005
:0c0938001a68c2f8f441e8e7e8aa0020c1
:020000040000fa
:020000040102f7
:10094400f8b506460c200f460cf06cfd0446c8b101
:100954000025856005604560067238460cf062fd2e
:10096400206078b129463a460bf044ff0c200cf085
:1009740059fd054660b920680cf056fd204605f087
:1009840065fb03e0204605f061fb00252846f8bd21
:10099400043e084b6360012e846002d8204607f0b1
:1009a4006ff800232b60044b5a686a6015605d6021
:0c09b4002546ebe797d40201e4a90020df
:020000040000fa
:020000040102f7
:1009c00030b4c47882780346fcb9082a14d1c56dc6
:1009d0000a68c5f8802105f5c0744a6862608a68b3
:1009e000a260ca68e26090f8572052b190f8532094
:1009f000022a03d107229a7030bc704730bcf5f749
:100a000017b8184630bcedf78fb8062af4d1c56d7b
:100a10000a68c5f8c02105f5e0744a6862608a6812
:100a2000a260ca68e26090f85720002ae9d090f8e6
:0c0a30005320022aded030bcf6f73cba9e
:020000040000fa
:020000040102f7
:100a3c002de9f0471b4b1c6804f5ba7904f10b0740
:100a4c0004f2431604f1080a254600bf94f800800e
:100a5c002b1b28fa03f3db070ed52722394607f5a3
:100a6c00ba700bf091f8eb7885f877313368c6f8eb
:100a7c007431b388a6f878310135554507f127074d
:100a8c0006f10606e2d1b4f8013084f87481a4f8ba
:100a9c00753149464ff4bc720348bde8f0470af083
:0c0aac0097bc00bf04ab0020884201444e
:020000040000fa
:020000040102f7
:100ab80030b5c4b285b0012c019222d01cb1022cf1
:100ac8002cd000241ae001a902a80af061f901a9b2
:100ad80003a80af05df9039b9b040fd5012009f0d8
:100ae800f7fe4ff6ff710446012005f037fe214658
:100af800012009f0fffefbf7d3fd0446204605b0b0
:100b080030bd084d0024204601342946e4b20af0dd
:100b180021fc082c05f10605f5d1d2e702480bf0b7
:0c0b2800c7fdcee738a70020fba9002085
:020000040000fa
:020000040102f7
:100b340038b590f86c301b4d13f02003044629d0cf
:100b440009f0aef9184b94f8f5101a6861f307022e
:100b54001a601a6894f8f61061f30f221a601a6882
:100b640094f8f71061f317421a601a6894f8f810b1
:100b740061f31f621a605a6894f8f91061f307026e
:100b84005a602b6843f000732b6094f82100043002
:100b9400c0b238bd2a6863f359622a6090f8210014
:0c0ba400f7e700bf3034014190340141fc
:020000040000fa
:020000040102f7
:100bb000f0b5074685b041200cf036fc054678b309
:100bc0000646002306f8013b164c2368986810215e
:100bd0004030fef7f5fc23684022394698680af059
:100be000d9ff23682022996830460af0d3ff26688f
:100bf0002022b16805f121000af0ccffb0686b46f5
:100c0000412229464030eff75ff828460cf00efcf1
:100c100023689b68012283f85020684604f0eaf9b3
:080c200005b0f0bdf0aa0020b0
:020000040000fa
:020000040102f7
:100c280073b51a4b1a4e0190022204460093ec2029
:100c380001230d460021f7f7dffd30682146043017
:100c48000cf02cfa0246a8b13068214604300cf0aa
:100c580025fa012280f840202a68c0f8412090f83f
:100c6800f840aa88a0f845206cb1022109f044fa9e
:100c7800002408e0074b0093422401940123ff213c
:100c8800ec20f7f7b9fd204602b070bd5b9b02016e
:080c9800b4aa0020789b0201c0
:020000040000fa
:020000040102f7
:100ca000f8b5194e346807465cb3ff20f8f7f2ff39
:100cb000054650b9154b1a781abb01221a7014490f
:100cc0001448bde8f840f4f7d7bf627b2169284695
:100cd00005f02ef92a46617b3846f0f787f988b18e
:100ce00009480bf065fe237b43f00403237304f0f3
:100cf00009f93468002ce8d1284607f0bffc002c25
:100d0000d8d1f8bd0124f7e7d4a900207aab0020a0
:080d1000a0860100b0a800203c
:020000040000fa
:020000040102f7
:100d180052433a436c656172526571204e6f726d31
:100d2800616c203078253032782c73746174653d9d
:100d380025642c636c6b3d30782530347800524341
:100d48003a436c656172206120636f6e74696e75d9
:100d580065205265710052433a436c656172526571
:100d68007120507265656d707469766520307825dc
:100d78003032782c73746174653d25642c636c6b18
:080d88003d307825303478007d
:020000040000fa
:020000040102f7
:100d9000f8b51c4e90f85020336803ebc2030546ab
:100da000d3f80c42f4b105f021fd276809f094f95d
:100db000a3689d4224d105f019fdd4e90032bbb1ee
:100dc0005a60d4e900231a6095f850203368134420
:100dd00093f81c22013a83f81c2209f07df9204681
:100de00006f032fe28460021bde8f840fdf7d2beed
:100df00095f85010336803ebc103c3f81022e0e705
:080e00003c46cfe7e8aa002000
:020000040000fa
:020000040102f7
:100e080070b50378054613b1012b11d070bd194e8a
:100e18003368db68002bf9d0847824b9033098470d
:100e28003368dc60f2e72046bde8704006f09cb904
:100e3800022008f021fe044688b1ae78b6b9c06d2c
:100e48002022e91c2f300af0a1fea37884f8536011
:100e5800072b04d1e37820462bb9f4f7e5fdbde86c
:100e6800704005f08bbdf6f721f8f8e7304606f03c
:080e78007bf9f4e7f0aa002069
:020000040000fa
:020000040102f7
:100e800007280cd8dfe800f0040c12181e242a30c2
:100e9000184bd3f8642f61f31042c3f8642f7047e6
:100ea000144bd3f8642f61f35142f6e7114bd3f89a
:100eb000642f61f39242f0e70e4bd3f8642f61f395
:100ec000d342eae70b4bd3f8642f61f31452e4e703
:100ed000084bd3f8642f61f35552dee7054bd3f886
:100ee000642f61f39652d8e7024bd3f8642f61f375
:080ef000d752d2e700240141b2
:020000040000fa
:020000040102f7
:100ef800012970b506460d4603d9ff2921d00020e7
:100f08002ae0084604f0e6fb0728f8d8134a062327
:100f180013fb002332681a60b2889a802946fff7cb
:100f2800abff0f4a0521092313fb00131344316853
:100f3800196000ebc0041444b18899802571012020
:100f48000ae0084b9b78db07f9d4084604f0c2fb9b
:100f580007288cbf0020012070bd00bf003301416d
:080f680030a6002000ab0020c0
:020000040000fa
:020000040102f7
:100f700007280bd8dfe800f0040b11171d23292fd9
:100f8000184bd3f8643fc3f300430b707047154b05
:100f9000d3f8643fc3f34043f7e7124bd3f8643f01
:100fa000c3f38043f1e70f4bd3f8643fc3f3c0436f
:100fb000ebe70c4bd3f8643fc3f30053e5e7094b71
:100fc000d3f8643fc3f34053dfe7064bd3f8643fe5
:100fd000c3f38053d9e7034bd3f8643fc3f3c05343
:080fe000d3e700bf002401412a
:020000040000fa
:020000040102f7
:100fe800438b222b04bf23238376428b40f22313a7
:100ff8009a420ad122238376164b1a8842f00302ba
:101008001a801a8842f0100212e0837e122b12d046
:1010180004d8112b4ff0010006d07047222bebd0db
:10102800232b0ed0012070470a4b1a8860f3010267
:101038001a8000207047074b1a88022161f30102c9
:10104800f6e7044b1a8842f003021a801a886ff3f5
:081058000412ede7c034014170
:020000040000fa
:020000040102f7
:1010600070b504461646856b026c5ab903681bb10d
:1010700000200135a56370bd8068fdf7a1fb00234a
:10108000a360f6e76eb940680af084fd6368226cdd
:1010900013446360a268934219d3236863603046a7
:1010a000e7e7c0680af076fd226c5242e368134419
:1010b000e36021688b4202d2a3681a44e260022ee8
:1010c00001d00020d5e725b1013d0020d1e7304611
:0610d000cfe70020cde790
:020000040000fa
:020000040102f7
:1010d600f8b50c461f46064615460af07cf840f65b
:1010e600c4139c4211d003f2e2439c420fd040f25b
:1010f600e2418c420cbf04210021052fb38a08d19e
:1011060001eb830101390844f8bd0821f5e70c21fc
:10111600f3e7b5f5ab7f12d007d8a5f1fa02554231
:10112600554101eb8301491bede7b5f5517f08d029
:1011360040f2e66295420cbf06250025f1e702253e
:06114600efe70325ede7d1
:020000040000fa
:020000040102f7
:10114c0070b505460c4609f083ff194b1a6f5b68a6
:10115c0093f851304bb1164b5b68002283f8512049
:10116c0001240bf063f9204670bd2368b3f1ff3ff7
:10117c001bd069680e48d0f8fc002e68864205d05a
:10118c00914203d8002323600124eae7501a8342da
:10119c0003d8002323600124e3e79b1a0b4423604c
:1011ac0028460bf057f90024dbe70024d9e700bff1
:0411bc0040fd0120d1
:020000040000fa
:020000040102f7
:1011c00038b5e5f704f90446e4f738faf4b948b954
:1011d0000cf0d5f8044607f0cffd0146204603f099
:1011e000f1fd38bd01200af0cdfd0546012007f0d4
:1011f00079fa0446294601200af0deff002ce7d0e8
:10120000012c13d10120e4f733fa0fe001200af09a
:10121000b9fd0546012007f065fa0446294601207c
:101220000af0caff002cd3d0e5f7daf8002007f067
:0412300059facde7b3
:020000040000fa
:020000040102f7
:101234007fb50689b6f5706f30d2c46821888b1fdc
:101244009bb240f67a40834228d86288931f9bb2af
:10125400834223d8914221d8a388b3f5fa7f1dd2c3
:10126400e3880a3b9bb240f67642934216d8304656
:1012740007f0c8fd054688b1837c8bb9adf80060e2
:101284002368cdf802306368cdf80630684606f06e
:10129400adfd08b90123ab7404b070bd0320fbe7b6
:0412a4000120f9e745
:020000040000fa
:020000040102f7
:1012a80070b5867a012e31d8008908f0cffb054643
:1012b80070b3c16d61b34b785b0729d526b10c219a
:1012c800bde87040fdf73cb8c3782bb901f5e8716b
:1012d800bde8704002f04abd0c79a4b10e71c16d31
:1012e80001f5c87102f042fd044640b9eb6d0246b3
:1012f800a03301462846fbf7bdfc204670bd3346a7
:1013080032460121f6e701238b70f6e70324f4e760
:041318000124f2e7d3
:020000040000fa
:020000040102f7
:10131c0073b50c4607f06aff054678b323888088be
:10132c00023383422cd8eb7c082b29d10cf039f8f2
:10133c00064608b300f11003092101a801930bf034
:10134c007bfea17801a80bf077fe2146019831f8bd
:10135c00032b0cf06bf821880231324689b22846f7
:10136c000af01bf9044618b9e874204602b070bda7
:10137c0030460cf043f8f8e70224f6e70324f4e7d0
:04138c000124f2e75f
:020000040000fa
:020000040102f7
:101390002de9f04387b004ad914698460e460746c6
:1013a000039501f03fff0446014603a8adf808701d
:1013b0008df80a600bf046fe394603a80bf048fe94
:1013c000314603a80bf03efe99f8001003a80bf07d
:1013d00039fe98f8001003a80bf034fe02ab00931e
:1013e00001950423062242f2760140f2011008f032
:1013f0003ffa034b33f8140007b0bde8f08300bf99
:0414000030f40101c2
:020000040000fa
:020000040102f7
:1014040037b5194b194c019000930546012302226c
:101414002721ec20f7f7f2f92368db6f9847b8b976
:101424002368d3f88030984790b92368d3f8843080
:10143400984768b92368d3f888309847044638b980
:10144400012d08bf284609f097ff204603b030bda0
:101454000c24074b0093019401230022ff21ec206c
:10146400f7f7ccf9f1e700bf3cb40201dcaa002095
:04147400e6bf0201cc
:020000040000fa
:020000040102f7
:1014780010b5c288012a10d014b214b1022a2ad099
:1014880010bd008908f0e2fa0028f9d02346224668
:101498000221bde81040fbf7edbb022008f0ecfa92
:1014a8000f4b1b68da6804465ab10bf0a1ff0028fd
:1014b800e6d0002ce4d020460821bde81040fcf717
:1014c8003fbf0028dcd0c06dd978eb300bf092ff1d
:1014d8000028d5d0efe7bde8104005f04fba00bfaf
:0414e800f0aa002046
:020000040000fa
:020000040102f7
:1014ec00f7b500eb81060546b36993f80431144651
:1014fc00a3b901aa6946608907f0c8fc70b1009acb
:10150c00a3899789b069bb4201d9072304e0e2891a
:10151c00d118b94209dd0d2380f8043195f83b3020
:10152c00013385f83b3003b0f0bdb3f5807fecd8c8
:10153c00b1f5807fefdc0433616818440af024fbba
:10154c00a189e389b2690b4451888b42c8bf53808f
:02155c00e4e7c2
:020000040000fa
:020000040102f7
:10155e0070b5037813f0010618bf062613f00205c6
:10156e0018bf06259a0813f0100418bf032402f0c2
:10157e00020213f02000c3f3801343ea020303f1c7
:10158e00020333441d4418bf12202c444b7a2044ce
:10159e00c0b253b10930c0b20b790a2b09d00ed3a9
:1015ae000d2b0cd8c043c0b270bd022808bf01205d
:1015be00f2e70b6893f84730063b032bf1e7002068
:0215ce00f2e742
:020000040000fa
:020000040102f7
:1015d00038b5837c1d2b04461cd1002383744ff443
:1015e00082700bf021ff054648b114230370238855
:1015f000838006f067f80421284608f05dfe04f1b8
:101600007400f6f7edfc4ff482700bf00dff054609
:1016100008b9208238bd0c23037023888380238a75
:10162000c380122b08d10023238206f04bf82846f2
:10163000bde838400bf0fabe0421bde8384008f0a0
:021640003bbeaf
:020000040000fa
:020000040102f7
:02164200012a7b
:020000040000fa
:020000040102f7
:1016440030b50589b5f5706f85b02dd2c468218891
:101654008b1f9bb240f67a40834225d86288931f41
:101664009bb2834220d891421ed8a388b3f5fa7f57
:101674001ad2e3880a3b9bb240f67642934213d8cf
:10168400284607f0bffb78b1084bcdf80a30adf817
:1016940000502368cdf802306368cdf80630684600
:1016a40005f0e4fb05b030bd0320fbe7100020008b
:020000040000fa
:020000040102f7
:1016b400f7b5044600890bf0a1fe78b326893046bd
:1016c40008f092f8074628b3162064890bf0aafea6
:1016d400054608b300f11003132101a801930bf090
:1016e400affcb97901a80bf0abfc022101a80bf007
:1016f400adfc214601a80bf0a9fc2a460621304680
:1017040007f0f3fe044610b128460bf08dfe204688
:1017140003b0f0bd0124fae70224f8e70424f6e755
:020000040000fa
:020000040102f7
:1017240038b5008908f094f9044668b38378022b2d
:101734002ad1fcf705fa054670b9204601f0aeff40
:10174400e26d5378022b15d1104b1b681b78022bca
:1017540004d1204604f09efc284638bd042b07d152
:1017640092f8e430022b2046f4d109f0acfbf3e705
:101774002046fae7032befd194f85730002bebd136
:10178400204609f0b1fbe7e70325e5e7f0aa0020ce
:020000040000fa
:020000040102f7
:1017940013b5184b0093022201232321ec20f7f701
:1017a4002df80bf0fbfc20b904f008f8002002b07f
:1017b40010bd114c2368db6f984778b92368d3f8c0
:1017c4008030984750b92368d3f88430984728b9b3
:1017d4002368d3f8883098470028e5d00c24074bb9
:1017e4000093ec20019401230022ff21f7f706f86f
:1017f4002046dce768d20201dcaa0020e6bf020131
:020000040000fa
:020000040102f7
:1018040073b50446866806f0b3f994f8fa30012bf0
:1018140012d1144b1a686ff300021a60a3f24c43fe
:1018240021461a686ff3db6200201a60fbf7c8fade
:1018340021460020f3f7d4ff0b4b0c491b88adf86d
:10184400043000256b46082284f8fa5001200096e3
:101854008df8060000f014ff2846f1f7bdfb02b036
:1018640070bd00bf583e014166ab0020000001017d
:020000040000fa
:020000040102f7
:1018740038b590f8f430184d13f00203044625d01f
:1018840008f00efb154b94f8fa101a6861f307027e
:101894001a601a6894f8fb1061f30f221a601a6830
:1018a40094f8fc1061f317421a601a6894f8fd105a
:1018b40061f31f621a609a8894f8fe1061f30702bc
:1018c4009a802b6843f080632b6038bd2a6863f3e9
:1018d4009a622a60f9e700bf30340141b43401410f
:020000040000fa
:020000040102f7
:1018e40052433a505f666c673d3078253038780053
:1018f40052433a7072693d25642c636c6b3d3078b9
:10190400253034780052433a4e5f666c673d307838
:10191400253038780052433a7072693d25642c634f
:101924006c6b3d3078253034782c636f6e743d30a9
:101934000052433a7072693d25642c636c6b3d30f0
:0d19440078253034782c636f6e743d3100cf
:020000040000fa
:020000040102f7
:0319510030000063
:020000040000fa
:020000040102f7
:10195400037a5bb310b4428803889a421dd3c188ca
:1019640084888c4219d8052b17d9b2f5486f14d83e
:10197400b1f5fa7f11d2104b1b68012283f82a209b
:1019840002881a8442885a8482889a84c288da84b3
:10199400027a83f82820002005e0074b1b68002208
:1019a40083f82a2003205df8044b7047024b1b6820
:0c19b400002083f82a0070472caa0020b5
:020000040000fa
:020000040102f7
:1019c00082b0184b0193f8b103460068164a906341
:1019d0005868906398689063db689363019a137802
:1019e00043f001031370104ad37913f0010ffbd0b9
:1019f00089b10d4b9a6b0a609a6b4a609a6b8a6048
:101a00009b6bcb6002b07047074b00229a639a63ce
:101a10009a639a63e2e7044b9a6b9a6b9a6b9b6b9f
:0c1a2000f0e700bf040400420004004294
:020000040000fa
:020000040102f7
:101a2c00034b10b9034a5a657047034afbe700bfe2
:101a3c00003e01440041010011410100064ab2f888
:101a4c00ba3420b943f00203a2f8ba34704723f039
:101a5c0002031b041b0cf7e700200141044b5a68de
:101a6c0018b922f400725a60704742f40072fae717
:101a7c0000400141044b5a6818b922f480725a6034
:0c1a8c00704742f48072fae7004001410c
:020000040000fa
:020000040102f7
:101a980070b583681888a0f1200292b243f6e0740a
:101aa800a24224d85988a1f1200292b2a2421ed89b
:101ab80088421cd81e79042e19d81d7b6a1e062a56
:101ac80015d85c7b032c12d80a4a108051801671f5
:101ad80055719471084a53f8050f1168886201f12d
:101ae800280299889b7993719180002070bd03200a
:0c1af800fce700bf9ca900203caa0020d5
:020000040000fa
:020000040102f7
:101b040030b58bb003790593c3780493837803933a
:101b14004378029303780193114b00930446022304
:101b24001a468d21ec20f6f769fe20682379089087
:101b34008df82430002507ab09220a4907950220b5
:101b440000f09efdc4b23cb1074b00932a4601232a
:101b54008e21ec20f6f752fe20460bb030bd00bfbc
:0c1b6400c85d020102000100f45d0201f6
:020000040000fa
:020000040102f7
:101b700030b5172185b00546002009f073f90446f9
:101b800050b30c2101a8fdf71bfd01ab03cb05f5fc
:101b90008572039bc5f80a015160c5f81a312946c0
:101ba0000323237351f8ff3fc4f80d304b68c4f88a
:101bb0001130b5f80831a4f815301368c4f817309f
:101bc0005368c4f81b30d5f81a31c4f81f302846c2
:0c1bd0002146fbf73bfa012005b030bdb8
:020000040000fa
:020000040102f7
:101bdc0038b50024124b0546214624221148c3e98e
:101bec0000430af003fe104b104a1c60104b0121fd
:101bfc001c70104b08461c700af096f90e480bf03e
:101c0c00cdf92869fdf720fe02f0e8fe04f0aafaef
:101c1c0009f066ff21466868bde8384005f068bfea
:101c2c00e4a90020e4a70020d8aa0020e940020182
:0c1c3c0076ab002077ab0020e9870201a6
:020000040000fa
:020000040102f7
:101c480030b5174d02682b68c3f802208288da8005
:101c58002b68012289b01a729b6f0446984710b10d
:101c68002b685b6f984700231a460e49022000f044
:101c780005fd6379069323790593e3780493a378a4
:101c880003936378029323780193074b009302220e
:101c980001231a21ec20f6f7affd002009b030bd72
:0c1ca800dcaa00200207010008910201e4
:020000040000fa
:020000040102f7
:101cb400f8b50e46074615460af006fd00281146fb
:101cc40030460cbf0024092405f080fef8b9bcb9e5
:101cd400104b20460a2200bf02fb00f131f803c07a
:101ce400bcf5706f0ed15a180331178096700b44ef
:101cf4002a681a60aa889a80074a137801331370f5
:101d04002046f8bd01300828e6d11f24f8e70b244b
:0c1d1400f6e700bfdea5002078ab002041
:020000040000fa
:020000040102f7
:101d200070b5184d2c6824bb30200bf07dfb28606b
:101d300008b9002070bd302221460af05dfd124c2a
:101d400026684eb918200bf06ffb20600028f0d0f9
:101d5000182231460af050fd2268002313602268e1
:101d6000c2e90133d3602a680120c2e90133d3609c
:101d7000e0e7002420460134e4b2faf741fc082ce5
:0c1d8000f8d1dce7f4aa00204caa0020f7
:020000040000fa
:020000040102f7
:101d8c00ff282de9f84f80468a4617464ff000058c
:101d9c00144b05d11570987800f00100bde8f88f50
:101dac00d3f80090104e680029fa00f000f00304fc
:101dbc00012c5ffa85fb0cd106225146701d09f0ef
:101dcc00d5fe30b93379434503d187f800b02046ae
:101ddc00e4e70135082d06f10906e4d107233b7031
:0c1dec000020dbe700ab002030a6002048
:020000040000fa
:020000040102f7
:101df80038b3f8b50646f02a26d81f4614460d46cd
:101e0800d0f8183113f1020f05d0202a1fd800f599
:101e1800b47009f0bbfe24f00803102b01d0202c6d
:101e280018d1c6f8f440a2080632c6f8f0202246b7
:101e38002946304609f0aafe3946304604f0b4ff78
:101e4800f8bd6ff0ac0070476ff0ac00f8e76ff0ca
:0a1e5800ac00f5e76ff0ac00f2e714
:020000040000fa
:020000040102f7
:101e62000f2a38b505460c4626d190f8e43013bb4c
:101e72003020f7f70effc5f8b801e0b1b4f8013031
:101e82000383b4f803304383b4f805308383b4f892
:101e92000730c383637a80f8203063894384a3893f
:101ea2008384e389c384238a0385638a4385a38a5f
:101eb2008385e38ac38538bd90f8e230112b01d0c7
:0a1ec200032bf8d1d5f8b401d7e7df
:020000040000fa
:020000040102f7
:101ecc0070b5c2b0044640880bf0ebf9b0b10546d2
:101edc006288616809f058fe2378042b10d0002228
:101eec008df8042023788df805306388adf8073021
:101efc00cdf8095001a90b480af052fa42b070bd56
:101f0c002b78122bebd1a87a80000bf0caf906467d
:101f1c000028e4d0aa7a9200696809f035fe6e6058
:081f2c00dde700bf60000020aa
:020000040000fa
:020000040102f7
:101f3400174bda6822f4e0621204120c42f0bf621a
:101f440042f40032da60bff35f8f62b6e02183f8b7
:101f54002310104a82f800130120106082f8031342
:101f64000820106082f80c134ff4805111605a6af3
:101f740042f480225a625a6942f010025a615a6a43
:101f840042f400325a625a6a42f480325a6270470a
:081f940000ed00e000e100e0b7
:020000040000fa
:020000040102f7
:101f9c0070b50e46054638b102f0d4fa0446c0b905
:101fac000146012007f006fc284604f01bff0446fe
:101fbc0078b9104b19680a786db922f001020a70d1
:101fcc00186800f5da70f6f705f82146204607f098
:101fdc00f1fb204670bd42f001020a70002ef8d0d1
:101fec00186842f21071714300f5da70f3f73efe97
:081ffc00efe700bf3caa002042
:020000040000fa
:020000040102f7
:1020040001cf02014bd202014bd202014bd2020199
:102014004bd2020101cf020101cf02014bd20201d6
:102024004bd202014bd202014bd202014bd202012c
:102034004bd202014bd202014bd202014bd202011c
:102044004bd202016dfb01019162020101cf020139
:1020540001cf020101cf02014bd202014bd2020196
:082064004bd202014bd2020134
:020000040000fa
:020000040102f7
:10206c0070b5164d2e68b3682c463bb12268d378f8
:10207c0073b11348fef796fd002070bd51200bf094
:10208c00cdf92b68b0609b68002befd10220f4e7f0
:10209c009268022082f8503007f0ecfc054658b9e3
:1020ac0020681030f5f796ff2368064883f828500f
:1020bc00bde870400af028be0720dee7f0aa002039
:0820cc00b0710201b10b020129
:020000040000fa
:020000040102f7
:1020d400f8b500260e70c3885a1e0d2a05460f4611
:1020e40003d8bde8f840f7f7f3ba103b072b03d841
:1020f400bde8f840eef788b94ff482700bf092f91e
:102104000446b8b1a88807f075f890b1ab7ac374e7
:102114000a232370ab88a380eb88e380ab7a237215
:102124002b8963812046042108f0c4f801233b7005
:082134003046f8bd8020fce7f5
:020000040000fa
:020000040102f7
:10213c0073b50546044600f12006a3692bb301aa2a
:10214c006946188806f0a2fee0b1a369194631f879
:10215c00042b032a1cd05a88009b586809f014fde4
:10216c00009ba2699b6852881a80009b9b7b9b06f4
:10217c0005d5a169284631f8042bfcf733fca0697e
:10218c000bf04ef90434b442d7d1002002b070bd2c
:08219c00987807f08ff9e8e7dd
:020000040000fa
:020000040102f7
:1021a40037b5044600890bf029f938b32089e5686e
:1021b40007f020f8044618b32b78132b08d1c37cfe
:1021c400122b1fd103f0b8fb00b9e07403b030bd8b
:1021d400172b0bd1c37c162b14d1a988eb886a88e2
:1021e400009105f1080100f0adfbede7192b09d1d1
:1021f400c37c182b06d102f0f0fce5e70420e5e7e8
:082204000320e3e70120e1e7fc
:020000040000fa
:020000040102f7
:10220c00202837b5054628d809f028fb144a042d98
:10221c0098bf136812689dbf1b68b3fa83f35b0900
:10222c00012302ebc302146844b12168116001b9a7
:10223c0052601bb1237943f04003237108f07cfbff
:10224c0044b9084b00930195052322460321ef2046
:10225c00f6f7d0fa204603b030bd0024fae700bff1
:08226c0088aa002018c6020137
:020000040000fa
:020000040102f7
:1022740038b5174b17491c6805464ff4fc7204f136
:102284000c0009f0a9f8237e85f84730637e2b768d
:10229400a37e85f82130ff2385f82530e37e6b7615
:1022a400234653f81d2fc5f81b209b88a5f81f3023
:1022b400237fab7694f8f13185f89430627e22b1b5
:1022c400002b0cbf1e20002038bd1e20fce700bfe1
:0822d400b4aa002010400144ef
:020000040000fa
:020000040102f7
:1022dc0038b5174b17491c6805464ff4fc7204f1ce
:1022ec000c0009f075f894f8230050b1f7f7ccfc0a
:1022fc00c5f8ac0028b194f8232004f1240109f0ae
:10230c0043fc94f82330a5f8b03094f80a0150b18e
:10231c00f7f7bafcc5f8bc0028b194f80a2104f20e
:10232c000b1109f031fc94f80a31a5f8c03038bd16
:08233c00b4aa00201040014486
:020000040000fa
:020000040102f7
:1023440000b593b041f20303adf8003090f8f230d9
:102354008df804106ff3000380f8f2300388adf8b1
:102364000630a9b990f8e230112b01d0032b02d129
:10237400d0f8b4310bb9d0f8b8319a8a1b690293fa
:10238400adf80c20684606f047fa13b05df804fb7c
:10239400d0f8b4315a88adf808209a88adf80a20ec
:0823a400db88adf80c30ede719
:020000040000fa
:020000040102f7
:1023ac0025292dd8dfe801f01313132c1f2c131340
:1023bc002c132c1313132c2c13132c132c132c1332
:1023cc00132c2c2c2c2c132c2c2c2c2c131390f875
:1023dc00f2305a0714d56ff3820380f8f23000f50f
:1023ec00b070f5f7f7bdc37d53b990f8f2300549dd
:1023fc0043f0040380f8f23000f5b070f3f736bc0c
:08240c00704700bf005a620294
:020000040000fa
:020000040102f7
:1024140030b5164d8bb0042107202c68fef790fad6
:102424002b6820641a6cfab1114951601a6c136854
:102434001a60104a0992002448f6b802cde9042231
:10244400cde906444ff440622968009203941b6866
:10245400089348316846f4f725fc2b68986cf3f729
:1024640097f820460bb030bd0720fbe7d4aa002024
:08247400616b0201b961020174
:020000040000fa
:020000040102f7
:10247c0070b50e4690f8371040f2e24304464b43d9
:10248c00b2b12033c0f88c300025204600f054ff48
:10249c004ff49c73b0fbf3f203fb1203c4e920323c
:1024ac00e37d73b9023664232667c4f88c3070bda3
:1024bc00058f03f282230035c0f88c3018bf01253c
:1024cc00e3e7d4f88c3040f27222761b02fb053520
:0824dc002667c4f88c50eae702
:020000040000fa
:020000040102f7
:1024e400f8b5184e90f8503032684433044652f828
:1024f400337007bb06f036fe0546846004f074f9b9
:102504002f6094f85020336803ebc202d2f82422df
:102514006a6094f8502003ebc203d3f824321d60a0
:1025240094f85020336803ebc203c3f82452bde887
:10253400f84007f0cfbdbb689c4201d03f68d8e7a4
:08254400f8bd00bfe8aa002069
:020000040000fa
:020000040102f7
:10254c0010b5184a047802f58453596964f30f21c5
:10255c0059615969447864f3174159615969847810
:10256c0064f31f61596102f58453c478996964f36b
:10257c00070199619969047964f30f21996199694b
:10258c00447964f3174199619969847964f31f6103
:10259c00996102f58453c1799a8b61f307029a838e
:0825ac0010bd00bf0024014135
:020000040000fa
:020000040102f7
:1025b4002de9f0479a46174b1c6814f80b6b074635
:1025c40088469146002500bf26fa05f3db0717d598
:1025d400237803f00103bb4212d106224146601c5a
:1025e40009f0c8fa60b910224946e01d09f0c2faa0
:1025f40030b91022514604f1170009f0bbfa38b182
:102604000135082d04f12704ded10020bde8f08750
:082614000120fbe704ab0020ec
:020000040000fa
:020000040102f7
:10261c004741503a457674207263762c6e6f206178
:10262c007661696c20636f6e6e2c2068646c3d3033
:10263c0078253034782c2065767449643d307825c3
:10264c00303278004741503a457674207263762ccc
:10265c006e6f206672656520636f6e6e2c206864e9
:10266c006c3d3078253034782c2065767449643d87
:07267c0030782530327800b0
:020000040000fa
:020000040102f7
:102684002de9f041074690b20e4615469846fff7ed
:10269400bbfd044628b30279c680330e63f30202fd
:1026a400330c0271437125b12a464146083009f0c2
:1026b4006ffa032f15d8dfe807f002080c10204644
:1026c40006f078fc0020bde8f081204603f0eafa29
:1026d400f8e7204606f086fcf4e7204603f006fb04
:0626e400f0e71f20efe704
:020000040000fa
:020000040102f7
:1026ea00f8b50e4617461d4607f0aff9044640b343
:1026fa0090f852303b700020012e28700bd194f8cc
:10270a0059302bb994f858301bb902232b7000208a
:10271a00f8bd0123fae7022e08d194f85930002bac
:10272a00f0d094f85630002bf2d1eee7032eefd119
:10273a0094f85930002be5d094f85730002be4d0a8
:06274a00efe70320e4e7c5
:020000040000fa
:020000040102f7
:10275000434d443a536574457874416476506172d0
:10276000616d2c73657449643d2564004144563a9b
:102770004578742c65767442773d25642c696e74b7
:10278000766c3d2564004144563a70726950687910
:102790003d3078253032782c7365635068793d3050
:1027a00078253032782c65767450726f703d3078b1
:0527b000253034780023
:020000040000fa
:020000040102f7
:0327b50004040514
:020000040000fa
:020000040102f7
:1027b80038b505460c46154b1b7843b1fdb90cb32b
:1027c800124b93f908305bb14ff0ff3038bd104819
:1027d80009f0ecfa01280fd10c4b01221a70ede731
:1027e800a0680a4b18616268da600221197253689e
:1027f800216898470020e9e74ff0ff30e6e74ff0ff
:10280800ff30e3e74ff0ff30e0e700bf24ff01208f
:0428180028ff012074
:020000040000fa
:020000040102f7
:10281c004ff08843d3f8d03001280cd0022812d0c6
:10282c00032815d0042818d005281ad113f0807f5e
:10283c0004d10120704713f0805f19d0072814bf12
:10284c0000200120704713f0005ff7d10120704782
:10285c0013f0804ff2d101207047002beedb0120ea
:10286c0070470628ead113f0007fe7d101207047aa
:04287c000120704780
:020000040000fa
:020000040102f7
:1028800013b5037a012b27d8447aef2c24d88df87e
:102890000040ebb90321012006f092ff6a460121b6
:1028a000022001f013f888b9204608f019ff01282a
:1028b00005d80a4a01238340107818431070084b4a
:1028c0001a68137843f008031370002002b010bd9b
:1028d0006a4601210320e4e70320f7e709aa002064
:0428e0003caa0020ee
:020000040000fa
:020000040102f7
:1028e40070b5174b1b681e6801250eb9284670bdcc
:1028f4007468d4e9011318780af02af9f289b189c5
:102904000132521a92b2234604eb02129a4201d1c6
:102914003668eae7d97b11f0440f01d010280cd0b7
:1029240011f0660f07d1012d03d111f0880f18bfe4
:1029340002251033eae70325fbe70425d6e700bfa9
:042944004caa002079
:020000040000fa
:020000040102f7
:102948002de9f7435d1dadb20746284688469146f6
:102958001e460af028fd044610b300f110031721a3
:1029680001a801930af06afb494601a80af06cfb2a
:10297800bdf8281001a80af067fb324641460198c5
:1029880009f004f929462246384608f008fe0546ab
:1029980010b120460af034fd284603b0bde8f083a4
:0429a8000225f9e724
:020000040000fa
:020000040102f7
:1029ac00f0b50e468bb00968cdf80e107168cdf8f5
:1029bc00121007465968adf80c0018681288adf86b
:1029cc00162006ac03c49868d96803c4314638464f
:1029dc00f7f722f80df10b03019303ab8df80b0005
:1029ec00009300221c2342f2190140f2011006f060
:1029fc0039ff9df80b20024b33f812000bb0f0bde1
:042a0c0030f40101a0
:020000040000fa
:020000040102f7
:102a1000f0b58bb003ae0c4607460496fcf796fe65
:102a20000546014604a80af00dfb394604a80af041
:102a30000ffb2368cdf816306368cdf81a30a36811
:102a4000cdf81e30e368cdf8223005ab0093019637
:102a50001223032242f21a0140f20110adf8147061
:102a600006f006ff024b33f815000bb0f0bd00bfb7
:042a700030f401013c
:020000040000fa
:020000040102f7
:102a74002de9f04100f1200694b00d460a46314696
:102a84008046f3f7ebfd03ac20278df80b003a46a4
:102a94004146204609f07cf83a4631460ba809f035
:102aa40077f80df10b03cde900430122412342f2f3
:102ab400260140f201108df84c5006f0d7fe9df827
:102ac4000b20034b33f8120014b0bde8f08100bfb3
:042ad40030f40101d8
:020000040000fa
:020000040102f7
:102ad8002de9f341804617461c4606f021fa0646c2
:102ae80018b32379a4f8068023f00f0343f00203f8
:102af8002371678120460af0a3fc054658b908f5fa
:102b080000510c340190024600943b4689b24ff4c0
:102b1800817006f0a9fe064b33f8150010b9b3789a
:102b28000133b37002b0bde8f0814ff48170f9e76a
:042b380074cb020157
:020000040000fa
:020000040102f7
:102b3c0030b585b0154b0093cde9010105460c4627
:102b4c00ec20012302224f21f5f754fe284608f011
:102b5c007ff8a8b1006890f8e430112b12d121460f
:102b6c0007f0b0ff80b90724094b009301940123af
:102b7c000022ff21ec20f5f73dfe204605b030bdcc
:102b8c000224f1e70c24efe70024f6e7ba8b0201ec
:042b9c0042a102014f
:020000040000fa
:020000040102f7
:102ba0007fb5164b0093cde9010105460c46ec209c
:102bb000012302225a21f5f723fe284608f04ef899
:102bc00088b106682146304609f083f8054658b9b1
:102bd000a6f854416408a6f85641304605f05ef860
:102be000284604b070bd0225054b009301950123d2
:102bf0000022ff21ec20f5f703fef1e7ec8b020148
:042c000042a10201ea
:020000040000fa
:020000040102f7
:102c040013b5144b144c0093022201231c21ec2015
:102c1400f5f7f4fd2368d3f88c30984768b9236836
:102c2400d3f89030984740b92368d3f89430984744
:102c340018b90a4b186002b010bd0c24084b00935d
:102c4400ec20019401230022ff21f5f7d7fd204653
:102c5400f1e700bfdcbf0201dcaa002000ab0020ca
:042c6400e6bf0201c4
:020000040000fa
:020000040102f7
:102c680013b50c4607f0f6ff28b3036893f8402025
:102c7800227093f84120627093f84220a27093f872
:102c88004320e27093f84430237100240b4b0093e7
:102c9800022201233521ec20f5f7aefd44b1084ba3
:102ca8000093019401230022fd21ec20f5f7a4fdf7
:102cb800204602b010bd0224e8e700bfd9af0201e8
:042cc800eaaf02016c
:020000040000fa
:020000040102f7
:102ccc0070b58cb0134b0b9300230993124e0791e4
:102cdc0003f2712306930123029331680f4b089082
:102cec001b680a9305463c3102a8f3f7d7ff04464c
:102cfc0018b93368d86bf2f747fc094b0093019570
:102d0c0001230222d421ec20f5f774fd20460cb0ef
:102d1c0070bd00bf9550020148ab002044ab0020b1
:042d2c0059c802017f
:020000040000fa
:020000040102f7
:102d30002de9f0410646174600ebc205b94227daf5
:102d4000d5f800c04c1e06ebc1031868a0eb0c02be
:102d5000520209d5013406ebc402d2e9008e10609c
:102d600058685060c3e9008e08339d42edd1631c62
:102d700006ebc303d3e9000c2a681a606a685a603c
:102d8000c5e9000c22463046fff7d2ffa11cd5e76b
:042d9000bde8f08129
:020000040000fa
:020000040102f7
:102d9400f0b5054685b011200e460af006fb044640
:102da40030b300f11003032103a803930af048f998
:102db400039a3368136073685360b3689360f3686d
:102dc400d36006270097002322461121288805f0a6
:102dd4008efe064640b9eb7823b90523ab70304626
:102de40005b0f0bdaf70fae720460af00bfbf6e73a
:042df4000226f4e7d8
:020000040000fa
:020000040102f7
:102df8004c32433a457674207263762c6e6f2066a7
:102e080072656520636f6e6e2068646c3d3078254e
:102e18003034782c65767449643d307825303278c2
:102e2800004c32433a457674207263762c6e6f20dc
:102e3800617661696c20636f6e6e2c68646c3d30de
:102e480078253034782c65767449643d307825309f
:032e5800327800cd
:020000040000fa
:020000040102f7
:102e5b00534d503a457674207263762c6e6f206614
:102e6b0072656520636f6e6e2068646c3d307825eb
:102e7b003034782c65767449643d3078253032785f
:102e8b0000534d503a457674207263762c6e6f204a
:102e9b00617661696c20636f6e6e2c68646c3d307b
:102eab0078253034782c65767449643d307825303c
:032ebb003278006a
:020000040000fa
:020000040102f7
:102ebe0073b5047a04b3c5680023e91fdab29442ed
:102ece001fd805f01af800262b78003318bf0123ff
:102ede008df800302b46013653f8012fcdf8012026
:102eee009b88adf805306846f6b204f05cfcb4423f
:102efe0005f10705e8d101e004f0ffff002002b064
:102f0e0070bd0133c3ebc3028a5c032ad6d90320fa
:022f1e00f5e7d5
:020000040000fa
:020000040102f7
:102f2000434d443a536574506174684c6f737352e7
:102f300065706f7274696e67506172616d2c486460
:102f40006c3d307825782c686967685468726573c1
:102f50003d25642c68696768487973743d25642c45
:102f60006c6f7754687265733d25642c6c6f77487d
:102f70007973743d25642c6d696e54696d653d25ca
:022f80006400eb
:020000040000fa
:020000040102f7
:102f82004144563a4c4c204348432c43684d6170af
:102f92003d253032785f253032785f253032785fd8
:102fa200253032785f25303278004144563a4f4f0f
:102fb2004d284c4c2043684d6170205570646174fb
:102fc200652043684d61703d253032785f2530328f
:102fd200785f253032785f253032785f253032785d
:012fe20000ee
:020000040000fa
:020000040102f7
:102fe400eff30980bff36f8f144b1a681ef0100fb4
:102ff40008bf20ed108a20e9f04f10602de9090088
:103004004ff0200080f31188bff34f8fbff36f8f11
:10301400faf7aaf94ff0000080f3118809bc196887
:103024000868b0e8f04f1ef0100f08bfb0ec108a2b
:1030340080f30988bff36f8f7047000044fd0120bf
:020000040000fa
:020000040102f7
:1030440038b5008906f004fd044610b90125284668
:1030540038bdc36d002bf9d1c378e3b9f8f7eefaa4
:103064000028f3d1e36da27a83f858212346e26d58
:1030740053f8041fc2f859119b88a2f85d31204609
:10308400fbf7a8f905460028e1d1044904f16000e2
:10309400f2f7f0fddbe701f0cffcf3e7a064d10128
:020000040000fa
:020000040102f7
:1030a4000200000091ad010104000000813c010117
:1030b40006000000c54a010108000000fdce000121
:1030c4000a000000f99e01010c000000557a01017c
:1030d40010000000850701011200000019d302014d
:1030e400520000003dc5020116000000992b0101a9
:1030f400180000004d9401011e000000d1150201ca
:020000040000fa
:020000040102f7
:1031040070b5164d00242b6803eb84031a6992b141
:10311400d17881b1012656721b6918880af06ef9bc
:1031240048b1221d2b6853f8223031464ff6ff7206
:10313400187800f03ffb0134082ce4d14ff482707e
:103144000af070f940b1102202700022828001223c
:103154008271042107f0aef8002070bdf4aa0020ab
:020000040000fa
:020000040102f7
:10316400f0b589b006ad16460f46adf80e000595cc
:10317400fcf7fcff0446014605a809f061ffbdf811
:103184000e1005a809f062ff397805a809f058ff68
:10319400317805a809f054ff0df10e030093019551
:1031a4000223052242f2300140f2011006f05efbd8
:1031b400024b33f8140009b0f0bd00bf30f4010134
:020000040000fa
:020000040102f7
:1031c400134b70b54022134c134ec3f8842123686b
:1031d4001bb9bde8704008f0b7be08f043fb256892
:1031e4002b68236003b9646007f0aafb01236a79a2
:1031f40033700a4b284653f82230984795f9043027
:10320400002b02db284605f051fa00233370dee779
:1032140000e100e030a900206eab0020bca9002032
:020000040000fa
:020000040102f7
:1032240073b50c4616461d4607f016fdf8b1611e2f
:10323400c9b2006808f0c4fe0e4b307093f9013037
:103244002b7000240c4b0093022201235221ec200a
:10325400f5f7d4fa44b1094b0093019401230022f9
:10326400fd21ec20f5f7cafa204602b070bd022415
:10327400e8e700bfe0a800205d9602017a9602010b
:020000040000fa
:020000040102f7
:1032840013b5154b019004460093ec200123022250
:103294008021f5f7b3fa204607f0defca8b10068f8
:1032a40090f8e430213b012b11d806f077ff80b968
:1032b40007240a4b0093019401230022ff21ec20f0
:1032c400f5f79cfa204602b010bd0224f1e70c2465
:1032d400efe70024f6e700bf10b90201c1a3020121
:020000040000fa
:020000040102f7
:1032e400bd1a3ccda6b8995899b740eb7b60ff4a0c
:1032f400503f10d2e3b3c974385fc5a3d4f6493f35
:10330400e69d350e480103ccdbfdf4ac1191f4efde
:10331400b9a5f9e9a7832c5e2cbe97f2d203b0209d
:103324008bd28915d08e1c742430ed8fc245637600
:103334005c15525abf9a32636deb2a65499c80dc56
:020000040000fa
:020000040102f7
:1033440038b50146c07d30b391f82a0008f05cfe20
:10335400114b1b680246187b08f056fe4d8f104433
:10336400684340f2e24404fb00f20c4cb2fbf4f07c
:1033740004fb102404b101304b7e212b40f2712355
:1033840003fb05f308bf00f28d10a3f196029042ef
:1033940028bfa3f1970038bdd4aa002040420f00f3
:020000040000fa
:020000040102f7
:1033a40010b5144c226892f8383013b304281ad09c
:1033b4001149096891f9041000291adaff2812d179
:1033c400002382f838300d48f4f708fe2268137899
:1033d400d9060ed56ff3041313702368bde81040ab
:1033e400d86bf9f7d1be013bdbb282f83830002b41
:1033f400e9d010bd48ab0020d4aa002020a70020ab
:020000040000fa
:020000040102f7
:10340400f8b5164d90f8502029684432064651f814
:10341400324004b9f8bd03f0e7f9276806f05afe14
:10342400a3689e4217d103f0dff9d4e9003253b107
:103434005a60d4e900231a6006f04cfe2046bde829
:10344400f84004f0ffba96f850102b6803ebc10360
:10345400c3f82422ede73c46dbe700bfe8aa0020de
:020000040000fa
:020000040102f7
:1034640073b5c36d0446a3b94388012b11d10191ef
:103474000df1030001a909f0b3fc104b9df80350b2
:103484001b689b793bb12b0705d403212046faf72f
:1034940059ff02b070bd012684f8545084f8556079
:1034a400082009f0bfff01460028f2d006702388e7
:1034b40083808571082009f0e9feeae7f0aa00207c
:020000040000fa
:020000040102f7
:1034c400f8b5134c134d144f002226462b685100b7
:1034d400cb4003f00303012b0cd1062303fb02733f
:1034e400d0b21968c4f805109b88a4f80930211dce
:1034f400fdf73cfd0132082a04f10904e6d12b68ea
:103504003360502202490548bde8f84007f064bf23
:1035140030a6002000ab00200033014138420144b2
:020000040000fa
:020000040102f7
:1035240070b5044607f038ff01460546204602f010
:10353400f9f804f1170304f1270200bf13f8011b83
:10354400c9b99342fad101220c4e33682b44204668
:10355400da7003f0bffa272230680b2312fb05331d
:103564001844214608f014fb32680123ab40157857
:103574001d43157070bd0022e6e700bf04ab0020b8
:020000040000fa
:020000040102f7
:1035840037b50468a36f1b0405461ad403f02cf95d
:10359400a36f43f40043a36706f09cfdd4e924130e
:1035a40020465b1ad9b209f0d3fbd4f890300195c8
:1035b4005b1ac4f89030042201ab08490120fff7dc
:1035c4005ff8237d3bb103f00ff9a36f43f08063f1
:1035d400a36706f07ffd03b030bd00bfa104010165
:020000040000fa
:020000040102f7
:1035e40010b588b004461822002102a809f002f997
:1035f4000df1020101a806f065f9bdf80220019b56
:10360400110423f07043019348bf03f1ff33049383
:103614009df8083058bfadf80c2023f00c0348bfc8
:1036240002f2e24243f00c0302a9204648bfadf87f
:0e3634000c208df8083009f004fc08b010bd21
:020000040000fa
:020000040102f7
:1036420070b540b3002007f046f90646012007f0a6
:1036520042f90546022007f03ef904464ff6ff7193
:10366200002003f07ef84ff6ff71012003f079f895
:103672004ff6ff71022003f074f83146002007f084
:103682003cf92946012007f038f921460220bde81d
:0e369200704007f032b9044605460646dee7f2
:020000040000fa
:020000040102f7
:1036a00038b5c16d91f82c3091f8e85004461d40b2
:1036b00091f8e90091f82d301840e378cbb9ea3160
:1036c00006f0d2fde16d2e31284606f0cdfd94f8ce
:1036d00057306bb1e26d92f8ea3023f0030382f8c1
:1036e000ea30e26d92f82e3023f0030382f82e3098
:0e36f00038bd2e3106f0b8fde16dea31e4e799
:020000040000fa
:020000040102f7
:0236fe00a62afa
:020000040000fa
:020000040102f7
:1037000008b51149012009f00dfa104b1a68d2f8da
:10371000bc3103f0f80343f4c06343f00103c2f883
:10372000bc310b4b4ff0082119604ff4e0619980d8
:1037300000219971074bc2f87831074bc2f8fc3170
:10374000bde8084008f004bf70b602013caa0020a2
:0c3750009ca9002005a702017db0020129
:020000040000fa
:020000040102f7
:10375c002de9f341064680880f461446984609f039
:10376c0020fe054600b300f11003414601a8019369
:10377c0009f062fcb388013b9c4288bf9cb224b127
:10378c0022463946019809f051fe611c2a4689b23d
:10379c00304607f002ff044610b1284609f02efe11
:0c37ac00204602b0bde8f0811124f9e7ce
:020000040000fa
:020000040102f7
:1037b800f8b50f46154605f01bfd064600b3fa207e
:1037c80009f02efe0446e8b10f4b40f8043b394699
:1037d80009f02afe2946a01d09f026fe1d2384f8bb
:1037e800f83021463088eef7affc054618b9737af1
:1037f80043f002037372204609f014fe2846f8bd10
:0c3808000325fbe70225f9e7120004008d
:020000040000fa
:020000040102f7
:1038140030b5c5b00288adf81020828883788168fd
:103824008df81230fb2a1346044628bffb2305a853
:103834008df8133008f0acf92046eaf797fa0df149
:103844000f0404ad8df80f00cde90054ff230122cd
:1038540042f2370140f2011006f008f82278024bd8
:0c38640033f8120045b030bd30f4010113
:020000040000fa
:020000040102f7
:1038700070b50546c4b0ebf73ffb2a88adf81020c1
:10388000aa88ab788df80f00fb2a0df10f068df892
:103890001230a968134604ac28bffb2305a88df895
:1038a000133008f077f9cde90046ff23012242f2f8
:1038b000380140f2011005f0dbff3278024b33f89b
:0c38c000120044b070bd00bf30f40101e4
:020000040000fa
:020000040102f7
:1038cc002de9f041e2b00c4617468046e5f702f9c7
:1038dc008df80d4004eb44040df10b058df80b0035
:1038ec006200394603ae0df10e008df80c8008f025
:1038fc004bf9cde900654ff4be73012242f2390158
:10390c0040f2011005f0aeff2a78034b33f8120099
:0c391c0062b0bde8f08100bf30f4010192
:020000040000fa
:020000040102f7
:1039280038b590f8e43004460d4633bb0c20f6f762
:10393800adf9c4f8b801b5f801300381d4f8b8314d
:10394800b5f803205a81d4f8b831b5f805209a8023
:10395800d4f8b831b5f80720da80d4f8b831fb22aa
:103968001a8094f8ee3013f0080fd4f8b83114bf69
:0c39780044f2902240f648025a8038bd0c
:020000040000fa
:020000040102f7
:103984002de9f84390f8b051064689461746984603
:10399400edb90c2009f046fd044640b17fb138462c
:1039a40009f040fda06020b9204609f03dfd07253f
:1039b40011e02560d6f8ac311c60c6f8ac4184f83f
:1039c40004903a464146a06808f0e2f803e0022376
:0c39d40080f8b03100252846bde8f883db
:020000040000fa
:020000040102f7
:1039e00038b5044630b34ff0806190f8500006f0cf
:1039f00013fc6378002523f0120363702046a58032
:103a0000fff700fd2046fcf7f3fb94f85330012b41
:103a1000237808bf84f85350012b0bd1064b1b6849
:103a2000d3f8082232b9214694f85000bde8384056
:0c3a300009f0c3bc38bd00bfe8aa0020ac
:020000040000fa
:020000040102f7
:103a3c00f8b5124c1249134e134f5022204607f082
:103a4c00c7fc23683360002533686a00d34003f059
:103a5c000303012b0cd12246062303fb057352f8fa
:103a6c00051f196092889a802179e8b2fdf702fa55
:103a7c000135082d04f10904e6d1f8bd30a600206b
:0c3a8c003842014400ab0020003301412f
:020000040000fa
:020000040102f7
:103a9800154b0178d3f8b02f61f31742c3f8b02f54
:103aa800d3f8b02f417861f31f62c3f8b02fd3f871
:103ab800b42f817861f30702c3f8b42fd3f8b42f79
:103ac800c17861f30f22c3f8b42f0179d3f8b42f6a
:103ad80061f31742c3f8b42f4179d3f8b42f61f3d7
:0c3ae8001f62c3f8b42f70470024014196
:020000040000fa
:020000040102f7
:103af400144b024600681860918892799a7133f8e1
:103b0400042c998042f0020223f8042c53f8080c88
:103b1400c0f38070a3f5776388b1d3f8943fc3f3ff
:103b24000263094a11680a781944c97830b122fa43
:103b340003f010f0010018bf81f00100704700236a
:0c3b4400efe700bf7033014104ab00202c
:020000040000fa
:020000040102f7
:103b500084b01fb507ac84e80e000b46032809d8d3
:103b6000dfe800f0020d141a0b9b009394e80f009d
:103b700005f0bafb04b0bde8104004b070470b9be1
:103b8000009394e80f0006f0e7fbf3e70022122110
:103b9000184608f0d7faede7039103ab0422024977
:0c3ba0000120fef76ffde5e713040101b2
:020000040000fa
:020000040102f7
:103bac0008b5134a136823f400731b041b0c138011
:103bbc0078b900bf07f02cfb6ff4e173c3189bb20c
:103bcc00942bf7d9a0f2134080b29428f2d9eff7d6
:103bdc006bfbfcf787fb074b1b6800225a63064afa
:103bec001b781168c3f3801363f34d31116008bd6a
:0c3bfc00243f014148ab00203838014153
:020000040000fa
:020000040102f7
:103c080010b544210620fcf799fe0f4b1860c0b18f
:103c18000e4b43600e4c0f4b02680f491a60082088
:103c280009f0d8fa06f0a8fb34220021204608f053
:103c3800dffd09f0a3f94730207002f0d1ff002022
:103c480010bd0720fce700bf44ab002069840101d8
:0c3c580004a7002048ab00207993020173
:020000040000fa
:020000040102f7
:103c64000e4a38b5002313600d4a0e4c13600e4af9
:103c74000e4d13600e4a13600e4a13600e4a5362cf
:103c840013610123936009f018fc09f016fcac429f
:103c940000d338bd54f8043b9847f8e750ab0020f4
:103ca4008ca600200c41000188a6002010410001d0
:0c3cb40080a6002084a6002090a600201e
:020000040000fa
:020000040102f7
:103cc000f7b5002407460e460c800546ab69ebb1fc
:103cd00001aa6946188805f0dff838b90634802053
:103ce00057f824301b88338003b0f0bd009a937bd3
:103cf000928913f0080fab69598805d18a4205d023
:103d00001b8833800d20efe78a42f9d30134082c59
:0a3d100005f10405dad10020e6e712
:020000040000fa
:020000040102f7
:103d1a007fb5064611200d4609f044fb044610b350
:103d2a0000f11003042103a8039309f086f9039a0a
:103d3a002b6813606b685360ab689360eb68d36061
:103d4a0006230093224600231121308804f0ccfe7a
:103d5a00054620b90823b370284604b070bd204632
:0a3d6a0009f04dfbf8e70225f6e72b
:020000040000fa
:020000040102f7
:103d74007fb5064611200d4609f017fb044610b323
:103d840000f110030d2103a8039309f059f9039ad4
:103d94002b6813606b685360ab689360eb68d36007
:103da40006230093224600231121308804f09ffe4d
:103db400054620b90c23b370284604b070bd2046d4
:0a3dc40009f020fbf8e70225f6e7fe
:020000040000fa
:020000040102f7
:103dce0038b504461d4631b101291bd000230360ce
:103dde004ff0ff301fe0012b01d900201be0032222
:103dee000021012001f077f9206080b1012d0ed164
:103dfe0000231a461946eff72afd012814bf0020aa
:103e0e00012008e01946104606f0eefa2060206800
:083e1e00003018bf012038bd7f
:020000040000fa
:020000040102f7
:023e2600002a70
:020000040000fa
:020000040102f7
:103e280008b5144b9b7df3b1124a137edbb2927d29
:103e380012f0800f18d10f4a137edbb2927d12f078
:103e4800010f04d013f0010f01d0f7f77bff094ae7
:103e5800137edbb2927d12f0040f04d013f0040f2e
:103e680001d0f7f745fc08bd13f0800fe3d001f04f
:083e7800abf9e0e7000c00408b
:020000040000fa
:020000040102f7
:103e800070b582b00190846ca26be36b9a4203d34d
:103e90000025284602b070bd94f8456076b2002235
:103ea00001a92046fdf7dcf80546b6f1ff3f0ad12f
:103eb000636a002bedd004f12400f5f777fc0028ad
:103ec00018bf0125e5e709f003f88642e1d2013683
:083ed00076b284f84560dce7de
:020000040000fa
:020000040102f7
:103ed8002de9f843064689469046002500f1180367
:103ee80053f82540efb23cb12288424515d1002055
:103ef80089f80070bde8f8834ff4837009f090faf0
:103f080006eb8505a86168b14ff48372214608f075
:103f18006ffcab69a3f80080e9e70135082ddfd114
:083f28002f46e4e71120e3e756
:020000040000fa
:020000040102f7
:103f300038b54389152b044620d1037c122b1fd1a1
:103f4000008905f059f908b9002038bd63681b786d
:103f5000da0717d5037a0125db078572f4d54ff40c
:103f6000827009f061fa0028eed0112202702289d5
:103f700082808571042106f09ff9e5e7132be3d0d9
:083f80008020e2e71320e0e7d6
:020000040000fa
:020000040102f7
:103f88002de9f04186b002ad1746064688460395ee
:103f9800f6f758ff0446014603a8adf81060adf8df
:103fa8001280adf8147009f049f8314603a809f0f9
:103fb8004bf804ab009301950623032242f2220139
:103fc80040f2011005f050fc024b33f8140006b023
:083fd800bde8f08130f40101a5
:020000040000fa
:020000040102f7
:103fe00070b588b006ad0e46adf80e000595fef72b
:103ff0003bfe0446014605a809f024f8bdf80e1062
:1040000005a809f025f8314605a8052208f036fb79
:104010000df10e03009301950223082242f21501cf
:1040200040f2011005f024fc024b33f8140008b0f4
:0840300070bd00bf30f4010176
:020000040000fa
:020000040102f7
:104038002de9f04186b003ad17460646884605953a
:10404800f2f7aafd0446014605a8adf810608df800
:1040580012808df8137008f0f1ff314605a808f0ba
:10406800f3ff04ab009301950423032242f27a0183
:1040780040f2011005f0f8fb024b33f8140006b0cb
:08408800bde8f08130f40101f4
:020000040000fa
:020000040102f7
:1040900030b585b0124b0093cde9010105460c46c1
:1040a000ec20012302225721f4f7aafb284606f050
:1040b000d5fd88b12146006808f05ffc70b907247f
:1040c000084b0093019401230022ff21ec20f4f718
:1040d00097fb204605b030bd0224f1e70024f8e745
:0840e000b4a4020142a1020197
:020000040000fa
:020000040102f7
:1040e800f0b5c488114b876885b0260a0093e4b2fe
:1040f80002231a460546cde901648121ec20f4f734
:104108007bfb0b4b1b781bb1052e0dd1022c0bd161
:10411800084b53f826303bb105f10c0239462046ce
:1041280005b0bde8f040184705b0f0bd72d20201f5
:0841380077ab0020e4a7002092
:020000040000fa
:020000040102f7
:104140007fb5134b0190cde9021204460e46154689
:10415000009302223021ec200123f4f751fb2a4680
:104160003146204607f0caff78b90a4b9c743444a4
:104170002a0604ebd4744fea640454bf6d428022d3
:10418000dc741e7554bf5d755a7504b070bd00bff8
:0841900000a50201e0a80020d7
:020000040000fa
:020000040102f7
:1041980073b5124b01900093044601230d46164651
:1041a80032210222ec20f4f727fb0d4b1b681b6f12
:1041b8008bb12046324629469847044640b1094b00
:1041c8000093019401230022ff21ec20f4f714fb53
:1041d800204602b070bd0c24f1e700bf9ec9020161
:0841e800dcaa0020e6bf020181
:020000040000fa
:020000040102f7
:1041f00000b5836fda0693b020d4027e422a12d132
:1042000090f829308df808300522adf80020002202
:104210008df804200288adf80620684604f0fefa06
:1042200013b05df804fb412a0ad01b040ad590f8ac
:10423000e230032b0cbf16230823e3e73d23e1e71d
:084240001623dfe73e23dde752
:020000040000fa
:020000040102f7
:1042480038b504461048f3f7c7fe012c11d10f4bbf
:104258001c78013ce4b21c704cb90d4d08f046facc
:104268002868446001f0f0fe0a4b2c601c600020b6
:1042780038bd084b44220021186808f0b9fa02f04a
:10428800affc05f09dfff2e720a7002076ab0020e9
:0842980044ab002048ab0020fc
:020000040000fa
:020000040102f7
:1042a00010b50e4c23789bb9fff7aefc0c4b0d4ab2
:1042b0005a605a6a02f0f8010b4a0a435a620b4be1
:1042c0000b4a0c499a62072008f0f8fe05f07cffc3
:1042d000237801332370002010bd00bf76ab00208f
:1042e00004a7002080841e0001010207d0a6002040
:0842f00049420201d9800001de
:020000040000fa
:020000040102f7
:1042f80037b50546d0f88840d0f8cc0001a907f0ba
:10430800c9fe0198eb7d400ac4f31604a0428abf97
:10431800c0f50000241a2418012b09bf084b0948ce
:104328001868c0f30e0002bf4ff49c73b0fbf3f0a3
:104338000130a04234bf0020012003b030bd00bfcf
:084348006c380141ffff3f004a
:020000040000fa
:020000040102f7
:1043500010b503460c46bab990f8012172b990f82d
:10436000ff1059b9002c14bf0122022280f801214c
:10437000d0f86c01224618b106f0d0ff002010bd25
:104380000146d3f86801f7e7d0f8001111f0ff11ea
:10439000f4d1002c14bf0122022280f8022122460f
:0643a000d0f87001e8e70f
:020000040000fa
:020000040102f7
:1043a60010b5c37d04461bbbd0f8b431b0f85c1021
:1043b6001a88a0f846205a88a0f848209a88a0f8bb
:1043c6004a20da88a0f84c201a89a0f84e20998154
:1043d600598859815968c3f80e105a8201f0f5fac6
:1043e60008b9002010bd082384f8e2300120f9e75f
:0643f60002f05bfef4e79b
:020000040000fa
:020000040102f7
:1043fc00f8b5069c054624b32079e1800f0e67f3cf
:10440c0002002071080c607122b1194604f10800f9
:10441c0007f0bafb032d14d8dfe805f002070b0fe9
:10442c00204604f0c3fd0020f8bd204601f036fc08
:10443c00f9e7204604f0d2fdf5e7204601f052fce6
:06444c00f1e71f20f0e77c
:020000040000fa
:020000040102f7
:02445200882bb5
:020000040000fa
:020000040102f7
:10445400134b01221a801a46136913f0010ffbd182
:104464000f4b4ff401421a801a46136913f4004f9c
:10447400fbd10b4b00221a621a46136913f0200f6a
:10448400fbd1074b00225a621a46136913f0400ffe
:10449400fbd1034b4ff480725a815a60704700bfbe
:0444a40000000142d1
:020000040000fa
:020000040102f7
:1044a80000b583b000230193032200924ff40072f9
:1044b8000b490c48ebf7f2fc012800d0fee70a4b49
:1044c80001930123009300234ff4806207490848b1
:1044d800ebf7e4fcfbf708fc03b05df804fb00bf56
:1044e80074ca020191a802015800002078ca02018a
:0444f800cfd202011c
:020000040000fa
:020000040102f7
:1044fc0003040c4a43f08073136040f2011101393c
:10450c000dd1536813f0800307d05368c3f307230e
:10451c0083420abf53680b461b0c1846704700bffa
:10452c00ede700bf003e0144054b41ea0041196034
:10453c005a681106fcd45a681206fcd5704700bfa5
:04454c00003e0144e8
:020000040000fa
:020000040102f7
:1045500030b5124c124d2379226885b08df80430a5
:104560002b68009293f8280008f0c6fe2b688df89f
:10457000060053f8292fcdf807209b88adf80b30a3
:104580000df10500b4f80530adf80d3007f0c4f8b2
:10459000684603f011fc05b030bd00bf9ca90020a7
:0445a0003caa002011
:020000040000fa
:020000040102f7
:1045a40070b4806805886b1eb3f5fa7f1fd2438808
:1045b4005a1eb2f5fa7f1ad28188b1f5fa7f16d263
:1045c400c488b4f5fa7f12d202890a3a92b240f64c
:1045d4007646b2420bd89d4209d801fb0331b1f5ae
:1045e400fa7f04dca34202d970bc03f0dfbc0320d1
:0445f40070bc7047e0
:020000040000fa
:020000040102f7
:1045f80073b54d89032d06460c461cd10b7c03f080
:10460800bf03122b08d14968a07b04f055ffb8b945
:104618000025284602b070bd2a460df10701fff7b4
:1046280057fc05460028f4d122469df8071030466d
:10463800fcf758ffede708f077fc01308542e7d03a
:044648008025e6e7fc
:020000040000fa
:020000040102f7
:10464c0038b5134b044618680368d2b9a1894f29b1
:10465c0001d8302919d13bb1a589d9898d420dd802
:10466c00e1899b8999420ed2214605f007fd002570
:10467c00237c0bb1f8f74efb284638bd1a461b6855
:10468c00e9e70022e7e70125f2e70125f4e700bf9f
:04469c004caa002004
:020000040000fa
:020000040102f7
:1046a00070b586b004ad0e46adf80e00059500f06d
:1046b000a3ff0446014605a808f0c4fcbdf80e108f
:1046c00005a808f0c5fc317805a808f0bbfc0df181
:1046d0000e03009301950223042241f2054140f2aa
:1046e000011005f0c5f8024b33f8140006b070bd98
:0446f00030f40101a0
:020000040000fa
:020000040102f7
:1046f40070b588b006ad0e46adf80e00059500f015
:10470400c9f80446014605a808f09afcbdf80e1045
:1047140005a808f09bfc318805a808f097fc0df16a
:104724000e03009301950223052240f67b4140f2db
:10473400011005f09bf8024b33f8140008b070bd6b
:0447440030f401014b
:020000040000fa
:020000040102f7
:10474800f0b5040b012c85b005460e4601d106f0e4
:10475800adf8efb20d4b0093c5f30325cde9014544
:104768000397042301220021ee20f4f745f8084bb3
:1047780004f18044013c1b68324653f82430394622
:1047880028469847308005b0f0bd00bf309602013a
:0447980060aa0020f3
:020000040000fa
:020000040102f7
:10479c004b0705d0cb1d23f007030844c01a19465c
:1047ac000b4b002219605a600b18083b23f00703cf
:1047bc000848c3e900225a1ac1e900320360064bcb
:1047cc001a60064b1a60064b4ff000421a60704795
:1047dc00b4a9002080aa00207caa002078aa00207e
:0447ec0074aa00208b
:020000040000fa
:020000040102f7
:1047f00010b590f8fc3004467bb9d4f8c830abb99a
:10480000d4f8d00088b194f8c430022b03d1012130
:104810002046f8f798f8002007e0002380f8fc30e5
:10482000074b1b6898470028e7d010bd94f8b430b8
:10483000022be5d100212046f8f785f8e0e700bf1c
:04484000b0aa0020fa
:020000040000fa
:020000040102f7
:1048440010b50e4c0e49002008f0caf9214601208b
:1048540008f0c6f90b49022008f0c2f90a490320fe
:1048640008f0bef92146042008f0baf9074808f018
:1048740011fc074808f044fc002010bde1d80001f9
:1048840009b50001c9ae00016d440101d11f010148
:044894005db202010e
:020000040000fa
:020000040102f7
:104898007fb506460d4606f0ddf9e0b10368b3f8ca
:1048a80054312b8000242b88cde901630b4b0093f6
:1048b800022201235921ec20f3f79eff44b1084b53
:1048c8000093019401230022ff21ec20f3f794ffc9
:1048d800204604b070bd0224e5e700bfb48c020195
:0448e80042a10201e6
:020000040000fa
:020000040102f7
:1048ec0070b503210546002006f0b6fa044600b365
:1048fc0017230373d5f8b81195f843310a78497822
:10490c00134095f8422183730a40427301462846ae
:10491c00f8f796fbee7d012e0ad1d5f8b831b5f833
:10492c0060201a81617b2846faf74cffa5f86000dd
:04493c00012070bd29
:020000040000fa
:020000040102f7
:1049400030b50d2185b00546002006f08bfa0446ef
:10495000f0b10c2101a8faf733fe01ab03cb05f54a
:104960008972039bc5f812015160c5f81e310423fa
:1049700023731368c4f80d305368c4f81130d5f8a8
:104980001e31c4f8153028462146f8f75ffb012098
:0449900005b030bd81
:020000040000fa
:020000040102f7
:10499400042810b505d0104b1b6893f90430002b84
:1049a40013da0e4c236893f8380040b9196bfef7fc
:1049b4008bf958b10a4841681c30f1f75bf9226859
:1049c40092f83830013382f8383010bd22681378f9
:1049d40043f010031370f2e7d4aa002048ab002080
:0449e40004a7002004
:020000040000fa
:020000040102f7
:1049e80010b5104c00212246084607f09ffa2246cf
:1049f8000021012007f09afa4ff4197008f010fd11
:104a0800094b1860f2f7d0f9002008f0e7fa08f02f
:104a1800ebfa064808f0d6fa0548bde8104008f059
:104a2800cbba00bfb9880201e8aa0020b181010110
:044a3800f5cc0201b6
:020000040000fa
:020000040102f7
:104a3c0030b5054685b0022008f0b3fc0446e0b161
:104a4c0000f110030b2103a8039308f0f5fa0c4bab
:104a5c001b6803a8597808f0effa062300932888fe
:104a6c0000232246022104f03ef8054610b12046f0
:104a7c0008f0c4fc284605b030bd0225fae700bf9b
:044a8c00f0aa00206c
:020000040000fa
:020000040102f7
:104a9000124b024600681860908892799a7133f838
:104aa000042c988042f0020223f8042c53f8082cbe
:104ab0005200a3f577630ed5094ad3f8943f1268e4
:104ac0001278c3f30263da4012f0010f14bf002022
:104ad00002200b70704702200023fae77033014177
:044ae00004ab002003
:020000040000fa
:020000040102f7
:104ae40038b5002005f0f6fe0546012005f0f2fe7b
:104af4004ff6ff710446002001f032fe4ff6ff71bd
:104b0400012001f02dfe4ff6ff71022001f028fe76
:104b140045f4f04189b2002005f0eefe44f01001a6
:104b240089b2012005f0e8fe30210220bde83840ba
:044b340005f0e2bee8
:020000040000fa
:020000040102f7
:104b380070b5002005f0ccfe0646012005f0c8fe41
:104b48000546022005f0c4fe4ff6ff71044600201a
:104b580001f004fe4ff6ff71012001f0fffd4ff652
:104b6800ff71022001f0fafd3146002005f0c2fe77
:104b78002946012005f0befe21460220bde870400e
:044b880005f0b8bebe
:020000040000fa
:020000040102f7
:104b8c0013b50489b4f5706f21d2817ac27a007b97
:104b9c0041ea0203034333f0070318d1adf8004098
:104bac0099b18df802302ab99df8023043f0020316
:104bbc008df80230adf8060068468df803108df8bc
:104bcc00042003f02bf902b010bd0123e9e7032008
:024bdc00f9e7f7
:020000040000fa
:020000040102f7
:104bde0037b590f83830032b054607d1fdf7a7fa05
:104bee00284605f04efb002385f83830012008f0ea
:104bfe00d7fb044698b100f11003192101a80193c7
:104c0e0008f019fa28462246012106f0c5fc054691
:104c1e0010b1204608f0f1fb284603b030bd022546
:024c2e00fae7a3
:020000040000fa
:020000040102f7
:104c30002de9f04104680e46904625461db1ea680c
:104c4000424503d16d691cb9bde8f0812d68f5e7d7
:104c5000237a022b0ed8e36843450bd36069401bcf
:104c600007f070fb237ae768012b014604d01bb1e3
:104c7000022b01d02468e6e7304601f0c5f9f86060
:024c8000f8e753
:020000040000fa
:020000040102f7
:024c8200f52b10
:020000040000fa
:020000040102f7
:104c840013b5114c88b9a378ff2b0ed02379ff2bd1
:104c94000bd10e4b1b6893f8333033b1684607f0e1
:104ca4002dfc6946a07800f0e7fb6078ff2808d067
:104cb400064b196891f82130012b02d9223100f0fa
:104cc400dbfb02b010bd00bf09aa00203caa0020f3
:020000040000fa
:020000040102f7
:104cd40070b5124e05460024336803eb8403d3f801
:104ce4009c310bb1284698470134032cf4d12b781e
:104cf400182b12d84ff4807008f094fb044660b16e
:104d040029464ff4807206f043ff22464ff4807127
:104d14000120bde8704005f095bd70bd3caa00209f
:020000040000fa
:020000040102f7
:104d2400f0b587b003ad06460f460495fdf704ffc2
:104d34000446014604a8adf814608df8167008f016
:104d44007ff9314604a808f081f905ab0093019579
:104d54000423032242f2210140f2011004f086fdf3
:104d6400024b33f8140007b0f0bd00bf30f401016a
:020000040000fa
:020000040102f7
:104d7400f0b587b003ad06460f460495fdf70eff68
:104d84000446014604a808f05bf9314604a808f07b
:104d94005df905ab009301950423032240f67c41a1
:104da40040f20110adf81460adf8167004f05efd29
:104db400024b33f8140007b0f0bd00bf30f401011a
:020000040000fa
:020000040102f7
:104dc4002de9f0410f4c2378074688461bb1002497
:104dd4002046bde8f08106f045fd054606f0fcf9e5
:104de400094b1860094b01461e68207843463a4631
:104df400b0470446284605f0a3fd002ce7d0f7f79a
:104e040001f9e5e76fab002090aa002094aa0020e6
:020000040000fa
:020000040102f7
:104e140030b585b0104b0093cde901010123022286
:104e240005460c46ec201121f3f7e8fc07f000ffdf
:104e34000a4b38b118682946043008f031f930b902
:104e4400422007e01868f021043008f029f980f8be
:104e5400fe40002005b030bdd8930201b4aa002062
:020000040000fa
:020000040102f7
:104e640038b590f8e230112b05460c4601d0032bdf
:104e740002d1d5f8b40130b995f8e430112b0fd133
:104e8400d5f8b80158b1637803736388c381a388e4
:104e94000382e3884382238983826389c38238bd82
:104ea400002bfcd13020f4f7f3fec5f8b801e9e794
:020000040000fa
:020000040102f7
:104eb40037b5104b104d0190009304460123022294
:104ec4003121ec20f3f79afc2b68db6f984720b96b
:104ed4002b6883f82e4003b030bd0c24074b00939d
:104ee400ec20019401230022ff21f3f787fc2046e4
:104ef400f1e700bfe2b50201dcaa0020e6bf02012f
:020000040000fa
:020000040102f7
:104f040038b5124c002023687bb11a6872b9c4e921
:104f140000241a7a5207a3f104050fd422681a60f8
:104f240042b962685a601360636038bd54601a689d
:104f34002260eee75c6023605360f6e7284603f0e6
:104f44009ffc284608f070fa0120dce7dca9002069
:020000040000fa
:020000040102f7
:104f540010b5f1f70bfc0446b0b902f019fd0b4a89
:104f6400137899070ad443f0020313700849094bd4
:104f7400094a0a4807f00cf807f076f803f06afdce
:104f8400044608b907f07cf8204610bd79ab002030
:104f9400cdc60201b51c0201d1790201d5b90201c5
:020000040000fa
:020000040102f7
:104fa40070b5436f88b004460e464bb103ad4ab1a9
:104fb400cde903012b46082206210220fdf760fb00
:104fc40008b070bd4ff4001190f8500005f022f9bc
:104fd400236f8df81460cde9033408ab13e90300a3
:104fe4008de80300022095e80e00646fa047e7e710
:020000040000fa
:020000040102f7
:104ff40010b50446242008f015fa0146e0b1024633
:105004000a2302f8143b0d4b1b68986850f8403f84
:105014004b614368536083689360c368d3602368bb
:105024004b6063688b60a368cb60e3680b612420ea
:10503400bde8104008f02ab910bd00bff0aa002056
:020000040000fa
:020000040102f7
:10504400f0b587b00f4602ac014601a81d461646ce
:10505400019408f001f8394601a807f0fdff314634
:1050640001a807f0f9ff294601a807f0f5ff6b0432
:1050740042bf064b01221a704ff48031234610229e
:105084000020fdf7fdfa07b0f0bd00bf7fab0020a4
:020000040000fa
:020000040102f7
:1050940084b01fb5022807ac84e80e000dd00328a5
:1050a40012d028b90b9b009394e80f00f3f766f92c
:1050b40004b0bde8104004b070470b9b009394e823
:1050c4000f00f6f78dfdf3e7079b0393042203ab70
:1050d40002490120fdf7d4faeae700bf0307010102
:020000040000fa
:020000040102f7
:1050e40070b5e8b10546a0fb0132e2b901fb00f05e
:1050f40010f14d0f19d80c464c30f0f7f9ff064665
:1051040078b114b100f14c0300e003463360f56359
:10511400346401213046f8f71dff0023b36400e036
:0e5124000026304670bd0026fbe70026f9e7a6
:020000040000fa
:020000040102f7
:1051320000f5997200f5857110b5044600f591707d
:10514200f4f70dfe04f1f5020023c4f8f5301371f3
:1051520004f1fa02c4f8fa301371e17d41b903f0a7
:105162007f0284f8fe2063f07f0384f8f93010bddb
:0e51720063f07f0284f8fe2003f07f03f5e770
:020000040000fa
:020000040102f7
:10518000434f4e4e3a4c6c6370204c6f63616c2001
:1051900046696e6973682c50726f636564757265d9
:1051a0003d3078257800434f4e4e3a4c6c6370206a
:1051b00052656d6f74652046696e6973682c507214
:0d51c0006f6365647572653d307825780079
:020000040000fa
:020000040102f7
:0351cd006040300f
:020000040000fa
:020000040102f7
:1051d00008b5104b5b8b13f0070300d108bd0e4ad6
:1051e000d3870c4b80221a7607225a831b7e13f03a
:1051f000040f05d0074b9a6a1a7e12f0040ffad1f9
:10520000054b1b6a002be9d0034b596a1b6a02202d
:0c5210009847e3e7000c004000fc012080
:020000040000fa
:020000040102f7
:10521c0010b50f4b1a6842f47f021a601a6842f0fc
:10522c007f421a600024043b1c60f5f7cdfb094b50
:10523c001c6007f0f1f8084a136843f04043136010
:10524c0004f07cfef8f78cf805f0e1fe204610bd6a
:0c525c0020ed00e08cab002034ef00e0ff
:020000040000fa
:020000040102f7
:1052680070b5104c104e4ff0805505e008f027f847
:1052780004f07afe04280ad800f082fca368012b07
:10528800f4d93560bff34f8fbff36f8feee707f0a8
:10529800d9f804f069fe042801d9e7f76fffeff7a2
:0c52a8001bffe9e740fd012004ed00e0e1
:020000040000fa
:020000040102f7
:1052b40010b584682078831e012b1ad9012806d1e1
:1052c40094f90630002b13da601c02f0fffd0a4b40
:1052d40021681a68c2f8211002f12103a2889a8079
:1052e400a2799a71214611f8010b06f0adfa00205b
:0c52f40010bd0120fce700bf3caa002018
:020000040000fa
:020000040102f7
:1053000010b5fcf70dfda8b101f072ff0a49044683
:10531000042006f0dffd0949002007f03bff084ba1
:10532000084a1b685a60084b1b684ff0f7121a6155
:10533000204610bd0424fbe759c702010077020193
:0c534000f4aa0020f1fd01014caa00209d
:020000040000fa
:020000040102f7
:10534c00012837b50c4614d9013801aa694680b238
:10535c0003f09cfd70b1009d0b492868022206f0f9
:10536c0005fc70b96b68122c1b7805d113f0080f73
:10537c0000d1032003b030bd522cfbd113f0040f2d
:0c538c00f6e70020f6e700bf9ed4020107
:020000040000fa
:020000040102f7
:1053980070b586b003ad06468df812100595adf8c8
:1053a8001000faf78df90446014605a807f046fef5
:1053b800314605a807f048fe04ab00930195042385
:1053c800032242f2790140f2011004f04dfa024b37
:0c53d80033f8140006b070bd30f4010181
:020000040000fa
:020000040102f7
:1053e40030b587b004adadf80e000595fdf748ff64
:1053f4000446014605a807f023febdf80e1005a8d3
:1054040007f024fe0df10e030093019502230322fd
:1054140042f21b0140f2011004f028fa024b33f867
:0c542400140007b030bd00bf30f40101df
:020000040000fa
:020000040102f7
:10543000f0b585b002ad0e460746039503f04cfe6d
:105440000446014603a807f0fdfd397803a807f0dc
:10545000f9fd317803a807f0f5fd002300930195cd
:10546000032242f24b0140f2011004f001fa024b18
:0c54700033f8140005b0f0bd30f4010169
:020000040000fa
:020000040102f7
:10547c0030b50c4687b00546fbf7d0fb2368cdf85a
:10548c001130a388adf815300df10f03019304ab67
:10549c008df80f00009301221c2342f2350140f2db
:1054ac0001108df8105004f0ddf99df80f20024b1f
:0c54bc0033f8120007b030bd30f40101dd
:020000040000fa
:020000040102f7
:1054c80000b50f4a89b0106851686b4603c39068ed
:1054d800d16803c3136904930a4b0b4a53f8010fad
:1054e80005909b88cdf81a0004a96846adf81830d5
:1054f800adf81e30f4f730fc09b05df804fb00bfce
:0c55080004c60201f4a9002020a9002024
:020000040000fa
:020000040102f7
:1055140010b5104b1a68824219d35c681919884275
:1055240001bf416818460919596041684418a242ec
:1055340008d1094c2468a24204d052680a4442604b
:105544001a6812680260984218bf186010bd1346aa
:0c555400e0e700bfb4a9002080aa0020fe
:020000040000fa
:020000040102f7
:1055600010b5046894f8f8300bb900201ae0002355
:1055700084f801310c4b1b685b687bb994f84710c9
:105580002046fbf72df8d4f8680106f031fad4f87c
:105590006c010028e9d006f02bfae6e72046984790
:0c55a0000028ebd010bd00bfb8aa00200e
:020000040000fa
:020000040102f7
:1055ac0000b590f8e230082b93b001d0032b02d158
:1055bc00d0f8b4310bb9d0f8b8318df8041041f2f1
:1055cc002302adf800200288adf806205a89adf808
:1055dc0008206846d3f80e205b8acdf80a20adf877
:0c55ec000e3003f015f913b05df804fb5d
:020000040000fa
:020000040102f7
:1055f80013b50c4605f02efbc8b1036893f92c309f
:10560800237000240b4b0093022201233d21ec2040
:10561800f3f7f2f844b1084b0093019401230022f8
:10562800fd21ec20f3f7e8f8204602b010bd022473
:0c563800e8e700bfe4cc0201eaaf020189
:020000040000fa
:020000040102f7
:1056440070b50468e66805462046fef7cffd16b13e
:10565400304606f056fb0021204604f062ff01218b
:10566400204604f05eff18b181b2204604f06cffbe
:105674000420fdf795fe2846f8f798f8208802f0f4
:0c56840059fd2846bde8704000f0e0bc75
:020000040000fa
:020000040102f7
:1056900030b5114c2368d3f8083289b00546cbb138
:1056a0005a6fbab193f850004ff4001104f0b4fdf2
:1056b00023688df81450d3f80842236fcde90334e2
:1056c00008ab13e903008de8030003ab0ecb646f56
:0c56d0000220a04709b030bde8aa00206d
:020000040000fa
:020000040102f7
:1056dc0070b5114b196805460022540021fa04f6e6
:1056ec00b607d0b213d1ff2d02bf9a7842f0010257
:1056fc009a704ff0030202fa04f51a680cbf0321ea
:10570c00012122ea0502a1400a431a6070bd013250
:0c571c00082ae2d11046f9e700ab00209b
:020000040000fa
:020000040102f7
:1057280010b527220c4601460d4806f02ffa0d4bfe
:10573800d3f8682f64f31242c3f8682fd3f8682fa0
:1057480042f48012c3f8682fd3f8682fd202fbd432
:10575800054a01231178a3401943c9b2117010bd3d
:0c5768007033014100240141683301410d
:020000040000fa
:020000040102f7
:10577400114bd3f8682f60f31242c3f8682fd3f8a3
:10578400702fc2f307220a70d3f8702fc2f30742b6
:105794004a70d3f8702fc2f307628a70d3f8742f5b
:1057a400ca70d3f8742fc2f307220a71d3f8743f76
:0c57b400c3f307434b7170470024014110
:020000040000fa
:020000040102f7
:1057c00008b50f4bd3f8682f42f40012c3f8682fc6
:1057d000d3f8682f9202fbd40a4a0b4900231370b6
:1057e0000a68012013700a681a440133082bd0702c
:1057f000f9d1f4f73dfe0b6800229a7008bd00bf96
:0c580000002401416833014104ab00208a
:020000040000fa
:020000040102f7
:10580c0008b561b90e4b1a6802f01f02102a4ff04e
:10581c00010313d80b4903fa02f2114071b10a21aa
:10582c00407e03f0c5f8084b1a6842f010021a606b
:10583c001a6842f002021a60002008bd1846fce704
:0c584c00583801414ce00100203a0141b5
:020000040000fa
:020000040102f7
:10585800104b1a68100241bf0f490a8842f008022b
:105868000a801a68510241bf0b490a8842f00402b3
:105878000a801a68920241bf07490a8842f0020268
:105888000a801b68db0241bf034a138843f0010307
:0c589800138070470c3a0141303a014186
:020000040000fa
:020000040102f7
:1058a40001f000428b1aa3f16051b1f5801f0adbad
:1058b400b1f17f6f09d242eac102c10071f1004126
:1058c40042eb507070471046704701285b4113f556
:1058d400001f02d842f0ff407047c90041ea5070ef
:0c58e400104340f4800040f0804070470a
:020000040000fa
:020000040102f7
:1058f000474154543a457674207263762c6e6f207b
:105900006672656520636f6e6e00474154543a4578
:105910007674207263762c6e6f20617661696c20dc
:10592000636f6e6e2c68646c3d3078253034782c53
:0b5930006576743d3078253032780039
:020000040000fa
:020000040102f7
:10593c0037b5828a05462ab100f11601f9f752f8fb
:10594c000023ab82012007f02cfd044698b100f136
:10595c001003132101a8019307f06efb2846224681
:10596c00012105f01afe054610b1204607f046fd50
:0a597c00284603b030bd0225fae70b
:020000040000fa
:020000040102f7
:105986004144563a747970653d307825782c7365b4
:105996007449643d30782578004144563a43523d77
:1059a60030782578004144563a4c696e6b2065780c
:1059b60069737421004144563a4c696e6b732072c8
:0a59c60065616368206d61782100bf
:020000040000fa
:020000040102f7
:1059d00010b50b210446002005f044fae0b1d4e9eb
:1059e0006d2394f8e410082918bf13462722027388
:1059f0005a89a0f80d209a89a0f80f20da89a0f81a
:105a000011201a8aa0f813205b8aa0f815300146ed
:0a5a10002046f7f71bfb012010bd34
:020000040000fa
:020000040102f7
:105a1a0038b590f8e230082b05460c4601d0032b26
:105a2a0002d1d5f8b40140b995f8e430a3b91420ed
:105a3a00f4f72bf9c5f8b80170b1b4f80130438115
:105a4a00b4f803308381b4f80530c381b4f8073061
:0a5a5a000382b4f80930438238bd1e
:020000040000fa
:020000040102f7
:105a64007fb5054602200e4607f09ffc0446d0b1e0
:105a740000f110030e2103a8039307f0e1fa314665
:105a840003a807f0ddfa06230093288800232246a2
:105a9400022103f02cf8054610b1204607f0b2fcb1
:0a5aa400284604b070bd0225fae7a1
:020000040000fa
:020000040102f7
:105aae00f8b5064608460f46144607f0d4fc0546e0
:105abe00384607f081fc021992b20523002040f20d
:105ace00e1418a4206d9a2f2e242013592b225f0b4
:105ade0070450130013bf4d13378b56023f00c03ef
:0a5aee0043f00c03b2803370f8bde2
:020000040000fa
:020000040102f7
:105af800104b19680a1f1c3113e08a420ad052f869
:105b0800043f002bf9d0dc78012cf6d11c888442a4
:105b1800f3d100e0002318465df8044b70478a4231
:105b280005d052f8043f002bf9d010b4ebe700235e
:085b38001846704728aa00205e
:020000040000fa
:020000040102f7
:105b4000f8b507464088fff7d7ff40b1837f3b7128
:105b50000b4b1b7893b100240a4e094d06e0082335
:105b6000f5e701342a78e3b29a4207d9e3b256f84e
:105b70002330002bf5d038469847f2e7f8bd00bf38
:085b80000000002004000020d9
:020000040000fa
:020000040102f7
:105b880038b5104b9b6fdbb10e4c05f063fad4f8b7
:105b98008830dd68281d05f0c8f8d4f89030013b3e
:105ba800c4f89030a36f013ba36706f041fc286b53
:105bb800f8f7bcfd2846f8f7b9fda36f002be4d130
:085bc80038bd00bf40fd0120c3
:020000040000fa
:020000040102f7
:105bd000d7d202013512020171a702014516020156
:105be0004da702018d4b020111c2020155ad020108
:105bf000d9c40201c5c40201fbc10201e9ce020100
:105c000065940201c19f020143a40201456502019e
:085c100029a70201ddee0101ec
:020000040000fa
:020000040102f7
:105c180038b50c4603f0ecfa0546b8b1a3780b2b5f
:105c28000ed1c27c12f00a0f12d02146284631f854
:105c3800032bfdf78ffd11280cd000b9e87438bd8f
:105c48000d2b05d1c27c12f00c0fede70320f6e70f
:085c58000120f4e70220f2e74d
:020000040000fa
:020000040102f7
:105c60007fb50d461446064603f0b2fe0df10b0358
:105c7000019303ab8df80b0000930122032342f242
:105c8000310140f201108df80c608df80d508df847
:105c90000e4003f0edfd9df80b20024b33f812008f
:085ca00004b070bd30f40101f5
:020000040000fa
:020000040102f7
:105ca80070b50379044603f0070505f0d9fd002314
:105cb80023600a4b03ebc5035a6814605c6004f068
:105cc8003dfe074b1b682bb1064a5b691068bde8af
:105cd80070401847bde8704007f0bdba30a90020f1
:085ce80068aa00206caa00204c
:020000040000fa
:020000040102f7
:105cf00070b50379044603f0070505f0b5fd0023f0
:105d000023600a4b03ebc5035a6814605c6004f01f
:105d100019fe074b1b682bb1064a1b691068bde8ca
:105d200070401847bde8704007f099ba30a90020cc
:085d300068aa00206caa002003
:020000040000fa
:020000040102f7
:105d380070b50e4d0e4eab6803b970bd05f090fd01
:105d4800ac682368ab600bb90a4beb6004f0f6fd56
:105d58006379204656f82330984794f90430002b8d
:105d6800e9db204602f0a0fce4e700bf30a90020f0
:085d780028a8002038a9002032
:020000040000fa
:020000040102f7
:105d8000c10606d5103880b20d2818d80d4b185c06
:105d9000704710f0010f00f0040304d0002b14bf73
:105da000072006207047820704d5002b14bf0b2064
:105db0000a207047002b14bf0920082070470020dc
:085dc000704700bf00ce020194
:020000040000fa
:020000040102f7
:105dc8004144563a486f7374204348432c43684d06
:105dd80061703d253032785f253032785f2530326a
:105de800785f253032785f25303278004144563a62
:105df8004f4f4d28486f73742043684d617020558c
:085e080070646174652921003a
:020000040000fa
:020000040102f7
:105e100070b5044690f8ed0010f004000e461546eb
:105e200010d00321002005f01df8014608b900201c
:105e300070bd11230373467385732046f7f706f987
:105e40000120f5e7022105f00df801460028eed00b
:085e50000d2303734573f0e715
:020000040000fa
:020000040102f7
:105e580038b503210546002005f000f8d8b116230f
:105e6800037395f84231437395f8433183730146c0
:105e78002846f7f7e7f8ec7d012c0bd1d5f8b431bb
:105e8800b5f860201a8195f842112846f9f79cfc6c
:085e9800a5f86000012038bdef
:020000040000fa
:020000040102f7
:105ea00030b5cc89b4f5fa7f1cd24b895a1eb2f5b5
:105eb000fa7f17d20a8ab2f5fa7f13d2934211d928
:105ec000498aa1f10a0292b240f67645aa4209d85f
:105ed000428f534304fb0333b3eb810fb4bf012064
:085ee000002030bd0020fce7aa
:020000040000fa
:020000040102f7
:105ee80013b50f4b1b680446bbb11a7860f3c302a5
:105ef8001a7070b9ff20fdf751fa0a4b0093ec2095
:105f08000194012302223d21f2f776fc002002b021
:105f180010bdff20fef73afdefe70c20f7e700bfc2
:085f280048ab0020c2c90201d0
:020000040000fa
:020000040102f7
:105f3000f8b5144606460f4f084606f05bf87b6836
:105f4000621e024493423fbf1b1a01339bb2e41a04
:105f50003abfa5b21c46002501462246304605f050
:105f600019fe35b12a4639683019bde8f84005f008
:085f700011bef8bd98a8002045
:020000040000fa
:020000040102f7
:105f780070b58eb0044608ad18220021284606f0f8
:105f880037fc94f850004ff4800104f041f9236f76
:105f98000595cde9033406ab93e803008de80300cb
:105fa80003ab0ecb666f0120b0470122294620467d
:085fb800eaf706fb0eb070bd14
:020000040000fa
:020000040102f7
:105fc00070b54378c56dc1666ff3820343700023db
:105fd00083660c4b1b681646012283f84022044658
:105fe000ebf7defc20b96378e56543f004036370ea
:105ff00000252046c4e91a652946f8f7cbfd284656
:0860000070bd00bfe8aa0020fa
:020000040000fa
:020000040102f7
:1060080030b5c0f30802c1f308041319490ab3f5ff
:106018009c7f01eb50210b4d0add6ff49c73e01857
:106028004b1c1044ab4280b209d840ea432030bd33
:10603800a94298b20b46f8d9a1f50003f5e74b1b26
:08604800f3e700bfffff7f003a
:020000040000fa
:020000040102f7
:1060500070b5104e346805464cb9cdb12868b8b15a
:1060600007f0e4f92846bde8704007f0dfb9a368ff
:10607000ab4209d1d4e9002342b15360d4e90023f3
:1060800020461a6007f0d2f92468e5e77360f5e767
:0860900070bd00bfe4a900206f
:020000040000fa
:020000040102f7
:1060980010b50446082007f0c3f90146c8b1032328
:1060a8000370238883800b4b1a681378022b0ed158
:1060b800e36d93f8e63013f0100302d05378c3f37e
:1060c80000138b710820bde8104007f0ddb80023ed
:0860d800f7e710bdf0aa00205b
:020000040000fa
:020000040102f7
:1060e000104a037811785b1a5bb203f11c010e2988
:1060f0000ad8dfe801f01515151515091313130952
:1061000011090f090800f323037003781278134470
:1061100003707047f123f7e7ef23f5e7ed23f3e78b
:08612000e923f1e762ab002066
:020000040000fa
:020000040102f7
:1061280010b5d0f8dc20d2b1d0f8d830bbb10c48cb
:10613800016892b262f31f4101600a4942320c6859
:1061480092b262f31f440c6002689bb263f30f02c1
:1061580002600a68ff339bb263f30f020a6010bd46
:086168004834014150340141ab
:020000040000fa
:020000040102f7
:1061700010b50d4c2c220021204606f03dfb0b4aa9
:106180000121002005f0d6fe00213022084806f04b
:1061900033fb084be36106f0fbfe002100b2bde8d3
:1061a0001040e9f7afbb00bf94a7002031a3020164
:0861b00038a70020b90a020122
:020000040000fa
:020000040102f7
:1061b80084b013b5012805ac84e80e000ed030b1c8
:1061c800022812d002b0bde8104004b07047099b05
:1061d800009394e80f00edf71ff9f3e7099b00938c
:1061e80094e80f0003f064f8ece7099b009394e847
:0861f8000f00f8f79dfde5e73b
:020000040000fa
:020000040102f7
:1062000037b50468a36f002b054610da5b000ed586
:1062100000f0ecfaa36f23f00043a36703f05cffe8
:1062200001ab0422074901950120fcf72bfa00f08d
:10623000ddfaa36f23f08043a36703f04dff03b0a3
:0862400030bd00bf5404010150
:020000040000fa
:020000040102f7
:1062480010b50446002006f0a9fc002006f09efccc
:10625800122c12d002d8112c08d010bd213c022ccf
:10626800fbd8084b4ff4a5711a6802e0054b1a6871
:10627800d82161f30f021a60efe7024b7c211a68fc
:08628800f7e700bf6434014197
:020000040000fa
:020000040102f7
:10629000062937b505460c4606d000231a4619468e
:1062a000f7f7a2fe03b030bd043201a90df10200e0
:1062b000019205f0c3ff204607f0b6f8014600281a
:1062c000f0d001230370bdf8023045808380204662
:0662d00006f0b6ffe6e750
:020000040000fa
:020000040102f7
:1062d60037b50d46144603f0bafbd0b180f85250dc
:1062e6002378c3f3000380f8563023780024c3f3e1
:1062f600400380f857308df80440012380f8583069
:106306000388adf8063001a806f0f9fc204603b074
:0663160030bd0320fbe78f
:020000040000fa
:020000040102f7
:10631c0038b5437ad907054601d4002038bd827ab6
:10632c00d207fad513f00c0f10d0002444724ff49e
:10633c00827007f073f80028efd0102202702a88c0
:10634c0082808471042103f0b1ffe6e743f004037b
:06635c0043721220e2e78b
:020000040000fa
:020000040102f7
:10636200544d522c5374617274206e756c6c20699a
:106372006e7075740051554555452c52656d6f769a
:106382006520656d707479206c6973740051554590
:1063920055452c52656d6f766520656c6d20696e72
:0663a20076616c696400e5
:020000040000fa
:020000040102f7
:1063a8007fb5054641200e4606f0fdff0446c0b104
:1063b8000c2100f110030deb0100039306f03efee3
:1063c80040223146039805f0e1fb0623009322465c
:1063d80000234121288802f088fb10b1204607f0ed
:0663e8000ff804b070bdc7
:020000040000fa
:020000040102f7
:1063ee0010b50446c06d10215f30f9f7e2f8e06d8c
:1063fe0010214f30f9f7ddf8e06d0821b230f9f7d2
:10640e00d8f8e06d0221b030f9f7d3f8e378e06dfb
:10641e0010212bb900f5e070bde81040f9f7c9b8ae
:06642e0000f5c070f8e764
:020000040000fa
:020000040102f7
:1064340038b50f4b1b688bb100240d4d2b6853f8f6
:10644400240000f073fc0134082cf7d12c22002125
:10645400074b186806f0cef9012038bd2c2006f051
:1064640024ff034b18600028f0d10020f5e700bf9b
:0464740028aa002032
:020000040000fa
:020000040102f7
:1064780010b50f4b1b688bb10d4b1c682c220021eb
:10648800204606f0b5f9234604f12000002200bf9b
:1064980043f8042b8342fbd1012010bd2c2006f0c9
:1064a80002ff034b18600028e6d10020f5e700bf83
:0464b8002caa0020ea
:020000040000fa
:020000040102f7
:1064bc00064b1880023b198004331a6842f4801290
:1064cc001a601a68d202fcd4704700bf0230014136
:1064dc00064b188002331a6842f480221a601a683c
:1064ec005203fcd4024b186880b270470230014151
:0464fc002830014102
:020000040000fa
:020000040102f7
:10650000f8b50f4d2e68002406f5087353f8247073
:106510008fb9162006f088ff883446f824002b68cf
:1065200053f8240018b11622394606f065f92b6895
:1065300053f82400f8bd0134082ce7d10020f9e716
:046540003caa002051
:020000040000fa
:020000040102f7
:1065440037b584682588b5f5706f19d2284602f0ee
:1065540059fca8b1a3788df80230e3788df80330a4
:1065640023798df8043063798df805306846e38823
:10657400adf80050adf8063000f08cf803b030bd33
:046584000320fbe70e
:020000040000fa
:020000040102f7
:1065880008b50b49032006f0c9fa0a4b1a680a4bea
:10659800c2f87c31094b4ff0ff31196019710021a5
:1065a8001970074bc2f87431bde8084006f008b806
:1065b8001cb102013caa002081b0010109aa0020f7
:0465c800854c0201fb
:020000040000fa
:020000040102f7
:1065cc00c18a0201b5520201a9d3020101d3020111
:1065dc00e9d202019dd30201bf2e020161b8010173
:1065ec00d9e8010137d202012dd20201f1d2020108
:1065fc00f5d30201bbcd0201a5450201f5ce020186
:04660c0097d302011d
:020000040000fa
:020000040102f7
:1066100030b585b00c460546fdf73afd0df10b038c
:10662000019303ab8df80b0000930122042340f289
:10663000064140f20110adf80c508df80e4003f009
:1066400017f99df80b20024b33f8120005b030bd4e
:0466500030f4010120
:020000040000fa
:020000040102f7
:1066540030b585b00c460546f1f714f80df10b037f
:10666400019303ab8df80b0000930122042342f243
:10667400770140f20110adf80c508df80e4003f094
:10668400f5f89df80b20024b33f8120005b030bd2d
:0466940030f40101dc
:020000040000fa
:020000040102f7
:10669800f0b585b002ae054607880396eef782fc92
:1066a8000446014603a806f0c9fc394603a806f0cb
:1066b800cbfccde900560823032242f2780140f2d0
:1066c800011003f0d1f8024b33f8140005b0f0bd07
:0466d80030f4010198
:020000040000fa
:020000040102f7
:1066dc001fb50146044604f11703e21d11f8010b26
:1066ec00eff71afe0df10f038df80f00cde9004303
:1066fc000122272342f2270140f2011003f0b2f8e5
:10670c009df80f20024b33f8120004b010bd00bfef
:04671c0030f4010153
:020000040000fa
:020000040102f7
:10672000f0b585b002ad0f4606460395e4f770f864
:106730000446014603a806f085fc397803a806f054
:1067400081fccde900651c23022242f2360140f2b1
:10675000011003f08df8024b33f8140005b0f0bdc2
:0467600030f401010f
:020000040000fa
:020000040102f7
:1067640030b90a4b1a681980094909681a807047b8
:10677400012804d1074b1a6819800749f5e7022854
:10678400f5d1064b1a6819800549eee7303f0141ff
:10679400403f0141343f0141443f0141383f014101
:0467a400483f014128
:020000040000fa
:020000040102f7
:1067a80038b50d4d01222a700c4a1468230608d505
:1067b80006f020fc08b101f08ff8edf7fdf824f0a1
:1067c800800424b1064b1b680bb12046984705f09e
:1067d800b9fb00232b7038bd73ab0020103f01417b
:0467e800a8aa00203b
:020000040000fa
:020000040102f7
:1067ec000e4b1a78b2b90e4a4ff00041c2f8801025
:1067fc00bff34f8fbff36f8f0121c2f88410bff32b
:10680c004f8fbff36f8f4021c2f88410bff34f8faf
:10681c00bff36f8f1a7801321a70704772ab002079
:04682c0000e100e0a7
:020000040000fa
:020000040102f7
:1068300010b504210446002004f014fbc8b106235f
:1068400084f8e23023230373d4f8443133f8172f4c
:10685000a0f80d209b78c373d4f844311a7e197cbc
:10686000d20962f34511197401462046f6f7eefb92
:04687000012010bd36
:020000040000fa
:020000040102f7
:1068740010b5044678b10d490d4a0b681807fcd1d0
:106884001368db06f9d1fff7afff0120fcf7d7fe51
:1068940004f0f6ff06e0fff7a7ff04f063f82046d4
:1068a400fcf7cdfebde8104003f014bc5c38014198
:0468b400583801410e
:020000040000fa
:020000040102f7
:1068b80038b5c36d5a78022a044618d193f8e430e3
:1068c800022b14d10a4b1b681b78022b0fd008200f
:1068d8000d7806f0a5fd014648b109230370238809
:1068e80083808571bde83840082006f0cdbc38bdee
:0468f800f0aa0020e2
:020000040000fa
:020000040102f7
:1068fc0010b4c36d0e4a93f8e730102b0c4603d13d
:10690c0011688978102910d012689078834289bf59
:10691c00c0f11002e018001900219cbfc3f1100255
:10692c0000215df8044b05f061bf5df8044b704726
:04693c00f0aa00209d
:020000040000fa
:020000040102f7
:1069400070b50546c06d18b106f070fd0023eb650b
:106950000b4e3268002402f12c0300bf53f82420b0
:10696000aa4208d1284606f061fd336803eb84048f
:106970000023e36270bd0134082cefd1fae700bfb9
:04698000f0aa002059
:020000040000fa
:020000040102f7
:1069840038b5012003f07af8044678b10b4806f0d4
:10699400bff9054658b9022384f85330084c2068df
:1069a4001030f1f71bfb236883f8285038bd2046cc
:1069b4000821bde83840f7f7c5bc00bfc96902012a
:0469c400f0aa002015
:020000040000fa
:020000040102f7
:1069c80070b50646022003f057f8044690b100f16e
:1069d800120540223146284605f0d8f8a378092b3d
:1069e80009d12046fcf758fe29462046fff7d8fc77
:1069f8000a23a37070bd0b2bfcd12046bde8704064
:046a0800f0f7d6ba13
:020000040000fa
:020000040102f7
:106a0c0010b50378022b04461bd1807804f0a0fb50
:106a1c00a08806f081faa3792bb1e389a289618958
:106a2c002089f0f7b1fd06f0b3fa0d2809d9237cc3
:106a3c000bb1f3f7bffa637c1bb1bde81040f8f75c
:046a4c0017b810bdaa
:020000040000fa
:020000040102f7
:106a500038b505464ff4827006f0e6fc0446c0b136
:106a6000e87a800006f0e0fc606090b112232370a9
:106a70002b882381ea7aa272e968920005f08af8ed
:106a80002046042103f018fc6068bde8384006f099
:046a9000cdbc38bd84
:020000040000fa
:020000040102f7
:106a94000e4b024600681860908892799a7133f818
:106aa400042c988042f0020223f8042ca3f57763a7
:106ab400d3f8683f5b0041bf054b186808609b88aa
:106ac40046bf8b8000201f20704700bf70330141f8
:046ad40098330141b1
:020000040000fa
:020000040102f7
:106ad8002de9f0410e4e002400f117074ff027086a
:106ae80035682b78e340db070ad508fb04501022f1
:106af8003946223005f03cf8003018bf0120a87054
:106b080033689b7813b90134082ce9d1bde8f081ca
:046b180004ab0020aa
:020000040000fa
:020000040102f7
:106b1c0038b50e4c2278824205460ad002280ad19a
:106b2c000b4b198821f0070141f001016d2001f098
:106b3c0089fb257038bd022a01d0ff2af9d1044bfc
:106b4c00198821f007010904090cefe77eab00203e
:046b5c0064ab002006
:020000040000fa
:020000040102f7
:106b6000f0b587b00f4602ac014601a816461d4697
:106b7000019406f073fa394601a806f06ffa31461f
:106b800001a806f06bfa294601a806f067fa234629
:106b9000102203490020fbf775fd07b0f0bd00bfd0
:046ba00000070100e9
:020000040000fa
:020000040102f7
:106ba400122811d004d811284ff0010005d07047e5
:106bb400213802280ed901207047094b1a8860f346
:106bc40083021a8000207047054b1a88022161f362
:106bd4008302f6e7024a138843f00c031380f1e7bb
:046be400c034014177
:020000040000fa
:020000040102f7
:106be8000e4b0f4a196812680878c2f3403262f3f4
:106bf800861008701a6811786ff30101117019680e
:106c08000a7842f008020a701a682021d1701a68be
:106c1800d17841f66a034b431363704748ab0020b1
:046c280038380141b6
:020000040000fa
:020000040102f7
:106c2c0010b503780b2bc2b0044617d1808802f044
:106c3c00e5f840b105238df8083002a8a388adf81b
:106c4c000a30fef741f800220434019200940c2320
:106c5c0040f23e514ff4827002f004fe012042b02b
:026c6c0010bd59
:020000040000fa
:020000040102f7
:106c6e0090f86c30d9070ad5826f42f08042826765
:106c7e00da43c2f3c01262f3c71380f86c3090f897
:106c8e006c309a0741bf0222027783f04002c2f3b2
:106c9e0080124bbf62f38613012380f86c300377aa
:026cae0070472d
:020000040000fa
:020000040102f7
:106cb00010b5054c227832b9044b13b10448aff338
:106cc00000800123237010bd48a8002000000000b0
:106cd0000000000008b5034b1bb103490348aff3a4
:106ce000008008bd000000004ca80020000000004b
:020000040000fa
:020000040102f7
:106cf00010b504460378013b032b06d8dfe803f008
:106d0000020c10144068e2f7a8ff204605f03efa96
:106d1000606806f0d0fa10bd4068e7f76afaf4e759
:106d20004068f1f788fcf0e7406805f09ffdece76c
:020000040000fa
:020000040102f7
:106d3000d8b138b504460d4b1a68136898420ad08a
:106d4000043201231d4652f8041ba14204d0013332
:106d5000082bf7d138bd0025204606f0acfa034bce
:106d60001b68002243f82520f4e7704728aa00207a
:020000040000fa
:020000040102f7
:106d70000e4bd3f8d43093b90c4bd3f8003183b910
:106d80000a4bd3f8f83073b9084ad2f89030013b77
:106d9000d2f89800984214bf0120022070470020ca
:106da0007047002070470020704700bf40fd012061
:020000040000fa
:020000040102f7
:106db000d8b1034679b130b40d684c688868c968a9
:106dc000c3f8f850c3f8fc40c3f80001c3f804113d
:106dd000002030bc70470020c3f8f800c3f8fc0066
:106de000c3f80001c3f8040170476ff0ac007047ae
:020000040000fa
:020000040102f7
:106df0007fb58df80f00e7f75ffe0df117030193e4
:106e00000df10f038df8170000930122202342f2a9
:106e10000a0140f2011002f02bfd9df81720034bf0
:106e200033f8120007b05df804fb00bf30f4010135
:020000040000fa
:020000040102f7
:106e30001fb58df80d108df80c00fdf7ebff0df16f
:106e40000b03019303ab8df80b0000930122022387
:106e500042f27c0140f2011002f00afd9df80b2085
:106e6000024b33f8120005b05df804fb30f4010169
:020000040000fa
:020000040102f7
:106e70007fb502ae05460396f9f72efc044601469f
:106e800003a806f0dff8298803a806f0e1f8cde9a9
:106e900000560e23032242f2200140f2011002f0bc
:106ea000e7fc024b33f8140004b070bd30f401016c
:020000040000fa
:020000040102f7
:106eb0007fb58df80f00faf7a5fa0df117030193ce
:106ec0000df10f03009301238df817001a4642f2cb
:106ed0002d0140f2011002f0cbfc9df81720034b6e
:106ee00033f8120007b05df804fb00bf30f4010175
:020000040000fa
:020000040102f7
:106ef0007fb5adf80e0001f0abfc0df11703019367
:106f00000df10e038df8170000930122022342f2c7
:106f10002e0140f2011002f0abfc9df81720034b4c
:106f200033f8120007b05df804fb00bf30f4010134
:020000040000fa
:020000040102f7
:106f30001fb58df80d108df80c00f4f745fd0df11f
:106f40000b03019303ab8df80b0000930122022386
:106f500042f2740140f2011002f08afc9df80b200d
:106f6000024b33f8120005b05df804fb30f4010168
:020000040000fa
:020000040102f7
:106f70007fb502ad0646039504f002fd04460146c6
:106f800003a806f05ff8317803a806f061f8002343
:106f900000930195022240f6484140f2011002f0b0
:106fa00067fc024b33f8140004b070bd30f40101eb
:020000040000fa
:020000040102f7
:106fb0007fb58df80f00f9f797fa0df117030193dc
:106fc0000df10f03009301238df817001a4642f2ca
:106fd0003c0140f2011002f04bfc9df81720034bde
:106fe00033f8120007b05df804fb00bf30f4010174
:020000040000fa
:020000040102f7
:106ff00038b505460c4604f061fca8b10b4b186887
:107000002946043006f04ef860b190f8f8305bb1d4
:1070100090f83430237050f8283f136083889380b1
:10702000002038bd4220fce70c20fae7b4aa00207b
:020000040000fa
:020000040102f7
:107030004144563a6164645265712c6576743d250d
:10704000642c62573d256c75287573292c696e7404
:10705000766c3d256c75287573292c72616e676599
:10706000324f66667365743d256c7528757329000b
:020000040000fa
:020000040102f7
:10707000084a094900231360084a1360084a13604c
:10708000084a1360084a1360084a0620136006f095
:1070900015b800bfccaa0020d93d0101d0aa00201c
:1070a000c4aa0020c8aa0020bcaa0020c0aa0020b0
:020000040000fa
:020000040102f7
:1070b00010b50b210446002003f0d4feb8b1d4f87b
:1070c000b431262202731a88a0f80d205a88a0f83d
:1070d0000f209a88a0f81120da88a0f813201b89c5
:1070e000a0f8153001462046f5f7b0ff012010bd8d
:020000040000fa
:020000040102f7
:1070f000d0f8b8110a8b4b8b9a4217d8063a92b245
:1071000040f67a40824211d8063b9bb283420dd8aa
:107110008b8bb3f5fa7f09d2c88b0a3880b240f660
:10712000764398428cbf00200120704700207047b2
:020000040000fa
:020000040102f7
:107130001fb590f8e23090f8e420002914bf302108
:10714000202113f0300f01d111420dd0cde90132d1
:10715000064b0093ec2001230222d421f1f750fbcf
:10716000002005b05df804fb0120fae73cab02010a
:020000040000fa
:020000040102f7
:107170003a2808b50fd10d4b186890f82830042b29
:1071800009d8013380f8283041f288311030bde849
:107190000840eef771bd022002f072fc20b1082118
:1071a000bde80840f7f7d0b808bd00bff0aa00203e
:020000040000fa
:020000040102f7
:1071b000e69d350e480103ccdbfdf4ac1191f4eff4
:1071c000b9a5f9e9a7832c5e2cbe97f2d203b020b3
:1071d0008bd28915d08e1c742430ed8fc245637616
:1071e0005c15525abf9a32636deb2a65499c80dc6c
:020000040000fa
:020000040102f7
:1071f00008b50a4a0421012004f09cfe084801f069
:10720000cbff084801f0e0ff074804f053ff0749af
:10721000042003f0c3ff002008bd00bf1982020153
:10722000c92501010d6a0201cdc002019982010147
:020000040000fa
:020000040102f7
:1072300010b50e4a0321012004f07cfe06f0e8f8a8
:1072400010b90024204610bd00f02cfb0028f8d017
:1072500001f09afe0028f4d000f006fb0446002856
:10726000efd000f08dfd05f081feebe761d3020168
:020000040000fa
:020000040102f7
:1072700010b50e4b4ff0000451b193f9012090f975
:107280000010914207db027044f00204204610bd5a
:1072900093f90220f3e793f90330994203dc03707a
:1072a00044f00104f2e7fef71bffefe7e0a800203f
:020000040000fa
:020000040102f7
:1072b0001fb50b7b0290022b8df80c300ed10168ac
:1072c0008b6f43f480038b67009202ab082207495f
:1072d0000120fdf793f805b05df804fb272b01bff3
:1072e0000168cb6f43f00203cb67ede700060101b5
:020000040000fa
:020000040102f7
:1072f000122917d00bd8112911d00c4b1b68c3f3de
:107300004113012b07d1000100f5197070472229a4
:10731000f9d02329f1d1800100f266307047c00016
:10732000e63070478000c230704700bfc034014172
:020000040000fa
:020000040102f7
:10733000474154543a44617461207263762c4f7013
:107340003d30782530327800474154543a446174d6
:1073500061207263762c6e6f20617661696c2063a8
:0f7360006f6e6e2c68646c3d3078253034780089
:020000040000fa
:020000040102f7
:1073700037b5d0e9035401aa6946008901f08cfdb4
:1073800088b1009b9a7b92060fd49a682188128854
:10739000914288bf228022885968284604f0fafb6f
:0e73a000002003b030bd0320fbe70120f9e719
:020000040000fa
:020000040102f7
:1073ae0010b50024c0e90040f2f793ffa8b1f02316
:1073be00037403f5e2634361072303834ff4807381
:1073ce00a0f82130ff2380f82530032380f84740b2
:0e73de00847680f89430204610bd0720fce72e
:020000040000fa
:020000040102f7
:1073ec0010b509210446002003f036fdb0b1152379
:1073fc000373b4f86430a0f80d30b4f86630a0f81c
:10740c000f30b4f86030a0f81130b4f86230a0f846
:0e741c00133001462046f5f713fe012010bd87
:020000040000fa
:020000040102f7
:10742a0059b1437e212b10d009d8112b13d0122b1e
:10743a0008bf012018bfff207047837ef2e7222b86
:10744a000bd0232b08bf0220f4e7c37e002b0cbf0e
:0e745a00022003207047002070470320704777
:020000040000fa
:020000040102f7
:1074680070b50468a36f43f08003a36705460e4612
:1074780003f0a1f890b9a36f23f0800343f40073dd
:10748800a3672846f5f71eff2046012100f01ffce0
:0e74980031462846bde87040dff754bb70bd9a
:020000040000fa
:020000040102f7
:1074a6004c32433a44617461207263762c6f703dae
:1074b600307825303278004c32433a44617461208a
:1074c6007263762c6e6f20617661696c20636f6ed5
:0d74d6006e2c68646c3d30782530347800f1
:020000040000fa
:020000040102f7
:1074e300534d503a44617461207263762c6f703d42
:1074f30030782530327800534d503a44617461201e
:107503007263762c6e6f20617661696c20636f6e97
:0d7513006e2c68646c3d30782530347800b3
:020000040000fa
:020000040102f7
:1075200000b583b00023019301aa0068f3f74afd78
:10753000012803d0002003b05df804fb019b43b198
:10754000054b4ff080521a60bff34f8fbff36f8f20
:0c755000f1e70120efe700bf04ed00e0d0
:020000040000fa
:020000040102f7
:10755c0000b583b00023019301a90068f7f770f917
:10756c0018b9002003b05df804fb019b4bb1064b2e
:10757c004ff080521a60bff34f8fbff36f8f012013
:0c758c00f0e70120eee700bf04ed00e096
:020000040000fa
:020000040102f7
:1075980070b590b915460c460b4804f035ff78b124
:1075a800094e56f8083b1b6829462046984704466a
:1075b800304604f007fc204670bd4ff0ff34fae770
:0c75c8004ff0ff34f7e700bf7ca9002063
:020000040000fa
:020000040102f7
:1075d40070b590b915460c460b4804f017ff78b106
:1075e400094e56f8083bdb6829462046984704466e
:1075f400304604f0e9fb204670bd4ff0ff34fae753
:0c7604004ff0ff34f7e700bf7ca9002026
:020000040000fa
:020000040102f7
:1076100030b490f8893103f00303012b11d0022b11
:107620000cbf0824042404390023074d51f8040f2b
:107630009a1c05eb820250600133a342f6d130bca4
:0c76400070470624efe700bf0004004282
:020000040000fa
:020000040102f7
:10764c0008b5037a012b15d893b9fcf77bff70b9f9
:10765c000146012002f0aef80220fff7c3fb30b95f
:10766c00054b1a68137843f001031370002008bd12
:0c767c000320f2e70320fae73caa0020fc
:020000040000fa
:020000040102f7
:1076880038b50b4d0b49062005f048fa2a680a4917
:10769800c2f88411002400bf04f188022b68013469
:1076a80053f8220000f064ff082cf5d1002038bd03
:0c76b8003caa0020d05b02016d760001ae
:020000040000fa
:020000040102f7
:1076c40038b503780c2b044617d1808801f092fd5d
:1076d40098b1037a0025db0745720ed54ff482700a
:1076e40005f0a0fe48b110220270a2888280857144
:0c76f4000421bde8384002f0ddbd38bdc7
:020000040000fa
:020000040102f7
:1077000055d20201519e02010531020199bc0101cd
:1077100071fe0101c1b7020189b70201ddb70201a3
:10772000a52102017173020119cf020100000000be
:0c773000311b0101a9a3010179f0010146
:020000040000fa
:020000040102f7
:10773c001fb50146044611f8010bf2f703fd0df1dc
:10774c000f038df80f00cde900430122202342f2f4
:10775c00080140f2011002f085f89df80f20024b51
:0c776c0033f8120004b010bd30f401012d
:020000040000fa
:020000040102f7
:107778001fb50146044611f8010bf2f749fd0df15a
:107788000f038df80f00cde900430122202342f2b8
:10779800090140f2011002f067f89df80f20024b32
:0c77a80033f8120004b010bd30f40101f1
:020000040000fa
:020000040102f7
:1077b4001fb50146044611f8010bf5f7bffe0df1a4
:1077c4000f038df80f00cde900430122072342f295
:1077d400110140f2011002f049f89df80f20024b0c
:0c77e40033f8120004b010bd30f40101b5
:020000040000fa
:020000040102f7
:1077f0001fb58df80c00fef777fb0df10f03019319
:1078000003ab009301238df80f001a4640f649415f
:1078100040f2011002f02cf89df80f20024b33f8d3
:0c782000120005b05df804fb30f401011b
:020000040000fa
:020000040102f7
:10782c0030b587b004ac0d46039403f0c1fc03a83b
:10783c00002105f001fc294603a8062204f018ffdc
:10784c000194002400942346072241f2090140f2de
:0c785c00011002f007f8204607b030bd14
:020000040000fa
:020000040102f7
:1078680038b50c4c2368254663b12b688c2200215f
:10787800184604f0bdff18224270074805f014fcb2
:10788800012038bd8c2005f0cbfd20600028ecd10c
:0c789800f7e700bf54aa0020257d010185
:020000040000fa
:020000040102f7
:1078a40038b50b4c236825465bb12b68094a1a602e
:1078b4002b68c3e90122da60074ac3e904220120e4
:1078c40038bd182005f0aefd20600028edd1f7e7a3
:0c78d40058aa00201dd4020121d402019a
:020000040000fa
:020000040102f7
:1078e0000b4b1a6842f480121a600a4a118e6ff329
:1078f000c71111861a6a02f44032b2f5003ff9d17d
:107900005a6822f400025a60034b00221a70704732
:0c79100000400141002401416fab002049
:020000040000fa
:020000040102f7
:10791c0038b504460d460020092103f09dfa88b1c4
:10792c00094b05731a681368c0f80d305368c0f81a
:10793c001130037c23f00803037401462046f5f74d
:0c794c007ffb012038bd00bfd4aa002042
:020000040000fa
:020000040102f7
:1079580038b506210546002003f080fa044690b1a8
:107968000c23037305f016fb074b6073c4f80e3045
:1079780095f8f23043f00803284685f8f23021469e
:0c798800f5f760fb012038bdcd00d607ec
:020000040000fa
:020000040102f7
:107994000b4b1b7813f0060311d10a4a13700a4ae1
:1079a40008214ff47060013911f0ff0110809370c9
:1079b400c2f80330a2f8073002f10a02f3d170478b
:0c79c40079ab002078ab0020dea500208d
:020000040000fa
:020000040102f7
:1079d000f8b50d4d06460f4600242b88b3f5706fa1
:1079e00008d0ab78b34205d10622e91c384604f032
:1079f000c3f838b10134e4b2082c05f10a05ecd122
:0c7a00000020f8bd0120fce7dea50020fe
:020000040000fa
:020000040102f7
:107a0c0010b590f8f4309b0704460fd1faf7aaf89a
:107a1c0008b9002010bd40f22113a4f8e23094f80c
:107a2c006d3043f0200384f86d30f3e70a2103f046
:0c7a3c0087fd0028edd040f22243eee769
:020000040000fa
:020000040102f7
:107a480070b50446b8b10c4d2b68d3f88061fef7c9
:107a5800c9fe66b926602b68d3f8843163601c6060
:107a68002b68c3f88441bde8704002f031bba642e0
:0c7a7800f9d03668ede770bde8aa0020e8
:020000040000fa
:020000040102f7
:107a8400f8b50d4d06682b8840f6fe6293429abf06
:107a940001339bb200232b8040f6fe772c882046ce
:107aa40003f0daf808b93480f8bdbc429abf013457
:0c7ab400a4b200242c80f1e758ab0020a5
:020000040000fa
:020000040102f7
:107ac00010b5044686b0c06d0a4b019304220deb3d
:107ad000020102aba030e8f7f7f8074b0193e36d22
:107ae000042216330deb020102a8e8f7edf806b008
:0c7af00010bd00bf31706d747262656cd7
:020000040000fa
:020000040102f7
:107afc000c4b10b50c46186004f050fe002001f041
:107b0c00a5fb012001f0a2fbe7f7fafaf0f7eef97a
:107b1c00204601f083fb044b00221a60bde81040a4
:0c7b2c0003f0c2bffcaa002000ab002048
:020000040000fa
:020000040102f7
:107b380010b50a6802b910bd537fabb11169cc7892
:107b480014f0010f14bf0723012314f0020f18bf0c
:107b58000633240744bf0233dbb20b4490f852408b
:0c7b6800d97864f30501d9701268e3e7d6
:020000040000fa
:020000040102f7
:107b74001fb50c4b01930c4b04461a681b79cdf8c6
:107b8400092002210df10e008df80d30f7f716fdd6
:107b9400002301a88df80830f0f74af884f8520061
:0c7ba40004b010bddf4d17c222aa002063
:020000040000fa
:020000040102f7
:107bb00010b590f86c309b07014616d5d0f8ac3064
:107bc0009bb190f821201c8922441a8105f0baf853
:107bd000d1f8ac3018895a89904206d1c1f8b0303a
:0c7be0000846bde8104005f03cb910bd9f
:020000040000fa
:020000040102f7
:107bec00434d443a536574507269766163794d6fb5
:107bfc0064652c616464723d3078253032782530b0
:107c0c00327825303278253032782530327825306c
:0b7c1c0032782c6d6f64653d2564001c
:020000040000fa
:020000040102f7
:107c28000246c8b1002300bf00bf00bf00bf00bfad
:107c380000bf00bf00bf00bf00bf00bf00bf00bf44
:107c480000bf00bf00bf00bf00bf00bf00bf00bf34
:0a7c580000bf01339a42e6d17047e5
:020000040000fa
:020000040102f7
:107c6200434d443a5365745478506f776572526548
:107c7200706f7274696e67456e61626c652c4864e0
:107c82006c3d307825782c4c6f63616c3d25642cfb
:0a7c920052656d6f74653d256400b6
:020000040000fa
:020000040102f7
:107c9c0038b590f8f430db07044615d5b0f854111c
:107cac0042f21075694300f5bc70edf7dfffb4f8d4
:107cbc00561104f5c8706943edf7d8ff94f86e308f
:0a7ccc006ff3410384f86e3038bdf9
:020000040000fa
:020000040102f7
:107cd60010b5044690f8b43031b123b9b0f8b830d5
:107ce6000133a0f8b83010bd5bb90146b630f8f7dd
:107cf600bcfa94f8ba3084f8b6300123a4f8b83048
:0a7d0600f1e7bde81040f4f774bd8a
:020000040000fa
:020000040102f7
:107d100010b504460b4a136fd26e03449a4204d046
:107d2000084b186f2044186710bd03f097f9054af7
:107d3000d2f8f8300133c2f8f83004f07dfb013c92
:087d4000eee700bf40fd012049
:020000040000fa
:020000040102f7
:107d48000278042a14d80b4b19680a701a688178cb
:107d58005171417851701b68c2789a710279da7151
:107d6800c07830b15a7842f008025a700020704743
:087d780003207047f0aa00206f
:020000040000fa
:020000040102f7
:107d800007b50a4805f0e6f8094b0a4a1a604ff0b1
:107d9000ff3300936846cdf803303f238df807305a
:107da00005f03afb03b05df804fb00bf0dcf020104
:087db00048aa00200dd40201d5
:020000040000fa
:020000040102f7
:107db8001fb50446f0f784f90df10f038df80f0095
:107dc800cde900430122202342f2060140f20110ce
:107dd80001f04afd9df80f20024b33f8120004b061
:087de80010bd00bf30f40101e1
:020000040000fa
:020000040102f7
:107df0001fb50446eef70afa0df10f038df80f00d8
:107e0000cde9004301220e2342f2130140f201109a
:107e100001f02efd9df80f20024b33f8120004b044
:087e200010bd00bf30f40101a8
:020000040000fa
:020000040102f7
:107e28001fb50446e9f70af80df10f038df80f00a6
:107e3800cde900430122082342f2320140f2011049
:107e480001f012fd9df80f20024b33f8120004b028
:087e580010bd00bf30f4010170
:020000040000fa
:020000040102f7
:107e60001fb50446f3f720fa0df10f038df80f004c
:107e7000cde9004301220c2342f27e0140f20110c1
:107e800001f0f6fc9df80f20024b33f8120004b00d
:087e900010bd00bf30f4010138
:020000040000fa
:020000040102f7
:107e98001fb50446f8f75afc0df10f038df80f00d3
:107ea800cde900430122052342f2140140f20110fa
:107eb80001f0dafc9df80f20024b33f8120004b0f1
:087ec80010bd00bf30f4010100
:020000040000fa
:020000040102f7
:107ed0001fb50446f9f7b8fe0df10f038df80f003a
:107ee000cde900430122062342f2050140f20110d0
:107ef00001f0befc9df80f20024b33f8120004b0d5
:087f000010bd00bf30f40101c7
:020000040000fa
:020000040102f7
:107f08001fb5faf77bfe0df10f03019300238df8df
:107f18000f000093012242f2100140f2011001f01b
:107f2800a3fc9df80f20034b33f8120005b05df851
:087f380004fb00bf30f401015d
:020000040000fa
:020000040102f7
:107f40001fb5f9f727fc0df10f03019300238df8fe
:107f50000f000093012242f2290140f2011001f0ca
:107f600087fc9df80f20034b33f8120005b05df835
:087f700004fb00bf30f4010125
:020000040000fa
:020000040102f7
:107f78001fb5f7f7adfc0df10f03019300238df842
:107f88000f000093012242f2250140f2011001f096
:107f98006bfc9df80f20034b33f8120005b05df819
:087fa80004fb00bf30f40101ed
:020000040000fa
:020000040102f7
:107fb0001fb5044600f0dcf80df10f038df80f003b
:107fc000cde9004301220a2342f27d0140f2011073
:107fd00001f04efc9df80f20024b33f8120004b064
:087fe00010bd00bf30f40101e7
:020000040000fa
:020000040102f7
:107fe8001fb5f8f7bbfa0df10f03019300238df8c5
:107ff8000f000093012242f23d0140f2011001f00e
:1080080033fc9df80f20034b33f8120005b05df8e0
:0880180004fb00bf30f401017c
:020000040000fa
:020000040102f7
:10802000094a0a4900231370094a0b604b60114644
:10803000c2e9003241f8083fd160064a118863f373
:10804000c3011180704700bf75ab0020c4a9002098
:0880500050a90020203e01416f
:020000040000fa
:020000040102f7
:1080580000b593b041f20403adf8003003888df801
:108068000410adf8063059b9d0f8b4211068516839
:1080780002ab03c3684600f0cdfb13b05df804fb08
:088088000023cde90233f5e706
:020000040000fa
:020000040102f7
:1080900090f8e230052b01d0032b14d1d0f8b43185
:1080a0008bb1b1f801201a81d0f8b431b1f80320b6
:1080b0005a81d0f8b431b1f805209a80d0f8b431a3
:0880c000b1f80720da807047d7
:020000040000fa
:020000040102f7
:1080c80013b50c46087000212046fff7cdf8084a82
:1080d80094f9003053700193064b00930222012358
:1080e8002e21ec20f0f788fb002002b010bd00bf65
:0880f800e0a80020ecac02013d
:020000040000fa
:020000040102f7
:1081000013b50c46087000212046fff7b1f8084a65
:1081100094f9003013700193064b0093022201235f
:108120002f21ec20f0f76cfb002002b010bd00bf47
:08813000e0a8002042ae0201ac
:020000040000fa
:020000040102f7
:108138000b4a30b500230a2404fb03f18d5a85420b
:1081480008d14ff470635352064a1378013b1370f9
:10815800002030bd0133082beed10220f9e700bf23
:08816800dea5002078ab002029
:020000040000fa
:020000040102f7
:1081700007b50b4b02881a8042885a8082889a8001
:10818000c288da8002891a81064b009302220123f9
:108190003c21ec20f0f734fb002003b05df804fb39
:0881a00088a9002020bd0201a6
:020000040000fa
:020000040102f7
:1081a80010b50446b0b1c08802f054fd20b920468d
:1081b80005f038f9022010bd2379012262f3051376
:1081c80000222371226022812146006804f0a0f871
:0881d8001046f0e70720eee776
:020000040000fa
:020000040102f7
:1081e0007516010121f30001dd900101c1090201b1
:1081f000299a0201279e0201d5830201fd9d0201f9
:1082000055890201d39d020165340201adbe010111
:088210007dba0101b968020109
:020000040000fa
:020000040102f7
:1082180010b5047a4ff4827005f002f920b10d22ee
:108228000270042102f044f8064b04341b6853f82a
:1082380024302bb113211888bde8104002f097bdf7
:0882480010bd00bff4aa0020e4
:020000040000fa
:020000040102f7
:108250000c4bd3f8002c60f31742c3f8002cd3f872
:10826000002c61f30f02c3f8002cd3f8042c42f465
:108270008012c3f8042c00bfd3f8042cd202fbd424
:08828000704700bf002401411a
:020000040000fa
:020000040102f7
:108288000c4b03f5d3521320d16860f31f61d16002
:10829800d168192003f5835360f31741d1609a68b8
:1082a800072161f31f729a609a68032161f31b62c8
:0882b8009a60704700240141a7
:020000040000fa
:020000040102f7
:1082c00003780133dbb20370abb943780133dbb21f
:1082d000437083b983780133dbb283705bb9c378b1
:1082e0000133dbb2c37033b902797f2a01d1037144
:0882f000704701320271704772
:020000040000fa
:020000040102f7
:1082f80030b50c4b03f5825285b2946865f31f4480
:10830800946003f5825203f58253d46865f31f44e1
:10831800d46001391a69084480b260f31f421a61b7
:0883280030bd00bf002401413b
:020000040000fa
:020000040102f7
:1083300070b50b480b4d4ff6ff76016821b94368c5
:1083400013b905f0bbf870bd83684268334000f193
:108350000c0455f823302046984704eb8000ece7e6
:088360001c650001e4c70201e5
:020000040000fa
:020000040102f7
:1083680000b593b0024641f20503adf8003003882a
:10837800adf8043052f8ff3fcdf806305368cdf819
:108388000a30b0f80831adf80e30684600f042fa0d
:0683980013b05df804fbc8
:020000040000fa
:020000040102f7
:10839e0010b5c27d90f8ed3004468ab99a070bd518
:1083ae000f212046f0f7d1fc08b9002010bd112393
:1083be0084f8e2300120f9e70121eff7bcfbf3e787
:0683ce009b07f2d5ece76d
:020000040000fa
:020000040102f7
:1083d40013b590f8593004469bb1c26d01911378de
:1083e40043f002031370c06d022201a900f59e70d0
:1083f40004f038f9e06d082201a900f59f7004f03b
:0684040031f902b010bdc9
:020000040000fa
:020000040102f7
:10840a0038b504680546fef7ecf9a36f23f080033c
:10841a0043f48043a36701f05afea36f5a0609d4b6
:10842a00227d0ab99b0005d528460021bde83840bf
:06843a00def787bb38bd30
:020000040000fa
:020000040102f7
:1084400010b40b4b1c680023a11c02e00133082b65
:108450000ad011f82320012af8d134f823208242cf
:10846000f4d104eb830000e000205df8044b70477a
:048470002caa002012
:020000040000fa
:020000040102f7
:1084740038b570b90a4803f0c9ff68b1084c54f81c
:10848400083b1b6998470546204603f09dfc284697
:1084940038bd4ff0ff35fae74ff0ff35f7e700bf7f
:0484a4007ca900208f
:020000040000fa
:020000040102f7
:1084a80038b570b90a4803f0afff68b1084c54f802
:1084b800083b5b6998470546204603f083fc28463d
:1084c80038bd4ff0ff35fae74ff0ff35f7e700bf4b
:0484d8007ca900205b
:020000040000fa
:020000040102f7
:1084dc0038b570b90a4803f095ff68b1084c54f8e8
:1084ec00083b9b6898470546204603f069fc2846e4
:1084fc0038bd4ff0ff35fae74ff0ff35f7e700bf17
:04850c007ca9002026
:020000040000fa
:020000040102f7
:1085100038b570b90a4803f07bff68b1084c54f8cd
:10852000083b5b6898470546204603f04ffc284609
:1085300038bd4ff0ff35fae74ff0ff35f7e700bfe2
:048540007ca90020f2
:020000040000fa
:020000040102f7
:1085440030b40d68b5f1ff3f02d000f1080202e03b
:10855400026904e01a4653681c68ac42fad95368ad
:108564004b6099608a60516008610368013303605d
:0485740030bc704760
:020000040000fa
:020000040102f7
:1085780038b580b10a4d2a68002402f5087300bf97
:1085880053f82420824207d104f04cff88342b682a
:10859800002243f8242038bd0134082cf0d1fae732
:0485a8003caa0020c9
:020000040000fa
:020000040102f7
:1085ac0010b5047aef2c10d82046fef7fbfc0146e0
:1085bc0048b9204603f08ef8012804d8044b18441f
:1085cc00ff234370c370084610bd0321fbe700bfb7
:0485dc0009aa0020c8
:020000040000fa
:020000040102f7
:1085e00070b5c3880a4e022b054604d133681b7848
:1085f0000bb1f3f709ff0024336803eb840328462b
:10860000d3f8fc3101349847092cf5d170bd00bf77
:048610003caa002060
:020000040000fa
:020000040102f7
:10861400000000006d5401016db70201a9120201ae
:108624004530020109d4010125170201b7b4020142
:10863400bdbe020171fd010101a601016d2002010f
:04864400d5b40201a6
:020000040000fa
:020000040102f7
:108648001fb504460146e27911f8010bf0f746f927
:108658000df10f038df80f00cde900430122082327
:1086680042f24e0140f2011001f0fef89df80f00b1
:0486780004b010bd7d
:020000040000fa
:020000040102f7
:10867c0098b10a4a50f8043c126813420dd050f8d5
:10868c00081c51b9064923ea02030a6840f8043c65
:10869c00134408380b60fcf737bf704774aa0020ee
:0486ac0078aa002088
:020000040000fa
:020000040102f7
:1086b00038b5044690b10379c3f3801503f0d4f8bc
:1086c000074b1b68002203ebc503226059680c604e
:1086d0005c602271bde8384002f034b938bd00bf9b
:0486e00088aa002044
:020000040000fa
:020000040102f7
:1086e40008b568b1084b1b68984740b1074b012295
:1086f4001a70074b1b78002b0cbf1046022008bdd4
:10870400024b1870fbe700bf98aa002070ab002052
:048714006fab002027
:020000040000fa
:020000040102f7
:1087180010b592b041f20c04adf8004090f8f24068
:108728008df804306ff34104038880f8f2406846fe
:10873800adf806308df808108df8092000f06af8b9
:0487480012b010bd9e
:020000040000fa
:020000040102f7
:10874c00434d443a536574506174684c6f73735263
:10875c0065706f7274696e67456e61626c652c48ea
:10876c00646c3d3078253034782c456e61626c65d4
:04877c003d25640033
:020000040000fa
:020000040102f7
:1087800038b50b4b1c6800250cb9284638bda368ca
:108790001a7a052a09d1186890f8f230db0604d558
:1087a000edf7b4f8002818bf05462468ece700bfd1
:0487b000e4a9002018
:020000040000fa
:020000040102f7
:1087b40039b1837e212b0dd005d8123b5842584144
:1087c4007047437ef6e7222b0ad0232b0cbf0220ee
:1087d40000207047c37e002b0cbf0220032070478b
:0487e40003207047b7
:020000040000fa
:020000040102f7
:1087e8000d2811d9094b1b681a7942f0300119710b
:1087f80007490968096b89075cbf62f04f021a7163
:108808005a7942f001025a71704700bfd4aa002079
:04881800dcaa0020b6
:020000040000fa
:020000040102f7
:10881c0013b503880193094b0093044601230222ec
:10882c005f21ec20eff7e6ff054b1b6823b12046d8
:10883c0002b0bde81040184702b010bd2ace0201ac
:04884c00d8aa002086
:020000040000fa
:020000040102f7
:1088500013b50a4b019004460093022201232821fc
:10886000ec20eff7cdff064b1b6800219c84032012
:10887000f7f73efc002002b010bd00bf46c8020161
:04888000dcaa00204e
:020000040000fa
:020000040102f7
:10888400017b427b0b0721f008010173084944bfb7
:10889400131ddab2036908681b1a1344b3f5c06fd9
:1088a4008cbfa3f2026303f1ff33cb60704700bfb8
:0488b40098a8002060
:020000040000fa
:020000040102f7
:1088b80008b5c38800f10801d8b213f47f4309d082
:1088c800b3f5807f09d0064b196800f031fc81f8b8
:1088d8004c0208bdf0f71efbf5e7f5f7e9fcf2e7f7
:0488e800e8aa0020da
:020000040000fa
:020000040102f7
:1088ec0010b5c469601a10f4800f0fd14c400849c0
:1088fc000c420bd003eb9203084040f27122504320
:10890c00b3eb500f2cbf0120002010bd0120fce761
:04891c00ffff7f00da
:020000040000fa
:020000040102f7
:1089200090f85230012b08bf826dc36908bf9b1ab3
:10893000074a1168d1f8502208bfc3f3160312b9d1
:10894000c1f8503202e09a1a5202f9d4704700bfbf
:04895000e8aa002071
:020000040000fa
:020000040102f7
:1089540013b590f85930044693b1c26d0191137860
:1089640043f008031370c06d01a900f5ac7004f066
:1089740037fae06d062201a900f2591003f072fee5
:0489840002b010bd70
:020000040000fa
:020000040102f7
:1089880008b5006890f847300a3b012b0dd8084b12
:1089980090f836201b68c3f341139a4205d0d0f8eb
:1089a800441100f5be7000f028fe002008bd00bf8d
:0489b800c034014185
:020000040000fa
:020000040102f7
:1089bc0012280b4b11d003d8112807d00a3106e02e
:1089cc0021380228fad801f5d37100e04c311a880d
:1089dc0061f30e021a80002070473731f7e700bfb1
:0489ec006c380141a1
:020000040000fa
:020000040102f7
:1089f0000a4b1b68012003f00f0300fa03f34ef249
:108a00001c021a4042b1064b1a8842f010021a802a
:108a10001a8802431a800020704700bf5c38014169
:048a2000283a0141ae
:020000040000fa
:020000040102f7
:108a240010b5044604f044f90369fe2b81bf00230a
:108a34006377036882689abf012363779b18044aab
:108a440098bf436911689bb263f30f01116010bdb5
:048a54004c3401415c
:020000040000fa
:020000040102f7
:108a580010b5f6f7b3f9044660b9074a13789907d1
:108a680008d443f002030548137004f0bffb044820
:108a780004f09efb204610bdc8a8002009d40001c0
:048a8800d710020100
:020000040000fa
:020000040102f7
:108a8c00c0f3c75191b142004fea40704fead20196
:108a9c004fea310101f16051b2f17f4f38bf70479d
:108aac0001f1605118bf41f40021704710f00041f2
:048abc0000207047df
:020000040000fa
:020000040102f7
:108ac00000b593b0826802238df804301368cdf8a6
:108ad00006305368cdf80a309368cdf80e30d3686d
:108ae000cdf8123001a801f067fe002013b05df848
:028af00004fb85
:020000040000fa
:020000040102f7
:108af200f7b506460c461f4601a802f10c031546bf
:108b02000193043404f0a3fabdf8201001a804f084
:108b12009efa2b46a2b239463046f9f7dcff03b083
:028b2200f0bda4
:020000040000fa
:020000040102f7
:108b240038b5800085b202f087fb044600bf00bf61
:108b340000bf0821a94200d338bd02f07dfb844266
:108b440088bf01f2e241091b10fa81f189b204469f
:028b5400f0e748
:020000040000fa
:020000040102f7
:108b5600022806d0032807d0012810d10a32d000f7
:108b660070470b329000704701294feac2020cbfd2
:108b7600022008202b32424302f5bc7070470020c9
:028b8600704736
:020000040000fa
:020000040102f7
:108b880000b5836f93b043f40013836741f2070382
:108b9800adf800300388adf80430036ecdf8063028
:108ba800436ecdf80a306846fff734fe13b05df81f
:028bb80004fbbc
:020000040000fa
:020000040102f7
:108bba00434d443a52656d7465436f6e6e506172ef
:108bca00615265714e65675265706c792c48646ca8
:108bda003d3078253034782c726561736f6e3d258f
:028bea00640025
:020000040000fa
:020000040102f7
:108bec00434d443a577269746541757468506179a4
:108bfc006c6f616454696d656f75742c48646c3d61
:108c0c003078253034782c74696d656f75743d251a
:028c1c006400f2
:020000040000fa
:020000040102f7
:108c1e000a4652f8013fc0f8ff305368c0f80331de
:108c2e00b1f80930a0f808310a4652f80b3fc0f8e7
:108c3e000a315368c0f80e31d1f81330c0f81a312a
:028c4e0070476d
:020000040000fa
:020000040102f7
:108c5000d0f8b831818f9a8b914210d1c18fda8bc5
:108c600091420cd193f820204ab9428f198b91423e
:108c700005d8588b90422cbf00200120704701205e
:028c800070473b
:020000040000fa
:020000040102f7
:108c820070b504468068002550b1028943899a4232
:108c920006d10668a66004f0c8fb01353046f3e74a
:108ca200a0602db1a9b22046bde8704001f04dbcd4
:028cb20070bd93
:020000040000fa
:020000040102f7
:108cb400434d443a52656164417574685061796cfe
:108cc4006f616454696d656f75742c48646c3d30d4
:108cd40078253034782c74696d656f75743d25641e
:018ce400008f
:020000040000fa
:020000040102f7
:108ce500434d443a536574446174614c656e6774d1
:108cf500682c48646c3d307825782c74784f637403
:108d05006574733d25642c747854696d653d2564df
:018d1500005d
:020000040000fa
:020000040102f7
:028d1600042a2d
:020000040000fa
:020000040102f7
:108d180030b40a4b1c68231f1c3401e0a3420ad05c
:108d280053f8042f002af9d0957f8542f6d113888d
:108d38000b80002000e0012030bc704728aa0020ea
:020000040000fa
:020000040102f7
:108d480038b5eff3108572b6084c20634ff48043b2
:108d580063600f2262601140a160a36001f086fc8d
:108d68004ff40043a36085f3108838bd0006004423
:020000040000fa
:020000040102f7
:108d78000a4b1b8813f4004f08d1084a138843f4a0
:108d880000431380136913f4004ffbd1034a13699e
:108d980013f0080ffbd1014b98697047000001429e
:020000040000fa
:020000040102f7
:108da80008b5f4f763ffdcf7f9fc4ff082439b69e1
:108db80013f0704f08d0054a136823f49f7323f00b
:108dc800010343f01103136008bd00bf00240144f0
:020000040000fa
:020000040102f7
:108dd8000a4b1b6898420ad0084a0123d16881428d
:108de80006d001330c32082bf8d10020704700233d
:108df80003eb4303014800eb8300704728a50020dc
:020000040000fa
:020000040102f7
:108e080010b50a4b1a6802f5087102f5107200bf16
:108e180051f8043b23b1dc7814b11c88844202d099
:108e28009142f5d10023184610bd00bf3caa00208e
:020000040000fa
:020000040102f7
:108e380008b50849082003f071fefef721fc40b987
:108e4800054b064a1b68c3f88821bde8084002f0b4
:108e5800ddbc08bde0d202013caa00202d6c020155
:020000040000fa
:020000040102f7
:108e6800202870b504460e460ed8084d28682022e2
:108e78000021013003f0bcfc28682246314601304d
:108e880002f084fe002070bd0320fce73caa00200d
:020000040000fa
:020000040102f7
:108e980010b50a4b1b681b680bb918460de09c8976
:108ea8008442f8d8dc898442f5d313609a895b68d8
:108eb800801a03eb00100860012010bd4caa0020a6
:020000040000fa
:020000040102f7
:108ec80070b50a4b1b689c6805460e460cb92046cf
:108ed80070bd2379ab4206d12a463146a06802f01c
:108ee80047fe0028f3d02468f0e700bf4caa002012
:020000040000fa
:020000040102f7
:108ef80070b504464ff482700e4604f091fa70b1d2
:108f08000b2202702288828018250022c2800572f6
:108f1800c0f80a204672042101f0caf9e57470bd50
:020000040000fa
:020000040102f7
:108f280010b50a4b1a68002302f16c01cc7834b1f1
:108f38000c88844203d11b3302eb830010bd01333c
:108f4800082b01f10401f1d10020f7e754aa002011
:020000040000fa
:020000040102f7
:108f580038b50a4c23680c2101fb003105464869e5
:108f680008b104f05ffa0c2005fb000320681844e0
:108f7800002303604360836038bd00bf54aa00200b
:020000040000fa
:020000040102f7
:108f880038b5094c236825463bb12b68074ac3e925
:108f98000022c3e90222012038bd102004f040fa63
:108fa80020600028f1d1f7e760aa002025d402014b
:020000040000fa
:020000040102f7
:108fb80038b50379044603f0070502f051fc002395
:108fc8002360064b03ebc5035a6814605c6001f02c
:108fd800b5fcbde8384002f0c1bf00bf30a9002091
:020000040000fa
:020000040102f7
:108fe80038b50379044603f0070502f039fc00237d
:108ff8002360064b03ebc5035a6814605c6001f0fc
:109008009dfcbde8384002f0a9bf00bf30a9002090
:020000040000fa
:020000040102f7
:1090180010b40b4607490246087840b106490c6867
:109028000649a44609685df8044b012060475df8cd
:10903800044b70476fab002094aa002090aa002030
:020000040000fa
:020000040102f7
:10904800084b1a6842f005021a601a685207fcd4e5
:109058001a68d207fcd4044b1b680b80034b1b68af
:1090680003607047143e01410c3e0141083e014136
:020000040000fa
:020000040102f7
:1090780000b593b00c23adf8003000238df8043010
:109088000388d0f8e820adf8063090f8ec3002926a
:1090980068468df80c30fff7bdfb13b05df804fb94
:020000040000fa
:020000040102f7
:1090a80090f8e23003f0ef03032b02d1d0f8b4318b
:1090b80033b990f8e430132b09d1d0f8b83133b173
:1090c8004a789a708a78da70b1f803209a807047e3
:020000040000fa
:020000040102f7
:1090d80007b5094b93f90320027093f902300b701e
:1090e800064b0093022201232921ec20eff784fb91
:1090f800002003b05df804fbe0a800201cce0201ac
:020000040000fa
:020000040102f7
:10910800434d443a53657452616e64416464722cf1
:10911800616464723d3078253032782530327825a4
:109128003032782530327825303278253032780060
:020000040000fa
:020000040102f7
:109138000a4b1b68d3f8fc215ab9d3f8000250b97e
:10914800b3f8f82142b9d3f80802b0fa80f0400920
:109158007047002070471046704700bfe8aa0020fb
:020000040000fa
:020000040102f7
:1091680010b5fdf73ffb094b1b68d3f8804134b1bc
:10917800d4e9001239b14a60d4e900231a6000f03a
:10918800a7ff204610bdc3f88421f5e7e8aa002010
:020000040000fa
:020000040102f7
:109198000a4b1b68d3f89c2142b1d3f8a02122b115
:1091a800d3f8a42142b104207047012203eb8203c3
:1091b800c3f89c01002070470222f7e73caa002070
:020000040000fa
:020000040102f7
:1091c8000a4b1a68d2f8a83143b1d2f8ac3123b1ae
:1091d800d2f8b0313bb10420704701236a3342f81a
:1091e8002300002070470223f8e700bf3caa0020b4
:020000040000fa
:020000040102f7
:1091f80010b50a4b1a6802f11001303251f8043bdd
:1092080033b193f88d40012c02d11c88844202d0de
:109218009142f3d10023184610bd00bff4aa0020e4
:020000040000fa
:020000040102f7
:1092280010b50a4c20b900f53b7004f0f9f820603d
:109238004ff43b720021206803f0dafafcf7bcfa1d
:109248000020bde8104002f095b800bf04ab002034
:020000040000fa
:020000040102f7
:1092580048b9094b1a6842f004021a601a68d10525
:10926800fcd501207047054b1a8842f004021a8089
:109278001a68d205fcd5f4e7203a0141283a0141a1
:020000040000fa
:020000040102f7
:109288000a4bd3f8002c60f31742c3f8002cd3f82c
:10929800042c42f48022c3f8042c00bfd3f8042c19
:1092a8005203fbd4d3f8280c80b270470024014144
:020000040000fa
:020000040102f7
:1092b80084b007b50df1100c8ce80f003a238df837
:1092c800043005226b4605490120f9f7d7f900203b
:1092d80003b05df804eb04b0704700bf010501015d
:020000040000fa
:020000040102f7
:1092e80084b008b50df1080c8ce80f00036893f8fa
:1092f8006d2012f0100207d00020e9f76bfebde8e0
:109308000840002004b07047102102f017fff6e76c
:020000040000fa
:020000040102f7
:10931800d0e92423b2ebd30f0ed3b2eb930f0dd3c6
:10932800b2eb530f2cbf002002209b1a032b28bf3f
:1093380001200630c0b270470420f6e70320f4e7a6
:020000040000fa
:020000040102f7
:1093480010b590f86c30044623f0030380f86c30b5
:10935800fdf748faa36f1a0644bf23f08073a3678a
:10936800a36f23f04003a36700f0b2fe002010bdf6
:020000040000fa
:020000040102f7
:1093780000b5014689b028b101280ed0002009b0f7
:109388005df804fb03ab1422184603f031fa079a80
:1093980000920fc8f2f722fcf0e7f1f7b1fdede714
:020000040000fa
:020000040102f7
:1093a80053b94ab9002908bf00281cbf4ff0ff3144
:1093b8004ff0ff3004f062b8adf1080c6de904ce4f
:1093c800e3f7e0faddf804e0dde9022304b07047d2
:020000040000fa
:020000040102f7
:1093d800434d443a5365744461746152656c6174d9
:1093e8006564416464724368616e67652c68646c87
:0f93f800653d25642c726561736f6e3d256400c1
:020000040000fa
:020000040102f7
:1094070005070709090b0d0f111315171b1f232834
:109417002b335b626a737f0b0b0d0f10111315173c
:0f942700191b1d1f2326282b2f33375b626a73f7
:020000040000fa
:020000040102f7
:1094360070b506460d461446fff7cbfc034620b131
:109446001e605d609c60002070bd6ff00100fff73c
:0e945600c0fc03460028f3d16ff08300f4e75a
:020000040000fa
:020000040102f7
:1094640070b50589b5f5706f04460ed2867a042e60
:109474000bd82846fff7c6fc38b1d4e9032331469c
:0e9484002846bde87040f7f781bf032070bd99
:020000040000fa
:020000040102f7
:10949200b0f5706f2de9f04104460d4616461f46a1
:1094a2000ad2fff7b0fc38b13b4632462946204685
:0e94b200bde8f041f9f779ba0320bde8f0817a
:020000040000fa
:020000040102f7
:1094c00010b5c0b0fff7d0fc044668b90a230df10f
:1094d00003010df102008df8003001f02ffe04466b
:0e94e00010b96846fbf7f6fb204640b010bd01
:020000040000fa
:020000040102f7
:1094ee0073b502f10c0306460c4601a8154601930e
:1094fe00043403f0a6fd01a8052103f0a2fd2b46be
:0e950e00a2b200213046f9f7e0fa02b070bdbb
:020000040000fa
:020000040102f7
:10951c0000b593b041f21303adf800300b88adf8f1
:10952c00043051f8023fcdf8063068468b88adf810
:0e953c000a30fff76df9002013b05df804fb54
:020000040000fa
:020000040102f7
:10954a0000b593b041f21203adf80030037c8df8f8
:10955a00053090f848308df804206846adf80610ba
:0e956a008df80830fff755f913b05df804fbdb
:020000040000fa
:020000040102f7
:1095780010b5046894f8f83053b194f8ff304bb93b
:109588000121204600f0b8fd43f60143a4f8173145
:0e959800002010bd43f0010384f8ff30f4e71b
:020000040000fa
:020000040102f7
:1095a60000b593b0d0f8b83141f20602adf800200c
:1095b6000288adf8042068469a69db69cdf8062072
:0e95c600cdf80a30fff727f913b05df804fb6b
:020000040000fa
:020000040102f7
:1095d400f0b500240746204665b2ab4200dcf0bd7e
:1095e4000e5d12f804c0351aa5eb0c05edb2ae42bf
:0e95f40002d034bf012000203d550134ece7c9
:020000040000fa
:020000040102f7
:10960200f8b504680e46002504b9f8bd237a042b88
:109612000bd045b1a06902f094fe01463046e768de
:0e962200fcf7f1fcf8602468eee70125fbe799
:020000040000fa
:020000040102f7
:10963000484f53543a436d64207263762c477270de
:109640003d3078253032782c5375623d30782530a6
:0d96500032782c4f703d3078253032780094
:020000040000fa
:020000040102f7
:10965d00434d443a456e68616e636564526561645d
:10966d005478506f7765724c6576656c0045525233
:0d967d003a5374617475733d3078257800a0
:020000040000fa
:020000040102f7
:10968a004c4c43503a496e7374616e745570646100
:10969a007465642c48646c3d3078253034782c6fbe
:0d96aa0070436f64653d30782530327800e4
:020000040000fa
:020000040102f7
:1096b700534d503a47656e206b65792c64686b652e
:1096c70079206661696c00534d503a47656e206b8f
:0d96d70065792c65646976206661696c0018
:020000040000fa
:020000040102f7
:1096e40008b5084b9a8992b207494a604cf2ff3296
:1096f4009a819b890b6823b10b46486889681b686b
:0c970400984708bd0000014270a9002039
:020000040000fa
:020000040102f7
:1097100000030000f99e0201997502011185020102
:10972000dd840201d575020175840201a98402015c
:0c9730007393010165ca0201f1d302012c
:020000040000fa
:020000040102f7
:10973c004ff0807340f8043c21f0010140f8081c04
:10974c00054b40f80c3c40f8202c6ff0020340f81d
:0c975c00243c4438704700bf1bb00201e1
:020000040000fa
:020000040102f7
:1097680008b54ff0200383f31188bff36f8fbff361
:109778004f8fe9f707ff18b1034b4ff080521a607b
:0c978800002383f3118808bd04ed00e00d
:020000040000fa
:020000040102f7
:1097940010b5094a0178002312f833408c4205d1f0
:1097a40002ebc3035b689847012010bd01331f2bf4
:0c97b400f2d10020f9e700bfac72010107
:020000040000fa
:020000040102f7
:1097c000094b1b681a7832b908b1f2f71dbe03f5d0
:1097d000f270eef705bc28b1032903d1d3f8743138
:0c97e00001201847704700bf3caa002081
:020000040000fa
:020000040102f7
:1097ec0010b5094b1a6802f11001303251f8043be4
:1097fc002bb19c7a012c02d11c88844202d091425c
:0c980c00f4d10023184610bd44aa00202f
:020000040000fa
:020000040102f7
:1098180070b5c47a0d460023d9b28c4201d8802095
:109828000be0c16801eb830101330e889642f3d146
:0c9838006868498803f0f8fd002070bd4e
:020000040000fa
:020000040102f7
:1098440038b5054604200c46f8f7defc68b1838879
:10985400c58003f0f80343f4407343f001038380ad
:0c9864008460bde83840fcf741ba38bd14
:020000040000fa
:020000040102f7
:109870001fb5094c24686cb1adf80630069b029305
:10988000079badf80000adf80210adf8042003937b
:0c9890006846a04704b010bd9caa002050
:020000040000fa
:020000040102f7
:10989c00084b1a6842f005021a601a685107fcd48a
:1098ac001a68d207fcd4044b1968043b89b21868b7
:0c98bc0003f048bd143e01410c3e014188
:020000040000fa
:020000040102f7
:1098c800074b1a8842f040021a801a685206fcd4e4
:1098d800044b1b680360044b1b680b80704700bf78
:0c98e800143e0141003e0141043e0141dc
:020000040000fa
:020000040102f7
:1098f400074b4ff0ff321a6001284ff01f021a7114
:1099040004d1044a00231360034a13600020704703
:0c99140022aa0020b0aa002038ab0020de
:020000040000fa
:020000040102f7
:1099200010b502210446002001f09cfa50b11d231d
:109930000373054b1b681b7b437301462046f3f7fb
:0c99400085fb012010bd00bfd4aa002050
:020000040000fa
:020000040102f7
:10994c0010b502210446002001f086fa50b11e2306
:10995c000373054b1b681b7b437301462046f3f7cf
:0c996c006ffb012010bd00bfd4aa00203a
:020000040000fa
:020000040102f7
:1099780038b590f8e43005460c4673b90820f0f77e
:1099880085f9c5f8b801e388c3802146d5f8b83110
:0c99980051f8012f1a600a791a7138bdcd
:020000040000fa
:020000040102f7
:1099a40038b50546d5f8a84104b938bd2368c5f8cb
:1099b400a8311bb905f5d473c5f8ac31a06803f020
:0c99c40033fd204603f030fdece700bf4f
:020000040000fa
:020000040102f7
:1099d00007b5084b1b68187259729a72064b0093b0
:1099e000022201233821ec20eef70aff002003b009
:0c99f0005df804fbd4aa00205ac3020159
:020000040000fa
:020000040102f7
:1099fc00094b012815bf18681b68d0f85832d3f8ea
:109a0c005c226fea01010bbf0a400b40c3f85c22d9
:0c9a1c00c0f85832704700bfe8aa0020d4
:020000040000fa
:020000040102f7
:109a280013b5044680b101910df1030001a903f0bb
:109a3800d5f904f16000eef7cffa00239df8032072
:0c9a480001212046f3f716f902b010bd12
:020000040000fa
:020000040102f7
:109a540010b5094b1a6802f12c014c3251f8043b41
:109a640023b11c88844201d19c7814b99142f5d168
:0c9a74000023184610bd00bff0aa00201f
:020000040000fa
:020000040102f7
:109a800010b5094b1a6802f12c014c3251f8043b15
:109a90002bb19c781cb193f85340844202d0914280
:0c9aa000f4d10023184610bdf0aa0020ed
:020000040000fa
:020000040102f7
:109aac0090f8f43013f0020309d0074b1b685b00ed
:109abc0007d5c07f04288cbf0020012070471846b2
:0c9acc0070470120704700bf303401419a
:020000040000fa
:020000040102f7
:109ad8007fb50e7916f0300f04d1fdf7e5fb0020b5
:109ae80004b070bdcde90201009202ab0822024920
:0c9af8000120faf77ffcf2e741040101b5
:020000040000fa
:020000040102f7
:109b040038b504680546fcf76ffea36f23f4f81319
:109b140023f40463a36700f0ddfaa36f1b0604d5e6
:0c9b24002846bde83840edf7a1be38bd72
:020000040000fa
:020000040102f7
:109b3000434d443a536574457874416476456e618b
:109b4000626c652c656e61626c653d256400414404
:0b9b5000563a73657449643d256400bb
:020000040000fa
:020000040102f7
:109b5b00434d443a45787453657452616e64416465
:109b6b0064722c68616e646c653d256400455252cd
:0b9b7b003a7374617475733d2564003b
:020000040000fa
:020000040102f7
:109b860000b585b00df10601fff7c3f810b105b0b9
:109b96005df804fb06238df80830bdf80630adf8f5
:0a9ba6000a3002a8fbf7c9fff1e73f
:020000040000fa
:020000040102f7
:109bb00038b50c46fff720fb054650b12378c17c31
:109bc000994208d163786288f3f756fd00b9e874ca
:0a9bd00038bd0320fce70120fae78e
:020000040000fa
:020000040102f7
:109bda00434d443a536574457874416476446174dc
:109bea0061004144563a73657449643d25642c64a6
:0a9bfa006174614c656e3d25640046
:020000040000fa
:020000040102f7
:109c0400434d443a5374617274456e63727970744f
:109c14002c48646c3d307825303478004552523af3
:0a9c24007374617475733d256400cc
:020000040000fa
:020000040102f7
:109c2e0000b593b041f21f03adf800300388adf8d4
:109c3e00063090f82a308df8041068468df80830fa
:0a9c4e00fef7e5fd13b05df804fb1e
:020000040000fa
:020000040102f7
:109c5800042810d8012202fa00f313f017030ad0df
:109c6800042908d802fa01f313f0170303d0431aa2
:0a9c78005842584170470020704721
:020000040000fa
:020000040102f7
:109c820010b505210446002001f0ebf860b1252350
:109c92000373d4f84431d3f81e30c0f80d300146b6
:0a9ca2002046f3f7d2f9012010bdaf
:020000040000fa
:020000040102f7
:109cac004a7890f8f23062f3041380f8f2308b7833
:109cbc0080f84831cb7880f8493190f8f230db06e7
:0a9ccc0002d50520faf760be7047cc
:020000040000fa
:020000040102f7
:109cd60038b590f8e2308b4204460d4602d1002199
:109ce600edf749fd94f8e430ab4205d12046012159
:0a9cf600bde83840edf73fbd38bd72
:020000040000fa
:020000040102f7
:109d0000434d443a416464524c2c616464723d306a
:109d10007825303278253032782530327825303247
:0a9d200078253032782530327800c3
:020000040000fa
:020000040102f7
:109d2a00434d443a416464574c2c616464723d303b
:109d3a00782530327825303278253032782530321d
:0a9d4a007825303278253032780099
:020000040000fa
:020000040102f7
:109d540008b561b9031d406840b101894289914247
:109d640009d102681a6003f05ffb012008bd00f10d
:0a9d740008038068f0e70020f8e71c
:020000040000fa
:020000040102f7
:109d7e008a78042a04d80123934013f0170f01d1d7
:109d8e0000238b70ca78042a04d80123934013f061
:0a9d9e00170f01d10023cb707047ae
:020000040000fa
:020000040102f7
:109da800f0b50025074628466cb2a34200dcf0bd9a
:109db8004e5d545d34440444e4b2a64202d08cbfe4
:0a9dc800012000207c550135eee774
:020000040000fa
:020000040102f7
:109dd20090f8593083b1c26d137843f010031370b9
:109de200c06d0b68c0f85f3100f25f124b685360c0
:0a9df2008b689360cb68d360704764
:020000040000fa
:020000040102f7
:109dfc0090f8593083b1c26d137843f0040313709b
:109e0c00c06d0b68c0f8483100f5a4724b68536004
:0a9e1c008b689360cb68d360704739
:020000040000fa
:020000040102f7
:109e260090f8593083b1c26d137843f00103137073
:109e3600c06d0b68c0f82c3100f596724b68536004
:0a9e46008b689360cb68d36070470f
:020000040000fa
:020000040102f7
:109e500038b50446c568008903f0d2fa48b12089b4
:109e6000fff7caf938b129462089bde83840e8f73c
:0a9e70006fb9042038bd0320fce7a1
:020000040000fa
:020000040102f7
:109e7a000103030303030305050505070709090b86
:109e8a000b0d0f11131517191d21252b31375f697a
:0a9e9a00737f1b1f23292f376b7ff6
:020000040000fa
:020000040102f7
:109ea40010b590f86d309a0704460dd443f00203c0
:109eb40080f86d3000f5997002f012f904f58d7098
:0a9ec400bde81040f8f740bb10bde8
:020000040000fa
:020000040102f7
:029ece0005008d
:020000040000fa
:020000040102f7
:109ed00008b5024608461168064b196451681965b1
:109ee00091681966d2681a670221fef72dff0120da
:089ef00008bd00bf000600449c
:020000040000fa
:020000040102f7
:109ef80060b910b50c46064801f058ff012804d196
:109f08002268044b1a6001221a7110bd704700bf05
:089f180084a900207ca90020af
:020000040000fa
:020000040102f7
:109f20002c9f02011097020100000000309f0201e7
:109f3000b9f401012dbe0201e9c30201117e010144
:089f4000bfd20201fdc30201c2
:020000040000fa
:020000040102f7
:109f480008480068006880f308884ff0000080f334
:109f5800148862b661b6bff34f8fbff36f8f00df0f
:089f680000bf000008ed00e05d
:020000040000fa
:020000040102f7
:109f7000084b1a685b68d86a50b9064b9b68012b7e
:109f800007d8012a05d8034bd86e1b6fc01a70473b
:089f90000020704740fd012094
:020000040000fa
:020000040102f7
:109f98004ff0884308225a604ff6ff7203f50853c2
:109fa8009a6103f58073402199609a614ff68202a5
:089fb8009a652c229a6670479d
:020000040000fa
:020000040102f7
:109fc00038b50489b4f5706f0cd2857a042d09d8a0
:109fd0002046fef719ff28b129462046bde8384043
:089fe000fcf738bb032038bd7b
:020000040000fa
:020000040102f7
:109fe80080680378ef2b0dd84378033b012b09d801
:109ff8008378012b06d8828840f272639a4201d88e
:08a00800f9f704bc03207047c6
:020000040000fa
:020000040102f7
:10a0100010f0fd030ad001280ad14b7903f0c003e8
:10a02000402b07d0002b14bf012303231846704791
:08a030000123fbe70223f9e71d
:020000040000fa
:020000040102f7
:10a0380010b500f1180300f1380200bf53f8044bc3
:10a048002cb194f8044124b1a4b200f01df92046c3
:08a0580010bd9342f2d1fae7ba
:020000040000fa
:020000040102f7
:10a06000084b1a6800230c321178012902d151885b
:10a07000814205d00133dbb2082b02f10c02f3d18f
:08a080001846704754aa0020a5
:020000040000fa
:020000040102f7
:10a08800036810b413b14468944203d15df8044bdb
:10a0980002f0aaba22b90b6001605df8044b704760
:08a0a80013680b601160f8e77a
:020000040000fa
:020000040102f7
:10a0b00010b5064b06480024202221461c7002f0f1
:10a0c0009bfb044bc3e9004410bd00bf6eab0020f6
:08a0d00028a80020bca9002013
:020000040000fa
:020000040102f7
:10a0d800074a13785bb1013bdbb213703bb9054b00
:10a0e8004ff000421a6001225a6040225a607047bd
:08a0f80072ab002000e100e062
:020000040000fa
:020000040102f7
:10a1000038b590f8ff3004460d4623b9d0f86c01fd
:10a1100038b1f3f73bf894f8ff301d4384f8ff5053
:08a1200038bdd4f86801f4e732
:020000040000fa
:020000040102f7
:10a12800434d443a436f6e6e5570646174652c48b4
:10a13800646c3d307825303478004552523a737457
:08a14800617475733d2564008c
:020000040000fa
:020000040102f7
:10a15000434d443a5365745068792c48646c3d30e3
:10a160007825782c7478506879733d25642c727842
:08a17000506879733d2564007d
:020000040000fa
:020000040102f7
:10a17800434d443a536574486f73744368616e6e17
:10a18800656c436c617373004552523a5374617441
:08a1980075733d307825780055
:020000040000fa
:020000040102f7
:10a1a00038b5062203210446fbf732fe054648b1c6
:10a1b00094f86d3023f0600384f86d30012120465f
:08a1c000edf7dcfa284638bd7a
:020000040000fa
:020000040102f7
:10a1c800084a136840f20221a3f84010022183f8dc
:10a1d800421019786ff30411197013680022da63ba
:08a1e800704700bf48ab0020e6
:020000040000fa
:020000040102f7
:10a1f00010b5c36e044613b9436998420bd0637817
:10a200006ff3820363702046e7f7cafb2046bde880
:08a210001040fef785bb10bdf4
:020000040000fa
:020000040102f7
:10a21800084b012815bf18681b68d0f85832d3f8c6
:10a228005c2213bf0b430a43c3f85c22c0f85832c0
:08a23800704700bfe8aa0020f6
:020000040000fa
:020000040102f7
:10a24000c1f30803074a490a2bb94942114043eabe
:10a250004121fbf7d9bec3f59c7301339bb251403a
:08a26000f5e700bfffff7f00de
:020000040000fa
:020000040102f7
:10a2680030b50023074c0b7040fa03f2d20744bf05
:10a278000a781d5d03f1010344bf2a430a70042bc9
:08a28800f2d130bd74d40201d3
:020000040000fa
:020000040102f7
:10a2900070b5054600f1180400f1380654f8040bb7
:10a2a00020b103f0c3f8002344f8043cb442f5d1d4
:08a2b000002385f83b3070bd6e
:020000040000fa
:020000040102f7
:10a2b80038b5084b1b6804460d463bb9224628466c
:10a2c8004ff48271bde8384000f0baba98470128c7
:08a2d800f4d138bdf8aa002002
:020000040000fa
:020000040102f7
:10a2e00010b5074b1c6802f04dfe064b1b78e4b21c
:10a2f0001c442044404240b2bde8104001f0bebbc7
:08a30000b038014160ab002000
:020000040000fa
:020000040102f7
:10a3080010b590f8fa300c463bb1f3f7fff9054b5e
:10a318001a881cb942f004021a8010bd42f00802e3
:08a32800fae700bf66ab00205c
:020000040000fa
:020000040102f7
:10a3300010b4c488074b220a53f8223033b100f11d
:10a340000c028168e0b25df8044b18475df8044bdd
:08a35000704700bf94a7002034
:020000040000fa
:020000040102f7
:10a3580084b008b50df1080c8ce80f00036893f879
:10a368006d30db0603d4049a112101f0e7febde845
:08a378000840002004b070470a
:020000040000fa
:020000040102f7
:10a3800008b51320fef780ff044b054a1880054be3
:10a390001b68c3f38703137008bd00bf68ab0020c0
:08a3a00087ab0020703701417a
:020000040000fa
:020000040102f7
:10a3a800434d443a4c746b5265715265706c792c0c
:10a3b80048646c3d30782578004552523a73746190
:07a3c8007475733d2564006c
:020000040000fa
:020000040102f7
:10a3cf00434f4e4e3a4c6c63705478446f6e653aff
:10a3df0048646c3d3078253034782c4f70436f646f
:07a3ef00653d307825780080
:020000040000fa
:020000040102f7
:10a3f60060b188420cd310b50c4602220021faf750
:10a406006efe034600b18463184610bd002300e0cb
:06a4160000231846704708
:020000040000fa
:020000040102f7
:10a41c0038b504460d4600f01bfea36c23b1002496
:10a42c0002f004f8204638bda36b13b9a5640124cf
:06a43c00f6e70024f4e73e
:020000040000fa
:020000040102f7
:10a4420038b50489b4f5706f05460ad22046fef786
:10a45200dafc30b1ea7aa97a2046bde83840f9f749
:06a46200eabd032038bd35
:020000040000fa
:020000040102f7
:10a4680080680378ef2b0cd84378032b09d18378c5
:10a47800012b06d8828840f272639a4201d8f9f714
:06a48800f3b90320704748
:020000040000fa
:020000040102f7
:10a48e00434d443a536574416476506172616d2c4c
:10a49e00747970653d2564004552523a7374617447
:06a4ae0075733d256400fa
:020000040000fa
:020000040102f7
:10a4b400434d443a446973636f6e6e6563742c480c
:10a4c400646c3d3078253034782c726561736f6e1e
:06a4d4003d25303264005a
:020000040000fa
:020000040102f7
:10a4da0090f8e2305bb990f8e42042b990f8b031d4
:10a4ea003bb9d0f8a801b0fa80f0400970470020c3
:06a4fa00704701207047cd
:020000040000fa
:020000040102f7
:10a50000434d443a53657450434c507265736574bf
:10a510002c55703d25642c4c6f773d25642c73744d
:06a5200065703d2564009a
:020000040000fa
:020000040102f7
:10a5260070b549b9051d4068002448b10668013474
:10a5360002f079ff3046f8e700f108058068f3e796
:06a546002860204670bdf4
:020000040000fa
:020000040102f7
:10a54c0000b593b01323adf8003001238df804301f
:10a55c000388adf806306846adf80810fef758f9d8
:06a56c0013b05df804fbd2
:020000040000fa
:020000040102f7
:10a5720010b580f8291000880c4600f06efb48b137
:10a58200162c03d1bde8104001f007babde8104017
:06a5920001f011ba10bd3a
:020000040000fa
:020000040102f7
:10a5980010b5013a52b2130601d5002010bd845cf3
:10a5a8008b5c9c4205d802f1ff32f4d24ff0ff30a9
:06a5b800f4e70120f2e7c8
:020000040000fa
:020000040102f7
:10a5be0008b503689a6f120601d4002008bdd3f8bf
:10a5ce009020013ac3f89020002af6d18021f3f7ab
:06a5de00d4ff0120f2e7aa
:020000040000fa
:020000040102f7
:10a5e4000201050a094d6963726f63686970041694
:10a5f400dafe0f000c097069633332776d2d6277d0
:04a60400310000bf62
:020000040000fa
:020000040102f7
:10a6080008b5074801f0a2fb02f03afcfbf70eff81
:10a61800034608b9184608bdfbf72aff0346f9e7c1
:04a62800879b020109
:020000040000fa
:020000040102f7
:10a62c00064b1b78012b07d8054a42f8230001334f
:10a63c00024a13700020704704207047000000206d
:04a64c0004000020e6
:020000040000fa
:020000040102f7
:10a6500070b54ff4005442f20806e5b22046dbf72d
:10a6600011ff28b10135edb20134a4b2b442f4d1e6
:04a67000284670bd4b
:020000040000fa
:020000040102f7
:10a67400064b00221a62064a1a6202f12b42a2f524
:10a684004b12a2f6ab421a62704700bf00060044a8
:04a69400556699aac4
:020000040000fa
:020000040102f7
:10a69800074b5b6f1b6823b9054b4ff0ff32da6637
:10a6a8007047034b5a6fd2681268da66704700bf6a
:04a6b80040fd012040
:020000040000fa
:020000040102f7
:10a6bc00026c72b110b5c3681344c3608468a342c2
:10a6cc0024bf0368c3600c46c168204601f05cfae5
:04a6dc0010bd7047f6
:020000040000fa
:020000040102f7
:10a6e00010b5024600210120faf7fcfc044638b1ff
:10a6f000002181600160c1600b460a46e9f7aef8af
:04a70000204610bd22
:020000040000fa
:020000040102f7
:10a7040000b503781f2bc1b008d115238df8003094
:10a7140003798df802306846faf7dafa012041b07d
:04a724005df804fbdd
:020000040000fa
:020000040102f7
:10a7280038b50489b4f5706f054609d22046fef79e
:10a7380067fb28b1a97a2046bde83840faf728be59
:04a74800032038bdf5
:020000040000fa
:020000040102f7
:10a74c0038b50489b4f5706f054609d22046fef77a
:10a75c0055fb28b1a97a2046bde83840faf7dcba97
:04a76c00032038bdd1
:020000040000fa
:020000040102f7
:10a7700038b50489b4f5706f054609d22046fef756
:10a7800043fb28b1e9682046bde83840f9f788bfa7
:04a79000032038bdad
:020000040000fa
:020000040102f7
:10a7940038b50489b4f5706f0ad2c5682046fef74f
:10a7a40031fb28b129462046bde83840f8f72eb9d8
:04a7b400032038bd89
:020000040000fa
:020000040102f7
:10a7b80070b5074e05460024336804f16a0253f861
:10a7c80022300bb1284698470134032cf4d170bdd0
:04a7d8003caa002077
:020000040000fa
:020000040102f7
:10a7dc00830708d5044b1a68002111601b68034ad3
:10a7ec005a60034a9a60704744aa002035cb020194
:04a7fc0005d402017d
:020000040000fa
:020000040102f7
:10a80000072838b50bd8064d041d2b6853f82400d3
:10a8100028b102f00bfe2b68002243f8242038bd3b
:04a8200044aa002026
:020000040000fa
:020000040102f7
:10a8240008b5fef77ffb40b1054b80781b685b7869
:10a8340098422cbf0020012008bd0120fce700bf86
:04a8440054aa0020f2
:020000040000fa
:020000040102f7
:10a8480013b5074b8df800001446adf802100192bd
:10a858001b6868469847204602f0e4fd02b010bd28
:04a868005caa0020c6
:020000040000fa
:020000040102f7
:10a86c000e2808b507d1054b054a1b68107003b1bb
:10a87c009847012000e0002008bd00bf70aa00200e
:04a88c006cab002091
:020000040000fa
:020000040102f7
:10a8900008b5064c064d2b682068db684ff0ff3189
:10a8a00098470128f7d1fbf747faf4e76caa002094
:04a8b00068aa002072
:020000040000fa
:020000040102f7
:10a8b40010b500f0d7ff064b1b7804461bb1fdf71b
:10a8c4000df8e9f77bf82046bde8104000f038b8f1
:04a8d4006fab002046
:020000040000fa
:020000040102f7
:10a8d800012805d008b1022804d0034b1888704716
:10a8e800024bfbe7024bf9e702aa002054ab002019
:04a8f80056ab00203b
:020000040000fa
:020000040102f7
:10a8fc0010b9054b19807047012801d1034bf9e7ba
:10a90c000228f8d1024bf5e7203f0141243f0141d9
:04a91c00283f01418e
:020000040000fa
:020000040102f7
:10a9200010b5064c01222270054a126802b1904708
:10a9300001f00cfb0023237010bd00bf73ab00209f
:04a94000acaa00209d
:020000040000fa
:020000040102f7
:10a9440007b5074a0190137833b1013bdbb21370aa
:10a9540013b901a802f062fb03b05df804fb00bf69
:04a9640074ab0020b0
:020000040000fa
:020000040102f7
:10a96800064a136823f080031b041b0c1380044a57
:10a97800138823f080031380704700bf203f0141f4
:04a9880002aa0020ff
:020000040000fa
:020000040102f7
:10a98c00064b1a8842f001021a801a68d207fcd4ce
:10a99c00034b186820f07040704700bf143e014113
:04a9ac00083e01411f
:020000040000fa
:020000040102f7
:10a9b000074b1860998010331a6842f4e0421a601d
:10a9c0001a689104fcd41a68d204f9d4704700bf05
:04a9d000003e014103
:020000040000fa
:020000040102f7
:10a9d40008b5fff7ebff064b1b6813f0060f05d015
:10a9e40040210020bde80840fbf7babe08bd00bf07
:04a9f400203f0141be
:020000040000fa
:020000040102f7
:10a9f800074b1b68586800b9704790f8f83013b1d6
:10aa080090f821300bb90068f5e70120704700bfc6
:04aa1800b4aa0020bc
:020000040000fa
:020000040102f7
:10aa1c0010b5074b1b685c6804b910bd94f8f8308e
:10aa2c0023b1002211462046f9f78cfc2468f3e789
:04aa3c00b4aa002098
:020000040000fa
:020000040102f7
:10aa400000b593b00823adf8003003888df80410ea
:10aa50006846adf806308df80820fdf7dffe13b02c
:04aa60005df804fb9e
:020000040000fa
:020000040102f7
:10aa6400434d443a5265616452656d6f7465557324
:10aa7400656446656174757265732c48646c3d3019
:04aa840078257800b9
:020000040000fa
:020000040102f7
:10aa8800434d443a52656d7465436f6e6e50617202
:10aa980061725265715265706c792c48646c3d30f6
:04aaa8007825780095
:020000040000fa
:020000040102f7
:10aaac0010b5c37d04464bb90821fcf731ff08b93a
:10aabc00002010bd012084f8e200fae7012bf7d149
:04aacc000e21f2e77e
:020000040000fa
:020000040102f7
:10aad00038b50a460f210546fbf79af9044638b106
:10aae00095f8e430112b03d101212846ecf746fefe
:04aaf000204638bd07
:020000040000fa
:020000040102f7
:10aaf40038b590f8e43004460d4653b90a20eff710
:10ab0400c7f8c4f8b8016b780370d4f8b831aa78e0
:04ab14005a7038bd7e
:020000040000fa
:020000040102f7
:10ab180010b5837e113bdbb2122b96bf044a00218d
:10ab2800d15c0446f4f750fea4f8600010bd00bfe5
:04ab380020c802012e
:020000040000fa
:020000040102f7
:10ab3c004348433a53706f6e20412043686b206644
:10ab4c0061696c3a6c6f633a25642c2052656d6fa9
:04ab5c003a25640032
:020000040000fa
:020000040102f7
:10ab600010b5074b1b685a6d013a5a6532b99a6d98
:10ab70005a650124f2f702ff204610bd0024f9e7d0
:04ab8000dcaa00202b
:020000040000fa
:020000040102f7
:10ab8400074b1b680bb91846704799680a7a043a50
:10ab9400012af6d80a68126b8242f2d1012070476a
:04aba400e4a9002000
:020000040000fa
:020000040102f7
:10aba800074a13691b1a136193680344b3f5c06f0e
:10abb80083bf6ff4c0615b18012000209360704769
:04abc80098a8002029
:020000040000fa
:020000040102f7
:10abcc00d0f8b8311a7880f840205a7880f84120b3
:10abdc009a7880f84220da7880f843201b7980f844
:04abec00443070473a
:020000040000fa
:020000040102f7
:10abf00010b5446f88b05cb1036fcde9033008ab8a
:10ac000013e903008de8030003ab0ecb0320a0473c
:04ac100008b010bdbb
:020000040000fa
:020000040102f7
:10ac140010b5446f88b05cb1036fcde9033008ab65
:10ac240013e903008de8030003ab0ecb0420a04717
:04ac340008b010bd97
:020000040000fa
:020000040102f7
:10ac380010b54378da0704460bd500229b0702704b
:10ac4800827001d4f5f7d0fa2046bde81040f5f738
:04ac580037be10bd36
:020000040000fa
:020000040102f7
:10ac5c00074b1b680bb91a4608e09a68117a04393d
:10ac6c000129f6d8116809888142f2d11046704743
:04ac7c00e4a9002027
:020000040000fa
:020000040102f7
:10ac800038b5074d00242b681b78e340db07e1b2a1
:10ac900002d50120e9f7b4ff0134082cf3d138bd07
:04aca00004ab0020e1
:020000040000fa
:020000040102f7
:10aca40010b50468fbf7a0fda36fd4f8cc0023f023
:10acb400807343f00073a367f8f792fcbde810407b
:04acc400fff708bad4
:020000040000fa
:020000040102f7
:10acc8000b0d40f21e42d21a09dbcb0243ea505068
:10acd80040f00040202a28bf2022d0407047490079
:04ace80080417047f0
:020000040000fa
:020000040102f7
:10acec00434d443a536574436f6e6e5478506f778e
:10acfc0065725072657365742c73656c5077723d18
:03ad0c00256400bb
:020000040000fa
:020000040102f7
:10ad0f00534d503a446174612073656e642c7061c9
:10ad1f006972206661696c206572723d30782530ea
:03ad2f0034780075
:020000040000fa
:020000040102f7
:10ad32000369416882688a60416851605a68824248
:10ad420004bf82685a6000220261186801381860e4
:02ad5200704748
:020000040000fa
:020000040102f7
:10ad5400017a427a41ea020313f0f80f07d1b1fafb
:10ad640081f040090ab940f00200faf777bf0320e6
:02ad7400704726
:020000040000fa
:020000040102f7
:10ad7600b0f5706f38b504460d4608d2fef741f8b7
:10ad860028b129462046bde83840fbf73ebc0320e3
:02ad960038bdc6
:020000040000fa
:020000040102f7
:10ad980010b50a68937854781b0403eb04231478dd
:10ada800d278234403eb026303600b6804330b601f
:02adb80010bdcc
:020000040000fa
:020000040102f7
:10adba0000b593b03023adf8003000238df804308d
:10adca000388adf806306846fdf723fd13b05df839
:02adda0004fb78
:020000040000fa
:020000040102f7
:10addc0038b504460d460020022100f03df838b18c
:10adec0002230373457301462046f2f729f901202b
:02adfc0038bd60
:020000040000fa
:020000040102f7
:10adfe0038b504460d460020022100f02cf838b17b
:10ae0e0007230373457301462046f2f718f9012014
:02ae1e0038bd3d
:020000040000fa
:020000040102f7
:10ae200049b1807e112808d0122808d010f02000e7
:10ae300018bf04207047407ef4e7012070470220cd
:02ae4000704759
:020000040000fa
:020000040102f7
:10ae4200434d443a5365744164765478506f776544
:10ae5200725072657365742c73656c5077723d2500
:02ae620064008a
:020000040000fa
:020000040102f7
:10ae640038b5054601f10c000c4602f0dbfa38b1a6
:10ae74000379448165f3051303710023038103609f
:02ae840038bdd7
:020000040000fa
:020000040102f7
:10ae860007b5426f3ab149b1019001ab04220521e1
:10ae96000220f7f7f4fb03b05df804fbfbf769f853
:02aea600f9e7ca
:020000040000fa
:020000040102f7
:10aea80010b50446062002f0bbfa014640b108235b
:10aeb800037023888380bde81040062002f0e4b9bf
:02aec80010bdbb
:020000040000fa
:020000040102f7
:10aeca0010b50446062002f0aafa014640b104234e
:10aeda00037023888380bde81040062002f0d3b9ae
:02aeea0010bd99
:020000040000fa
:020000040102f7
:10aeec0010b50446062002f099fa014640b107233a
:10aefc00037023888380bde81040062002f0c2b99d
:02af0c0010bd76
:020000040000fa
:020000040102f7
:10af0e0012290ad002d8112904d0704721390229fa
:10af1e0005d97047012101f006bf0221fbe703218d
:02af2e00f9e741
:020000040000fa
:020000040102f7
:10af3000cb681a7880f840205a7880f841209a78b7
:10af400080f84220da7880f843201b7980f844307a
:02af5000704748
:020000040000fa
:020000040102f7
:10af520010b504680a46d4f8b01029b1fef7bbfd5b
:10af62000023c4f8b03010bd1046bde81040fdf714
:02af72009ebb84
:020000040000fa
:020000040102f7
:10af740010b50468204601f0ebfefbf735fca36f27
:10af840043f0006343f00103a367bde81040fff7fb
:02af9400a1b862
:020000040000fa
:020000040102f7
:10af960010f0004160b148bf40420a0d02f21d4266
:10afa600b0fa80f3d21a9840c30a400503eb025167
:02afb6007047e2
:020000040000fa
:020000040102f7
:10afb800434d443a5265616452656d6f74655665d8
:10afc80072496e666f2c48646c3d30782530347851
:01afd8000078
:020000040000fa
:020000040102f7
:10afd900434d443a5265616443684d6170436d6401
:10afe900004552523a5374617475733d307825782f
:01aff9000057
:020000040000fa
:020000040102f7
:10affa0010b582b030b141b1049c0094f6f7f7fe67
:10b00a0002b010bd6ff0ac00fae76ff0ac00f7e7e2
:020000040000fa
:020000040102f7
:10b01a0082b0002301934ff0200383f31188bff31a
:10b02a006f8fbff34f8f019b002bfcd002b070478c
:020000040000fa
:020000040102f7
:02b03a0005000f
:020000040000fa
:020000040102f7
:10b03c00064b19680868b0e8f04f80f30988bff335
:10b04c006f8f4ff0000080f31188704744fd012092
:020000040000fa
:020000040102f7
:10b05c004ff0200383f31188bff36f8fbff34f8f33
:10b06c00024a136801331360704700bf8cab002099
:020000040000fa
:020000040102f7
:10b07c0000b58179c1b041b90846f6f789ff0823bc
:10b08c0068468df80030f9f71ffe41b05df804fbff
:020000040000fa
:020000040102f7
:10b09c0010b50c46fdf7b2fe40b150f8043f2360ea
:10b0ac008388a3808379a371002010bd0320fce763
:020000040000fa
:020000040102f7
:10b0bc007fb5adf80800cde9031241f20b6069468b
:10b0cc000593fef7b9fbbdf8000007b05df804fb73
:020000040000fa
:020000040102f7
:10b0dc0010b50489b4f5706f08d22046fdf78efeca
:10b0ec0020b12046bde81040faf776b9032010bd18
:020000040000fa
:020000040102f7
:10b0fc001fb58df808008df8091041f20330694630
:10b10c000392fef799fbbdf8000005b05df804fb57
:020000040000fa
:020000040102f7
:10b11c0091e80001e99f020169a40201bd910101be
:10b12c0081280201ad850201fdb6020191d3020115
:020000040000fa
:020000040102f7
:10b13c0030b5064d00232a681a44dcb2527812b995
:10b14c000470104630bdca540133f4e73caa002009
:020000040000fa
:020000040102f7
:10b15c00044b054a00280cbf18461046034b586197
:10b16c00704700bfd7d30201dcd3020144fe01209b
:020000040000fa
:020000040102f7
:10b17c00054b1b7c2bb1054b1a88824201d1588898
:10b18c0070470020704700bff8a8002050aa00208c
:020000040000fa
:020000040102f7
:10b19c00042802d0062804d07047044b1b68996021
:10b1ac007047024b1b68d960704700bf58aa00203b
:020000040000fa
:020000040102f7
:10b1bc0010b1054b1b78037021b1044b1a680a605f
:10b1cc009b888b80704700bff4a90020f5a9002054
:020000040000fa
:020000040102f7
:10b1dc00054b1a8842f001021a801a68d207fcd477
:10b1ec00024b1868704700bf143e0141083e0141f4
:020000040000fa
:020000040102f7
:10b1fc00054b1a8842f002021a801a689207fcd496
:10b20c00024b1868704700bf143e0141003e0141db
:020000040000fa
:020000040102f7
:10b21c00054b1a8842f008021a801a681207fcd4ef
:10b22c00024b186880b27047143e0141043e014144
:020000040000fa
:020000040102f7
:10b23c00054b1a8842f004021a801a685207fcd493
:10b24c00024b186880b27047143e01410c3e01411c
:020000040000fa
:020000040102f7
:10b25c0008b5064b1868f021043001f01dff0022e0
:10b26c001146bde80840f9f76db800bfb4aa00203c
:020000040000fa
:020000040102f7
:10b27c00064b1b68586800b9704790f8f8300bb152
:10b28c00037b0bb10068f6e701207047b4aa0020dd
:020000040000fa
:020000040102f7
:10b29c0010b5064b16301b6853f820300c4613b112
:10b2ac00114620469847002010bd00bfb8aa0020c8
:020000040000fa
:020000040102f7
:10b2bc0008b5036893f8ff1041b993f80121501eab
:10b2cc0042424241d3f8680100f022f8002008bd48
:020000040000fa
:020000040102f7
:10b2dc004b7880f8e8308b7880f8e930cb7880f8c0
:10b2ec00ea300b7980f8eb304b7980f8ec30704712
:020000040000fa
:020000040102f7
:10b2fc0010b50446f9f717ff0521204600f020f998
:10b30c0028b194f8f43043f0020384f8f43010bd03
:020000040000fa
:020000040102f7
:10b31c001fb54378db0708d5cde90101039201abda
:10b32c000c2200210220f7f7a7f905b05df804fb09
:020000040000fa
:020000040102f7
:10b33c00064b1b6893f8402203eb4203b3f8380228
:10b34c00b3f83c32184480b2704700bfe8aa002022
:020000040000fa
:020000040102f7
:10b35c00062340f2431203fb0020044b1b681844e5
:10b36c0003680b6083888b80704700bf04ab0020a0
:020000040000fa
:020000040102f7
:10b37c00054bd3f8682f60f3d752c3f8682f034bf3
:10b38c001b685870704700bf0024014104ab0020bb
:020000040000fa
:020000040102f7
:10b39c00064b1b681a78002322fa03f1c907d8b2ae
:10b3ac0003d50133082bf7d11846704704ab0020a6
:020000040000fa
:020000040102f7
:10b3bc000103030303030305050507070909090b2b
:10b3cc000d0f111315171b1f252931375f69777f57
:020000040000fa
:020000040102f7
:10b3dc0010b530b129b112f0030302d19208934297
:10b3ec0000d110bd51f8234040f823400133f6e75b
:020000040000fa
:020000040102f7
:10b3fc0010b50446fef74cfa01462046fef71aff3c
:10b40c00024b984294bf0020012010bd38feff7ff4
:020000040000fa
:020000040102f7
:10b41c0010b50446817e90f86000fbf763ff617ef7
:10b42c0002460020fbf75eff92b212fa80f010bdcc
:020000040000fa
:020000040102f7
:10b43c00434d443a53657441646472526573456e6e
:0fb44c0061626c652c656e61626c653d25640004
:020000040000fa
:020000040102f7
:10b45c0000b583b002238df80030adf802008df8f2
:0eb46c0005106846faf766fb03b05df804fbb6
:020000040000fa
:020000040102f7
:10b47a001fb5adf80c008df80e1041f2046001a959
:0eb48a00fef7dbf9bdf8040005b05df804fb29
:020000040000fa
:020000040102f7
:10b498001fb5adf80c00adf80e1042f2010001a97d
:0eb4a800fef7ccf9bdf8040005b05df804fb1a
:020000040000fa
:020000040102f7
:10b4b60008b50089fef7cbfa38b18378022b04d1a0
:0eb4c6000521bde80840f2f73cbf032008bd99
:020000040000fa
:020000040102f7
:10b4d40010b5847a0089fef7bbfa30b1c36d23b18d
:0eb4e4002146bde81040faf7bbba012010bdaa
:020000040000fa
:020000040102f7
:10b4f20003688b4206d10b68036043688b4208bf26
:0eb5020042607047002af8d00b681360f5e72e
:020000040000fa
:020000040102f7
:10b5100013b5044602210df10600f4f751f8bdf809
:0eb52000063062899a42f5d0638102b010bdf8
:020000040000fa
:020000040102f7
:10b52e00434d443a45787452656d6f766541647645
:0eb53e005365742c68616e646c653d25640075
:020000040000fa
:020000040102f7
:10b54c0038b504460d4600200121fff785fc28b1d3
:0eb55c00057301462046f1f773fd012038bd4e
:020000040000fa
:020000040102f7
:10b56a0010b5c36e04464bb94369984206d1e6f753
:0eb57a0068ff2046bde81040fdf7cdb910bdba
:020000040000fa
:020000040102f7
:10b5880007b549b1019001ab042209210220f7f760
:0eb5980075f803b05df804fbe6f736f9f9e745
:020000040000fa
:020000040102f7
:10b5a60007b5c378db0708d504230093008800237a
:0eb5b600fdf79cfa03b05df804fb0120fae7f4
:020000040000fa
:020000040102f7
:10b5c40010b50023934206d113f0030018bf0120e5
:0eb5d40000eb930010bdc45ccc540133f2e7d1
:020000040000fa
:020000040102f7
:10b5e200434d443a536574416476436f64696e67b0
:0db5f200536368656d652c63733d2564002f
:020000040000fa
:020000040102f7
:10b6000010b50446807a01f039fc034608b11846ab
:0cb6100010bd2046f6f79ef90346f8e74f
:020000040000fa
:020000040102f7
:10b61c0008b5a0f500539bb2072b04d8024b1b684e
:0cb62c000bb1c0b2984708bd88a50020f3
:020000040000fa
:020000040102f7
:10b6380010b50c46044b59681831fcf77fff0121ff
:0cb648002046f0f789fe10bd40fd0120f7
:020000040000fa
:020000040102f7
:10b6540010b5054c0022227040f201114020f9f788
:0cb664003ffd606010bd00bf5c000020d6
:020000040000fa
:020000040102f7
:10b67000a5ca020195ca0201991a0201adcd0201c3
:0cb680004d76020123d2020133c9020101
:020000040000fa
:020000040102f7
:10b68c001fb5adf80800039141f201606946fef761
:0cb69c00d3f8bdf8000005b05df804fb19
:020000040000fa
:020000040102f7
:10b6a8001fb5adf80800039141f203606946fef743
:0cb6b800c5f8bdf8000005b05df804fb0b
:020000040000fa
:020000040102f7
:10b6c4001fb5adf80800039141f601006946fef785
:0cb6d400b7f8bdf8000005b05df804fbfd
:020000040000fa
:020000040102f7
:10b6e000054b5a78824205d09b7883420cbf0120db
:0cb6f000022070470020704709aa0020cb
:020000040000fa
:020000040102f7
:10b6fc0008b5fcf773fc28b9034b4ff0ff321a6006
:0cb70c001a71187008bd00bf09aa0020c7
:020000040000fa
:020000040102f7
:10b71800054b1b6893f821300bb903707047022b57
:0cb728000cbf03230123f8e73caa00201b
:020000040000fa
:020000040102f7
:10b734001fb58df80800039141f204006946fef735
:0cb744007ff8bdf8000005b05df804fbc4
:020000040000fa
:020000040102f7
:10b750001fb58df80800039141f20a006946fef713
:0cb7600071f8bdf8000005b05df804fbb6
:020000040000fa
:020000040102f7
:10b76c0008b50089fef770f930b1c36d23b108211b
:0cb77c00bde80840f2f7e2bd012008bd66
:020000040000fa
:020000040102f7
:10b7880010b50446008901f037fe28b1e168208928
:0cb79800bde81040fef708ba042010bd08
:020000040000fa
:020000040102f7
:10b7a40010b50446f9f7aafd034b1b689c82e7f722
:0cb7b400a7fa002010bd00bf4caa002026
:020000040000fa
:020000040102f7
:10b7c00010b50446008901f01bfe28b1e16820890c
:0cb7d000bde81040faf720ba042010bdbc
:020000040000fa
:020000040102f7
:10b7dc0010b50446008901f00dfe28b1e1682089fe
:0cb7ec00bde81040f5f794bd042010bd2e
:020000040000fa
:020000040102f7
:10b7f80010b50c46f8f7ccfc2378ff2b16bf024b8c
:0cb80800012033f8100010bd30f40101e5
:020000040000fa
:020000040102f7
:10b8140008b5f9f79dfb18b9bde8084001f0a0b9d7
:0cb82400014b33f8100008bd30f40101a6
:020000040000fa
:020000040102f7
:10b8300010b50f230022c45c42ea4402ca54c25c21
:0cb8400013f1ff334fead212f5d210bd15
:020000040000fa
:020000040102f7
:10b84c00054b187029b10a68c3f801208a88a3f83f
:0cb85c000520f9f733be00bff4a900205e
:020000040000fa
:020000040102f7
:10b8680007b501a801f0b3fa034a01981378013328
:0cb87800137003b05df804fb74ab0020fb
:020000040000fa
:020000040102f7
:10b88400044a138843f0800319461380024b19803d
:0cb89400704700bf02aa0020203f0141c5
:020000040000fa
:020000040102f7
:10b8a000054b1a6842f440721a601a68d105fcd43c
:0cb8b0001a689205f9d47047103e01415f
:020000040000fa
:020000040102f7
:10b8bc00054b1b68586800b9704790f8f8300bb905
:0cb8cc000068f8e701207047b4aa0020d3
:020000040000fa
:020000040102f7
:10b8d8004144563a7265736368446573632c6164c6
:0cb8e80076457674547970653d25640047
:020000040000fa
:020000040102f7
:10b8f40000b593b05723adf800300388adf8043099
:0cb904006846fcf789ff13b05df804fbf7
:020000040000fa
:020000040102f7
:10b91000434d443a4c746b5265714e656752657085
:0cb920006c792c48646c3d307825780070
:020000040000fa
:020000040102f7
:10b92c00034b1860034b1960034b1a60704700bf40
:0cb93c00d0aa0020c8aa0020c0aa002049
:020000040000fa
:020000040102f7
:10b94800054b1a68c30800f00700d35c23fa00f01f
:0cb9580000f00100704700bfd4aa0020de
:020000040000fa
:020000040102f7
:10b9640010b5fff78bf900231a4603490220bde8fe
:0cb974001040f6f785be00bf010701007f
:020000040000fa
:020000040102f7
:10b98000054b1b682bb11b78c3f3c0030370002069
:0cb9900070470c20704700bf48ab00203f
:020000040000fa
:020000040102f7
:10b99c0007b50422019001ab03490220f6f76cfeb7
:0cb9ac0003b05df804fb00bf8106010041
:020000040000fa
:020000040102f7
:10b9b80007b50422019001ab03490220f6f75efea9
:0cb9c80003b05df804fb00bf8206010024
:020000040000fa
:020000040102f7
:10b9d40038b505680446e6f76fff12232b76204638
:0cb9e40000220b21bde83840eff770bdd9
:020000040000fa
:020000040102f7
:10b9f00007b54378db0706d5019001ab042201218e
:0cba00000220f6f73ffe03b05df804fbe7
:020000040000fa
:020000040102f7
:10ba0c00c0f3080310f4007f40f271224fea90203b
:0cba1c0002fb003018bf00f59c70704762
:020000040000fa
:020000040102f7
:10ba2800054b02681a6082889a80d3f82e2061f349
:0cba38005962c3f82e20704736330141dc
:020000040000fa
:020000040102f7
:10ba4400054bd3f8682f60f31242c3f8682fd3f87c
:0cba5400700f00f0010070470024014159
:020000040000fa
:020000040102f7
:10ba6000044b1b6ac3f30723022b9abf024ad05c24
:0cba700020207047000a0044cd51020164
:020000040000fa
:020000040102f7
:10ba7c00044b9b79012b04d1034b1b780bb10c307d
:0cba8c0040b27047e0a800207cab002016
:020000040000fa
:020000040102f7
:10ba9800044b9b79012b03d13930a4bf024a1370a0
:0cbaa800704700bfe0a800207cab00202d
:020000040000fa
:020000040102f7
:10bab40008b56d20fdf7e6fb024b1880024bff2210
:0cbac4001a7008bd64ab00207eab0020af
:020000040000fa
:020000040102f7
:10bad00070b5054601f058fb446834b1002329468f
:0cbae000a4461a46bde87040604770bde7
:020000040000fa
:020000040102f7
:10baec0008b5044801f08afa0348bde8084001f0a3
:0cbafc008bba00bfd1ba0201a9f301010e
:020000040000fa
:020000040102f7
:10bb0800036801f03f0103b970471a7a22b9da686d
:0cbb1800906861f3c80090601b68f4e7bf
:020000040000fa
:020000040102f7
:10bb240010b5044b044800241c6001f05bfb204664
:0cbb340010bd00bf38ab00208d6901017e
:020000040000fa
:020000040102f7
:10bb4000836fca6843f002038367438f9b000367d8
:0cbb5000528803eb8203c0e91c317047ef
:020000040000fa
:020000040102f7
:10bb5c0007b50422019001ab03490120f6f78cfdd7
:0cbb6c0003b05df804fb00bff104010110
:020000040000fa
:020000040102f7
:10bb780030b501390024a24206d0035d01340d5dc1
:0cbb8800ab42f8d0581b00e0002030bd9c
:020000040000fa
:020000040102f7
:10bb94005ab110b40a44431e11f8014b03f8014f83
:0cbba4009142f9d15df8044b70477047e6
:020000040000fa
:020000040102f7
:10bbb0004c32433a446174612073656e642c726543
:0bbbc0006a20727370206661696c00df
:020000040000fa
:020000040102f7
:10bbcb00434d443a536574416476456e61626c65ce
:0bbbdb002c656e61626c653d25640006
:020000040000fa
:020000040102f7
:10bbe600434d443a5265616452656d6f746554788d
:0bbbf600506f7765724c6576656c003f
:020000040000fa
:020000040102f7
:10bc0100434f4e4e3a4e657754785265712c204f12
:0bbc110070436f64653d3078257800bb
:020000040000fa
:020000040102f7
:10bc1c0000b583b0002300931022fff7e8f9003041
:0abc2c0018bf012003b05df804fb0f
:020000040000fa
:020000040102f7
:10bc36001fb5adf80c0001a94ff4c050fdf7fffd8c
:0abc4600bdf8040005b05df804fb32
:020000040000fa
:020000040102f7
:10bc50001fb5cde9020169464ff49850fdf7f2fd9a
:0abc6000bdf8000005b05df804fb1c
:020000040000fa
:020000040102f7
:10bc6a001fb5adf80c0001a943f20400fdf7e5fd8c
:0abc7a00bdf8040005b05df804fbfe
:020000040000fa
:020000040102f7
:10bc84001fb5adf80c0001a943f20600fdf7d8fd7d
:0abc9400bdf8040005b05df804fbe4
:020000040000fa
:020000040102f7
:10bc9e001fb5adf80c0001a943f20700fdf7cbfd6f
:0abcae00bdf8040005b05df804fbca
:020000040000fa
:020000040102f7
:10bcb800434d443a5365745363616e5273704461e3
:0abcc80074612c6c656e3d2564006c
:020000040000fa
:020000040102f7
:10bcd200428fb0f850305343828f02fb0333b3ebf1
:0abce200c10fccbf122000207047f4
:020000040000fa
:020000040102f7
:10bcec0038b50d4614460021182200f07ffd40f2b5
:0abcfc000112c5600281448138bdc9
:020000040000fa
:020000040102f7
:10bd060010b5837904461bb1c06808b101f08bfbfe
:0abd16002046bde8104001f086bb96
:020000040000fa
:020000040102f7
:10bd2000434d443a53657444656661756c7453754c
:09bd30006272617465436d6400e8
:020000040000fa
:020000040102f7
:10bd390001010201020105020106020202010201da
:09bd4900010101010206020106dc
:020000040000fa
:020000040102f7
:02bd52000500ea
:020000040000fa
:020000040102f7
:10bd540008b5034b18600348daf7e6f908bd00bfdd
:08bd640088a500201db60201b4
:020000040000fa
:020000040102f7
:10bd6c0010b50446084611460022f9f7b5f92060d3
:08bd7c00003018bf012010bdca
:020000040000fa
:020000040102f7
:10bd840008b518b1012804d0002008bd00f05cfb00
:08bd9400fae7fff761f9f7e798
:020000040000fa
:020000040102f7
:10bd9c0008b500231a4619460068e7f759fd012833
:08bdac0014bf0020012008bdb6
:020000040000fa
:020000040102f7
:10bdb40003680bb10020704710b504460120fef75c
:08bdc4008dfc2060012010bd80
:020000040000fa
:020000040102f7
:10bdcc0008b500231a4619460068e7f741fd01281b
:08bddc0014bf0020012008bd86
:020000040000fa
:020000040102f7
:10bde40008b5044b1b681bb1024b58681b68984785
:08bdf40008bd00bf94a9002066
:020000040000fa
:020000040102f7
:10bdfc00044a138843f002031380136913f0020ff3
:08be0c00fbd170470000014268
:020000040000fa
:020000040102f7
:10be1400044a9368d06883423ebf024a12699b1861
:08be2400181a704700fc012010
:020000040000fa
:020000040102f7
:10be2c00044bd86a9b6a984282bf024a126b9b18d9
:08be3c00181a704700fc0120f8
:020000040000fa
:020000040102f7
:10be440000b583b0002301930a4601a9eaf77efbfb
:08be5400019803b05df804fb46
:020000040000fa
:020000040102f7
:10be5c001fb5039001a941f20130fdf7edfcbdf8cf
:08be6c00040005b05df804fbc1
:020000040000fa
:020000040102f7
:10be74001fb5039001a941f20230fdf7e1fcbdf8c2
:08be8400040005b05df804fba9
:020000040000fa
:020000040102f7
:10be8c001fb5039001a94ff48050fdf7d5fcbdf808
:08be9c00040005b05df804fb91
:020000040000fa
:020000040102f7
:10bea4001fb5039001a941f20200fdf7c9fcbdf8da
:08beb400040005b05df804fb79
:020000040000fa
:020000040102f7
:10bebc0008b50089fdf7c8fd20b10521bde8084093
:08becc00f2f73cba032008bda7
:020000040000fa
:020000040102f7
:10bed400042806d8034b00f1804001381b6843f85e
:08bee4002010704760aa002045
:020000040000fa
:020000040102f7
:10beec00044a136803605368436093688360d368a3
:08befc00c360704720a900207b
:020000040000fa
:020000040102f7
:10bf0400044a036813604368536083689360c3689a
:08bf1400d360704720a9002052
:020000040000fa
:020000040102f7
:10bf1c004d454d2c416c6c6f63206661696c65649a
:08bf2c002c6c656e3d256400dc
:020000040000fa
:020000040102f7
:10bf340018b9034b43f821207047024bfae700bfbe
:08bf4400bca9002028a8002080
:020000040000fa
:020000040102f7
:10bf4c00044b4ff080521a60bff34f8fbff36f8fcb
:08bf5c00704700bf04ed00e096
:020000040000fa
:020000040102f7
:10bf6400044b4022c3f80421bff34f8fbff36f8ffc
:08bf7400704700bf00e100e08e
:020000040000fa
:020000040102f7
:10bf7c008b784a781b0403eb02230a781344ca78a3
:08bf8c0003eb02630360704740
:020000040000fa
:020000040102f7
:10bf940010b5044c2468c4e90612c4f88400236272
:08bfa40010bd00bfb8aa002087
:020000040000fa
:020000040102f7
:10bfac0010b5044600f5bc70ecf714f804f5c87035
:08bfbc00bde81040ecf70eb8df
:020000040000fa
:020000040102f7
:10bfc400d0f8443158567e2804bf024b93f901003f
:08bfd400704700bfe0a8002047
:020000040000fa
:020000040102f7
:10bfdc00434d443a436c72574c004552523a737479
:08bfec00617475733d256400ca
:020000040000fa
:020000040102f7
:10bff400044ad2e90231994238bf01f20161cb1af5
:08c004001361704798a80020a9
:020000040000fa
:020000040102f7
:10c00c000138c0b206289abf024b185c4ff4fa7084
:08c01c00704700bf77d3020159
:020000040000fa
:020000040102f7
:10c0240008b50146406800f03bfe20b98868bde8c9
:08c03400084000f035be08bd14
:020000040000fa
:020000040102f7
:10c03c0008b5044b00221a70f4f72cfebde808403a
:08c04c00f1f7c6ba7aab00203f
:020000040000fa
:020000040102f7
:10c0540008b503790c2b05d183681868e9f754fcfb
:08c06400012008bd0020fce7eb
:020000040000fa
:020000040102f7
:10c06c00024a03490348fff75bbc00bf55c00201fd
:08c07c001d98000131de0101f5
:020000040000fa
:020000040102f7
:10c08400024b034ada60034a1a61704704a700208e
:08c094000d5901018187020131
:020000040000fa
:020000040102f7
:10c09c0030b143785b0705d5c36d0b60002070474a
:08c0ac000120704702207047db
:020000040000fa
:020000040102f7
:10c0b400044b1a68d36c0bb104207047d064184643
:08c0c400704700bff0aa002044
:020000040000fa
:020000040102f7
:10c0cc0008b503783bb94088fdf790f818b1012307
:08c0dc00037280f83c3008bd3e
:020000040000fa
:020000040102f7
:10c0e4000246044b0068516803c39068d16803c3d7
:08c0f400704700bfa0340141b8
:020000040000fa
:020000040102f7
:10c0fc0010f1310f06da503104db002a0cbf11208d
:08c10c0000207047112070476c
:020000040000fa
:020000040102f7
:10c1140007b50422019001ab41f483310020f6f706
:08c12400affa03b05df804fb63
:020000040000fa
:020000040102f7
:10c12c00037b1bb190f92700ebf7b2b9014b93f9e4
:08c13c000000f9e7e0a8002073
:020000040000fa
:020000040102f7
:10c14400037a042b0cbf024b024b1b68184700bf39
:08c154003cab002040ab0020d1
:020000040000fa
:020000040102f7
:10c15c0008b590f8f4309b0704d5fa30fcf7aaf830
:08c16c000439c9b2084608bd00
:020000040000fa
:020000040102f7
:10c1740003783bb1034600bf13f8012f002afbd11b
:08c18400181a704718467047b5
:020000040000fa
:020000040102f7
:10c18c0010b50446e8f7fafb2046ddf761fd2046c2
:06c19c00e5f7caf810bd32
:020000040000fa
:020000040102f7
:10c1a20010b5044608681146fff74bfe20600030c8
:06c1b20018bf012010bdc2
:020000040000fa
:020000040102f7
:10c1b80008b510b1012803d008bde8f78dfffbe7eb
:06c1c80000f036f9f8e773
:020000040000fa
:020000040102f7
:10c1ce0000f1080343604ff0ff328260c3600361e9
:06c1de000023036070471e
:020000040000fa
:020000040102f7
:10c1e40010b50446fef738ffa46b00f023f9b4fa47
:06c1f40084f0400910bdbb
:020000040000fa
:020000040102f7
:10c1fa000389b3f5706f04d2418911b11846f8f773
:06c20a00b4bd03207047e3
:020000040000fa
:020000040102f7
:10c2100003460089b0f5706f03d2d3e90312f6f735
:06c22000a1bf03207047de
:020000040000fa
:020000040102f7
:10c22600036833b100201b68013080b2002bfad1bd
:06c2360070471846704736
:020000040000fa
:020000040102f7
:10c23c0010b50a685478137803eb042303800b6859
:06c24c0002330b6010bd7f
:020000040000fa
:020000040102f7
:10c2520010b503680024d3f86801c3f86c41f0f705
:06c2620094ff204610bd10
:020000040000fa
:020000040102f7
:10c26800434d443a5365744578745363616e527311
:06c27800704461746100d6
:020000040000fa
:020000040102f7
:10c27e00434d443a536574416476446174612c6c49
:06c28e00656e3d25640011
:020000040000fa
:020000040102f7
:10c29400434d443a537562726174655265717565b4
:06c2a4007374436d640099
:020000040000fa
:020000040102f7
:10c2aa0090f8e22032b990f8e430213b012b01d911
:06c2ba00faf7b9ba704763
:020000040000fa
:020000040102f7
:10c2c00010b5044600f012f820b12046bde8104039
:06c2d000fdf726bb10bdc6
:020000040000fa
:020000040102f7
:10c2d600022310b580f8e2300446fbf73afb08b9b2
:06c2e60084f8e20010bd27
:020000040000fa
:020000040102f7
:10c2ec0090f8e2302bb990f8e400b0fa80f04009f5
:06c2fc00704700207047ae
:020000040000fa
:020000040102f7
:10c3020003681bb119791a6811b1026018467047a7
:06c3120018461346f5e792
:020000040000fa
:020000040102f7
:10c3180008b50b7913f0300f0cbf0430083000f06b
:06c3280087fd002008bda6
:020000040000fa
:020000040102f7
:10c32e0008b5437813f0010303d0def792f8c0f39b
:06c33e008703184608bd4c
:020000040000fa
:020000040102f7
:10c3440040f271224000b0fbf2f302fb13005b02e7
:06c3540043ea50007047af
:020000040000fa
:020000040102f7
:10c35a00434d443a53657444656661756c7450681c
:05c36a0079436d640041
:020000040000fa
:020000040102f7
:10c3700008b5ecf7d3f9f7f7c3f9faf705f9fcf7c5
:04c380005bfd08bd9c
:020000040000fa
:020000040102f7
:10c3840010b50446084600f0a7fd2060003018bf31
:04c39400012010bdb7
:020000040000fa
:020000040102f7
:10c3980008b509680068fef73df8012814bf0020b9
:04c3a800012008bdab
:020000040000fa
:020000040102f7
:10c3ac0008b500230068e7f753fa012814bf0020f2
:04c3bc00012008bd97
:020000040000fa
:020000040102f7
:10c3c00008b5034b186b0021fcf7befc08bd00bf8d
:04c3d000000600441f
:020000040000fa
:020000040102f7
:10c3d400034b18621a46136913f0200ffbd1704700
:04c3e4000000014212
:020000040000fa
:020000040102f7
:10c3e80010b5034b1c6bfff71dfd013c201a10bd57
:04c3f80000fc012024
:020000040000fa
:020000040102f7
:10c3fc0010b5034b1c69fff707fd013c201a10bd5b
:04c40c0000fc01200f
:020000040000fa
:020000040102f7
:10c4100008b54ff0ff31083000f067fa003018bf60
:04c42000012008bd32
:020000040000fa
:020000040102f7
:10c42400dff80c00016841f47001016070470000fe
:04c4340088ed00e0af
:020000040000fa
:020000040102f7
:10c43800034a1368013b13600bb983f311887047f3
:04c448008cab002099
:020000040000fa
:020000040102f7
:10c44c00034ad2f8f4300133c2f8f430704700bf1d
:04c45c0040fd01207e
:020000040000fa
:020000040102f7
:10c46000034bd3f8fc2002601b6f4360704700bf92
:04c4700040fd01206a
:020000040000fa
:020000040102f7
:10c47400034b586810b1836c01338364704700bf69
:04c4840040fd012056
:020000040000fa
:020000040102f7
:10c4880008b5002202491046fcf7d1ff08bd00bfdd
:04c498008bd302013f
:020000040000fa
:020000040102f7
:10c49c004578742041647620456e61626c65640d4c
:04c4ac000a0000bfc3
:020000040000fa
:020000040102f7
:10c4b00010f4807f02d0024b01221a70704700bf37
:04c4c000c0a70020f1
:020000040000fa
:020000040102f7
:10c4c4000389b3f5706f03d2c1681846f8f710b941
:04c4d400032070478a
:020000040000fa
:020000040102f7
:10c4d8000389b3f5706f03d2c1681846f7f77cbdbe
:04c4e8000320704776
:020000040000fa
:020000040102f7
:10c4ec00034b1b6853f82030104653f82130184783
:04c4fc0040aa002032
:020000040000fa
:020000040102f7
:10c5000010b504460621f3f75bf8637903f03f03a7
:04c51000637110bd86
:020000040000fa
:020000040102f7
:10c5140008b5034b1b689b689847002008bd00bf03
:04c5240044aa002005
:020000040000fa
:020000040102f7
:10c52800034b53f82030104653f82130184700bf0a
:04c53800a4a9002092
:020000040000fa
:020000040102f7
:10c53c001346427a12b1827ad20702d45222e8f719
:04c54c007db97047fe
:020000040000fa
:020000040102f7
:10c5500008b5eef74dfe024b33f8100008bd00bfe2
:04c5600030f40101b1
:020000040000fa
:020000040102f7
:10c5640008b5fbf7cbfd024b33f8100008bd00bf44
:04c5740030f401019d
:020000040000fa
:020000040102f7
:10c5780008b5fbf7a5fd024b33f8100008bd00bf56
:04c5880030f4010189
:020000040000fa
:020000040102f7
:10c58c0008b500f06bfd024b33f8100008bd00bf7e
:04c59c0030f4010175
:020000040000fa
:020000040102f7
:10c5a00008b5f7f7cdfd024b33f8100008bd00bf0a
:04c5b00030f4010161
:020000040000fa
:020000040102f7
:10c5b40008b5f8f77dfc024b33f8100008bd00bf46
:04c5c40030f401014d
:020000040000fa
:020000040102f7
:10c5c80008b5eff7a3f9024b33f8100008bd00bf18
:04c5d80030f4010139
:020000040000fa
:020000040102f7
:10c5dc0030b50023c45ccd5c6c40d4540133102bbb
:04c5ec00f8d130bd95
:020000040000fa
:020000040102f7
:10c5f00000230b60036813b9016041607047436812
:04c600001960fae7dc
:020000040000fa
:020000040102f7
:10c604004d6963726f636869704368696d657261cf
:04c614004144445207
:020000040000fa
:020000040102f7
:10c618004d53472c476574206661696c2c6c656eb8
:04c628003d25640048
:020000040000fa
:020000040102f7
:10c62c005359530000484f5354004c484349004c55
:04c63c004c000000ae
:020000040000fa
:020000040102f7
:10c64000544d522c53746f70206e756c6c20696e53
:04c65000707574008d
:020000040000fa
:020000040102f7
:10c6540001390244824200d1704711f8013f02f8c7
:04c66400013df7e7b6
:020000040000fa
:020000040102f7
:10c6680038b50c4609681546fff790fa22682a443f
:04c67800226038bd47
:020000040000fa
:020000040102f7
:10c67c0038b5044600681546fff786fa22682a4446
:04c68c00226038bd33
:020000040000fa
:020000040102f7
:10c6900090f8e2309b065abf90f8e400c0f34010d7
:04c6a00001207047be
:020000040000fa
:020000040102f7
:10c6a4000138c0b207289abf014b185cff207047bd
:04c6b40038d3020174
:020000040000fa
:020000040102f7
:10c6b800034b1b6853f8022f02609b8883807047e6
:04c6c800dcaa0020c8
:020000040000fa
:020000040102f7
:10c6cc00034b1878072894bf00200120704700bf47
:04c6dc0078ab002017
:020000040000fa
:020000040102f7
:10c6e00008b5102000f0a0fe18b1002383808371ec
:04c6f000c36008bd5e
:020000040000fa
:020000040102f7
:10c6f400034b00229a60c3e90522c3e90322704771
:04c7040004a7002066
:020000040000fa
:020000040102f7
:10c70800534d503a47656e206b65792c6634206628
:04c7180061696c00e7
:020000040000fa
:020000040102f7
:10c71c00534d503a47656e206b65792c6635206613
:04c72c0061696c00d3
:020000040000fa
:020000040102f7
:10c73000534d503a47656e206b65792c66362066fe
:04c7400061696c00bf
:020000040000fa
:020000040102f7
:10c74400534d503a47656e206b65792c67322066ed
:04c7540061696c00ab
:020000040000fa
:020000040102f7
:10c75800034b53f82030104653f82130184700bfd8
:04c76800eca9002018
:020000040000fa
:020000040102f7
:10c76c0010b5034c2068fbf783ff0023236010bd3a
:04c77c0004ab0020ea
:020000040000fa
:020000040102f7
:10c78000034b1b681878a0f1ff03584258417047cb
:04c7900004ab0020d6
:020000040000fa
:020000040102f7
:10c79400034b1b681878b0fa80f04009704700bf5b
:04c7a40004ab0020c2
:020000040000fa
:020000040102f7
:10c7a800034b1a68000c60f31f421a60704700bf01
:04c7b8000024014117
:020000040000fa
:020000040102f7
:10c7bc0008b5fff7b1f9024800f0fefc002008bdf7
:04c7cc008989020154
:020000040000fa
:020000040102f7
:10c7d00008b5d0f8cc0000f0f3fd0a289cbf01306a
:04c7e000c0b208bd1e
:020000040000fa
:020000040102f7
:10c7e4002fca0201c5b5020181d4020181d402011c
:04c7f40081d40201e9
:020000040000fa
:020000040102f7
:10c7f80032b1c9b20244034603f8011b9342fbd18c
:04c80800704700bfb6
:020000040000fa
:020000040102f7
:10c80c00034600bf11f8012b184603f8012b002a30
:04c81c00f8d1704798
:020000040000fa
:020000040102f7
:10c820000102000000000000000000000000000005
:03c83000040404f9
:020000040000fa
:020000040102f7
:10c83300434d443a536574486f7374466561747528
:03c843007265001b
:020000040000fa
:020000040102f7
:10c84600434d443a536574525041544f2c544f3d16
:03c8560025640056
:020000040000fa
:020000040102f7
:10c859004348433a616464205265712c496e763dc0
:03c8690025640043
:020000040000fa
:020000040102f7
:10c86c0008b50378122b00d008bd406800f01dfd00
:02c87c00fae7d9
:020000040000fa
:020000040102f7
:10c87e0008b511461a4600f004f8003018bf012022
:02c88e0008bde3
:020000040000fa
:020000040102f7
:10c8900008b518b100f07cfa002008bd6ff0ac00bc
:02c8a000fbe7b4
:020000040000fa
:020000040102f7
:10c8a20008b50068e9f753fe012814bf00200120f3
:02c8b20008bdbf
:020000040000fa
:020000040102f7
:10c8b40008b5006800f063fa012814bf00200120c5
:02c8c40008bdad
:020000040000fa
:020000040102f7
:10c8c60008b50068e7f731fb012814bf00200120f6
:02c8d60008bd9b
:020000040000fa
:020000040102f7
:10c8d80008b5006800f020f8ff2828bfff20c0b284
:02c8e80008bd89
:020000040000fa
:020000040102f7
:10c8ea0008b50068e7f71ffb012814bf00200120e4
:02c8fa0008bd77
:020000040000fa
:020000040102f7
:10c8fc004ff0200383f31188bff36f8fbff34f8f7b
:02c90c00fee744
:020000040000fa
:020000040102f7
:10c90e004ff0200383f31188bff36f8fbff34f8f68
:02c91e00fee732
:020000040000fa
:020000040102f7
:10c9200010b50446fef79afba46bfff785fd204681
:02c9300010bd38
:020000040000fa
:020000040102f7
:10c93200417a11f0fc0f02d1007afaf778ba03209b
:02c9420070473c
:020000040000fa
:020000040102f7
:10c944000368002003b970471a7b1b68104480b247
:02c95400f8e702
:020000040000fa
:020000040102f7
:10c9560010b50446f3f709fd10b1052384f8e2305b
:02c9660010bd02
:020000040000fa
:020000040102f7
:10c9680010b50446f9f774fa10b1132384f8e230cd
:02c9780010bdf0
:020000040000fa
:020000040102f7
:10c97a0010b50446fef72dfa10b1032384f8e2300d
:02c98a0010bdde
:020000040000fa
:020000040102f7
:10c98c00012805d0022803d0042814bf012003205d
:02c99c007047e2
:020000040000fa
:020000040102f7
:10c99e00434d443a5264416476412c68646c3d25a3
:02c9ae00640023
:020000040000fa
:020000040102f7
:10c9b0000346006820b102681a600ab95b607047dc
:02c9c0007047be
:020000040000fa
:020000040102f7
:10c9c200434d443a5743684173736d4d6f643a2542
:02c9d2006400ff
:020000040000fa
:020000040102f7
:10c9d40010b5841a64024cbf501ac01ac0f38050b8
:02c9e40010bd84
:020000040000fa
:020000040102f7
:10c9e6000001020002010100020102000200010230
:02c9f60001003e
:020000040000fa
:020000040102f7
:10c9f80008b50b460022c1b21846fff79ffb00207e
:02ca080008bd67
:020000040000fa
:020000040102f7
:10ca0a0090f86c3090f8f42062f3451380f86c309b
:02ca1a00704763
:020000040000fa
:020000040102f7
:10ca1c0010b50446f4f728ff2046bde81040fbf79c
:02ca2c00fbbf4e
:020000040000fa
:020000040102f7
:10ca2e000a440023914201d10020704701f8013bd6
:02ca3e00f8e717
:020000040000fa
:020000040102f7
:10ca4000434d443a47656e5075624b6579436d645a
:01ca500000e5
:020000040000fa
:020000040102f7
:02ca52000500dd
:020000040000fa
:020000040102f7
:10ca5400024b1868c0f3c030704700bf00060044a2
:020000040000fa
:020000040102f7
:10ca640010b9024b18797047032070477ca9002045
:020000040000fa
:020000040102f7
:10ca7400424c45004150505f5461736b730000bfda
:020000040000fa
:020000040102f7
:10ca8400024b0122c3f80021704700bf40fd012082
:020000040000fa
:020000040102f7
:10ca9400806803781f2b01d8faf76cbe0320704717
:020000040000fa
:020000040102f7
:10caa400806803781f2b01d8faf746be032070472d
:020000040000fa
:020000040102f7
:10cab400024b1b68d3f88431184700bf3caa0020fe
:020000040000fa
:020000040102f7
:10cac400024b1b68d3f88831184700bf3caa0020ea
:020000040000fa
:020000040102f7
:10cad400024b1b68d3f89031184700bf3caa0020d2
:020000040000fa
:020000040102f7
:10cae400024b1b68d3f87831184700bf3caa0020da
:020000040000fa
:020000040102f7
:10caf400024b1b68d3f89431184700bf3caa0020ae
:020000040000fa
:020000040102f7
:10cb0400024b1b68d3f87c31184700bf3caa0020b5
:020000040000fa
:020000040102f7
:10cb1400024b1b68d3f89831184700bf3caa002089
:020000040000fa
:020000040102f7
:10cb2400024b1b6843f82010704700bf40aa002046
:020000040000fa
:020000040102f7
:10cb340008b500231a461946f1f754fac0b208bde5
:020000040000fa
:020000040102f7
:10cb4400024b104653f82130184700bf14860201e7
:020000040000fa
:020000040102f7
:10cb540008b5fcf7b7f908b1407908bd1020fce727
:020000040000fa
:020000040102f7
:10cb640008b5024800f068fc002008bdd541010169
:020000040000fa
:020000040102f7
:10cb740000000100030001000100010001000200a7
:020000040000fa
:020000040102f7
:10cb840003681bb11a68026002b942601846704714
:020000040000fa
:020000040102f7
:10cb9400024b1a8860f308221a807047183e01413c
:020000040000fa
:020000040102f7
:10cba400024b1a8860f349221a807047183e0141eb
:020000040000fa
:020000040102f7
:10cbb400024b01221a700020704700bf86ab002090
:020000040000fa
:020000040102f7
:10cbc400037cf02b01d100f083ba90f84000704749
:020000040000fa
:020000040102f7
:10cbd400024b16301b6843f820107047b8aa002097
:020000040000fa
:020000040102f7
:10cbe400024b1b6803eb800041627047b8aa002027
:020000040000fa
:020000040102f7
:10cbf400c37d13b90321eaf7a3bf1021ecf7aab848
:020000040000fa
:020000040102f7
:10cc0400024b1b6883f82700704700bfdcaa002092
:020000040000fa
:020000040102f7
:10cc1400024b1b6883f82800704700bfdcaa002081
:020000040000fa
:020000040102f7
:10cc2400024b1b6893f82700704700bfdcaa002062
:020000040000fa
:020000040102f7
:10cc3400024b1b6893f82800704700bfdcaa002051
:020000040000fa
:020000040102f7
:10cc4400024b1b6893f82e00704700bfdcaa00203b
:020000040000fa
:020000040102f7
:10cc5400024b1b68c3e91500704700bfdcaa002023
:020000040000fa
:020000040102f7
:10cc6400024b1b68c3f88c00704700bfdcaa00208d
:020000040000fa
:020000040102f7
:10cc7400024b1b68c3f89800704700bfdcaa002071
:020000040000fa
:020000040102f7
:10cc8400024b1878b0fa80f04009704778ab002066
:020000040000fa
:020000040102f7
:10cc9400434d443a47656e44684b6579436d64007f
:020000040000fa
:020000040102f7
:10cca40028b1028943899a4201d10068f8e77047a4
:020000040000fa
:020000040102f7
:10ccb40008b5fff79df9014808bd00bf98a80020fa
:020000040000fa
:020000040102f7
:10ccc40008b51c2000f0aefb08b10223037308bdb5
:020000040000fa
:020000040102f7
:10ccd40008b5182000f0a6fb08b10123037308bdb2
:020000040000fa
:020000040102f7
:10cce400434d443a5265616452737369436d640001
:020000040000fa
:020000040102f7
:10ccf400024b1b6893f84c02704700bfe8aa00205f
:020000040000fa
:020000040102f7
:10cd0400024b1b68db6c03b118477047f0aa002084
:020000040000fa
:020000040102f7
:10cd1400024b1b68d86000f06dbb00bff0aa002076
:020000040000fa
:020000040102f7
:10cd2400be83605adb0b376038a5f5aa9183886c03
:020000040000fa
:020000040102f7
:10cd340000f0fd00012802d10846f9f7edbe704766
:020000040000fa
:020000040102f7
:10cd440090f8f430db0702d5f530fbf7b7ba70473b
:020000040000fa
:020000040102f7
:10cd5400c38f428fdb00b3fbf2f3c0e92433704787
:020000040000fa
:020000040102f7
:0fcd640000010203030405050607070707070878
:020000040000fa
:020000040102f7
:0fcd7300434d443a52656164506879436d6400e2
:020000040000fa
:020000040102f7
:0ecd8200836bc06b984214bf002001207047e5
:020000040000fa
:020000040102f7
:0ecd900008b513460a461946eef708fd08bd21
:020000040000fa
:020000040102f7
:0ecd9e0008b50020e5f743fef7f77ffbfce742
:020000040000fa
:020000040102f7
:0ecdac00037a4189181c18bf0120f5f7f1b871
:020000040000fa
:020000040102f7
:0ecdba00827a90f9091090f90800fff7ecbb9f
:020000040000fa
:020000040102f7
:0ecdc80008b5f8f7b5ffbde80840fff7bbb8a7
:020000040000fa
:020000040102f7
:0ecdd600eff31083036072b6bff35f8f7047f8
:020000040000fa
:020000040102f7
:0ecde4000b681b7803700b6801330b607047ff
:020000040000fa
:020000040102f7
:0ecdf200434d443a436c7241647653657400bd
:020000040000fa
:020000040102f7
:0ece000003000200000400000000000000011a
:020000040000fa
:020000040102f7
:0ece0e0000230b6043684b6019604160704761
:020000040000fa
:020000040102f7
:0ece1c00434d443a5265616454785077720079
:020000040000fa
:020000040102f7
:0ece2a004556543a69643d307825303478001e
:020000040000fa
:020000040102f7
:0ece3800036813b90160184670471846f8e702
:020000040000fa
:020000040102f7
:0ece46004378db0702d50022e3f7bbbb704741
:020000040000fa
:020000040102f7
:0ece54000707111102110b1108110241110202
:020000040000fa
:020000040102f7
:0ece620010b50446fff7ddf8c4f8ac0010bdb3
:020000040000fa
:020000040102f7
:0cce70004d6963726f636869700000bf59
:020000040000fa
:020000040102f7
:0cce7c00014b18700020704727aa00200e
:020000040000fa
:020000040102f7
:0cce8800014b01221a70704727aa0020fd
:020000040000fa
:020000040102f7
:0cce9400014b80225a60704700230044cc
:020000040000fa
:020000040102f7
:0ccea00008b50421fbf750ff012008bd7d
:020000040000fa
:020000040102f7
:0cceac0080b2014b588170470000014229
:020000040000fa
:020000040102f7
:0cceb80080b2014b18817047000001425d
:020000040000fa
:020000040102f7
:0ccec400014b18609960704770a90020b5
:020000040000fa
:020000040102f7
:0cced000014bd3f89000704740fd01209a
:020000040000fa
:020000040102f7
:0ccedc0008b505220421f8f7fff808bd96
:020000040000fa
:020000040102f7
:0ccee800d0e90423c1680089fcf7cfba30
:020000040000fa
:020000040102f7
:0ccef400806808b1faf73ab803207047d4
:020000040000fa
:020000040102f7
:0ccf0000014b1b685b68184744aa002026
:020000040000fa
:020000040102f7
:0ccf0c00014b1b68184700bf48aa00201a
:020000040000fa
:020000040102f7
:0ccf18008368187808b1e8f73bbf704749
:020000040000fa
:020000040102f7
:0ccf24000146014800f082ba2ea6002051
:020000040000fa
:020000040102f7
:0ccf3000014bb3f80100704713aa002069
:020000040000fa
:020000040102f7
:0ccf3c00014bb3f80100704718aa002058
:020000040000fa
:020000040102f7
:0ccf4800014b33f82000704750aa002075
:020000040000fa
:020000040102f7
:0ccf5400014b1b685860704754aa002075
:020000040000fa
:020000040102f7
:0ccf6000014b1b689860704754aa002029
:020000040000fa
:020000040102f7
:0ccf6c000148fff7f7bf00bf6d04020191
:020000040000fa
:020000040102f7
:0ccf7800014b1860704700bf5caa00204d
:020000040000fa
:020000040102f7
:0ccf8400014b93f9000070476dab0020da
:020000040000fa
:020000040102f7
:0ccf9000014b93f9000070476bab0020d0
:020000040000fa
:020000040102f7
:0ccf9c00014b1878704700bf6cab002000
:020000040000fa
:020000040102f7
:0ccfa800014b1860704700bf70aa002009
:020000040000fa
:020000040102f7
:0ccfb400014b1878704700bf6eab0020e6
:020000040000fa
:020000040102f7
:0ccfc000014b1860704700bf98aa0020c9
:020000040000fa
:020000040102f7
:0ccfcc00014b1860704700bf94aa0020c1
:020000040000fa
:020000040102f7
:0ccfd800014b1878704700bf70ab0020c0
:020000040000fa
:020000040102f7
:0ccfe400014b1870704700bf70ab0020bc
:020000040000fa
:020000040102f7
:0ccff000014b00221a7070476fab00204c
:020000040000fa
:020000040102f7
:0ccffc00014b1878704700bf6fab00209d
:020000040000fa
:020000040102f7
:0cd00800014b1860704700bfa8aa002070
:020000040000fa
:020000040102f7
:0cd01400014b1860704700bfacaa002060
:020000040000fa
:020000040102f7
:0cd02000bff35f8f036883f31088704734
:020000040000fa
:020000040102f7
:0cd02c00014b1878704700bf73ab002068
:020000040000fa
:020000040102f7
:0cd038004a780b7803eb0223038070475a
:020000040000fa
:020000040102f7
:0cd0440003681970036801330360704733
:020000040000fa
:020000040102f7
:0cd0500003681980036802330360704716
:020000040000fa
:020000040102f7
:0cd05c0003681960036804330360704728
:020000040000fa
:020000040102f7
:0cd06800014b00201870704786ab0020c0
:020000040000fa
:020000040102f7
:0cd07400014b1b6818607047b8aa002030
:020000040000fa
:020000040102f7
:0cd08000014b1b6858607047b8aa0020e4
:020000040000fa
:020000040102f7
:0cd08c00014b1b6898607047b8aa002098
:020000040000fa
:020000040102f7
:0cd09800014b1b68d8607047b8aa00204c
:020000040000fa
:020000040102f7
:0cd0a400006810b1037c8b42fad1704789
:020000040000fa
:020000040102f7
:0cd0b000014b1860704700bfd8aa002098
:020000040000fa
:020000040102f7
:0cd0bc00014b43f820107047e4a700204f
:020000040000fa
:020000040102f7
:0cd0c800014b1b6818657047d4aa0020bb
:020000040000fa
:020000040102f7
:0cd0d400014b1b68187a7047dcaa002092
:020000040000fa
:020000040102f7
:0cd0e000014b1b68988c7047dcaa0020f4
:020000040000fa
:020000040102f7
:0cd0ec00014b1b68d8667047dcaa0020ce
:020000040000fa
:020000040102f7
:0cd0f800014b1b6818677047dcaa002081
:020000040000fa
:020000040102f7
:0cd10400014b1b6858677047dcaa002034
:020000040000fa
:020000040102f7
:0cd11000014b1b6898677047dcaa0020e8
:020000040000fa
:020000040102f7
:0cd11c00014b1b68d8677047dcaa00209c
:020000040000fa
:020000040102f7
:0cd12800014b1878704700bf78ab002066
:020000040000fa
:020000040102f7
:0cd13400014b1860704700bfe0aa00200b
:020000040000fa
:020000040102f7
:0cd14000014b01221a607047e4aa002095
:020000040000fa
:020000040102f7
:0cd14c00014b00221a607047e4aa00208a
:020000040000fa
:020000040102f7
:0cd15800014b9860704700bf04a7002046
:020000040000fa
:020000040102f7
:0cd164004378db0701d5f3f731bb7047bf
:020000040000fa
:020000040102f7
:0cd170004378db0701d5f6f733bc7047ad
:020000040000fa
:020000040102f7
:0cd17c00014b1860704700bfecaa0020b7
:020000040000fa
:020000040102f7
:0cd18800014b1868704700bfecaa0020a3
:020000040000fa
:020000040102f7
:0cd19400014b43f820107047eca900206c
:020000040000fa
:020000040102f7
:0cd1a000014b1b685878704704ab00205e
:020000040000fa
:020000040102f7
:0cd1ac00014b00221a7070477cab002081
:020000040000fa
:020000040102f7
:0cd1b800014b1860704700bf18ab00204e
:020000040000fa
:020000040102f7
:0cd1c400014b1860704700bf20ab00203a
:020000040000fa
:020000040102f7
:0cd1d000014b1860704700bf24ab00202a
:020000040000fa
:020000040102f7
:0cd1dc00014b43f82010704794a700207e
:020000040000fa
:020000040102f7
:0cd1e800014b1860704700bf28ab00200e
:020000040000fa
:020000040102f7
:0cd1f400014b1860704700bf40ab0020ea
:020000040000fa
:020000040102f7
:0cd2000010b50446fff702fb204610bded
:020000040000fa
:020000040102f7
:0bd20c004552523a4c3136423073005c
:020000040000fa
:020000040102f7
:0bd217004552523a4c31364230730051
:020000040000fa
:020000040102f7
:0ad22200c168007a4a1cfef7e6ba64
:020000040000fa
:020000040102f7
:0ad22c00c16890f90800fff7a1b9ee
:020000040000fa
:020000040102f7
:0ad23600c16890f90800fff792b9f3
:020000040000fa
:020000040102f7
:0ad240000a4601460220fdf7ffba7e
:020000040000fa
:020000040102f7
:0ad24a0000231a461946f0f7cabe89
:020000040000fa
:020000040102f7
:0ad25400427b017b8068f7f7f7b911
:020000040000fa
:020000040102f7
:0ad25e00bff34f8fbff36f8f7047cf
:020000040000fa
:020000040102f7
:0ad26800434d443a436c72524c00ef
:020000040000fa
:020000040102f7
:0ad27200307825782c3078257800fc
:020000040000fa
:020000040102f7
:0ad27c0008b500f0d5f8002008bd49
:020000040000fa
:020000040102f7
:0ad28600837843f0100383707047b3
:020000040000fa
:020000040102f7
:0ad290000a4601460320fdf7d7ba55
:020000040000fa
:020000040102f7
:0ad29a0000b9704700bf0138fae741
:020000040000fa
:020000040102f7
:0ad2a400836f43f4c0738367704783
:020000040000fa
:020000040102f7
:08d2ae0008b5e8f720ff08bdf8
:020000040000fa
:020000040102f7
:08d2b60008b5f1f73cfa08bdd0
:020000040000fa
:020000040102f7
:08d2be0008b5fef7a8fd08bd4c
:020000040000fa
:020000040102f7
:08d2c60008b5f3f77aff08bd7b
:020000040000fa
:020000040102f7
:08d2ce0008b5f0f71afdfce7ba
:020000040000fa
:020000040102f7
:08d2d600817a0089fdf74cbdcf
:020000040000fa
:020000040102f7
:02d2de00050049
:020000040000fa
:020000040102f7
:08d2e000ddb0020195a7020177
:020000040000fa
:020000040102f7
:08d2e800c168007afbf7bcbd30
:020000040000fa
:020000040102f7
:08d2f000d0e90201f8f79cb837
:020000040000fa
:020000040102f7
:08d2f800003018bf012070474f
:020000040000fa
:020000040102f7
:08d30000d0e90201fdf71abf9c
:020000040000fa
:020000040102f7
:08d30800504943333243580041
:020000040000fa
:020000040102f7
:08d31000a1c80101b5160201dc
:020000040000fa
:020000040102f7
:08d3180013461222e7f794ba54
:020000040000fa
:020000040102f7
:08d320004b7880f8e030704703
:020000040000fa
:020000040102f7
:08d328004b7880f8e1307047fa
:020000040000fa
:020000040102f7
:08d330008b7880f8e0307047b3
:020000040000fa
:020000040102f7
:08d338000001ff02ffffff03eb
:020000040000fa
:020000040102f7
:08d34000456363446f6e650054
:020000040000fa
:020000040102f7
:08d34800c3680b60c16070476f
:020000040000fa
:020000040102f7
:08d35000890841ea4020704702
:020000040000fa
:020000040102f7
:08d3580000487047d8cb010129
:020000040000fa
:020000040102f7
:08d360008168c088f7f7f0b9fd
:020000040000fa
:020000040102f7
:08d3680083f00043e0f722be50
:020000040000fa
:020000040102f7
:07d370000093939367110085
:020000040000fa
:020000040102f7
:07d37700fa96644b321e140c
:020000040000fa
:020000040102f7
:06d37e004ff4004070476f
:020000040000fa
:020000040102f7
:06d3840000230361704765
:020000040000fa
:020000040102f7
:06d38a006ff4877070478c
:020000040000fa
:020000040102f7
:06d39000007afff70fb95f
:020000040000fa
:020000040102f7
:06d39600007afaf72aba42
:020000040000fa
:020000040102f7
:06d39c008068faf77bbd7a
:020000040000fa
:020000040102f7
:06d3a200411cfaf742ba3b
:020000040000fa
:020000040102f7
:06d3a8008068fff7fabfe8
:020000040000fa
:020000040102f7
:06d3ae00103000f03ab857
:020000040000fa
:020000040102f7
:06d3b4000021f9f75bbf48
:020000040000fa
:020000040102f7
:06d3ba000023ddf7e4bbd7
:020000040000fa
:020000040102f7
:06d3c00090f851007047d7
:020000040000fa
:020000040102f7
:06d3c600b0f854007047ae
:020000040000fa
:020000040102f7
:06d3cc00c409c409a60e0d
:020000040000fa
:020000040102f7
:05d3d200020500012a24
:020000040000fa
:020000040102f7
:05d3d700020300002a22
:020000040000fa
:020000040102f7
:05d3dc000a0300002a15
:020000040000fa
:020000040102f7
:05d3e1000a1500292bd4
:020000040000fa
:020000040102f7
:05d3e6000217002a2bd4
:020000040000fa
:020000040102f7
:05d3eb00201200052adc
:020000040000fa
:020000040102f7
:04d3f0000120704761
:020000040000fa
:020000040102f7
:04d3f400fff7cab8bd
:020000040000fa
:020000040102f7
:04d3f800faf7bebdc5
:020000040000fa
:020000040102f7
:04d3fc00f5f73abb4c
:020000040000fa
:020000040102f7
:04d40000fdf710ba6a
:020000040000fa
:020000040102f7
:04d40400002070474d
:020000040000fa
:020000040102f7
:04d4080000f010b868
:020000040000fa
:020000040102f7
:04d40c000020704745
:020000040000fa
:020000040102f7
:04d41000f1f786bfeb
:020000040000fa
:020000040102f7
:04d41400002070473d
:020000040000fa
:020000040102f7
:04d418000020704739
:020000040000fa
:020000040102f7
:04d41c000020704735
:020000040000fa
:020000040102f7
:04d420000020704731
:020000040000fa
:020000040102f7
:04d42400002070472d
:020000040000fa
:020000040102f7
:04d42800ecf734bc2d
:020000040000fa
:020000040102f7
:04d42c00fbf726b92b
:020000040000fa
:020000040102f7
:04d4300001807047c0
:020000040000fa
:020000040102f7
:04d4340001607047dc
:020000040000fa
:020000040102f7
:04d43800fef7acbb94
:020000040000fa
:020000040102f7
:04d43c00fff77abebe
:020000040000fa
:020000040102f7
:04d44000fff77ebeb6
:020000040000fa
:020000040102f7
:04d44400fff782beae
:020000040000fa
:020000040102f7
:04d44800faf7aebe83
:020000040000fa
:020000040102f7
:04d44c00f9f7f0b943
:020000040000fa
:020000040102f7
:04d45000f9f7eeb941
:020000040000fa
:020000040102f7
:04d45400800b704792
:020000040000fa
:020000040102f7
:04d4580000207047f9
:020000040000fa
:020000040102f7
:04d45c00e4f7a0ba97
:020000040000fa
:020000040102f7
:04d46000c06a7047e7
:020000040000fa
:020000040102f7
:04d46400806d704720
:020000040000fa
:020000040102f7
:04d468004161704767
:020000040000fa
:020000040102f7
:04d46c008161704723
:020000040000fa
:020000040102f7
:04d4700000207047e1
:020000040000fa
:020000040102f7
:04d47400030c100095
:020000040000fa
:020000040102f7
:04d47800130002009b
:020000040000fa
:020000040102f7
:04d47c000100ffffad
:020000040000fa
:020000040102f7
:04d4800000207047d1
:020000040000fa
:020000040102f7
:04d48400704700bf2e
:020000040000fa
:020000040102f7
:02d4880005009d
:020000040000fa
:020000040102f7
:02d48a0002009e
:020000040000fa
:020000040102f7
:02d48c00180086
:020000040000fa
:020000040102f7
:02d48e0002009a
:020000040000fa
:020000040102f7
:02d49000080092
:020000040000fa
:020000040102f7
:02d49200001880
:020000040000fa
:020000040102f7
:02d49400020094
:020000040000fa
:020000040102f7
:02d496007047dd
:020000040000fa
:020000040102f7
:02d498007047db
:020000040000fa
:020000040102f7
:02d49a007047d9
:020000040000fa
:020000040102f7
:02d49c00022963
:020000040000fa
:020000040102f7
:02d49e00032861
:020000040000fa
:020000040102f7
:02d4a000002862
:020000040000fa
:020000040102f7
:02d4a200292b34
:020000040000fa
:020000040102f7
:02d4a4002a2b31
:020000040000fa
:020000040102f7
:02d4a600052a55
:020000040000fa
:020000040102f7
:02d4a80005007d
:020000040000fa
:020000040102f7
:02d4aa0005007b
:020000040000fa
:020000040102f7
:02d4ac00050079
:020000040000fa
:020000040102f7
:02d4ae0001007b
:020000040000fa
:020000040102f7
:02d4b00010006a
:020000040000fa
:020000040102f7
:02d4b200020076
:020000040000fa
:020000040102f7
:02d4b400040072
:020000040000fa
:020000040102f7
:02d4b60001185b
:020000040000fa
:020000040102f7
:02d4b800020070
:020000040000fa
:020000040102f7
:02d4ba007047b9
:020000040000fa
:020000040102f7
:02d4bc007047b7
:020000040000fa
:020000040102f7
:02d4be007047b5
:00000001FF
